query_id,gallery_id,confidence
486dd80d22f94a5496b3e670b19399a7,df7ea50171af48df81584ab7e8107d15,0.9547932744026184
486dd80d22f94a5496b3e670b19399a7,2ece45504eff42469c104dc2a2d03caf,0.8813527822494507
486dd80d22f94a5496b3e670b19399a7,57430214baf045cb92fa3b3b70a4ca3f,0.8749396800994873
486dd80d22f94a5496b3e670b19399a7,0a61f52258f643b6a6436a1ec234e197,0.8693432211875916
486dd80d22f94a5496b3e670b19399a7,31cf7db26a3249c5a6205b005662ddcf,0.8656565546989441
486dd80d22f94a5496b3e670b19399a7,e53dd6188816429ab915de6f9649a026,0.8632565140724182
486dd80d22f94a5496b3e670b19399a7,7d3d751215194e649a03457226f599d7,0.8623417615890503
486dd80d22f94a5496b3e670b19399a7,563043f180e54e238ad4876974e5db4c,0.8606919050216675
486dd80d22f94a5496b3e670b19399a7,44156e6482884acaaee1938e04d8b6ff,0.8600757122039795
486dd80d22f94a5496b3e670b19399a7,2939ef012c5c4a1b94b49df9469dfb3c,0.8573059439659119
9e1bede2ba464377897f1d482b7c49ae,df7ea50171af48df81584ab7e8107d15,0.9461063146591187
9e1bede2ba464377897f1d482b7c49ae,31cf7db26a3249c5a6205b005662ddcf,0.8715124130249023
9e1bede2ba464377897f1d482b7c49ae,2ece45504eff42469c104dc2a2d03caf,0.8689637184143066
9e1bede2ba464377897f1d482b7c49ae,e511c40ca6324803b5021e47b4e777f8,0.8654447197914124
9e1bede2ba464377897f1d482b7c49ae,57430214baf045cb92fa3b3b70a4ca3f,0.864031195640564
9e1bede2ba464377897f1d482b7c49ae,02a3cd76ce534d188b4d5ac4778bd652,0.8613365888595581
9e1bede2ba464377897f1d482b7c49ae,33e2a95109e647cbb4ba2687631b169a,0.859630286693573
9e1bede2ba464377897f1d482b7c49ae,f69dcaceb6074ddebfe1dc7e5978fcff,0.8584250807762146
9e1bede2ba464377897f1d482b7c49ae,245212a659504b9b9cdbaf1ab1d040ff,0.8582372665405273
9e1bede2ba464377897f1d482b7c49ae,0971af4212484a958eb0f60f93d1dfe0,0.8568500280380249
a1595c1d280449abbff7742dcdc90b72,e79ae27b52fa4d54aa37735fd275c66e,0.9919244647026062
a1595c1d280449abbff7742dcdc90b72,79721c9bb6a54ecdb3d0a0f4011762c1,0.9257376790046692
a1595c1d280449abbff7742dcdc90b72,99830b8da7c24f909914f7bb167f3ea6,0.9102747440338135
a1595c1d280449abbff7742dcdc90b72,fadf133e0e684a24ac79b5fa9515bac2,0.9054884910583496
a1595c1d280449abbff7742dcdc90b72,ffc5805e29a74be0a55b40318aa321d7,0.9053088426589966
a1595c1d280449abbff7742dcdc90b72,c2a665cec90e46db8d2a74389beb4649,0.9041745662689209
a1595c1d280449abbff7742dcdc90b72,bce599075dfd4fac8dd78626106e3071,0.9029420614242554
a1595c1d280449abbff7742dcdc90b72,1393dac7d34b4c34b1a8091a5bea3663,0.9006948471069336
a1595c1d280449abbff7742dcdc90b72,da61d9bc8f024a4aba18d5c3072b7838,0.8973002433776855
a1595c1d280449abbff7742dcdc90b72,7199f2fe77824236a392e1f00a5bdfc3,0.8971266150474548
58c2bd09ab0c4a56ad05b91a3de36417,34b736136487439389c10cc6bd4e9f4e,0.9866187572479248
58c2bd09ab0c4a56ad05b91a3de36417,250d411ae270441085be3501b7b55d86,0.9186279773712158
58c2bd09ab0c4a56ad05b91a3de36417,52ee59901f3b4de884d7a6720538aed6,0.9161708354949951
58c2bd09ab0c4a56ad05b91a3de36417,ffc5805e29a74be0a55b40318aa321d7,0.9125953912734985
58c2bd09ab0c4a56ad05b91a3de36417,3aaea7fa41fd43cdb88f8ef59062c5df,0.9105720520019531
58c2bd09ab0c4a56ad05b91a3de36417,c84deec0ecf843c39f52d4cb8e7300f8,0.9061378836631775
58c2bd09ab0c4a56ad05b91a3de36417,23a16d69ffe848d593a4808907d8aa98,0.9046193361282349
58c2bd09ab0c4a56ad05b91a3de36417,77cecb221149474896d9b2eb848bf150,0.9030863642692566
58c2bd09ab0c4a56ad05b91a3de36417,eb21a4e2b7bd43efbdf0c365415e7fef,0.9030659198760986
58c2bd09ab0c4a56ad05b91a3de36417,211ef3181e524685866fb8574d9bf456,0.9029029011726379
4d5ef36361734ccdae5d52098bf0123f,34b736136487439389c10cc6bd4e9f4e,0.9789170026779175
4d5ef36361734ccdae5d52098bf0123f,ffc5805e29a74be0a55b40318aa321d7,0.912579357624054
4d5ef36361734ccdae5d52098bf0123f,434551fdf9e443ed91679a9557ae6fd5,0.9087390303611755
4d5ef36361734ccdae5d52098bf0123f,bcfa4a4177d44d8b8cda17b7a23196b0,0.9035450220108032
4d5ef36361734ccdae5d52098bf0123f,23a16d69ffe848d593a4808907d8aa98,0.9031518697738647
4d5ef36361734ccdae5d52098bf0123f,52ee59901f3b4de884d7a6720538aed6,0.9025757312774658
4d5ef36361734ccdae5d52098bf0123f,250d411ae270441085be3501b7b55d86,0.9015884399414062
4d5ef36361734ccdae5d52098bf0123f,3aaea7fa41fd43cdb88f8ef59062c5df,0.8999985456466675
4d5ef36361734ccdae5d52098bf0123f,97959d02a64f4a3fbbebe7cbece6c012,0.8999173641204834
4d5ef36361734ccdae5d52098bf0123f,6c874292dbcc49ff8bb8bbe5643593a5,0.89867103099823
4d78e6316a014332815f66e59a8a4099,23199e1859544647893a97ea365c5c83,0.9582570791244507
4d78e6316a014332815f66e59a8a4099,1f3cf50fe1f947d8a56e02ebca441c4c,0.9232146739959717
4d78e6316a014332815f66e59a8a4099,938147b72e9540da8513910871e0830a,0.9121284484863281
4d78e6316a014332815f66e59a8a4099,31cf7db26a3249c5a6205b005662ddcf,0.911486804485321
4d78e6316a014332815f66e59a8a4099,590df34aa41f46e9ad13ffc6a98da3b7,0.9063092470169067
4d78e6316a014332815f66e59a8a4099,e96fae6d607246b18b8494aabe521036,0.9054669141769409
4d78e6316a014332815f66e59a8a4099,211ef3181e524685866fb8574d9bf456,0.9022595882415771
4d78e6316a014332815f66e59a8a4099,c1d504dfeded4b8bb3c07777b7c7abde,0.8998749852180481
4d78e6316a014332815f66e59a8a4099,0f52f676197e4d4e92dec0a7bc4c4f7d,0.8993231058120728
4d78e6316a014332815f66e59a8a4099,29088685e31a4d86b60b514e98117361,0.899099588394165
4e7bd3e813564642929978bfa51f30c7,23199e1859544647893a97ea365c5c83,0.9631379842758179
4e7bd3e813564642929978bfa51f30c7,1f3cf50fe1f947d8a56e02ebca441c4c,0.9229253530502319
4e7bd3e813564642929978bfa51f30c7,31cf7db26a3249c5a6205b005662ddcf,0.9145494103431702
4e7bd3e813564642929978bfa51f30c7,70558882c04e46bd99d15e9786468418,0.9125287532806396
4e7bd3e813564642929978bfa51f30c7,211ef3181e524685866fb8574d9bf456,0.9040573835372925
4e7bd3e813564642929978bfa51f30c7,b77d8b7bb0114c379139d280a9210e83,0.9026201963424683
4e7bd3e813564642929978bfa51f30c7,8dfbb6a204a0441492c35baca6190969,0.9015291929244995
4e7bd3e813564642929978bfa51f30c7,590df34aa41f46e9ad13ffc6a98da3b7,0.8999457359313965
4e7bd3e813564642929978bfa51f30c7,02a3cd76ce534d188b4d5ac4778bd652,0.8925250768661499
4e7bd3e813564642929978bfa51f30c7,dee9eddb2eac41bfaf36d3279d43674a,0.8907418847084045
f25af2430f9345bebb1d841e5867c08d,fbfaa119f55a477984e42d80498f54d3,0.9480502605438232
f25af2430f9345bebb1d841e5867c08d,eb21a4e2b7bd43efbdf0c365415e7fef,0.9207813739776611
f25af2430f9345bebb1d841e5867c08d,1232f20e710b448e8c0538b9e84dab1c,0.9180968999862671
f25af2430f9345bebb1d841e5867c08d,25109e3a7df549e5b380aae716d71366,0.915684700012207
f25af2430f9345bebb1d841e5867c08d,bcfa4a4177d44d8b8cda17b7a23196b0,0.9135050773620605
f25af2430f9345bebb1d841e5867c08d,97959d02a64f4a3fbbebe7cbece6c012,0.9122503995895386
f25af2430f9345bebb1d841e5867c08d,8d595c7da42545c88052e7b213b6c97c,0.9121934175491333
f25af2430f9345bebb1d841e5867c08d,30f654c6e69e48888f9f42dd95ab3c77,0.9110456109046936
f25af2430f9345bebb1d841e5867c08d,ff276acede2f4c14876ef47257758ae8,0.9077756404876709
f25af2430f9345bebb1d841e5867c08d,77cecb221149474896d9b2eb848bf150,0.9073588848114014
44b22297fb9049d682c5ca2921bfc8fa,fbfaa119f55a477984e42d80498f54d3,0.9566312432289124
44b22297fb9049d682c5ca2921bfc8fa,643fbbdd6b764ba9904a4ee67a86b9fd,0.916508674621582
44b22297fb9049d682c5ca2921bfc8fa,1232f20e710b448e8c0538b9e84dab1c,0.9123014211654663
44b22297fb9049d682c5ca2921bfc8fa,8d595c7da42545c88052e7b213b6c97c,0.9070833921432495
44b22297fb9049d682c5ca2921bfc8fa,bcfa4a4177d44d8b8cda17b7a23196b0,0.9065465927124023
44b22297fb9049d682c5ca2921bfc8fa,25109e3a7df549e5b380aae716d71366,0.9059880971908569
44b22297fb9049d682c5ca2921bfc8fa,df5ca61304074da1bec8f536ab50baf3,0.9048101902008057
44b22297fb9049d682c5ca2921bfc8fa,4a6eba10a02a4ecdbb6b25e8651c3789,0.9041869640350342
44b22297fb9049d682c5ca2921bfc8fa,9bf3b77eb9874f5f9e006a9cff111ea9,0.9039158821105957
44b22297fb9049d682c5ca2921bfc8fa,e511c40ca6324803b5021e47b4e777f8,0.9021756649017334
115a8b58da1343fd928c9b8e89d40878,41e657daa20545a588584578bdb4101c,0.9187619686126709
115a8b58da1343fd928c9b8e89d40878,33e2a95109e647cbb4ba2687631b169a,0.8975462913513184
115a8b58da1343fd928c9b8e89d40878,8f0e477fc779414e9b47995c0b25a87d,0.8962016105651855
115a8b58da1343fd928c9b8e89d40878,02a3cd76ce534d188b4d5ac4778bd652,0.8927825689315796
115a8b58da1343fd928c9b8e89d40878,8889c114b071429cbe2418f5b0f2024b,0.8925273418426514
115a8b58da1343fd928c9b8e89d40878,dd36cc0867b94d55a43b82c1c9a0e95c,0.8848003149032593
115a8b58da1343fd928c9b8e89d40878,7e190e3c05d74e6b9f103e39142c1684,0.881377100944519
115a8b58da1343fd928c9b8e89d40878,7326afe68eb64b63993b3dae022c645d,0.8809576034545898
115a8b58da1343fd928c9b8e89d40878,5c09482fc8dc45bdbf7919f00dd540e0,0.8807929754257202
115a8b58da1343fd928c9b8e89d40878,0f52f676197e4d4e92dec0a7bc4c4f7d,0.8794214725494385
dcb5bc6262f24669a59aadae1fe8a9c6,41e657daa20545a588584578bdb4101c,0.9336941242218018
dcb5bc6262f24669a59aadae1fe8a9c6,02a3cd76ce534d188b4d5ac4778bd652,0.904904842376709
dcb5bc6262f24669a59aadae1fe8a9c6,70558882c04e46bd99d15e9786468418,0.8953220844268799
dcb5bc6262f24669a59aadae1fe8a9c6,33e2a95109e647cbb4ba2687631b169a,0.8936049938201904
dcb5bc6262f24669a59aadae1fe8a9c6,b277101390e1465685ef79bf3519f8d7,0.8922184705734253
dcb5bc6262f24669a59aadae1fe8a9c6,cc243eebbb2b44a581745865a60c423a,0.8914969563484192
dcb5bc6262f24669a59aadae1fe8a9c6,8f0e477fc779414e9b47995c0b25a87d,0.8902887105941772
dcb5bc6262f24669a59aadae1fe8a9c6,0971af4212484a958eb0f60f93d1dfe0,0.8888243436813354
dcb5bc6262f24669a59aadae1fe8a9c6,f439b5616ba24b7f82eccfa095a0eff8,0.887809157371521
dcb5bc6262f24669a59aadae1fe8a9c6,5c09482fc8dc45bdbf7919f00dd540e0,0.8861104249954224
16bb236a08d141388ef98f19a4ca335b,57bcda73abab44ee930b20cdaee9d24b,0.9573397636413574
16bb236a08d141388ef98f19a4ca335b,b675be39e8ff421aa59811f146da945b,0.911754846572876
16bb236a08d141388ef98f19a4ca335b,636c21e19a5845e1b8d69a5fca928030,0.9098657369613647
16bb236a08d141388ef98f19a4ca335b,e7ee85dd47ca43eeb2fdcd70b802f0ec,0.9096037149429321
16bb236a08d141388ef98f19a4ca335b,fc430b7683934be2aba12468b2409bb8,0.9042695760726929
16bb236a08d141388ef98f19a4ca335b,9bf3b77eb9874f5f9e006a9cff111ea9,0.9020868539810181
16bb236a08d141388ef98f19a4ca335b,6ae72ad649c54129b992d321f8f29122,0.9002189636230469
16bb236a08d141388ef98f19a4ca335b,8987ceafff324f9599b842542e37eddd,0.8989918231964111
16bb236a08d141388ef98f19a4ca335b,94ed54abfdc74b04b0dcb19c278e66f4,0.8983001112937927
16bb236a08d141388ef98f19a4ca335b,35d06fce2df446569702778e2250bd82,0.8980710506439209
6bb81302398a41f3a58838ff31bdb0f8,57bcda73abab44ee930b20cdaee9d24b,0.9773818850517273
6bb81302398a41f3a58838ff31bdb0f8,94ed54abfdc74b04b0dcb19c278e66f4,0.9212923049926758
6bb81302398a41f3a58838ff31bdb0f8,b675be39e8ff421aa59811f146da945b,0.9178177714347839
6bb81302398a41f3a58838ff31bdb0f8,ca5add3cbf044a95a5bec88a5841ce98,0.9164572954177856
6bb81302398a41f3a58838ff31bdb0f8,636c21e19a5845e1b8d69a5fca928030,0.9144706130027771
6bb81302398a41f3a58838ff31bdb0f8,e7ee85dd47ca43eeb2fdcd70b802f0ec,0.9140146374702454
6bb81302398a41f3a58838ff31bdb0f8,9bf3b77eb9874f5f9e006a9cff111ea9,0.911541223526001
6bb81302398a41f3a58838ff31bdb0f8,35c5a560ecdc4d6a9d20f057ed1fa0e6,0.9107714891433716
6bb81302398a41f3a58838ff31bdb0f8,8987ceafff324f9599b842542e37eddd,0.9080101251602173
6bb81302398a41f3a58838ff31bdb0f8,5fc200cab89346658c9c91cce27e85fe,0.9071557521820068
efa58554232841b693eb71ccc7417f3d,0accd1d0138b49049d437c0d9b1c23c3,0.9726039171218872
efa58554232841b693eb71ccc7417f3d,35c5a560ecdc4d6a9d20f057ed1fa0e6,0.9233567118644714
efa58554232841b693eb71ccc7417f3d,4a7fa5a1bafe4b6995e2920444ac07c4,0.9172197580337524
efa58554232841b693eb71ccc7417f3d,d8b3ad3b5c4e474db41a671ab286424f,0.9148616194725037
efa58554232841b693eb71ccc7417f3d,a5d5fb459a1844088e93ae557ab34afe,0.9147306680679321
efa58554232841b693eb71ccc7417f3d,878e5c41be5c477e9f660ca361fdd727,0.9112131595611572
efa58554232841b693eb71ccc7417f3d,2d43cf91509846e29ab4febd7781919f,0.9088206887245178
efa58554232841b693eb71ccc7417f3d,7359a1cc20d54f96aeea121d7247b88d,0.9086979627609253
efa58554232841b693eb71ccc7417f3d,2d812431f07c44f1a56a71c72766e0b0,0.9071328043937683
efa58554232841b693eb71ccc7417f3d,2b3ecf8be2b242f3b8a1e714390749fb,0.9069843292236328
9b715a377ba548f682027f97bfd90fef,0accd1d0138b49049d437c0d9b1c23c3,0.9911103844642639
9b715a377ba548f682027f97bfd90fef,35c5a560ecdc4d6a9d20f057ed1fa0e6,0.9254810810089111
9b715a377ba548f682027f97bfd90fef,4a7fa5a1bafe4b6995e2920444ac07c4,0.9242168068885803
9b715a377ba548f682027f97bfd90fef,7359a1cc20d54f96aeea121d7247b88d,0.923688530921936
9b715a377ba548f682027f97bfd90fef,878e5c41be5c477e9f660ca361fdd727,0.9212246537208557
9b715a377ba548f682027f97bfd90fef,a5d5fb459a1844088e93ae557ab34afe,0.9190347194671631
9b715a377ba548f682027f97bfd90fef,d8b3ad3b5c4e474db41a671ab286424f,0.918874979019165
9b715a377ba548f682027f97bfd90fef,2b3ecf8be2b242f3b8a1e714390749fb,0.9145457744598389
9b715a377ba548f682027f97bfd90fef,24c55bb5cd694770ba895c7401da2ba5,0.9093497395515442
9b715a377ba548f682027f97bfd90fef,2f0401170d104b47b0a8f087f69dee88,0.9089145064353943
1423a1c6689d4577818b5aa7d4dce019,04d24d1cf42b4f7787d8d300cbad6d50,0.974510908126831
1423a1c6689d4577818b5aa7d4dce019,3d3e8565d2f84e0cad5ae622f2909765,0.9198188781738281
1423a1c6689d4577818b5aa7d4dce019,7627d5e28ba74cbeaf9225e88a7a44cc,0.9145727157592773
1423a1c6689d4577818b5aa7d4dce019,e2e0c8c96aff4c00896ac6986bbb20c2,0.9093290567398071
1423a1c6689d4577818b5aa7d4dce019,85d4175b563d48e5bc6a991b23662f24,0.9018514156341553
1423a1c6689d4577818b5aa7d4dce019,17b5eb6fab65476f827dd355b4a20a55,0.8983465433120728
1423a1c6689d4577818b5aa7d4dce019,19098957d8c24cab95daa30c2baefd8f,0.8982977271080017
1423a1c6689d4577818b5aa7d4dce019,b77d8b7bb0114c379139d280a9210e83,0.8980846405029297
1423a1c6689d4577818b5aa7d4dce019,724a3f6551e74ad585bdeac9a75fd639,0.8963268995285034
1423a1c6689d4577818b5aa7d4dce019,98fbdf945d0c4206a48a4f7260e56017,0.895699143409729
dd907a79f4e744e2851eafcd9227e602,dd36cc0867b94d55a43b82c1c9a0e95c,0.9338577389717102
dd907a79f4e744e2851eafcd9227e602,b77d8b7bb0114c379139d280a9210e83,0.9238904714584351
dd907a79f4e744e2851eafcd9227e602,02a3cd76ce534d188b4d5ac4778bd652,0.9088216423988342
dd907a79f4e744e2851eafcd9227e602,41e657daa20545a588584578bdb4101c,0.9084387421607971
dd907a79f4e744e2851eafcd9227e602,a94cb58f1ca8456b96e39b5b1ebfb7ea,0.9083585143089294
dd907a79f4e744e2851eafcd9227e602,7e190e3c05d74e6b9f103e39142c1684,0.9081071019172668
dd907a79f4e744e2851eafcd9227e602,1f3cf50fe1f947d8a56e02ebca441c4c,0.907925009727478
dd907a79f4e744e2851eafcd9227e602,43464ed6733f4642a0b90e7d995a5e40,0.9061684608459473
dd907a79f4e744e2851eafcd9227e602,cc243eebbb2b44a581745865a60c423a,0.9001013040542603
dd907a79f4e744e2851eafcd9227e602,feb980ae999948ce9be0266b4ddc048d,0.8977496027946472
7c541d4fc72e49c0ab64a3c1d0fd1c08,dd36cc0867b94d55a43b82c1c9a0e95c,0.9120677709579468
7c541d4fc72e49c0ab64a3c1d0fd1c08,a94cb58f1ca8456b96e39b5b1ebfb7ea,0.8980377316474915
7c541d4fc72e49c0ab64a3c1d0fd1c08,0cdb0f32850f4585a16de4886462bbe0,0.8970804810523987
7c541d4fc72e49c0ab64a3c1d0fd1c08,aedd476072b345e9be46ebd7260e93a6,0.8938227891921997
7c541d4fc72e49c0ab64a3c1d0fd1c08,1f3cf50fe1f947d8a56e02ebca441c4c,0.8868943452835083
7c541d4fc72e49c0ab64a3c1d0fd1c08,74de04f31db94a99b757685c91779412,0.8844412565231323
7c541d4fc72e49c0ab64a3c1d0fd1c08,8dfbb6a204a0441492c35baca6190969,0.8834617137908936
7c541d4fc72e49c0ab64a3c1d0fd1c08,b77d8b7bb0114c379139d280a9210e83,0.883203387260437
7c541d4fc72e49c0ab64a3c1d0fd1c08,0f52f676197e4d4e92dec0a7bc4c4f7d,0.8818711042404175
7c541d4fc72e49c0ab64a3c1d0fd1c08,3675c688960a4f3b9f82c4ccf4049e93,0.8791383504867554
518c046dd36b449fab3f0ffe249b1282,b83013f4c5524232814efa0f8651867f,0.9430130124092102
518c046dd36b449fab3f0ffe249b1282,f4b7e6e902e344859cb041126b69ce3c,0.8909516334533691
518c046dd36b449fab3f0ffe249b1282,503d2f067a8a4f5798b1c64b07ab0bc5,0.8895087838172913
518c046dd36b449fab3f0ffe249b1282,a055f8188384479a8bad418f7dffd9a5,0.8866518139839172
518c046dd36b449fab3f0ffe249b1282,5fc200cab89346658c9c91cce27e85fe,0.8857781291007996
518c046dd36b449fab3f0ffe249b1282,eeca68825e2a4bbdaa5ae962998fc33b,0.8855549693107605
518c046dd36b449fab3f0ffe249b1282,898eabaaa1a047e18aecbb1c5a8decbf,0.884973406791687
518c046dd36b449fab3f0ffe249b1282,d2a03ea4b2d3439ca3dc6fe056ab0f04,0.8849502801895142
518c046dd36b449fab3f0ffe249b1282,06b7dd1b701544ac80dd7ca54ed707cf,0.8843897581100464
518c046dd36b449fab3f0ffe249b1282,0ecfdd96e0054841883acba75e83b232,0.8818632364273071
623639be18e04aeba2e0129efe84aab8,27fe100af7884932a33bf30f10dacc55,0.9150106310844421
623639be18e04aeba2e0129efe84aab8,4285b02dc9164cb9bae36b0566bb42f0,0.8978423476219177
623639be18e04aeba2e0129efe84aab8,97959d02a64f4a3fbbebe7cbece6c012,0.8961268067359924
623639be18e04aeba2e0129efe84aab8,3aaea7fa41fd43cdb88f8ef59062c5df,0.8942219018936157
623639be18e04aeba2e0129efe84aab8,e59dba65749140f4a1bdaf2695de2fc6,0.8901359438896179
623639be18e04aeba2e0129efe84aab8,17b5eb6fab65476f827dd355b4a20a55,0.888170599937439
623639be18e04aeba2e0129efe84aab8,1232f20e710b448e8c0538b9e84dab1c,0.8871538043022156
623639be18e04aeba2e0129efe84aab8,b834c0b0c10b471b87ad3f11468de619,0.885431170463562
623639be18e04aeba2e0129efe84aab8,a297e08effdf4a69a6c4d79a34a0c6ad,0.8842142820358276
623639be18e04aeba2e0129efe84aab8,e12ad1ce8e7940a999b9a4f91a95fab7,0.8799034357070923
12c13948584341d6a5e45dde227253f8,b83013f4c5524232814efa0f8651867f,0.9705398082733154
12c13948584341d6a5e45dde227253f8,503d2f067a8a4f5798b1c64b07ab0bc5,0.9124702215194702
12c13948584341d6a5e45dde227253f8,06b7dd1b701544ac80dd7ca54ed707cf,0.9035301804542542
12c13948584341d6a5e45dde227253f8,5fc200cab89346658c9c91cce27e85fe,0.9028664231300354
12c13948584341d6a5e45dde227253f8,f4b7e6e902e344859cb041126b69ce3c,0.9022098779678345
12c13948584341d6a5e45dde227253f8,da14e9dc2c3d4963b725de8102de5028,0.9005316495895386
12c13948584341d6a5e45dde227253f8,a055f8188384479a8bad418f7dffd9a5,0.8977823853492737
12c13948584341d6a5e45dde227253f8,eeca68825e2a4bbdaa5ae962998fc33b,0.8971254229545593
12c13948584341d6a5e45dde227253f8,6866efc8987a4ec8b04b7abd28fb5777,0.8962870240211487
12c13948584341d6a5e45dde227253f8,0ecfdd96e0054841883acba75e83b232,0.8902159929275513
4d070f30ba5d4a11b0b78073f47f11a8,27fe100af7884932a33bf30f10dacc55,0.9004824161529541
4d070f30ba5d4a11b0b78073f47f11a8,40f040fd5c824c8e8e710af1fdf70b5f,0.8920770883560181
4d070f30ba5d4a11b0b78073f47f11a8,97959d02a64f4a3fbbebe7cbece6c012,0.8914748430252075
4d070f30ba5d4a11b0b78073f47f11a8,e59dba65749140f4a1bdaf2695de2fc6,0.8891876935958862
4d070f30ba5d4a11b0b78073f47f11a8,4285b02dc9164cb9bae36b0566bb42f0,0.8865492343902588
4d070f30ba5d4a11b0b78073f47f11a8,a297e08effdf4a69a6c4d79a34a0c6ad,0.8863624930381775
4d070f30ba5d4a11b0b78073f47f11a8,3aaea7fa41fd43cdb88f8ef59062c5df,0.885665774345398
4d070f30ba5d4a11b0b78073f47f11a8,17b5eb6fab65476f827dd355b4a20a55,0.8791557550430298
4d070f30ba5d4a11b0b78073f47f11a8,1232f20e710b448e8c0538b9e84dab1c,0.8714920282363892
4d070f30ba5d4a11b0b78073f47f11a8,aaab880f032a4e00904cf50566164044,0.8712663650512695
a376e7d651454d5490a6836fdcfbb986,c3f66637872c4141ab3898296739457d,0.9387223720550537
a376e7d651454d5490a6836fdcfbb986,590df34aa41f46e9ad13ffc6a98da3b7,0.8794475793838501
a376e7d651454d5490a6836fdcfbb986,211ef3181e524685866fb8574d9bf456,0.8781308531761169
a376e7d651454d5490a6836fdcfbb986,c1d504dfeded4b8bb3c07777b7c7abde,0.8694919347763062
a376e7d651454d5490a6836fdcfbb986,7d0190486da540718e4dc4ca4bd1f573,0.8667888641357422
a376e7d651454d5490a6836fdcfbb986,31cf7db26a3249c5a6205b005662ddcf,0.8651190400123596
a376e7d651454d5490a6836fdcfbb986,bf789f42ccfc42c5a330a3f6e30ddb83,0.8623255491256714
a376e7d651454d5490a6836fdcfbb986,d75a52d716984f318f976bbfc7bee787,0.859756350517273
a376e7d651454d5490a6836fdcfbb986,0f52f676197e4d4e92dec0a7bc4c4f7d,0.8572069406509399
a376e7d651454d5490a6836fdcfbb986,b0d2e6c4b2384950b3696c4414870282,0.8568825721740723
127639f543af45dba72da3cecff7c65a,ce4fdd5499f8498793c11e586f7da70c,0.9706445932388306
127639f543af45dba72da3cecff7c65a,da61d9bc8f024a4aba18d5c3072b7838,0.9028850793838501
127639f543af45dba72da3cecff7c65a,ec07b4e88bea4086a5eafed96d81edb5,0.886570394039154
127639f543af45dba72da3cecff7c65a,c4b9d7a8d5d342459d2282589b3af293,0.8845415115356445
127639f543af45dba72da3cecff7c65a,99830b8da7c24f909914f7bb167f3ea6,0.8809741735458374
127639f543af45dba72da3cecff7c65a,eff24b01b2f5428baa4c3fef6cb40d41,0.8743669986724854
127639f543af45dba72da3cecff7c65a,01930613ce7d4a5f90ccf78d1e92a55d,0.8727990388870239
127639f543af45dba72da3cecff7c65a,ffe2740eee8c49b39b2ce41f9983bcb4,0.8723076581954956
127639f543af45dba72da3cecff7c65a,bf789f42ccfc42c5a330a3f6e30ddb83,0.8703153133392334
127639f543af45dba72da3cecff7c65a,5cf392f15360460bae6a6b0182bb99b9,0.8702261447906494
c91c2c649312417aa86fe0975f437d9f,ce4fdd5499f8498793c11e586f7da70c,0.9682800769805908
c91c2c649312417aa86fe0975f437d9f,da61d9bc8f024a4aba18d5c3072b7838,0.8908649682998657
c91c2c649312417aa86fe0975f437d9f,c4b9d7a8d5d342459d2282589b3af293,0.8876827359199524
c91c2c649312417aa86fe0975f437d9f,ec07b4e88bea4086a5eafed96d81edb5,0.8783360719680786
c91c2c649312417aa86fe0975f437d9f,99830b8da7c24f909914f7bb167f3ea6,0.8749281167984009
c91c2c649312417aa86fe0975f437d9f,bf789f42ccfc42c5a330a3f6e30ddb83,0.8690518140792847
c91c2c649312417aa86fe0975f437d9f,225818abe99e45a0bf5b0b3ec30db76b,0.8686785697937012
c91c2c649312417aa86fe0975f437d9f,8228c9eb29a542ba98c8b9b854eadaa4,0.8680202960968018
c91c2c649312417aa86fe0975f437d9f,9aca522158f443fd8a9caaec38ae5e2c,0.8673608303070068
c91c2c649312417aa86fe0975f437d9f,eff24b01b2f5428baa4c3fef6cb40d41,0.8652925491333008
06975950c6134fdfb4b0ed6a5cf0a50d,1aaf8edc37ea412b85e3d1b5c5317051,0.8905131816864014
06975950c6134fdfb4b0ed6a5cf0a50d,3356a8a8c6ee4f30bc2b028e360d4471,0.8896279335021973
06975950c6134fdfb4b0ed6a5cf0a50d,5a6f4a2f7f6a4b1fa146493472e6d721,0.8882575035095215
06975950c6134fdfb4b0ed6a5cf0a50d,039f8e63b273472d8f1d99d9a5de5cf5,0.8874736428260803
06975950c6134fdfb4b0ed6a5cf0a50d,6732de8994744decbb3306c74aaa7882,0.8861801624298096
06975950c6134fdfb4b0ed6a5cf0a50d,1232f20e710b448e8c0538b9e84dab1c,0.881366491317749
06975950c6134fdfb4b0ed6a5cf0a50d,643fbbdd6b764ba9904a4ee67a86b9fd,0.8810797929763794
06975950c6134fdfb4b0ed6a5cf0a50d,4a6eba10a02a4ecdbb6b25e8651c3789,0.8801559805870056
06975950c6134fdfb4b0ed6a5cf0a50d,f59a3ee5387440d981754b6595e8664c,0.8738565444946289
06975950c6134fdfb4b0ed6a5cf0a50d,444fa28d9ed54c82a522699041eae592,0.8727419376373291
8b60f7f0b86c4168ad03970ab04f5e6f,51c6049a18b84ee381d0512e40b67c0e,0.9675757884979248
8b60f7f0b86c4168ad03970ab04f5e6f,43464ed6733f4642a0b90e7d995a5e40,0.9126288890838623
8b60f7f0b86c4168ad03970ab04f5e6f,82d68ea370f8451aa16ea08f4601245c,0.9096119999885559
8b60f7f0b86c4168ad03970ab04f5e6f,e2e0c8c96aff4c00896ac6986bbb20c2,0.9080081582069397
8b60f7f0b86c4168ad03970ab04f5e6f,6b4676aba2a746b3ab778315afc8ee82,0.9011022448539734
8b60f7f0b86c4168ad03970ab04f5e6f,eabdd2813a954f9aa01f0eb8212ee387,0.899390697479248
8b60f7f0b86c4168ad03970ab04f5e6f,eb21a4e2b7bd43efbdf0c365415e7fef,0.899154782295227
8b60f7f0b86c4168ad03970ab04f5e6f,0cdb0f32850f4585a16de4886462bbe0,0.8986015915870667
8b60f7f0b86c4168ad03970ab04f5e6f,70aa10580bfe4069bdaa5721ae2d29db,0.8957751989364624
8b60f7f0b86c4168ad03970ab04f5e6f,e96fae6d607246b18b8494aabe521036,0.8952083587646484
514ebe94b40c403482de042102289b46,51c6049a18b84ee381d0512e40b67c0e,0.972989022731781
514ebe94b40c403482de042102289b46,43464ed6733f4642a0b90e7d995a5e40,0.9067560434341431
514ebe94b40c403482de042102289b46,eb21a4e2b7bd43efbdf0c365415e7fef,0.8992822766304016
514ebe94b40c403482de042102289b46,82d68ea370f8451aa16ea08f4601245c,0.8915677070617676
514ebe94b40c403482de042102289b46,e96fae6d607246b18b8494aabe521036,0.8913809061050415
514ebe94b40c403482de042102289b46,6b4676aba2a746b3ab778315afc8ee82,0.8889039754867554
514ebe94b40c403482de042102289b46,3574ab91c29940b3afc62354ae06b73b,0.8872008323669434
514ebe94b40c403482de042102289b46,2639b6540bda414f8a9baa3b5cdb612a,0.8871310949325562
514ebe94b40c403482de042102289b46,1419b2c686f44896a0ae2a43e93b5402,0.886892557144165
514ebe94b40c403482de042102289b46,a0b4d283f12a407286dbeaa3a4d128a5,0.8857495784759521
543ddcbf2bd941a58120dad59c45ceb0,6b4676aba2a746b3ab778315afc8ee82,0.9865628480911255
543ddcbf2bd941a58120dad59c45ceb0,1d70bc69b2f84bef9aa5fb0d9917e38d,0.9222195148468018
543ddcbf2bd941a58120dad59c45ceb0,43464ed6733f4642a0b90e7d995a5e40,0.918502151966095
543ddcbf2bd941a58120dad59c45ceb0,77ce0587a12b46bab8814225ba86753e,0.9179550409317017
543ddcbf2bd941a58120dad59c45ceb0,71c1a8479b194efca65b44fb7f327afb,0.9170124530792236
543ddcbf2bd941a58120dad59c45ceb0,aa082284f9894b5aa210c179d59999b1,0.9167641401290894
543ddcbf2bd941a58120dad59c45ceb0,0cdb0f32850f4585a16de4886462bbe0,0.9147995710372925
543ddcbf2bd941a58120dad59c45ceb0,6ea31a945d494834a3d243f1f90af02a,0.914647102355957
543ddcbf2bd941a58120dad59c45ceb0,82d68ea370f8451aa16ea08f4601245c,0.9143394231796265
543ddcbf2bd941a58120dad59c45ceb0,eb21a4e2b7bd43efbdf0c365415e7fef,0.9121177196502686
107e548bacc844d38e74d9d3d4c6daef,7226603f024c45c6a6e44b00e52e8aad,0.9384900331497192
107e548bacc844d38e74d9d3d4c6daef,6b7b5d28293d4a5a8075f7f7dd231ddb,0.8991924524307251
107e548bacc844d38e74d9d3d4c6daef,85d4175b563d48e5bc6a991b23662f24,0.8982212543487549
107e548bacc844d38e74d9d3d4c6daef,1232f20e710b448e8c0538b9e84dab1c,0.897109866142273
107e548bacc844d38e74d9d3d4c6daef,e12ad1ce8e7940a999b9a4f91a95fab7,0.8955835103988647
107e548bacc844d38e74d9d3d4c6daef,f12e9e5805534d719f829332d1ea5d29,0.8942094445228577
107e548bacc844d38e74d9d3d4c6daef,5e44915237fc4445b54b037e1c4e29a4,0.890134334564209
107e548bacc844d38e74d9d3d4c6daef,f32f4607b4714e378831f924c5e6084d,0.8900548219680786
107e548bacc844d38e74d9d3d4c6daef,f37d285ad0de42f0b1546d0d1acfb221,0.8893073797225952
107e548bacc844d38e74d9d3d4c6daef,3fce01bbc56d49d39f61cba3d17648f2,0.8863013982772827
2b96b856fb814e1ea13121869bdfba59,f12e9e5805534d719f829332d1ea5d29,0.9912911057472229
2b96b856fb814e1ea13121869bdfba59,6c874292dbcc49ff8bb8bbe5643593a5,0.9353486895561218
2b96b856fb814e1ea13121869bdfba59,eb21a4e2b7bd43efbdf0c365415e7fef,0.9270546436309814
2b96b856fb814e1ea13121869bdfba59,d756970269e9443fb9bbf645a96aa84e,0.9243195056915283
2b96b856fb814e1ea13121869bdfba59,ccb62901750b4d13a922fc161b607f83,0.9194558262825012
2b96b856fb814e1ea13121869bdfba59,97959d02a64f4a3fbbebe7cbece6c012,0.9146772623062134
2b96b856fb814e1ea13121869bdfba59,c65af18670ea437c8986884645b3afe9,0.9116182327270508
2b96b856fb814e1ea13121869bdfba59,3aaea7fa41fd43cdb88f8ef59062c5df,0.9109479784965515
2b96b856fb814e1ea13121869bdfba59,39e2b00e1cbd471488cf56f31d2cec7f,0.9095560312271118
2b96b856fb814e1ea13121869bdfba59,19a124c6dad14a4fa7864463b081009c,0.9089362621307373
b2bd2aeb78c846db8046a83ff0fa2cd1,f12e9e5805534d719f829332d1ea5d29,0.9930775165557861
b2bd2aeb78c846db8046a83ff0fa2cd1,6c874292dbcc49ff8bb8bbe5643593a5,0.9316810965538025
b2bd2aeb78c846db8046a83ff0fa2cd1,eb21a4e2b7bd43efbdf0c365415e7fef,0.9277843236923218
b2bd2aeb78c846db8046a83ff0fa2cd1,ccb62901750b4d13a922fc161b607f83,0.9249345064163208
b2bd2aeb78c846db8046a83ff0fa2cd1,97959d02a64f4a3fbbebe7cbece6c012,0.9193375110626221
b2bd2aeb78c846db8046a83ff0fa2cd1,d756970269e9443fb9bbf645a96aa84e,0.9165804386138916
b2bd2aeb78c846db8046a83ff0fa2cd1,17b5eb6fab65476f827dd355b4a20a55,0.9114024639129639
b2bd2aeb78c846db8046a83ff0fa2cd1,1232f20e710b448e8c0538b9e84dab1c,0.9106868505477905
b2bd2aeb78c846db8046a83ff0fa2cd1,3aaea7fa41fd43cdb88f8ef59062c5df,0.910532534122467
b2bd2aeb78c846db8046a83ff0fa2cd1,724a3f6551e74ad585bdeac9a75fd639,0.9072474241256714
dba7a96eede9465fb56a4f743a85c9c0,7226603f024c45c6a6e44b00e52e8aad,0.934627890586853
dba7a96eede9465fb56a4f743a85c9c0,1232f20e710b448e8c0538b9e84dab1c,0.9017596244812012
dba7a96eede9465fb56a4f743a85c9c0,f12e9e5805534d719f829332d1ea5d29,0.8974179029464722
dba7a96eede9465fb56a4f743a85c9c0,e511c40ca6324803b5021e47b4e777f8,0.8952082395553589
dba7a96eede9465fb56a4f743a85c9c0,eb21a4e2b7bd43efbdf0c365415e7fef,0.8935061097145081
dba7a96eede9465fb56a4f743a85c9c0,25109e3a7df549e5b380aae716d71366,0.8895593881607056
dba7a96eede9465fb56a4f743a85c9c0,8dfe01febd46475ab5aef97033716ce1,0.8895394802093506
dba7a96eede9465fb56a4f743a85c9c0,6f57d1175ad243edada61643d01fcd54,0.8868952989578247
dba7a96eede9465fb56a4f743a85c9c0,3fce01bbc56d49d39f61cba3d17648f2,0.8865063190460205
dba7a96eede9465fb56a4f743a85c9c0,cb2505b30d8a4dc086c353cf94424b6d,0.886043131351471
95a37fbd9d724d448e13f4ffabbe0274,93dc50abd35349f7923100dca2f41002,0.9846511483192444
95a37fbd9d724d448e13f4ffabbe0274,0592b57e490d4206a3f12eb004a0afe0,0.9101415276527405
95a37fbd9d724d448e13f4ffabbe0274,b9228fdb5f0c413d81cffb51829d95c6,0.896440863609314
95a37fbd9d724d448e13f4ffabbe0274,1232f20e710b448e8c0538b9e84dab1c,0.8909128904342651
95a37fbd9d724d448e13f4ffabbe0274,1419b2c686f44896a0ae2a43e93b5402,0.8892204761505127
95a37fbd9d724d448e13f4ffabbe0274,ffc5805e29a74be0a55b40318aa321d7,0.888166069984436
95a37fbd9d724d448e13f4ffabbe0274,eb21a4e2b7bd43efbdf0c365415e7fef,0.8872385025024414
95a37fbd9d724d448e13f4ffabbe0274,039f8e63b273472d8f1d99d9a5de5cf5,0.8868013620376587
95a37fbd9d724d448e13f4ffabbe0274,7dd5e88dfdd24cafab2c765939757354,0.8861579895019531
95a37fbd9d724d448e13f4ffabbe0274,ff276acede2f4c14876ef47257758ae8,0.8850774765014648
e365a82950b3437a9ffd8bbebb0713a8,93dc50abd35349f7923100dca2f41002,0.9824153780937195
e365a82950b3437a9ffd8bbebb0713a8,0592b57e490d4206a3f12eb004a0afe0,0.9038418531417847
e365a82950b3437a9ffd8bbebb0713a8,ffc5805e29a74be0a55b40318aa321d7,0.8880410194396973
e365a82950b3437a9ffd8bbebb0713a8,b9228fdb5f0c413d81cffb51829d95c6,0.8871721029281616
e365a82950b3437a9ffd8bbebb0713a8,1232f20e710b448e8c0538b9e84dab1c,0.8866499662399292
e365a82950b3437a9ffd8bbebb0713a8,bf789f42ccfc42c5a330a3f6e30ddb83,0.8864736557006836
e365a82950b3437a9ffd8bbebb0713a8,eb21a4e2b7bd43efbdf0c365415e7fef,0.8855893611907959
e365a82950b3437a9ffd8bbebb0713a8,19098957d8c24cab95daa30c2baefd8f,0.8845142126083374
e365a82950b3437a9ffd8bbebb0713a8,1419b2c686f44896a0ae2a43e93b5402,0.8825945854187012
e365a82950b3437a9ffd8bbebb0713a8,ff276acede2f4c14876ef47257758ae8,0.8821255564689636
5fe3bf5786b54f9f8d85861573fc9d2f,a0b4d283f12a407286dbeaa3a4d128a5,0.9737710952758789
5fe3bf5786b54f9f8d85861573fc9d2f,ff51ca928cd54f4da620c27983e221f8,0.9038652181625366
5fe3bf5786b54f9f8d85861573fc9d2f,c1d504dfeded4b8bb3c07777b7c7abde,0.9011567234992981
5fe3bf5786b54f9f8d85861573fc9d2f,d9ac372330a4446886fa19bac0d19877,0.8998146057128906
5fe3bf5786b54f9f8d85861573fc9d2f,590df34aa41f46e9ad13ffc6a98da3b7,0.8960464000701904
5fe3bf5786b54f9f8d85861573fc9d2f,2639b6540bda414f8a9baa3b5cdb612a,0.8947881460189819
5fe3bf5786b54f9f8d85861573fc9d2f,eb21a4e2b7bd43efbdf0c365415e7fef,0.8946101665496826
5fe3bf5786b54f9f8d85861573fc9d2f,82d68ea370f8451aa16ea08f4601245c,0.8945143222808838
5fe3bf5786b54f9f8d85861573fc9d2f,daed5458403e49e3aea72f4bcc6dd224,0.8939666152000427
5fe3bf5786b54f9f8d85861573fc9d2f,f69dcaceb6074ddebfe1dc7e5978fcff,0.8932703733444214
be8193e46ed74126aa2fa3bd4d20feb7,636c21e19a5845e1b8d69a5fca928030,0.9167128801345825
be8193e46ed74126aa2fa3bd4d20feb7,f91157bb8fca4a8e98db33591a76be9a,0.9097132682800293
be8193e46ed74126aa2fa3bd4d20feb7,8fdee0611965465eb45387b8c39f4136,0.9079165458679199
be8193e46ed74126aa2fa3bd4d20feb7,9bf3b77eb9874f5f9e006a9cff111ea9,0.9075759649276733
be8193e46ed74126aa2fa3bd4d20feb7,57bcda73abab44ee930b20cdaee9d24b,0.9051958918571472
be8193e46ed74126aa2fa3bd4d20feb7,0092d1d820c64646b8bee9fd14f77acf,0.9051422476768494
be8193e46ed74126aa2fa3bd4d20feb7,77cecb221149474896d9b2eb848bf150,0.9050900936126709
be8193e46ed74126aa2fa3bd4d20feb7,8683a3ad55d84a78834fabe20cde5269,0.9049131870269775
be8193e46ed74126aa2fa3bd4d20feb7,6732de8994744decbb3306c74aaa7882,0.9045141935348511
be8193e46ed74126aa2fa3bd4d20feb7,5e44915237fc4445b54b037e1c4e29a4,0.9039981365203857
0d39327b000c4d44854a7870268edacc,7584980704ae4617bb27ca162cc9c5db,0.8543534874916077
0d39327b000c4d44854a7870268edacc,291130c42a884be2800e026bab5ddf53,0.8527651429176331
0d39327b000c4d44854a7870268edacc,e88ce4cd350f43398a5c0ab8629cee72,0.8511114120483398
0d39327b000c4d44854a7870268edacc,5e44915237fc4445b54b037e1c4e29a4,0.8501518964767456
0d39327b000c4d44854a7870268edacc,36472797459c462e910846109fa624fc,0.8495934009552002
0d39327b000c4d44854a7870268edacc,b2bcb4d9456c4763a0159ffd1f3660bb,0.8475407361984253
0d39327b000c4d44854a7870268edacc,7226603f024c45c6a6e44b00e52e8aad,0.8469893932342529
0d39327b000c4d44854a7870268edacc,33e2a95109e647cbb4ba2687631b169a,0.8465438485145569
0d39327b000c4d44854a7870268edacc,64d9091426f9461c97c98a5428856bcf,0.8458082675933838
0d39327b000c4d44854a7870268edacc,e511c40ca6324803b5021e47b4e777f8,0.8444339036941528
e0e982cb170f440b970c9d9d1946f9dd,78809cb3c6b841a9b8b132133dd6bb96,0.9530685544013977
e0e982cb170f440b970c9d9d1946f9dd,bbdf9065122d499d9d8f80ad3e0ef6f3,0.9095180630683899
e0e982cb170f440b970c9d9d1946f9dd,0b57f893483647c3aed811775a4c4c04,0.9090852737426758
e0e982cb170f440b970c9d9d1946f9dd,f4b7e6e902e344859cb041126b69ce3c,0.9062536954879761
e0e982cb170f440b970c9d9d1946f9dd,be8953cc364d46cebbcc2c2da2c348ab,0.9047162532806396
e0e982cb170f440b970c9d9d1946f9dd,00614d60b3544ba790dfd23dd53992e0,0.901563823223114
e0e982cb170f440b970c9d9d1946f9dd,a2612682d9854a30a7684c91c8619ec9,0.8990752696990967
e0e982cb170f440b970c9d9d1946f9dd,26869cc099c44c4a86f6043476ab4890,0.8977738618850708
e0e982cb170f440b970c9d9d1946f9dd,65e30dd62cfa4dccb9ea4d908a9d6fab,0.8948122262954712
e0e982cb170f440b970c9d9d1946f9dd,8fca2e4873e946f7a788af2b846cebd7,0.8933115005493164
e0249c6a39824516a1c3d7d3d47dfde9,4e4495962a9b4864882397042f1a2b3e,0.9438800811767578
e0249c6a39824516a1c3d7d3d47dfde9,85d4175b563d48e5bc6a991b23662f24,0.9228509664535522
e0249c6a39824516a1c3d7d3d47dfde9,30c71719aed84c07ae21d0eff0deed72,0.9151099920272827
e0249c6a39824516a1c3d7d3d47dfde9,be8953cc364d46cebbcc2c2da2c348ab,0.9137105345726013
e0249c6a39824516a1c3d7d3d47dfde9,7584980704ae4617bb27ca162cc9c5db,0.9115605354309082
e0249c6a39824516a1c3d7d3d47dfde9,ccb62901750b4d13a922fc161b607f83,0.9106477499008179
e0249c6a39824516a1c3d7d3d47dfde9,636c21e19a5845e1b8d69a5fca928030,0.9097796678543091
e0249c6a39824516a1c3d7d3d47dfde9,ca5add3cbf044a95a5bec88a5841ce98,0.909717321395874
e0249c6a39824516a1c3d7d3d47dfde9,f91157bb8fca4a8e98db33591a76be9a,0.9082667827606201
e0249c6a39824516a1c3d7d3d47dfde9,04d24d1cf42b4f7787d8d300cbad6d50,0.9080819487571716
1c0381823ed0499e8e96e4cfd8b9a64a,ff51ca928cd54f4da620c27983e221f8,0.9076544046401978
1c0381823ed0499e8e96e4cfd8b9a64a,8683a3ad55d84a78834fabe20cde5269,0.9036867618560791
1c0381823ed0499e8e96e4cfd8b9a64a,1f3cf50fe1f947d8a56e02ebca441c4c,0.9004669785499573
1c0381823ed0499e8e96e4cfd8b9a64a,70558882c04e46bd99d15e9786468418,0.8994792699813843
1c0381823ed0499e8e96e4cfd8b9a64a,71c1a8479b194efca65b44fb7f327afb,0.8978037238121033
1c0381823ed0499e8e96e4cfd8b9a64a,feb980ae999948ce9be0266b4ddc048d,0.8969167470932007
1c0381823ed0499e8e96e4cfd8b9a64a,63eab812f3254cccb9631b09725aec3d,0.894704282283783
1c0381823ed0499e8e96e4cfd8b9a64a,b77d8b7bb0114c379139d280a9210e83,0.8930820226669312
1c0381823ed0499e8e96e4cfd8b9a64a,77ce0587a12b46bab8814225ba86753e,0.8919054269790649
1c0381823ed0499e8e96e4cfd8b9a64a,6ea31a945d494834a3d243f1f90af02a,0.891616702079773
2282d8cf50554304ab195b1a53c7d9f3,6dc5832f0ac04df2bd99c6415b3ecf09,0.9286112785339355
2282d8cf50554304ab195b1a53c7d9f3,2b039224b54142d185a406b31fe01de2,0.9144998788833618
2282d8cf50554304ab195b1a53c7d9f3,fadf133e0e684a24ac79b5fa9515bac2,0.9091317057609558
2282d8cf50554304ab195b1a53c7d9f3,df0c94234d9d4890b5b4b95c441b3e9a,0.9088305234909058
2282d8cf50554304ab195b1a53c7d9f3,4a3d4daed4b24a1898551f0fd1ba44f1,0.9083684682846069
2282d8cf50554304ab195b1a53c7d9f3,eff24b01b2f5428baa4c3fef6cb40d41,0.9034507274627686
2282d8cf50554304ab195b1a53c7d9f3,225818abe99e45a0bf5b0b3ec30db76b,0.9019724130630493
2282d8cf50554304ab195b1a53c7d9f3,77cecb221149474896d9b2eb848bf150,0.9004297256469727
2282d8cf50554304ab195b1a53c7d9f3,c756409435634fc48c643a64e73c93ce,0.8997855186462402
2282d8cf50554304ab195b1a53c7d9f3,342aaa81ed004635bbf9cbc2592cd7b6,0.8996312022209167
c4f8a865ba2744e0b7c4701468c16ca4,fadf133e0e684a24ac79b5fa9515bac2,0.9245287775993347
c4f8a865ba2744e0b7c4701468c16ca4,64e74af099b0485f8b6e71ac73aa2cb8,0.9086472392082214
c4f8a865ba2744e0b7c4701468c16ca4,4a3d4daed4b24a1898551f0fd1ba44f1,0.9073086977005005
c4f8a865ba2744e0b7c4701468c16ca4,eff24b01b2f5428baa4c3fef6cb40d41,0.9055275917053223
c4f8a865ba2744e0b7c4701468c16ca4,35d06fce2df446569702778e2250bd82,0.9046691656112671
c4f8a865ba2744e0b7c4701468c16ca4,e79ae27b52fa4d54aa37735fd275c66e,0.9045120477676392
c4f8a865ba2744e0b7c4701468c16ca4,b585a2970e9f421da236241f603883f2,0.9044143557548523
c4f8a865ba2744e0b7c4701468c16ca4,1027a336232c4454a9c4ae450a562788,0.9042627811431885
c4f8a865ba2744e0b7c4701468c16ca4,7dd5e88dfdd24cafab2c765939757354,0.9038302898406982
c4f8a865ba2744e0b7c4701468c16ca4,cc243eebbb2b44a581745865a60c423a,0.9021986126899719
2f5d7dabbac54943ab9522573ada0736,6f8d80f8673144dfa7a4e09190442ab3,0.8874017000198364
2f5d7dabbac54943ab9522573ada0736,f9fe93fae6084350b81964d354e2130f,0.8660629391670227
2f5d7dabbac54943ab9522573ada0736,5e44915237fc4445b54b037e1c4e29a4,0.8605358004570007
2f5d7dabbac54943ab9522573ada0736,e5a3c8867e44498d9182e8be934e0fce,0.8539845943450928
2f5d7dabbac54943ab9522573ada0736,2ece45504eff42469c104dc2a2d03caf,0.8539229035377502
2f5d7dabbac54943ab9522573ada0736,fbfaa119f55a477984e42d80498f54d3,0.851481556892395
2f5d7dabbac54943ab9522573ada0736,69ac8397e9624bfd8aee237b9f9ea3b5,0.8467617034912109
2f5d7dabbac54943ab9522573ada0736,039f8e63b273472d8f1d99d9a5de5cf5,0.8455572128295898
2f5d7dabbac54943ab9522573ada0736,baad022010b44fad8d8410869d909fd1,0.8445558547973633
2f5d7dabbac54943ab9522573ada0736,54e9bbd0093947a3bda5fef48ef7493d,0.8444534540176392
3d2b131349684742968cd2b214a13f76,590df34aa41f46e9ad13ffc6a98da3b7,0.9642839431762695
3d2b131349684742968cd2b214a13f76,211ef3181e524685866fb8574d9bf456,0.9160820245742798
3d2b131349684742968cd2b214a13f76,0f52f676197e4d4e92dec0a7bc4c4f7d,0.9121487736701965
3d2b131349684742968cd2b214a13f76,bf789f42ccfc42c5a330a3f6e30ddb83,0.9044688940048218
3d2b131349684742968cd2b214a13f76,c1d504dfeded4b8bb3c07777b7c7abde,0.9036953449249268
3d2b131349684742968cd2b214a13f76,d361a9e414fb41c1a605200d9cbba496,0.903356671333313
3d2b131349684742968cd2b214a13f76,97959d02a64f4a3fbbebe7cbece6c012,0.9025963544845581
3d2b131349684742968cd2b214a13f76,23199e1859544647893a97ea365c5c83,0.8970869779586792
3d2b131349684742968cd2b214a13f76,c3f66637872c4141ab3898296739457d,0.896376371383667
3d2b131349684742968cd2b214a13f76,d9ac372330a4446886fa19bac0d19877,0.8953289985656738
e542409acd694eab90192399d89ccb4c,69ac8397e9624bfd8aee237b9f9ea3b5,0.8885176777839661
e542409acd694eab90192399d89ccb4c,b3f8b4bec0164d0e81997b4f5a277e8f,0.8757065534591675
e542409acd694eab90192399d89ccb4c,64d9091426f9461c97c98a5428856bcf,0.8750707507133484
e542409acd694eab90192399d89ccb4c,2ece45504eff42469c104dc2a2d03caf,0.8736164569854736
e542409acd694eab90192399d89ccb4c,5e44915237fc4445b54b037e1c4e29a4,0.8730850219726562
e542409acd694eab90192399d89ccb4c,6f8d80f8673144dfa7a4e09190442ab3,0.8693459033966064
e542409acd694eab90192399d89ccb4c,361f2b7f3f044907b3a331872fb18755,0.8671433329582214
e542409acd694eab90192399d89ccb4c,e5a3c8867e44498d9182e8be934e0fce,0.8654741048812866
e542409acd694eab90192399d89ccb4c,0a61f52258f643b6a6436a1ec234e197,0.8644425272941589
e542409acd694eab90192399d89ccb4c,fbfaa119f55a477984e42d80498f54d3,0.8637327551841736
317db6fcd5d1443fb6271acc6ec8fe3e,590df34aa41f46e9ad13ffc6a98da3b7,0.9726526141166687
317db6fcd5d1443fb6271acc6ec8fe3e,211ef3181e524685866fb8574d9bf456,0.9011887311935425
317db6fcd5d1443fb6271acc6ec8fe3e,c1d504dfeded4b8bb3c07777b7c7abde,0.9006425142288208
317db6fcd5d1443fb6271acc6ec8fe3e,0f52f676197e4d4e92dec0a7bc4c4f7d,0.8957181572914124
317db6fcd5d1443fb6271acc6ec8fe3e,23199e1859544647893a97ea365c5c83,0.8927491307258606
317db6fcd5d1443fb6271acc6ec8fe3e,31cf7db26a3249c5a6205b005662ddcf,0.8918524980545044
317db6fcd5d1443fb6271acc6ec8fe3e,bf789f42ccfc42c5a330a3f6e30ddb83,0.8900384902954102
317db6fcd5d1443fb6271acc6ec8fe3e,43ee0103cba54b4e9d165717735ca0f6,0.8883113861083984
317db6fcd5d1443fb6271acc6ec8fe3e,c3f66637872c4141ab3898296739457d,0.8865089416503906
317db6fcd5d1443fb6271acc6ec8fe3e,97959d02a64f4a3fbbebe7cbece6c012,0.8853277564048767
b0553ed82597421aabe852652c5915d7,d53fa54d5536463ab0d87648dfc5fd78,0.944151759147644
b0553ed82597421aabe852652c5915d7,268f8ec9f2734029a8e75857db56ccb3,0.8585452437400818
b0553ed82597421aabe852652c5915d7,f5d09519cf7647f8a107cd8fadd322e5,0.8496805429458618
b0553ed82597421aabe852652c5915d7,eee7f32249c5452ea36c8ed3a3540010,0.8414168357849121
b0553ed82597421aabe852652c5915d7,da61d9bc8f024a4aba18d5c3072b7838,0.8298910856246948
b0553ed82597421aabe852652c5915d7,5605fa1188974644937bbf92fec50e21,0.8286425471305847
b0553ed82597421aabe852652c5915d7,e22e1ad3c1fc4493bcb7c9b923566ff7,0.8260623812675476
b0553ed82597421aabe852652c5915d7,3e6a4b65a1004c08a6f3f570cf986c2f,0.8260243535041809
b0553ed82597421aabe852652c5915d7,c2b49382e2f34b1c90013236a5fbaef0,0.8246217370033264
b0553ed82597421aabe852652c5915d7,6c6de17135be4f8c9423be633eaefcd4,0.8246064186096191
8c59bfc1aa7b42cf882806e395ee4fec,d53fa54d5536463ab0d87648dfc5fd78,0.9666368961334229
8c59bfc1aa7b42cf882806e395ee4fec,268f8ec9f2734029a8e75857db56ccb3,0.8484371900558472
8c59bfc1aa7b42cf882806e395ee4fec,f5d09519cf7647f8a107cd8fadd322e5,0.839993953704834
8c59bfc1aa7b42cf882806e395ee4fec,bc607fd6000b43108e49b3d05688fe90,0.8327188491821289
8c59bfc1aa7b42cf882806e395ee4fec,da61d9bc8f024a4aba18d5c3072b7838,0.8261728286743164
8c59bfc1aa7b42cf882806e395ee4fec,c2b49382e2f34b1c90013236a5fbaef0,0.8228945732116699
8c59bfc1aa7b42cf882806e395ee4fec,eee7f32249c5452ea36c8ed3a3540010,0.8210355043411255
8c59bfc1aa7b42cf882806e395ee4fec,4152360a4bea4cbbbfbe45ff3bf7f62b,0.8208712339401245
8c59bfc1aa7b42cf882806e395ee4fec,3e6a4b65a1004c08a6f3f570cf986c2f,0.8182045221328735
8c59bfc1aa7b42cf882806e395ee4fec,75801225047a4c019100660c13f1e0f1,0.8168752193450928
deb7d97e50b24c63943a8af997d083f8,ec07b4e88bea4086a5eafed96d81edb5,0.9859984517097473
deb7d97e50b24c63943a8af997d083f8,9aca522158f443fd8a9caaec38ae5e2c,0.889912486076355
deb7d97e50b24c63943a8af997d083f8,eff24b01b2f5428baa4c3fef6cb40d41,0.8870723843574524
deb7d97e50b24c63943a8af997d083f8,2ea3b46262e649f79900258cd90cce31,0.8802070617675781
deb7d97e50b24c63943a8af997d083f8,c756409435634fc48c643a64e73c93ce,0.8790664076805115
deb7d97e50b24c63943a8af997d083f8,3c0f3b44c0844df49b5898406fe9195a,0.8756558895111084
deb7d97e50b24c63943a8af997d083f8,ffe2740eee8c49b39b2ce41f9983bcb4,0.8746917843818665
deb7d97e50b24c63943a8af997d083f8,ac5a760b45c146ec840193371cfb2d30,0.8742632865905762
deb7d97e50b24c63943a8af997d083f8,c24e3823376b436c8eb46eaeebbc7718,0.8741850256919861
deb7d97e50b24c63943a8af997d083f8,3b7d56c26da14b3a9b1cd52b5b35891b,0.8727284669876099
8ffc24d118e54740a39563141f642fd9,ec07b4e88bea4086a5eafed96d81edb5,0.9681917428970337
8ffc24d118e54740a39563141f642fd9,eff24b01b2f5428baa4c3fef6cb40d41,0.8852466344833374
8ffc24d118e54740a39563141f642fd9,e429a2e164a24919a12edcc8d4ea8f09,0.88275146484375
8ffc24d118e54740a39563141f642fd9,225818abe99e45a0bf5b0b3ec30db76b,0.8811150789260864
8ffc24d118e54740a39563141f642fd9,2ea3b46262e649f79900258cd90cce31,0.8805797100067139
8ffc24d118e54740a39563141f642fd9,3b7d56c26da14b3a9b1cd52b5b35891b,0.8801751136779785
8ffc24d118e54740a39563141f642fd9,c756409435634fc48c643a64e73c93ce,0.8798374533653259
8ffc24d118e54740a39563141f642fd9,ffe2740eee8c49b39b2ce41f9983bcb4,0.8798302412033081
8ffc24d118e54740a39563141f642fd9,5cf392f15360460bae6a6b0182bb99b9,0.8791236877441406
8ffc24d118e54740a39563141f642fd9,df0c94234d9d4890b5b4b95c441b3e9a,0.8777418732643127
ff75e5d8a9bb46c9b12855ec33529f3f,78d0265d47df4f4cb7153da919763730,0.8933852314949036
ff75e5d8a9bb46c9b12855ec33529f3f,e43d8e7bc32f406b9a692e2604f5b45a,0.881916344165802
ff75e5d8a9bb46c9b12855ec33529f3f,174581fc299840e18e827432c0cce4dc,0.8704304099082947
ff75e5d8a9bb46c9b12855ec33529f3f,c78547bdc2e64ac8935559f7de2efd41,0.8640142679214478
ff75e5d8a9bb46c9b12855ec33529f3f,e22e1ad3c1fc4493bcb7c9b923566ff7,0.8531661033630371
ff75e5d8a9bb46c9b12855ec33529f3f,0d0973762130427eaa2ce9a7a34517db,0.8530900478363037
ff75e5d8a9bb46c9b12855ec33529f3f,b69c17a10a55494d8caa56c33e8f4a56,0.8521279692649841
ff75e5d8a9bb46c9b12855ec33529f3f,e9428816b054499298745b742f128f65,0.8474305868148804
ff75e5d8a9bb46c9b12855ec33529f3f,8350ea8cd6514c2c8d7b625abe7e895b,0.8465387225151062
ff75e5d8a9bb46c9b12855ec33529f3f,2939ef012c5c4a1b94b49df9469dfb3c,0.8439614772796631
c2b4fed7ce5c4e108721e62f2bfbb819,33b5e2ae5ebe4f548bac3a00ab0a59eb,0.9670913219451904
c2b4fed7ce5c4e108721e62f2bfbb819,724a3f6551e74ad585bdeac9a75fd639,0.9139414429664612
c2b4fed7ce5c4e108721e62f2bfbb819,0cdb0f32850f4585a16de4886462bbe0,0.9120351672172546
c2b4fed7ce5c4e108721e62f2bfbb819,71c1a8479b194efca65b44fb7f327afb,0.9068138003349304
c2b4fed7ce5c4e108721e62f2bfbb819,e06d08ff594a4acbac12edf579743fcf,0.906684160232544
c2b4fed7ce5c4e108721e62f2bfbb819,e88ce4cd350f43398a5c0ab8629cee72,0.9056013822555542
c2b4fed7ce5c4e108721e62f2bfbb819,097f2ce3b88c4d008488b9908076497e,0.901533842086792
c2b4fed7ce5c4e108721e62f2bfbb819,f335a944a27a4504a82ecf70c2d4a5e4,0.9009541273117065
c2b4fed7ce5c4e108721e62f2bfbb819,04fa591263664fb0a6868552ebd3590b,0.9005483984947205
c2b4fed7ce5c4e108721e62f2bfbb819,30c71719aed84c07ae21d0eff0deed72,0.8991172313690186
ab1c9263088b477082ee7d7c6f73b671,33b5e2ae5ebe4f548bac3a00ab0a59eb,0.9534534215927124
ab1c9263088b477082ee7d7c6f73b671,e06d08ff594a4acbac12edf579743fcf,0.9005743265151978
ab1c9263088b477082ee7d7c6f73b671,30c71719aed84c07ae21d0eff0deed72,0.8972492218017578
ab1c9263088b477082ee7d7c6f73b671,724a3f6551e74ad585bdeac9a75fd639,0.896621584892273
ab1c9263088b477082ee7d7c6f73b671,1d70bc69b2f84bef9aa5fb0d9917e38d,0.8961119651794434
ab1c9263088b477082ee7d7c6f73b671,26e55eb4d910464497d700bfdf5a36ca,0.8960670232772827
ab1c9263088b477082ee7d7c6f73b671,e88ce4cd350f43398a5c0ab8629cee72,0.8953747153282166
ab1c9263088b477082ee7d7c6f73b671,3d3e8565d2f84e0cad5ae622f2909765,0.8952422738075256
ab1c9263088b477082ee7d7c6f73b671,17b5eb6fab65476f827dd355b4a20a55,0.8951231837272644
ab1c9263088b477082ee7d7c6f73b671,be8953cc364d46cebbcc2c2da2c348ab,0.8950291872024536
54e5b71847024cdaa9fd8a7d3fc3ea03,6c79712e67b54dd0a11d426a91207939,0.9740474224090576
54e5b71847024cdaa9fd8a7d3fc3ea03,26e55eb4d910464497d700bfdf5a36ca,0.918163537979126
54e5b71847024cdaa9fd8a7d3fc3ea03,5363ae1c905d4879a63259de4954702e,0.9170947074890137
54e5b71847024cdaa9fd8a7d3fc3ea03,84581d81d46d44bc99ffb8f871646a7a,0.9100631475448608
54e5b71847024cdaa9fd8a7d3fc3ea03,7e190e3c05d74e6b9f103e39142c1684,0.9075594544410706
54e5b71847024cdaa9fd8a7d3fc3ea03,daed5458403e49e3aea72f4bcc6dd224,0.9050626754760742
54e5b71847024cdaa9fd8a7d3fc3ea03,6d3b4c95066e4dd8a6ad1c66b1c1ea4f,0.904931902885437
54e5b71847024cdaa9fd8a7d3fc3ea03,b277101390e1465685ef79bf3519f8d7,0.9041333198547363
54e5b71847024cdaa9fd8a7d3fc3ea03,82d68ea370f8451aa16ea08f4601245c,0.9021039009094238
54e5b71847024cdaa9fd8a7d3fc3ea03,be8953cc364d46cebbcc2c2da2c348ab,0.9010219573974609
f124583fb5cc42aa903308e1b43296de,6c79712e67b54dd0a11d426a91207939,0.9529804587364197
f124583fb5cc42aa903308e1b43296de,039a871609044cb1b69f70c082fe61d8,0.9036856889724731
f124583fb5cc42aa903308e1b43296de,26e55eb4d910464497d700bfdf5a36ca,0.8986135721206665
f124583fb5cc42aa903308e1b43296de,5363ae1c905d4879a63259de4954702e,0.8965190649032593
f124583fb5cc42aa903308e1b43296de,82d68ea370f8451aa16ea08f4601245c,0.8945974111557007
f124583fb5cc42aa903308e1b43296de,b277101390e1465685ef79bf3519f8d7,0.8932830691337585
f124583fb5cc42aa903308e1b43296de,f335a944a27a4504a82ecf70c2d4a5e4,0.8932225704193115
f124583fb5cc42aa903308e1b43296de,5f65785004054c67a618fe43b6a30f56,0.8925226926803589
f124583fb5cc42aa903308e1b43296de,521004289ebc4e6da6623381d40a5e73,0.8921360969543457
f124583fb5cc42aa903308e1b43296de,daed5458403e49e3aea72f4bcc6dd224,0.8911103010177612
d97ddb9bd5c8460ab3b3a13992c1f179,0433768f874042a5b2d2e37ad9deae13,0.9774237871170044
d97ddb9bd5c8460ab3b3a13992c1f179,4285b02dc9164cb9bae36b0566bb42f0,0.9079207181930542
d97ddb9bd5c8460ab3b3a13992c1f179,be8953cc364d46cebbcc2c2da2c348ab,0.9032174348831177
d97ddb9bd5c8460ab3b3a13992c1f179,0cdb0f32850f4585a16de4886462bbe0,0.8988173007965088
d97ddb9bd5c8460ab3b3a13992c1f179,1d70bc69b2f84bef9aa5fb0d9917e38d,0.89698326587677
d97ddb9bd5c8460ab3b3a13992c1f179,7e190e3c05d74e6b9f103e39142c1684,0.8953606486320496
d97ddb9bd5c8460ab3b3a13992c1f179,f335a944a27a4504a82ecf70c2d4a5e4,0.8950345516204834
d97ddb9bd5c8460ab3b3a13992c1f179,a94cb58f1ca8456b96e39b5b1ebfb7ea,0.8948982954025269
d97ddb9bd5c8460ab3b3a13992c1f179,5363ae1c905d4879a63259de4954702e,0.8903833627700806
d97ddb9bd5c8460ab3b3a13992c1f179,6ea31a945d494834a3d243f1f90af02a,0.8892552852630615
3bb97a2804c84688a699e6d6b97b5e9d,e6afe89ff7bc491193141c057083d8a8,0.9781785011291504
3bb97a2804c84688a699e6d6b97b5e9d,d8b3ad3b5c4e474db41a671ab286424f,0.8745148777961731
3bb97a2804c84688a699e6d6b97b5e9d,3e59b61eb70146308db2308b988b54cf,0.8711856007575989
3bb97a2804c84688a699e6d6b97b5e9d,b01fd4d037a84a7aa777e1fc345c73c5,0.8659833073616028
3bb97a2804c84688a699e6d6b97b5e9d,6fbdacd3d8814ea2a13e81ee1ec128f2,0.859973669052124
3bb97a2804c84688a699e6d6b97b5e9d,2f0401170d104b47b0a8f087f69dee88,0.8592549562454224
3bb97a2804c84688a699e6d6b97b5e9d,ee7c00877ae64dac87123a3d75251530,0.8586885929107666
3bb97a2804c84688a699e6d6b97b5e9d,e0d8aee46b1d4d998858cd05027251b6,0.8581560254096985
3bb97a2804c84688a699e6d6b97b5e9d,91f0da6d71574ababd8e868bddec9310,0.8580052852630615
3bb97a2804c84688a699e6d6b97b5e9d,4c36aafaf38f4e9e9e09991737196fe1,0.8564914464950562
929038d5c3ba4b189fc88a3b127ede72,0433768f874042a5b2d2e37ad9deae13,0.9755713939666748
929038d5c3ba4b189fc88a3b127ede72,be8953cc364d46cebbcc2c2da2c348ab,0.901179313659668
929038d5c3ba4b189fc88a3b127ede72,7e190e3c05d74e6b9f103e39142c1684,0.8996586799621582
929038d5c3ba4b189fc88a3b127ede72,a94cb58f1ca8456b96e39b5b1ebfb7ea,0.8970619440078735
929038d5c3ba4b189fc88a3b127ede72,f335a944a27a4504a82ecf70c2d4a5e4,0.8954205513000488
929038d5c3ba4b189fc88a3b127ede72,4285b02dc9164cb9bae36b0566bb42f0,0.8945491909980774
929038d5c3ba4b189fc88a3b127ede72,30c71719aed84c07ae21d0eff0deed72,0.8893786668777466
929038d5c3ba4b189fc88a3b127ede72,6ea31a945d494834a3d243f1f90af02a,0.8887832164764404
929038d5c3ba4b189fc88a3b127ede72,94ed54abfdc74b04b0dcb19c278e66f4,0.8874445557594299
929038d5c3ba4b189fc88a3b127ede72,ca5add3cbf044a95a5bec88a5841ce98,0.8870319724082947
1d36cd75ee6a4691965cfc6ebdef6a3e,f92d16d3a970487094292439c3e00923,0.9398261308670044
1d36cd75ee6a4691965cfc6ebdef6a3e,98fbdf945d0c4206a48a4f7260e56017,0.9235936403274536
1d36cd75ee6a4691965cfc6ebdef6a3e,17b5eb6fab65476f827dd355b4a20a55,0.9138176441192627
1d36cd75ee6a4691965cfc6ebdef6a3e,b77d8b7bb0114c379139d280a9210e83,0.9092716574668884
1d36cd75ee6a4691965cfc6ebdef6a3e,8d595c7da42545c88052e7b213b6c97c,0.9090703129768372
1d36cd75ee6a4691965cfc6ebdef6a3e,724a3f6551e74ad585bdeac9a75fd639,0.9089559316635132
1d36cd75ee6a4691965cfc6ebdef6a3e,8683a3ad55d84a78834fabe20cde5269,0.9088391065597534
1d36cd75ee6a4691965cfc6ebdef6a3e,8c7c9eaae41a44a3a4ebe39ce167d300,0.906804084777832
1d36cd75ee6a4691965cfc6ebdef6a3e,f91157bb8fca4a8e98db33591a76be9a,0.9062004089355469
1d36cd75ee6a4691965cfc6ebdef6a3e,b834c0b0c10b471b87ad3f11468de619,0.9039292335510254
7baf188fc4ed41ba826b499b6d495286,f92d16d3a970487094292439c3e00923,0.9534541964530945
7baf188fc4ed41ba826b499b6d495286,b77d8b7bb0114c379139d280a9210e83,0.912720799446106
7baf188fc4ed41ba826b499b6d495286,b834c0b0c10b471b87ad3f11468de619,0.909854531288147
7baf188fc4ed41ba826b499b6d495286,41047823f2cb4194ba1e0709443c719a,0.9065062999725342
7baf188fc4ed41ba826b499b6d495286,4e4495962a9b4864882397042f1a2b3e,0.9037348031997681
7baf188fc4ed41ba826b499b6d495286,98fbdf945d0c4206a48a4f7260e56017,0.9023699164390564
7baf188fc4ed41ba826b499b6d495286,17b5eb6fab65476f827dd355b4a20a55,0.899527370929718
7baf188fc4ed41ba826b499b6d495286,70aa10580bfe4069bdaa5721ae2d29db,0.8987770676612854
7baf188fc4ed41ba826b499b6d495286,8d595c7da42545c88052e7b213b6c97c,0.8977310657501221
7baf188fc4ed41ba826b499b6d495286,30c71719aed84c07ae21d0eff0deed72,0.8975210189819336
6a314fb4bd0e4c2097e70bd43a81fbb7,797cc520b8c94d9bbef187818ab51647,0.9709911346435547
6a314fb4bd0e4c2097e70bd43a81fbb7,87fc1d6a57ea488786caaec8599c3b8b,0.9581360816955566
6a314fb4bd0e4c2097e70bd43a81fbb7,0b57f893483647c3aed811775a4c4c04,0.9161114692687988
6a314fb4bd0e4c2097e70bd43a81fbb7,65e30dd62cfa4dccb9ea4d908a9d6fab,0.9148553013801575
6a314fb4bd0e4c2097e70bd43a81fbb7,5fc200cab89346658c9c91cce27e85fe,0.9101314544677734
6a314fb4bd0e4c2097e70bd43a81fbb7,64e74af099b0485f8b6e71ac73aa2cb8,0.9075475335121155
6a314fb4bd0e4c2097e70bd43a81fbb7,da61e0de396149208c9ebd0fd6d7415d,0.9071849584579468
6a314fb4bd0e4c2097e70bd43a81fbb7,3aa003c1e31b476e999c3a808a1d5dc6,0.9067716598510742
6a314fb4bd0e4c2097e70bd43a81fbb7,4c67cc7a1ccc496db132636e3f4853a2,0.9064595699310303
6a314fb4bd0e4c2097e70bd43a81fbb7,cdd73e0289aa4e2b87cd14e6ff5bd75e,0.9039429426193237
9ae6df3c8f2549109316a434d1741a53,797cc520b8c94d9bbef187818ab51647,0.9847888350486755
9ae6df3c8f2549109316a434d1741a53,87fc1d6a57ea488786caaec8599c3b8b,0.9512825012207031
9ae6df3c8f2549109316a434d1741a53,65e30dd62cfa4dccb9ea4d908a9d6fab,0.908933162689209
9ae6df3c8f2549109316a434d1741a53,0b57f893483647c3aed811775a4c4c04,0.9049995541572571
9ae6df3c8f2549109316a434d1741a53,2d43cf91509846e29ab4febd7781919f,0.9031761884689331
9ae6df3c8f2549109316a434d1741a53,5fc200cab89346658c9c91cce27e85fe,0.8985052704811096
9ae6df3c8f2549109316a434d1741a53,a7077a82d2c74518b96fb45e35f6e150,0.8973108530044556
9ae6df3c8f2549109316a434d1741a53,cdd73e0289aa4e2b87cd14e6ff5bd75e,0.8967179656028748
9ae6df3c8f2549109316a434d1741a53,0accd1d0138b49049d437c0d9b1c23c3,0.8963185548782349
9ae6df3c8f2549109316a434d1741a53,35c5a560ecdc4d6a9d20f057ed1fa0e6,0.8952730894088745
2a8e892e4b784abf8fb9fd55fa443335,87fc1d6a57ea488786caaec8599c3b8b,0.9746509790420532
2a8e892e4b784abf8fb9fd55fa443335,797cc520b8c94d9bbef187818ab51647,0.9351135492324829
2a8e892e4b784abf8fb9fd55fa443335,da61e0de396149208c9ebd0fd6d7415d,0.9265635013580322
2a8e892e4b784abf8fb9fd55fa443335,0b57f893483647c3aed811775a4c4c04,0.9260286092758179
2a8e892e4b784abf8fb9fd55fa443335,5fc200cab89346658c9c91cce27e85fe,0.9234400987625122
2a8e892e4b784abf8fb9fd55fa443335,64e74af099b0485f8b6e71ac73aa2cb8,0.915952205657959
2a8e892e4b784abf8fb9fd55fa443335,35c5a560ecdc4d6a9d20f057ed1fa0e6,0.912101149559021
2a8e892e4b784abf8fb9fd55fa443335,2d43cf91509846e29ab4febd7781919f,0.9087645411491394
2a8e892e4b784abf8fb9fd55fa443335,b6da55bea1244cf0a753b258420946b2,0.9076360464096069
2a8e892e4b784abf8fb9fd55fa443335,503d2f067a8a4f5798b1c64b07ab0bc5,0.9058720469474792
1ac66b061b80428b8b3758bc6dfa066b,87fc1d6a57ea488786caaec8599c3b8b,0.9704945087432861
1ac66b061b80428b8b3758bc6dfa066b,797cc520b8c94d9bbef187818ab51647,0.9513847827911377
1ac66b061b80428b8b3758bc6dfa066b,0b57f893483647c3aed811775a4c4c04,0.9338052272796631
1ac66b061b80428b8b3758bc6dfa066b,2d43cf91509846e29ab4febd7781919f,0.9160100817680359
1ac66b061b80428b8b3758bc6dfa066b,35c5a560ecdc4d6a9d20f057ed1fa0e6,0.9149301052093506
1ac66b061b80428b8b3758bc6dfa066b,65e30dd62cfa4dccb9ea4d908a9d6fab,0.9140585660934448
1ac66b061b80428b8b3758bc6dfa066b,5fc200cab89346658c9c91cce27e85fe,0.9122800827026367
1ac66b061b80428b8b3758bc6dfa066b,a7077a82d2c74518b96fb45e35f6e150,0.9115830659866333
1ac66b061b80428b8b3758bc6dfa066b,4a7fa5a1bafe4b6995e2920444ac07c4,0.9071168899536133
1ac66b061b80428b8b3758bc6dfa066b,bbdf9065122d499d9d8f80ad3e0ef6f3,0.9060773849487305
0d4bb3432ea544988cf3bb308b46c8c8,a297e08effdf4a69a6c4d79a34a0c6ad,0.9812020063400269
0d4bb3432ea544988cf3bb308b46c8c8,4230775a9d51448396cacb9061f0e5f9,0.9052196145057678
0d4bb3432ea544988cf3bb308b46c8c8,1c6bbf19b3d2498696a5baf0f53a0f18,0.889091432094574
0d4bb3432ea544988cf3bb308b46c8c8,69ac8397e9624bfd8aee237b9f9ea3b5,0.8879666328430176
0d4bb3432ea544988cf3bb308b46c8c8,be8953cc364d46cebbcc2c2da2c348ab,0.8851962685585022
0d4bb3432ea544988cf3bb308b46c8c8,2070754bb5dd4a248be9c2a6a1a9d381,0.8846874237060547
0d4bb3432ea544988cf3bb308b46c8c8,403835bbf2f1447188bcc78e062b0028,0.8843783140182495
0d4bb3432ea544988cf3bb308b46c8c8,75bf181ea5dc490e95d364a5f5c7af1d,0.8834155797958374
0d4bb3432ea544988cf3bb308b46c8c8,4285b02dc9164cb9bae36b0566bb42f0,0.8804852366447449
0d4bb3432ea544988cf3bb308b46c8c8,f12e9e5805534d719f829332d1ea5d29,0.8793646097183228
2b4cf2ff830e462d96c8cfbcee5669da,a297e08effdf4a69a6c4d79a34a0c6ad,0.976991593837738
2b4cf2ff830e462d96c8cfbcee5669da,4230775a9d51448396cacb9061f0e5f9,0.8927492499351501
2b4cf2ff830e462d96c8cfbcee5669da,baad022010b44fad8d8410869d909fd1,0.8902372121810913
2b4cf2ff830e462d96c8cfbcee5669da,69ac8397e9624bfd8aee237b9f9ea3b5,0.8882656693458557
2b4cf2ff830e462d96c8cfbcee5669da,4285b02dc9164cb9bae36b0566bb42f0,0.8856042623519897
2b4cf2ff830e462d96c8cfbcee5669da,fc70a4c2c4834e0eba1a14470f563b03,0.88023841381073
2b4cf2ff830e462d96c8cfbcee5669da,2070754bb5dd4a248be9c2a6a1a9d381,0.8798044323921204
2b4cf2ff830e462d96c8cfbcee5669da,75bf181ea5dc490e95d364a5f5c7af1d,0.8781353235244751
2b4cf2ff830e462d96c8cfbcee5669da,be8953cc364d46cebbcc2c2da2c348ab,0.8729888796806335
2b4cf2ff830e462d96c8cfbcee5669da,e59dba65749140f4a1bdaf2695de2fc6,0.8712695240974426
2390c8a3de9e49be9617b01f4f21dfa9,ee337b5c1ef3431e9c120250bfec4cac,0.9381306171417236
2390c8a3de9e49be9617b01f4f21dfa9,8c5f38853679436ba434b6a696e43168,0.9092050790786743
2390c8a3de9e49be9617b01f4f21dfa9,a8904adcdd21495f890bc614bfdbf86f,0.9016972780227661
2390c8a3de9e49be9617b01f4f21dfa9,761a3a01495143f0a86beac4234cae3a,0.896551787853241
2390c8a3de9e49be9617b01f4f21dfa9,93bf0b86be094f68a9d308ca5ecfb4e3,0.8882396221160889
2390c8a3de9e49be9617b01f4f21dfa9,716a15d66b63424a8068da89e75733b4,0.8832240700721741
2390c8a3de9e49be9617b01f4f21dfa9,8af25c7ae8e14435a6e27a5671968f50,0.8819267153739929
2390c8a3de9e49be9617b01f4f21dfa9,f2cfa68a47ce4a43a0fe1cc7dc860418,0.8806367516517639
2390c8a3de9e49be9617b01f4f21dfa9,d37bf09399d848df9a4d880fb097239c,0.8754111528396606
2390c8a3de9e49be9617b01f4f21dfa9,403835bbf2f1447188bcc78e062b0028,0.8747894763946533
e37905b36c44400c9dc7bc0c71a6db51,0bd1cce9370a461089e25393086800a8,0.928937554359436
e37905b36c44400c9dc7bc0c71a6db51,2b039224b54142d185a406b31fe01de2,0.8917149305343628
e37905b36c44400c9dc7bc0c71a6db51,29fb30a75c57451a85f310aa6423a662,0.8871861100196838
e37905b36c44400c9dc7bc0c71a6db51,eff24b01b2f5428baa4c3fef6cb40d41,0.885666012763977
e37905b36c44400c9dc7bc0c71a6db51,ac5a760b45c146ec840193371cfb2d30,0.8841307163238525
e37905b36c44400c9dc7bc0c71a6db51,b69c17a10a55494d8caa56c33e8f4a56,0.883787989616394
e37905b36c44400c9dc7bc0c71a6db51,f5d09519cf7647f8a107cd8fadd322e5,0.8836066126823425
e37905b36c44400c9dc7bc0c71a6db51,5cf392f15360460bae6a6b0182bb99b9,0.8829264640808105
e37905b36c44400c9dc7bc0c71a6db51,c84deec0ecf843c39f52d4cb8e7300f8,0.8818375468254089
e37905b36c44400c9dc7bc0c71a6db51,da61d9bc8f024a4aba18d5c3072b7838,0.880541205406189
a9bb430482a1442a958b35a625eecb97,6f57d1175ad243edada61643d01fcd54,0.937039315700531
a9bb430482a1442a958b35a625eecb97,69ac8397e9624bfd8aee237b9f9ea3b5,0.9151004552841187
a9bb430482a1442a958b35a625eecb97,eb21a4e2b7bd43efbdf0c365415e7fef,0.9143209457397461
a9bb430482a1442a958b35a625eecb97,039f8e63b273472d8f1d99d9a5de5cf5,0.907632052898407
a9bb430482a1442a958b35a625eecb97,643fbbdd6b764ba9904a4ee67a86b9fd,0.9075412750244141
a9bb430482a1442a958b35a625eecb97,25109e3a7df549e5b380aae716d71366,0.9061715602874756
a9bb430482a1442a958b35a625eecb97,4a6eba10a02a4ecdbb6b25e8651c3789,0.9049117565155029
a9bb430482a1442a958b35a625eecb97,ad42c467d0fe43dbb328073f9a16bc4d,0.9030259847640991
a9bb430482a1442a958b35a625eecb97,07958f43551e459eb30638b632e3cd64,0.9011362791061401
a9bb430482a1442a958b35a625eecb97,19a124c6dad14a4fa7864463b081009c,0.9011304974555969
62c71ed913414a6f9456293a4c566314,0bd1cce9370a461089e25393086800a8,0.9768940806388855
62c71ed913414a6f9456293a4c566314,ffe2740eee8c49b39b2ce41f9983bcb4,0.9046367406845093
62c71ed913414a6f9456293a4c566314,225818abe99e45a0bf5b0b3ec30db76b,0.904475748538971
62c71ed913414a6f9456293a4c566314,eff24b01b2f5428baa4c3fef6cb40d41,0.9019864797592163
62c71ed913414a6f9456293a4c566314,5cf392f15360460bae6a6b0182bb99b9,0.9014809131622314
62c71ed913414a6f9456293a4c566314,b69c17a10a55494d8caa56c33e8f4a56,0.9005346894264221
62c71ed913414a6f9456293a4c566314,fadf133e0e684a24ac79b5fa9515bac2,0.8993775844573975
62c71ed913414a6f9456293a4c566314,3c1b91a23b694da1973dbc5f75f2f3ed,0.8927832245826721
62c71ed913414a6f9456293a4c566314,c756409435634fc48c643a64e73c93ce,0.8925868272781372
62c71ed913414a6f9456293a4c566314,2b039224b54142d185a406b31fe01de2,0.887615442276001
c647312353a84341a92cd4486a8b9c3e,6f57d1175ad243edada61643d01fcd54,0.9305585622787476
c647312353a84341a92cd4486a8b9c3e,643fbbdd6b764ba9904a4ee67a86b9fd,0.9145548939704895
c647312353a84341a92cd4486a8b9c3e,eb21a4e2b7bd43efbdf0c365415e7fef,0.9015183448791504
c647312353a84341a92cd4486a8b9c3e,e1c63000ace94c1d9381d82389fe6afd,0.9011749625205994
c647312353a84341a92cd4486a8b9c3e,bcfa4a4177d44d8b8cda17b7a23196b0,0.8978139162063599
c647312353a84341a92cd4486a8b9c3e,25109e3a7df549e5b380aae716d71366,0.8946492671966553
c647312353a84341a92cd4486a8b9c3e,ad42c467d0fe43dbb328073f9a16bc4d,0.8940639495849609
c647312353a84341a92cd4486a8b9c3e,99a52c93a3304ec18dab9206f98f2a8b,0.8895038962364197
c647312353a84341a92cd4486a8b9c3e,1232f20e710b448e8c0538b9e84dab1c,0.8891241550445557
c647312353a84341a92cd4486a8b9c3e,57430214baf045cb92fa3b3b70a4ca3f,0.8868459463119507
cc3afd20f236454a8f3a9ff08992daab,e96fae6d607246b18b8494aabe521036,0.9587445259094238
cc3afd20f236454a8f3a9ff08992daab,3d3e8565d2f84e0cad5ae622f2909765,0.9231356382369995
cc3afd20f236454a8f3a9ff08992daab,babbeca1f6a244a2a11ea77a3855e70f,0.9217814207077026
cc3afd20f236454a8f3a9ff08992daab,66f4c650b7ca48f1bc27f9daff8d312a,0.919369101524353
cc3afd20f236454a8f3a9ff08992daab,c1d504dfeded4b8bb3c07777b7c7abde,0.9152709245681763
cc3afd20f236454a8f3a9ff08992daab,43464ed6733f4642a0b90e7d995a5e40,0.9143949747085571
cc3afd20f236454a8f3a9ff08992daab,384b14b18c3c43b1a4dc1aa2f661e076,0.9133244156837463
cc3afd20f236454a8f3a9ff08992daab,daed5458403e49e3aea72f4bcc6dd224,0.9052204489707947
cc3afd20f236454a8f3a9ff08992daab,b77d8b7bb0114c379139d280a9210e83,0.9032430052757263
cc3afd20f236454a8f3a9ff08992daab,29088685e31a4d86b60b514e98117361,0.9019423723220825
1e1ec51c4cb84f3285f79f7aeb252500,65e52d14d4d64d4fbad3de6ad319e745,0.9560645818710327
1e1ec51c4cb84f3285f79f7aeb252500,5cfb876eeb4f410aa1282cc279f0e546,0.929625391960144
1e1ec51c4cb84f3285f79f7aeb252500,2b3ecf8be2b242f3b8a1e714390749fb,0.9146530628204346
1e1ec51c4cb84f3285f79f7aeb252500,7aceed0dbea645b091207f4a53d879f2,0.9091477394104004
1e1ec51c4cb84f3285f79f7aeb252500,f69855cdf66d4f6887ecfd0ddb9014b5,0.9091227054595947
1e1ec51c4cb84f3285f79f7aeb252500,039a871609044cb1b69f70c082fe61d8,0.9075055122375488
1e1ec51c4cb84f3285f79f7aeb252500,1099cb6f4fac4eb8a1fb6db50e18296b,0.9020687341690063
1e1ec51c4cb84f3285f79f7aeb252500,5f65785004054c67a618fe43b6a30f56,0.9007173776626587
1e1ec51c4cb84f3285f79f7aeb252500,e4e12f4711fd41e39075e26cc274df45,0.8991933465003967
1e1ec51c4cb84f3285f79f7aeb252500,06a5f0cec6ce4170a02dad0ad4c55b1c,0.898955762386322
082920d4f79f4c5eb2e805b195ac3e89,65e52d14d4d64d4fbad3de6ad319e745,0.9378675222396851
082920d4f79f4c5eb2e805b195ac3e89,5cfb876eeb4f410aa1282cc279f0e546,0.9141690731048584
082920d4f79f4c5eb2e805b195ac3e89,2b3ecf8be2b242f3b8a1e714390749fb,0.9082958698272705
082920d4f79f4c5eb2e805b195ac3e89,06a5f0cec6ce4170a02dad0ad4c55b1c,0.9058542251586914
082920d4f79f4c5eb2e805b195ac3e89,f69855cdf66d4f6887ecfd0ddb9014b5,0.9004768133163452
082920d4f79f4c5eb2e805b195ac3e89,9094e936e13641cc9bfcc7dc1408d86e,0.8979581594467163
082920d4f79f4c5eb2e805b195ac3e89,7aceed0dbea645b091207f4a53d879f2,0.8978341221809387
082920d4f79f4c5eb2e805b195ac3e89,7ef653f7e5f64e1b8bba73b9518b87b7,0.8971956968307495
082920d4f79f4c5eb2e805b195ac3e89,796eade2ee4f466781d9f6669db43e48,0.8971704840660095
082920d4f79f4c5eb2e805b195ac3e89,e4e12f4711fd41e39075e26cc274df45,0.893512487411499
759985fc2dc4496abbc7fe23cf71706f,29088685e31a4d86b60b514e98117361,0.9307197332382202
759985fc2dc4496abbc7fe23cf71706f,f0084465b2e646c9a53d9dc766067d9b,0.9103862047195435
759985fc2dc4496abbc7fe23cf71706f,6b4676aba2a746b3ab778315afc8ee82,0.9098211526870728
759985fc2dc4496abbc7fe23cf71706f,1d70bc69b2f84bef9aa5fb0d9917e38d,0.905896782875061
759985fc2dc4496abbc7fe23cf71706f,e96fae6d607246b18b8494aabe521036,0.9007389545440674
759985fc2dc4496abbc7fe23cf71706f,ff51ca928cd54f4da620c27983e221f8,0.8999449014663696
759985fc2dc4496abbc7fe23cf71706f,daed5458403e49e3aea72f4bcc6dd224,0.8997764587402344
759985fc2dc4496abbc7fe23cf71706f,f335a944a27a4504a82ecf70c2d4a5e4,0.8989987373352051
759985fc2dc4496abbc7fe23cf71706f,1f3cf50fe1f947d8a56e02ebca441c4c,0.8984901309013367
759985fc2dc4496abbc7fe23cf71706f,d9096650c434432c871effeca9acd5c6,0.8982335329055786
a1b386e9b08e402dba0d820140ba1a00,29088685e31a4d86b60b514e98117361,0.9344888925552368
a1b386e9b08e402dba0d820140ba1a00,e96fae6d607246b18b8494aabe521036,0.9213570952415466
a1b386e9b08e402dba0d820140ba1a00,452d645d5bf4485185e996dcec9523e5,0.9118144512176514
a1b386e9b08e402dba0d820140ba1a00,1d70bc69b2f84bef9aa5fb0d9917e38d,0.8960820436477661
a1b386e9b08e402dba0d820140ba1a00,0cdb0f32850f4585a16de4886462bbe0,0.894522488117218
a1b386e9b08e402dba0d820140ba1a00,a94cb58f1ca8456b96e39b5b1ebfb7ea,0.8925788402557373
a1b386e9b08e402dba0d820140ba1a00,f0084465b2e646c9a53d9dc766067d9b,0.8893061876296997
a1b386e9b08e402dba0d820140ba1a00,82d68ea370f8451aa16ea08f4601245c,0.8882114887237549
a1b386e9b08e402dba0d820140ba1a00,0f52f676197e4d4e92dec0a7bc4c4f7d,0.8878796100616455
a1b386e9b08e402dba0d820140ba1a00,b277101390e1465685ef79bf3519f8d7,0.8876879215240479
0fed5c48002b4dd1b3ce42653a372fe6,cb2e893276894906976593c3edcb3a5f,0.9818853139877319
0fed5c48002b4dd1b3ce42653a372fe6,be42a43f5186434db4f2815f768a9991,0.8334640264511108
0fed5c48002b4dd1b3ce42653a372fe6,c4b9d7a8d5d342459d2282589b3af293,0.820891261100769
0fed5c48002b4dd1b3ce42653a372fe6,d361a9e414fb41c1a605200d9cbba496,0.8104215860366821
0fed5c48002b4dd1b3ce42653a372fe6,6af17cec494c4373a95865d270a29171,0.8088215589523315
0fed5c48002b4dd1b3ce42653a372fe6,d25e6f2fc8154dd7816f8f7a41bee12b,0.8068639636039734
0fed5c48002b4dd1b3ce42653a372fe6,bce599075dfd4fac8dd78626106e3071,0.8059279918670654
0fed5c48002b4dd1b3ce42653a372fe6,b00b2395b49949508fade89bb3eac98b,0.804317831993103
0fed5c48002b4dd1b3ce42653a372fe6,097c30a7f39a4a3abf6da2ca80cad3a5,0.8041094541549683
0fed5c48002b4dd1b3ce42653a372fe6,b9228fdb5f0c413d81cffb51829d95c6,0.8019452691078186
5b5008e2d4f7492abe1ff44e2e3e754b,cb2e893276894906976593c3edcb3a5f,0.9830147624015808
5b5008e2d4f7492abe1ff44e2e3e754b,be42a43f5186434db4f2815f768a9991,0.8337934613227844
5b5008e2d4f7492abe1ff44e2e3e754b,c4b9d7a8d5d342459d2282589b3af293,0.8289690613746643
5b5008e2d4f7492abe1ff44e2e3e754b,d361a9e414fb41c1a605200d9cbba496,0.8195592164993286
5b5008e2d4f7492abe1ff44e2e3e754b,b9228fdb5f0c413d81cffb51829d95c6,0.8161134719848633
5b5008e2d4f7492abe1ff44e2e3e754b,d25e6f2fc8154dd7816f8f7a41bee12b,0.8128024935722351
5b5008e2d4f7492abe1ff44e2e3e754b,77c8b175ca9d411b8d28d1ed0dc40304,0.8106908798217773
5b5008e2d4f7492abe1ff44e2e3e754b,04d24d1cf42b4f7787d8d300cbad6d50,0.8095417022705078
5b5008e2d4f7492abe1ff44e2e3e754b,bce599075dfd4fac8dd78626106e3071,0.8089441657066345
5b5008e2d4f7492abe1ff44e2e3e754b,4a6eba10a02a4ecdbb6b25e8651c3789,0.8074934482574463
8e431e5ca5dd49a8984118e7fb05d12e,2839430464164d5ba00713b42d4d96e4,0.9959594011306763
8e431e5ca5dd49a8984118e7fb05d12e,1099cb6f4fac4eb8a1fb6db50e18296b,0.9164782762527466
8e431e5ca5dd49a8984118e7fb05d12e,0ecfdd96e0054841883acba75e83b232,0.9121504426002502
8e431e5ca5dd49a8984118e7fb05d12e,14f4db886cca4104877ac7d1d7a64133,0.9114227294921875
8e431e5ca5dd49a8984118e7fb05d12e,2b3ecf8be2b242f3b8a1e714390749fb,0.9112783074378967
8e431e5ca5dd49a8984118e7fb05d12e,35c5a560ecdc4d6a9d20f057ed1fa0e6,0.9106720089912415
8e431e5ca5dd49a8984118e7fb05d12e,e4e12f4711fd41e39075e26cc274df45,0.9065878391265869
8e431e5ca5dd49a8984118e7fb05d12e,f69855cdf66d4f6887ecfd0ddb9014b5,0.905307412147522
8e431e5ca5dd49a8984118e7fb05d12e,5fc200cab89346658c9c91cce27e85fe,0.9041879177093506
8e431e5ca5dd49a8984118e7fb05d12e,a5d5fb459a1844088e93ae557ab34afe,0.9028242826461792
142af56a899c43098ec79a3f762d09b6,2839430464164d5ba00713b42d4d96e4,0.9951968789100647
142af56a899c43098ec79a3f762d09b6,14f4db886cca4104877ac7d1d7a64133,0.9179106950759888
142af56a899c43098ec79a3f762d09b6,1099cb6f4fac4eb8a1fb6db50e18296b,0.9132249355316162
142af56a899c43098ec79a3f762d09b6,0ecfdd96e0054841883acba75e83b232,0.9126968383789062
142af56a899c43098ec79a3f762d09b6,35c5a560ecdc4d6a9d20f057ed1fa0e6,0.9100661873817444
142af56a899c43098ec79a3f762d09b6,2b3ecf8be2b242f3b8a1e714390749fb,0.9095892906188965
142af56a899c43098ec79a3f762d09b6,f69855cdf66d4f6887ecfd0ddb9014b5,0.9051716923713684
142af56a899c43098ec79a3f762d09b6,e4e12f4711fd41e39075e26cc274df45,0.9022318124771118
142af56a899c43098ec79a3f762d09b6,7ef653f7e5f64e1b8bba73b9518b87b7,0.9014809131622314
142af56a899c43098ec79a3f762d09b6,5fc200cab89346658c9c91cce27e85fe,0.9011451005935669
9f14363158ef49309f13b2aa0692d2a9,9bf3b77eb9874f5f9e006a9cff111ea9,0.9093014001846313
9f14363158ef49309f13b2aa0692d2a9,61d2391e8bc548b6bfa08f1ef2a0c47a,0.9058157205581665
9f14363158ef49309f13b2aa0692d2a9,d658e3a743af41899183fecff6b2628d,0.9022526741027832
9f14363158ef49309f13b2aa0692d2a9,c84deec0ecf843c39f52d4cb8e7300f8,0.8992061614990234
9f14363158ef49309f13b2aa0692d2a9,b6c493a3666c4db193e86c79faf099ab,0.8968692421913147
9f14363158ef49309f13b2aa0692d2a9,1419b2c686f44896a0ae2a43e93b5402,0.8967074155807495
9f14363158ef49309f13b2aa0692d2a9,4a3d4daed4b24a1898551f0fd1ba44f1,0.8966719508171082
9f14363158ef49309f13b2aa0692d2a9,ef8c056ecb524439a48c881089537951,0.8959627151489258
9f14363158ef49309f13b2aa0692d2a9,250d411ae270441085be3501b7b55d86,0.8957288265228271
9f14363158ef49309f13b2aa0692d2a9,4926607aafe749538c930e108275547e,0.8952037692070007
ebd3c9006cf5464190f7a5edca24f0ba,9bf3b77eb9874f5f9e006a9cff111ea9,0.8985254764556885
ebd3c9006cf5464190f7a5edca24f0ba,c84deec0ecf843c39f52d4cb8e7300f8,0.8975514769554138
ebd3c9006cf5464190f7a5edca24f0ba,4926607aafe749538c930e108275547e,0.8964421153068542
ebd3c9006cf5464190f7a5edca24f0ba,61d2391e8bc548b6bfa08f1ef2a0c47a,0.8958631753921509
ebd3c9006cf5464190f7a5edca24f0ba,d658e3a743af41899183fecff6b2628d,0.8930953741073608
ebd3c9006cf5464190f7a5edca24f0ba,b6c493a3666c4db193e86c79faf099ab,0.8918564915657043
ebd3c9006cf5464190f7a5edca24f0ba,f4474150010f4021a4620372062f3797,0.8892341256141663
ebd3c9006cf5464190f7a5edca24f0ba,250d411ae270441085be3501b7b55d86,0.8879528045654297
ebd3c9006cf5464190f7a5edca24f0ba,5d5baf5ce88b4b529e28ab9c7c114148,0.8874499201774597
ebd3c9006cf5464190f7a5edca24f0ba,243dbbcdc67c42bfa6f32c47477adf6d,0.8863897323608398
0135e10058cf48aa847fa399f62df6f4,90b560de76b149c09c7cd6efb3f12cfd,0.9815229177474976
0135e10058cf48aa847fa399f62df6f4,41047823f2cb4194ba1e0709443c719a,0.909940242767334
0135e10058cf48aa847fa399f62df6f4,eb21a4e2b7bd43efbdf0c365415e7fef,0.9028947353363037
0135e10058cf48aa847fa399f62df6f4,3aaea7fa41fd43cdb88f8ef59062c5df,0.9026095271110535
0135e10058cf48aa847fa399f62df6f4,b98519f97e424c1389f5553f0869b15a,0.9012000560760498
0135e10058cf48aa847fa399f62df6f4,34b736136487439389c10cc6bd4e9f4e,0.8994303345680237
0135e10058cf48aa847fa399f62df6f4,babbeca1f6a244a2a11ea77a3855e70f,0.8992031812667847
0135e10058cf48aa847fa399f62df6f4,c66c6f1449d44728a2ef72de53dd6d5e,0.8990196585655212
0135e10058cf48aa847fa399f62df6f4,afaf2edba0ee4d58860a5a04e4aabc5c,0.8979862928390503
0135e10058cf48aa847fa399f62df6f4,97959d02a64f4a3fbbebe7cbece6c012,0.8970875144004822
2e9dbf0f864548ae8bc35b5c0d70934e,b3f8b4bec0164d0e81997b4f5a277e8f,0.9529278874397278
2e9dbf0f864548ae8bc35b5c0d70934e,69ac8397e9624bfd8aee237b9f9ea3b5,0.9345563650131226
2e9dbf0f864548ae8bc35b5c0d70934e,c65af18670ea437c8986884645b3afe9,0.9211858510971069
2e9dbf0f864548ae8bc35b5c0d70934e,f12e9e5805534d719f829332d1ea5d29,0.9116666316986084
2e9dbf0f864548ae8bc35b5c0d70934e,4285b02dc9164cb9bae36b0566bb42f0,0.9035625457763672
2e9dbf0f864548ae8bc35b5c0d70934e,c1def54262224e23acf67a9870725ce5,0.9026769995689392
2e9dbf0f864548ae8bc35b5c0d70934e,df5ca61304074da1bec8f536ab50baf3,0.9010436534881592
2e9dbf0f864548ae8bc35b5c0d70934e,6f8d80f8673144dfa7a4e09190442ab3,0.8998342752456665
2e9dbf0f864548ae8bc35b5c0d70934e,e12ad1ce8e7940a999b9a4f91a95fab7,0.8980677723884583
2e9dbf0f864548ae8bc35b5c0d70934e,f91157bb8fca4a8e98db33591a76be9a,0.8969329595565796
1db84228548c42318f1a33456931f361,c2a665cec90e46db8d2a74389beb4649,0.9552384614944458
1db84228548c42318f1a33456931f361,e79ae27b52fa4d54aa37735fd275c66e,0.9092754125595093
1db84228548c42318f1a33456931f361,c4b9d7a8d5d342459d2282589b3af293,0.902956485748291
1db84228548c42318f1a33456931f361,434551fdf9e443ed91679a9557ae6fd5,0.9020059108734131
1db84228548c42318f1a33456931f361,27a67d3e76814297aebf64e03d14c336,0.8989691734313965
1db84228548c42318f1a33456931f361,89e983dca0a34b768e17b3871b9cea1e,0.8962332010269165
1db84228548c42318f1a33456931f361,7199f2fe77824236a392e1f00a5bdfc3,0.8958320617675781
1db84228548c42318f1a33456931f361,c750a2994555414790abb3281572bb42,0.895803689956665
1db84228548c42318f1a33456931f361,52f20bd7eb50430c95f0916727880a1b,0.8950235843658447
1db84228548c42318f1a33456931f361,ca544e6629b14e8fab5f7cb40d1ac88e,0.8937689065933228
1b5bba6ae5ff4f568094280de0bf2c1b,c2a665cec90e46db8d2a74389beb4649,0.9219446778297424
1b5bba6ae5ff4f568094280de0bf2c1b,b00b2395b49949508fade89bb3eac98b,0.8988341689109802
1b5bba6ae5ff4f568094280de0bf2c1b,0b57f893483647c3aed811775a4c4c04,0.8917888402938843
1b5bba6ae5ff4f568094280de0bf2c1b,c750a2994555414790abb3281572bb42,0.8895270824432373
1b5bba6ae5ff4f568094280de0bf2c1b,c4b9d7a8d5d342459d2282589b3af293,0.8868904709815979
1b5bba6ae5ff4f568094280de0bf2c1b,26869cc099c44c4a86f6043476ab4890,0.8857230544090271
1b5bba6ae5ff4f568094280de0bf2c1b,c713a0ca69864ee7b240069c98dc44dc,0.8856391310691833
1b5bba6ae5ff4f568094280de0bf2c1b,434551fdf9e443ed91679a9557ae6fd5,0.8855302929878235
1b5bba6ae5ff4f568094280de0bf2c1b,4a3d4daed4b24a1898551f0fd1ba44f1,0.8836685419082642
1b5bba6ae5ff4f568094280de0bf2c1b,e5a3c8867e44498d9182e8be934e0fce,0.8836441040039062
7265c466b8cf411cb462945d3ceb8145,5e44915237fc4445b54b037e1c4e29a4,0.9044082164764404
7265c466b8cf411cb462945d3ceb8145,b23a9c50eada4286a4f7ce8668b92db1,0.9023343324661255
7265c466b8cf411cb462945d3ceb8145,6732de8994744decbb3306c74aaa7882,0.8969716429710388
7265c466b8cf411cb462945d3ceb8145,9bf3b77eb9874f5f9e006a9cff111ea9,0.8949764966964722
7265c466b8cf411cb462945d3ceb8145,57bcda73abab44ee930b20cdaee9d24b,0.8932795524597168
7265c466b8cf411cb462945d3ceb8145,f5bcc6f48ed2447581b401d453039866,0.8921872973442078
7265c466b8cf411cb462945d3ceb8145,7226603f024c45c6a6e44b00e52e8aad,0.8916555643081665
7265c466b8cf411cb462945d3ceb8145,5a6f4a2f7f6a4b1fa146493472e6d721,0.8914257287979126
7265c466b8cf411cb462945d3ceb8145,1232f20e710b448e8c0538b9e84dab1c,0.8907744288444519
7265c466b8cf411cb462945d3ceb8145,599feb1e512c43ad8c0a1845922acf78,0.890385627746582
bca392563d0a45d594ce43a0c540b7c9,68aefc97056440af874039a28497cf98,0.970557689666748
bca392563d0a45d594ce43a0c540b7c9,be8953cc364d46cebbcc2c2da2c348ab,0.9348177909851074
bca392563d0a45d594ce43a0c540b7c9,ca5add3cbf044a95a5bec88a5841ce98,0.9151479005813599
bca392563d0a45d594ce43a0c540b7c9,e735729c80d84f76a6133c065d5380f8,0.9148328304290771
bca392563d0a45d594ce43a0c540b7c9,4e4495962a9b4864882397042f1a2b3e,0.9070330858230591
bca392563d0a45d594ce43a0c540b7c9,8987ceafff324f9599b842542e37eddd,0.9050823450088501
bca392563d0a45d594ce43a0c540b7c9,0b57f893483647c3aed811775a4c4c04,0.9040631651878357
bca392563d0a45d594ce43a0c540b7c9,00614d60b3544ba790dfd23dd53992e0,0.9024080634117126
bca392563d0a45d594ce43a0c540b7c9,f2cfa68a47ce4a43a0fe1cc7dc860418,0.8997970223426819
bca392563d0a45d594ce43a0c540b7c9,85d4175b563d48e5bc6a991b23662f24,0.8996865153312683
bb39e720d9cf4df1a19e4ab20285bf18,86179aff3df24ff59b11e9a34974a3f4,0.9915953874588013
bb39e720d9cf4df1a19e4ab20285bf18,59f62d35b1ad451397b700b3dad25448,0.8846132159233093
bb39e720d9cf4df1a19e4ab20285bf18,b01fd4d037a84a7aa777e1fc345c73c5,0.8810155391693115
bb39e720d9cf4df1a19e4ab20285bf18,64e74af099b0485f8b6e71ac73aa2cb8,0.8785334825515747
bb39e720d9cf4df1a19e4ab20285bf18,1ade4365590a4ac7865100d8c791e340,0.8783694505691528
bb39e720d9cf4df1a19e4ab20285bf18,26869cc099c44c4a86f6043476ab4890,0.8782985210418701
bb39e720d9cf4df1a19e4ab20285bf18,4a7fa5a1bafe4b6995e2920444ac07c4,0.8775904178619385
bb39e720d9cf4df1a19e4ab20285bf18,50aa0f56e00d4c23ac78b3e63bc0f0e1,0.8773586750030518
bb39e720d9cf4df1a19e4ab20285bf18,0b57f893483647c3aed811775a4c4c04,0.875402569770813
bb39e720d9cf4df1a19e4ab20285bf18,0842a796c09b4089933a4f27e4e5e3bc,0.8753710985183716
5c427d65b21d4bf387d1885f334834c7,b6da55bea1244cf0a753b258420946b2,0.9837517142295837
5c427d65b21d4bf387d1885f334834c7,503d2f067a8a4f5798b1c64b07ab0bc5,0.9018504619598389
5c427d65b21d4bf387d1885f334834c7,7c1126d46a934db6b951d1e98feae327,0.897077202796936
5c427d65b21d4bf387d1885f334834c7,5fc200cab89346658c9c91cce27e85fe,0.8924332857131958
5c427d65b21d4bf387d1885f334834c7,64e74af099b0485f8b6e71ac73aa2cb8,0.8923814296722412
5c427d65b21d4bf387d1885f334834c7,0b57f893483647c3aed811775a4c4c04,0.8880271315574646
5c427d65b21d4bf387d1885f334834c7,27a67d3e76814297aebf64e03d14c336,0.8869550228118896
5c427d65b21d4bf387d1885f334834c7,e7ee85dd47ca43eeb2fdcd70b802f0ec,0.8828821182250977
5c427d65b21d4bf387d1885f334834c7,87fc1d6a57ea488786caaec8599c3b8b,0.8828394412994385
5c427d65b21d4bf387d1885f334834c7,e735729c80d84f76a6133c065d5380f8,0.8813679814338684
141cab6e49204199a8fb74a74fa8165a,68aefc97056440af874039a28497cf98,0.9707483053207397
141cab6e49204199a8fb74a74fa8165a,be8953cc364d46cebbcc2c2da2c348ab,0.9240872859954834
141cab6e49204199a8fb74a74fa8165a,e735729c80d84f76a6133c065d5380f8,0.9092406034469604
141cab6e49204199a8fb74a74fa8165a,4e4495962a9b4864882397042f1a2b3e,0.9014555215835571
141cab6e49204199a8fb74a74fa8165a,ca5add3cbf044a95a5bec88a5841ce98,0.9013742208480835
141cab6e49204199a8fb74a74fa8165a,85d4175b563d48e5bc6a991b23662f24,0.9003558158874512
141cab6e49204199a8fb74a74fa8165a,d0e41bf891254ba0872f1641139f84f6,0.8966833353042603
141cab6e49204199a8fb74a74fa8165a,e59dba65749140f4a1bdaf2695de2fc6,0.8952946066856384
141cab6e49204199a8fb74a74fa8165a,714e47cd21e5416f864a4bc938850a72,0.893324613571167
141cab6e49204199a8fb74a74fa8165a,5e44915237fc4445b54b037e1c4e29a4,0.8932588696479797
7f90d0a672a44046bdf2443f14b82cb9,74bd120b8f714d03bc9dd1a703fe4d7f,0.9871689081192017
7f90d0a672a44046bdf2443f14b82cb9,baf841bad27c456c9de7227555ea3ef8,0.8848190307617188
7f90d0a672a44046bdf2443f14b82cb9,93dc50abd35349f7923100dca2f41002,0.8758319020271301
7f90d0a672a44046bdf2443f14b82cb9,0592b57e490d4206a3f12eb004a0afe0,0.8757669925689697
7f90d0a672a44046bdf2443f14b82cb9,ffc5805e29a74be0a55b40318aa321d7,0.8746868968009949
7f90d0a672a44046bdf2443f14b82cb9,bf789f42ccfc42c5a330a3f6e30ddb83,0.8743255138397217
7f90d0a672a44046bdf2443f14b82cb9,e5a3c8867e44498d9182e8be934e0fce,0.874036431312561
7f90d0a672a44046bdf2443f14b82cb9,e79ae27b52fa4d54aa37735fd275c66e,0.8732223510742188
7f90d0a672a44046bdf2443f14b82cb9,f1eecad10a61421eb16b1be7435d9c19,0.8721926212310791
7f90d0a672a44046bdf2443f14b82cb9,2c3599a1611644f4908562f8fb8870d3,0.8712388277053833
06aa6a2cf00d425998b1a815f23a0094,9677dd2a3aae457a8079087ce4177e14,0.9438728094100952
06aa6a2cf00d425998b1a815f23a0094,4a3d4daed4b24a1898551f0fd1ba44f1,0.9109677076339722
06aa6a2cf00d425998b1a815f23a0094,1027a336232c4454a9c4ae450a562788,0.9068443179130554
06aa6a2cf00d425998b1a815f23a0094,ad054da7e1704a53931a341173f0605f,0.9053545594215393
06aa6a2cf00d425998b1a815f23a0094,e79ae27b52fa4d54aa37735fd275c66e,0.9046375751495361
06aa6a2cf00d425998b1a815f23a0094,b33a0f5b564a4942b04046ab7a8e2aae,0.9024710655212402
06aa6a2cf00d425998b1a815f23a0094,79721c9bb6a54ecdb3d0a0f4011762c1,0.8947654366493225
06aa6a2cf00d425998b1a815f23a0094,ffe2740eee8c49b39b2ce41f9983bcb4,0.8938113451004028
06aa6a2cf00d425998b1a815f23a0094,4926607aafe749538c930e108275547e,0.8929887413978577
06aa6a2cf00d425998b1a815f23a0094,13e659415ac84c7a81fc769111d43417,0.8927810788154602
54a2df3aa63a483b8e33322f74c34dbf,9677dd2a3aae457a8079087ce4177e14,0.9310754537582397
54a2df3aa63a483b8e33322f74c34dbf,da61d9bc8f024a4aba18d5c3072b7838,0.9001486301422119
54a2df3aa63a483b8e33322f74c34dbf,e511c40ca6324803b5021e47b4e777f8,0.8838909864425659
54a2df3aa63a483b8e33322f74c34dbf,c756409435634fc48c643a64e73c93ce,0.8825696706771851
54a2df3aa63a483b8e33322f74c34dbf,ffe2740eee8c49b39b2ce41f9983bcb4,0.8764981031417847
54a2df3aa63a483b8e33322f74c34dbf,0228b1e9e3244da3a727930123ba7bda,0.8759404420852661
54a2df3aa63a483b8e33322f74c34dbf,bc13c2b0221744a29a8ddf56aa015df9,0.8759340643882751
54a2df3aa63a483b8e33322f74c34dbf,ffc5805e29a74be0a55b40318aa321d7,0.8736251592636108
54a2df3aa63a483b8e33322f74c34dbf,225818abe99e45a0bf5b0b3ec30db76b,0.8720300793647766
54a2df3aa63a483b8e33322f74c34dbf,4a3d4daed4b24a1898551f0fd1ba44f1,0.871848464012146
e2d1cdb4f95c4f47bb20f91e77f469f2,74bd120b8f714d03bc9dd1a703fe4d7f,0.9602527618408203
e2d1cdb4f95c4f47bb20f91e77f469f2,ffc5805e29a74be0a55b40318aa321d7,0.8988776206970215
e2d1cdb4f95c4f47bb20f91e77f469f2,f1eecad10a61421eb16b1be7435d9c19,0.896571934223175
e2d1cdb4f95c4f47bb20f91e77f469f2,baf841bad27c456c9de7227555ea3ef8,0.8946818709373474
e2d1cdb4f95c4f47bb20f91e77f469f2,bf789f42ccfc42c5a330a3f6e30ddb83,0.894054651260376
e2d1cdb4f95c4f47bb20f91e77f469f2,5537ddec608a4ec586ea068fa27547ca,0.8918080925941467
e2d1cdb4f95c4f47bb20f91e77f469f2,da61d9bc8f024a4aba18d5c3072b7838,0.8890362977981567
e2d1cdb4f95c4f47bb20f91e77f469f2,23a16d69ffe848d593a4808907d8aa98,0.8885153532028198
e2d1cdb4f95c4f47bb20f91e77f469f2,2b039224b54142d185a406b31fe01de2,0.8884986639022827
e2d1cdb4f95c4f47bb20f91e77f469f2,0092d1d820c64646b8bee9fd14f77acf,0.8859976530075073
4a483247df4540a9badb4a94f17d7760,8683a3ad55d84a78834fabe20cde5269,0.8831140995025635
4a483247df4540a9badb4a94f17d7760,b44645c11ece4326a45f50fdc5d45dcf,0.875773012638092
4a483247df4540a9badb4a94f17d7760,d361a9e414fb41c1a605200d9cbba496,0.8747210502624512
4a483247df4540a9badb4a94f17d7760,7862a63720b34104abf5bfa44bc8178d,0.8745821118354797
4a483247df4540a9badb4a94f17d7760,9bf3b77eb9874f5f9e006a9cff111ea9,0.8743694424629211
4a483247df4540a9badb4a94f17d7760,eee7f32249c5452ea36c8ed3a3540010,0.8742015361785889
4a483247df4540a9badb4a94f17d7760,8a464aa9e2ee45d0abc7ae6181cd1bda,0.8736557960510254
4a483247df4540a9badb4a94f17d7760,570f08ce2a1a47978eab16bf7ad16a68,0.8725083470344543
4a483247df4540a9badb4a94f17d7760,14ca42308d3141fba50b774042144343,0.8699797987937927
4a483247df4540a9badb4a94f17d7760,9909a671f7414c19b2727e7d4d4dcf1b,0.8696116805076599
ca37d7b02d7542a0bea6535a0d193dbc,6bedb2d6ace34e18811b7f1206b2d1b0,0.9611092209815979
ca37d7b02d7542a0bea6535a0d193dbc,9bf3b77eb9874f5f9e006a9cff111ea9,0.9131548404693604
ca37d7b02d7542a0bea6535a0d193dbc,de1102228a324428989533278cd482f6,0.9053303003311157
ca37d7b02d7542a0bea6535a0d193dbc,c84deec0ecf843c39f52d4cb8e7300f8,0.8995168209075928
ca37d7b02d7542a0bea6535a0d193dbc,0b57f893483647c3aed811775a4c4c04,0.8970737457275391
ca37d7b02d7542a0bea6535a0d193dbc,06b7dd1b701544ac80dd7ca54ed707cf,0.8969292044639587
ca37d7b02d7542a0bea6535a0d193dbc,e7ee85dd47ca43eeb2fdcd70b802f0ec,0.8941617608070374
ca37d7b02d7542a0bea6535a0d193dbc,5cf392f15360460bae6a6b0182bb99b9,0.8932056427001953
ca37d7b02d7542a0bea6535a0d193dbc,64e74af099b0485f8b6e71ac73aa2cb8,0.8919714093208313
ca37d7b02d7542a0bea6535a0d193dbc,2d43cf91509846e29ab4febd7781919f,0.8901479244232178
ada916d5f8044eba9ac39c104e27f797,02641488de414b72b63f62b40200b101,0.9870915412902832
ada916d5f8044eba9ac39c104e27f797,cc243eebbb2b44a581745865a60c423a,0.8777872323989868
ada916d5f8044eba9ac39c104e27f797,e8c8742459dc48a49080bf0e5b3fdee0,0.8734561204910278
ada916d5f8044eba9ac39c104e27f797,39a08a87897f47d3bdbbdc5ed8c9cd7f,0.8731141686439514
ada916d5f8044eba9ac39c104e27f797,67dd23cfd20f46dc82acc82c108a1dc6,0.872883677482605
ada916d5f8044eba9ac39c104e27f797,f6061b71031b4ddb9384f86c103690a4,0.8690786361694336
ada916d5f8044eba9ac39c104e27f797,636c21e19a5845e1b8d69a5fca928030,0.8688217401504517
ada916d5f8044eba9ac39c104e27f797,de1102228a324428989533278cd482f6,0.8647233843803406
ada916d5f8044eba9ac39c104e27f797,df0c94234d9d4890b5b4b95c441b3e9a,0.8612995147705078
ada916d5f8044eba9ac39c104e27f797,b277101390e1465685ef79bf3519f8d7,0.8611598014831543
985e9b4be1fa45b19b48cbd6b1d37764,02641488de414b72b63f62b40200b101,0.9776665568351746
985e9b4be1fa45b19b48cbd6b1d37764,cc243eebbb2b44a581745865a60c423a,0.8798677921295166
985e9b4be1fa45b19b48cbd6b1d37764,e8c8742459dc48a49080bf0e5b3fdee0,0.8787230253219604
985e9b4be1fa45b19b48cbd6b1d37764,f6061b71031b4ddb9384f86c103690a4,0.8759404420852661
985e9b4be1fa45b19b48cbd6b1d37764,67dd23cfd20f46dc82acc82c108a1dc6,0.8757047653198242
985e9b4be1fa45b19b48cbd6b1d37764,f91157bb8fca4a8e98db33591a76be9a,0.875282883644104
985e9b4be1fa45b19b48cbd6b1d37764,39a08a87897f47d3bdbbdc5ed8c9cd7f,0.8752620220184326
985e9b4be1fa45b19b48cbd6b1d37764,636c21e19a5845e1b8d69a5fca928030,0.8739573955535889
985e9b4be1fa45b19b48cbd6b1d37764,b277101390e1465685ef79bf3519f8d7,0.872211217880249
985e9b4be1fa45b19b48cbd6b1d37764,d445ccdb4cda497e9f0343a3298022d2,0.8705652356147766
7b7e0d3f38a3435a83b8d6fb5aba99ba,f6061b71031b4ddb9384f86c103690a4,0.9583706855773926
7b7e0d3f38a3435a83b8d6fb5aba99ba,e8c8742459dc48a49080bf0e5b3fdee0,0.9056805372238159
7b7e0d3f38a3435a83b8d6fb5aba99ba,03df72bcf3504272a27f4bbaea89118a,0.8957797288894653
7b7e0d3f38a3435a83b8d6fb5aba99ba,99dbf0cd0c6343ffbcf97f04efc4143c,0.8887295722961426
7b7e0d3f38a3435a83b8d6fb5aba99ba,9c69642fab6749848e7ea7f5406a6da4,0.8867089748382568
7b7e0d3f38a3435a83b8d6fb5aba99ba,67dd23cfd20f46dc82acc82c108a1dc6,0.8855932354927063
7b7e0d3f38a3435a83b8d6fb5aba99ba,d9096650c434432c871effeca9acd5c6,0.88553386926651
7b7e0d3f38a3435a83b8d6fb5aba99ba,64fc9fe3c8d5424ebc005e5cf4a608db,0.8849543333053589
7b7e0d3f38a3435a83b8d6fb5aba99ba,cc243eebbb2b44a581745865a60c423a,0.8843623399734497
7b7e0d3f38a3435a83b8d6fb5aba99ba,b277101390e1465685ef79bf3519f8d7,0.8811730146408081
acbc17523c034d799301828aef6ae58f,9909a671f7414c19b2727e7d4d4dcf1b,0.909210205078125
acbc17523c034d799301828aef6ae58f,22d9d5ad33e947fd857c5c4a8b7dfae1,0.8940024971961975
acbc17523c034d799301828aef6ae58f,812a1568c77d46e695f8eb7357e24a0e,0.8880362510681152
acbc17523c034d799301828aef6ae58f,07958f43551e459eb30638b632e3cd64,0.8795272707939148
acbc17523c034d799301828aef6ae58f,db0c3a952e454b90aa4a68feb6a50e87,0.8790254592895508
acbc17523c034d799301828aef6ae58f,bf789f42ccfc42c5a330a3f6e30ddb83,0.8780192136764526
acbc17523c034d799301828aef6ae58f,c1def54262224e23acf67a9870725ce5,0.8765504956245422
acbc17523c034d799301828aef6ae58f,059a284910e849efbbc7073b8681409f,0.8733623027801514
acbc17523c034d799301828aef6ae58f,eee7f32249c5452ea36c8ed3a3540010,0.8726401925086975
acbc17523c034d799301828aef6ae58f,b8995466f0eb4e7ba141e23216e8b974,0.8672329187393188
68f05d38644e4af6a8b6cb1bef20c57a,f6061b71031b4ddb9384f86c103690a4,0.9259482026100159
68f05d38644e4af6a8b6cb1bef20c57a,31cf7db26a3249c5a6205b005662ddcf,0.887665867805481
68f05d38644e4af6a8b6cb1bef20c57a,590df34aa41f46e9ad13ffc6a98da3b7,0.8874046802520752
68f05d38644e4af6a8b6cb1bef20c57a,9c69642fab6749848e7ea7f5406a6da4,0.8848724365234375
68f05d38644e4af6a8b6cb1bef20c57a,016e634d566b49c199d07357aae9bf33,0.8845832347869873
68f05d38644e4af6a8b6cb1bef20c57a,daed5458403e49e3aea72f4bcc6dd224,0.8801966905593872
68f05d38644e4af6a8b6cb1bef20c57a,0971af4212484a958eb0f60f93d1dfe0,0.8785763382911682
68f05d38644e4af6a8b6cb1bef20c57a,43ee0103cba54b4e9d165717735ca0f6,0.8784019947052002
68f05d38644e4af6a8b6cb1bef20c57a,99dbf0cd0c6343ffbcf97f04efc4143c,0.877898097038269
68f05d38644e4af6a8b6cb1bef20c57a,d9096650c434432c871effeca9acd5c6,0.8767768144607544
e34f7090730d4eaa871618aa8bb5627d,5cf392f15360460bae6a6b0182bb99b9,0.9277724027633667
e34f7090730d4eaa871618aa8bb5627d,b69c17a10a55494d8caa56c33e8f4a56,0.904599130153656
e34f7090730d4eaa871618aa8bb5627d,0bd1cce9370a461089e25393086800a8,0.9009479284286499
e34f7090730d4eaa871618aa8bb5627d,eff24b01b2f5428baa4c3fef6cb40d41,0.8944469690322876
e34f7090730d4eaa871618aa8bb5627d,99830b8da7c24f909914f7bb167f3ea6,0.893698513507843
e34f7090730d4eaa871618aa8bb5627d,6bedb2d6ace34e18811b7f1206b2d1b0,0.8867415189743042
e34f7090730d4eaa871618aa8bb5627d,9bf3b77eb9874f5f9e006a9cff111ea9,0.8863698244094849
e34f7090730d4eaa871618aa8bb5627d,ffe2740eee8c49b39b2ce41f9983bcb4,0.8832613229751587
e34f7090730d4eaa871618aa8bb5627d,da61d9bc8f024a4aba18d5c3072b7838,0.8823167085647583
e34f7090730d4eaa871618aa8bb5627d,0092d1d820c64646b8bee9fd14f77acf,0.8817350268363953
aff084577eae48fca44757575b1848bc,812a1568c77d46e695f8eb7357e24a0e,0.960824191570282
aff084577eae48fca44757575b1848bc,1aaf8edc37ea412b85e3d1b5c5317051,0.8930484056472778
aff084577eae48fca44757575b1848bc,22d9d5ad33e947fd857c5c4a8b7dfae1,0.8914383053779602
aff084577eae48fca44757575b1848bc,3356a8a8c6ee4f30bc2b028e360d4471,0.8855104446411133
aff084577eae48fca44757575b1848bc,b44645c11ece4326a45f50fdc5d45dcf,0.8837059736251831
aff084577eae48fca44757575b1848bc,7d0190486da540718e4dc4ca4bd1f573,0.8819518089294434
aff084577eae48fca44757575b1848bc,b69c17a10a55494d8caa56c33e8f4a56,0.8795652389526367
aff084577eae48fca44757575b1848bc,36ac84a73ad34261ad45cf569edb60af,0.8757753968238831
aff084577eae48fca44757575b1848bc,9909a671f7414c19b2727e7d4d4dcf1b,0.8744560480117798
aff084577eae48fca44757575b1848bc,c14e45f5201b4038bdddddb238d888a3,0.8728560209274292
f4763c7dac494231ae593878b63b4961,eff24b01b2f5428baa4c3fef6cb40d41,0.9822131395339966
f4763c7dac494231ae593878b63b4961,fadf133e0e684a24ac79b5fa9515bac2,0.9322202205657959
f4763c7dac494231ae593878b63b4961,a64f6232ee1e4357937008a327a63cf4,0.9207324981689453
f4763c7dac494231ae593878b63b4961,0bd1cce9370a461089e25393086800a8,0.9206060767173767
f4763c7dac494231ae593878b63b4961,c84deec0ecf843c39f52d4cb8e7300f8,0.9149911403656006
f4763c7dac494231ae593878b63b4961,ffe2740eee8c49b39b2ce41f9983bcb4,0.9123445749282837
f4763c7dac494231ae593878b63b4961,99ba4cc9355f4d79a68bc69ac12a716f,0.9099688529968262
f4763c7dac494231ae593878b63b4961,1027a336232c4454a9c4ae450a562788,0.9085311889648438
f4763c7dac494231ae593878b63b4961,3e923b6e3ceb4901b77c9a18729546eb,0.9067182540893555
f4763c7dac494231ae593878b63b4961,250d411ae270441085be3501b7b55d86,0.9060406684875488
adabb6bfc633432cab9ab674c1e0f975,01bbbf1caa554d94b5decb69cc1add41,0.9806380867958069
adabb6bfc633432cab9ab674c1e0f975,9460474d89704a68aaa6ccb62310ae3d,0.8965575098991394
adabb6bfc633432cab9ab674c1e0f975,ff51ca928cd54f4da620c27983e221f8,0.895602822303772
adabb6bfc633432cab9ab674c1e0f975,c1d504dfeded4b8bb3c07777b7c7abde,0.8932116031646729
adabb6bfc633432cab9ab674c1e0f975,bf789f42ccfc42c5a330a3f6e30ddb83,0.8923140168190002
adabb6bfc633432cab9ab674c1e0f975,d9ac372330a4446886fa19bac0d19877,0.8921686410903931
adabb6bfc633432cab9ab674c1e0f975,e8f18e4bdf054390a1768978dca8e430,0.880660891532898
adabb6bfc633432cab9ab674c1e0f975,22d9d5ad33e947fd857c5c4a8b7dfae1,0.8797706961631775
adabb6bfc633432cab9ab674c1e0f975,590df34aa41f46e9ad13ffc6a98da3b7,0.8792498111724854
adabb6bfc633432cab9ab674c1e0f975,2639b6540bda414f8a9baa3b5cdb612a,0.8777245283126831
f9d7f4db082c4389a2bdcc19d6d92cba,01bbbf1caa554d94b5decb69cc1add41,0.976074755191803
f9d7f4db082c4389a2bdcc19d6d92cba,9460474d89704a68aaa6ccb62310ae3d,0.8978434801101685
f9d7f4db082c4389a2bdcc19d6d92cba,ff51ca928cd54f4da620c27983e221f8,0.8959322571754456
f9d7f4db082c4389a2bdcc19d6d92cba,c1d504dfeded4b8bb3c07777b7c7abde,0.8954278230667114
f9d7f4db082c4389a2bdcc19d6d92cba,bf789f42ccfc42c5a330a3f6e30ddb83,0.8918948173522949
f9d7f4db082c4389a2bdcc19d6d92cba,d9ac372330a4446886fa19bac0d19877,0.8888936638832092
f9d7f4db082c4389a2bdcc19d6d92cba,2639b6540bda414f8a9baa3b5cdb612a,0.8827587962150574
f9d7f4db082c4389a2bdcc19d6d92cba,22d9d5ad33e947fd857c5c4a8b7dfae1,0.8783606886863708
f9d7f4db082c4389a2bdcc19d6d92cba,590df34aa41f46e9ad13ffc6a98da3b7,0.8763973712921143
f9d7f4db082c4389a2bdcc19d6d92cba,7862a63720b34104abf5bfa44bc8178d,0.875983476638794
32ae3069da404e6f843cbd95fa018a71,eff24b01b2f5428baa4c3fef6cb40d41,0.9792044758796692
32ae3069da404e6f843cbd95fa018a71,1027a336232c4454a9c4ae450a562788,0.9247130155563354
32ae3069da404e6f843cbd95fa018a71,c84deec0ecf843c39f52d4cb8e7300f8,0.9194998145103455
32ae3069da404e6f843cbd95fa018a71,4a3d4daed4b24a1898551f0fd1ba44f1,0.9186508655548096
32ae3069da404e6f843cbd95fa018a71,fadf133e0e684a24ac79b5fa9515bac2,0.9165242910385132
32ae3069da404e6f843cbd95fa018a71,250d411ae270441085be3501b7b55d86,0.9161937832832336
32ae3069da404e6f843cbd95fa018a71,64e74af099b0485f8b6e71ac73aa2cb8,0.908409595489502
32ae3069da404e6f843cbd95fa018a71,66690895454847fea5a000202fbfab2e,0.9081520438194275
32ae3069da404e6f843cbd95fa018a71,79721c9bb6a54ecdb3d0a0f4011762c1,0.9072093367576599
32ae3069da404e6f843cbd95fa018a71,0bd1cce9370a461089e25393086800a8,0.9061019420623779
605d42bbb0154c76b70114f63b807951,01ffceddb5b34406a08bb982b424b3cf,0.9263057708740234
605d42bbb0154c76b70114f63b807951,cb550e5ff4694fe9a19eaa6588cef250,0.9137362241744995
605d42bbb0154c76b70114f63b807951,2839430464164d5ba00713b42d4d96e4,0.9127368927001953
605d42bbb0154c76b70114f63b807951,0ecfdd96e0054841883acba75e83b232,0.9086456298828125
605d42bbb0154c76b70114f63b807951,35c5a560ecdc4d6a9d20f057ed1fa0e6,0.9077895879745483
605d42bbb0154c76b70114f63b807951,14f4db886cca4104877ac7d1d7a64133,0.9073371887207031
605d42bbb0154c76b70114f63b807951,878e5c41be5c477e9f660ca361fdd727,0.9069206714630127
605d42bbb0154c76b70114f63b807951,2f0401170d104b47b0a8f087f69dee88,0.9028065204620361
605d42bbb0154c76b70114f63b807951,7ef653f7e5f64e1b8bba73b9518b87b7,0.9022365212440491
605d42bbb0154c76b70114f63b807951,0b57f893483647c3aed811775a4c4c04,0.9017807245254517
19805d9c7c944703bb05511bc3145812,30c71719aed84c07ae21d0eff0deed72,0.988318920135498
19805d9c7c944703bb05511bc3145812,ccb62901750b4d13a922fc161b607f83,0.9214723110198975
19805d9c7c944703bb05511bc3145812,77ce0587a12b46bab8814225ba86753e,0.9183279275894165
19805d9c7c944703bb05511bc3145812,a94cb58f1ca8456b96e39b5b1ebfb7ea,0.9171876907348633
19805d9c7c944703bb05511bc3145812,4e4495962a9b4864882397042f1a2b3e,0.915966272354126
19805d9c7c944703bb05511bc3145812,b77d8b7bb0114c379139d280a9210e83,0.9155138731002808
19805d9c7c944703bb05511bc3145812,71c1a8479b194efca65b44fb7f327afb,0.9142341017723083
19805d9c7c944703bb05511bc3145812,17b5eb6fab65476f827dd355b4a20a55,0.9122883081436157
19805d9c7c944703bb05511bc3145812,636c21e19a5845e1b8d69a5fca928030,0.91109299659729
19805d9c7c944703bb05511bc3145812,57bcda73abab44ee930b20cdaee9d24b,0.9089967012405396
4ed65c954d584e13a9e98e27808e0c6a,0f52f676197e4d4e92dec0a7bc4c4f7d,0.8669954538345337
4ed65c954d584e13a9e98e27808e0c6a,8683a3ad55d84a78834fabe20cde5269,0.8560106754302979
4ed65c954d584e13a9e98e27808e0c6a,0a61f52258f643b6a6436a1ec234e197,0.8557201027870178
4ed65c954d584e13a9e98e27808e0c6a,86f59bd78b424260b0cf356f2f9ae734,0.8541435599327087
4ed65c954d584e13a9e98e27808e0c6a,f91157bb8fca4a8e98db33591a76be9a,0.8540185689926147
4ed65c954d584e13a9e98e27808e0c6a,039f8e63b273472d8f1d99d9a5de5cf5,0.8534435629844666
4ed65c954d584e13a9e98e27808e0c6a,22d9d5ad33e947fd857c5c4a8b7dfae1,0.8533397316932678
4ed65c954d584e13a9e98e27808e0c6a,8c7c9eaae41a44a3a4ebe39ce167d300,0.851728081703186
4ed65c954d584e13a9e98e27808e0c6a,7f0b453cc8c14156802497f5cbae9d62,0.8505236506462097
4ed65c954d584e13a9e98e27808e0c6a,059a284910e849efbbc7073b8681409f,0.8487663865089417
9d58ebfc8b864b49a9c970a667fff950,30c71719aed84c07ae21d0eff0deed72,0.9925133585929871
9d58ebfc8b864b49a9c970a667fff950,a94cb58f1ca8456b96e39b5b1ebfb7ea,0.9188154339790344
9d58ebfc8b864b49a9c970a667fff950,4e4495962a9b4864882397042f1a2b3e,0.9121827483177185
9d58ebfc8b864b49a9c970a667fff950,ccb62901750b4d13a922fc161b607f83,0.9097424745559692
9d58ebfc8b864b49a9c970a667fff950,b77d8b7bb0114c379139d280a9210e83,0.9095500707626343
9d58ebfc8b864b49a9c970a667fff950,17b5eb6fab65476f827dd355b4a20a55,0.9088594913482666
9d58ebfc8b864b49a9c970a667fff950,77ce0587a12b46bab8814225ba86753e,0.9060778617858887
9d58ebfc8b864b49a9c970a667fff950,57bcda73abab44ee930b20cdaee9d24b,0.8968056440353394
9d58ebfc8b864b49a9c970a667fff950,636c21e19a5845e1b8d69a5fca928030,0.8938403725624084
9d58ebfc8b864b49a9c970a667fff950,71c1a8479b194efca65b44fb7f327afb,0.8933025002479553
5e1395d13dc84b8abd6f0452e25b3a7f,8889c114b071429cbe2418f5b0f2024b,0.9575332403182983
5e1395d13dc84b8abd6f0452e25b3a7f,d658e3a743af41899183fecff6b2628d,0.9156092405319214
5e1395d13dc84b8abd6f0452e25b3a7f,bbdf9065122d499d9d8f80ad3e0ef6f3,0.9153352975845337
5e1395d13dc84b8abd6f0452e25b3a7f,f1c9c5051bdd4a11a064260bbb9d6d7b,0.9103788137435913
5e1395d13dc84b8abd6f0452e25b3a7f,be8953cc364d46cebbcc2c2da2c348ab,0.90771484375
5e1395d13dc84b8abd6f0452e25b3a7f,26e55eb4d910464497d700bfdf5a36ca,0.9065333604812622
5e1395d13dc84b8abd6f0452e25b3a7f,a2612682d9854a30a7684c91c8619ec9,0.903955340385437
5e1395d13dc84b8abd6f0452e25b3a7f,5c09482fc8dc45bdbf7919f00dd540e0,0.9029082655906677
5e1395d13dc84b8abd6f0452e25b3a7f,8fca2e4873e946f7a788af2b846cebd7,0.9020751714706421
5e1395d13dc84b8abd6f0452e25b3a7f,74de04f31db94a99b757685c91779412,0.901897132396698
df7a79cf083f40ca846761b9760fc72f,e343a998f4df4ac195c84e0fb571a393,0.9856167435646057
df7a79cf083f40ca846761b9760fc72f,9948a890ef25479e834f70944cb42eae,0.9181522130966187
df7a79cf083f40ca846761b9760fc72f,c84deec0ecf843c39f52d4cb8e7300f8,0.9177539348602295
df7a79cf083f40ca846761b9760fc72f,9094e936e13641cc9bfcc7dc1408d86e,0.9156991839408875
df7a79cf083f40ca846761b9760fc72f,ca0fe2dd97434e2ca7aecc38d4f1fcd9,0.9103256464004517
df7a79cf083f40ca846761b9760fc72f,b3a022950e444682a113cec5a0537f6a,0.9100972414016724
df7a79cf083f40ca846761b9760fc72f,19593c97fef0474dbe6051e28338f1e9,0.9039952158927917
df7a79cf083f40ca846761b9760fc72f,b90d74e80c37486eaee89b6fbab13671,0.9016526937484741
df7a79cf083f40ca846761b9760fc72f,119a6d7b4af3458b951fc1c5ab5e1738,0.9015024900436401
df7a79cf083f40ca846761b9760fc72f,d9b97376c5e44d8786f861a5788af644,0.9007251262664795
489108f0d3474ebb97eeace77d5bcece,e343a998f4df4ac195c84e0fb571a393,0.9621636867523193
489108f0d3474ebb97eeace77d5bcece,9948a890ef25479e834f70944cb42eae,0.9102476835250854
489108f0d3474ebb97eeace77d5bcece,9094e936e13641cc9bfcc7dc1408d86e,0.9051597118377686
489108f0d3474ebb97eeace77d5bcece,ed4449952a9e45339b76fc5f123cb917,0.9001927971839905
489108f0d3474ebb97eeace77d5bcece,c84deec0ecf843c39f52d4cb8e7300f8,0.8948513865470886
489108f0d3474ebb97eeace77d5bcece,0ecfdd96e0054841883acba75e83b232,0.8916769027709961
489108f0d3474ebb97eeace77d5bcece,119a6d7b4af3458b951fc1c5ab5e1738,0.8909038305282593
489108f0d3474ebb97eeace77d5bcece,b277101390e1465685ef79bf3519f8d7,0.8871644735336304
489108f0d3474ebb97eeace77d5bcece,6400e3f6a14c492ba399bd414faca075,0.886706531047821
489108f0d3474ebb97eeace77d5bcece,796eade2ee4f466781d9f6669db43e48,0.8864294290542603
9cd6d1191c914787875042fd76df0c35,8746ae2ca7514699b629b4d9b5fe95a7,0.9732835292816162
9cd6d1191c914787875042fd76df0c35,ef8c056ecb524439a48c881089537951,0.8944165706634521
9cd6d1191c914787875042fd76df0c35,3766b26b53874893ae48693880e1942c,0.8938616514205933
9cd6d1191c914787875042fd76df0c35,cb550e5ff4694fe9a19eaa6588cef250,0.8869911432266235
9cd6d1191c914787875042fd76df0c35,2f0401170d104b47b0a8f087f69dee88,0.8859084248542786
9cd6d1191c914787875042fd76df0c35,6c6de17135be4f8c9423be633eaefcd4,0.8813438415527344
9cd6d1191c914787875042fd76df0c35,7d3d751215194e649a03457226f599d7,0.8803597688674927
9cd6d1191c914787875042fd76df0c35,984058b7165d4c6385bec3c94afa9fb2,0.8793043494224548
9cd6d1191c914787875042fd76df0c35,3e59b61eb70146308db2308b988b54cf,0.8784290552139282
9cd6d1191c914787875042fd76df0c35,a0408a6462b24cf18e50a8616359d5ad,0.8779944181442261
77f7e4ffce974b33ab54c80177a1c9c0,a0408a6462b24cf18e50a8616359d5ad,0.9683114290237427
77f7e4ffce974b33ab54c80177a1c9c0,0accd1d0138b49049d437c0d9b1c23c3,0.9171645045280457
77f7e4ffce974b33ab54c80177a1c9c0,7ef653f7e5f64e1b8bba73b9518b87b7,0.91032874584198
77f7e4ffce974b33ab54c80177a1c9c0,878e5c41be5c477e9f660ca361fdd727,0.9100660085678101
77f7e4ffce974b33ab54c80177a1c9c0,cdd73e0289aa4e2b87cd14e6ff5bd75e,0.9020869135856628
77f7e4ffce974b33ab54c80177a1c9c0,6252aa87531748e5bac5f6c65fc87e14,0.9017074108123779
77f7e4ffce974b33ab54c80177a1c9c0,2f0401170d104b47b0a8f087f69dee88,0.8936560153961182
77f7e4ffce974b33ab54c80177a1c9c0,7d3d751215194e649a03457226f599d7,0.8913013935089111
77f7e4ffce974b33ab54c80177a1c9c0,35c5a560ecdc4d6a9d20f057ed1fa0e6,0.890796422958374
77f7e4ffce974b33ab54c80177a1c9c0,2d43cf91509846e29ab4febd7781919f,0.8895469903945923
27af2d56825b4ded843852cb1cbe3494,8746ae2ca7514699b629b4d9b5fe95a7,0.8909410238265991
27af2d56825b4ded843852cb1cbe3494,dbb3fe11ad004895b302a84e7c066fcc,0.8719685673713684
27af2d56825b4ded843852cb1cbe3494,4c36aafaf38f4e9e9e09991737196fe1,0.8683432340621948
27af2d56825b4ded843852cb1cbe3494,7d3d751215194e649a03457226f599d7,0.8659618496894836
27af2d56825b4ded843852cb1cbe3494,6c6de17135be4f8c9423be633eaefcd4,0.8657041192054749
27af2d56825b4ded843852cb1cbe3494,ef8c056ecb524439a48c881089537951,0.8611053228378296
27af2d56825b4ded843852cb1cbe3494,98fbdf945d0c4206a48a4f7260e56017,0.8596649169921875
27af2d56825b4ded843852cb1cbe3494,78d0265d47df4f4cb7153da919763730,0.8591936826705933
27af2d56825b4ded843852cb1cbe3494,3766b26b53874893ae48693880e1942c,0.8571318984031677
27af2d56825b4ded843852cb1cbe3494,d2bcc978e7aa49908919d9fc40138b27,0.8531460762023926
7a09c2cc2bcd4fbb8b083d6f02a88232,a0408a6462b24cf18e50a8616359d5ad,0.9137170910835266
7a09c2cc2bcd4fbb8b083d6f02a88232,6252aa87531748e5bac5f6c65fc87e14,0.8873575925827026
7a09c2cc2bcd4fbb8b083d6f02a88232,7ef653f7e5f64e1b8bba73b9518b87b7,0.8847397565841675
7a09c2cc2bcd4fbb8b083d6f02a88232,cdd73e0289aa4e2b87cd14e6ff5bd75e,0.8828270435333252
7a09c2cc2bcd4fbb8b083d6f02a88232,7d3d751215194e649a03457226f599d7,0.8811437487602234
7a09c2cc2bcd4fbb8b083d6f02a88232,8746ae2ca7514699b629b4d9b5fe95a7,0.8744874000549316
7a09c2cc2bcd4fbb8b083d6f02a88232,2f0401170d104b47b0a8f087f69dee88,0.874467134475708
7a09c2cc2bcd4fbb8b083d6f02a88232,e4e12f4711fd41e39075e26cc274df45,0.8712393641471863
7a09c2cc2bcd4fbb8b083d6f02a88232,e22e1ad3c1fc4493bcb7c9b923566ff7,0.870058536529541
7a09c2cc2bcd4fbb8b083d6f02a88232,14f4db886cca4104877ac7d1d7a64133,0.8696580529212952
c0ff951246c54333b756315834f32971,d53fa54d5536463ab0d87648dfc5fd78,0.8418173789978027
c0ff951246c54333b756315834f32971,4152360a4bea4cbbbfbe45ff3bf7f62b,0.8388112783432007
c0ff951246c54333b756315834f32971,ab57f83304bc4005998bbd6bc063fb4f,0.8375499248504639
c0ff951246c54333b756315834f32971,268f8ec9f2734029a8e75857db56ccb3,0.8358302712440491
c0ff951246c54333b756315834f32971,c2b49382e2f34b1c90013236a5fbaef0,0.835036039352417
c0ff951246c54333b756315834f32971,563043f180e54e238ad4876974e5db4c,0.8280134797096252
c0ff951246c54333b756315834f32971,f5d09519cf7647f8a107cd8fadd322e5,0.8279293775558472
c0ff951246c54333b756315834f32971,eee7f32249c5452ea36c8ed3a3540010,0.8251587748527527
c0ff951246c54333b756315834f32971,3e6a4b65a1004c08a6f3f570cf986c2f,0.8197531700134277
c0ff951246c54333b756315834f32971,bc607fd6000b43108e49b3d05688fe90,0.8155803084373474
7d8239bb435749bdaaba93674e4c0b98,632cc2bc04034dd4848855fe6497262d,0.8986188769340515
7d8239bb435749bdaaba93674e4c0b98,3f1c2bb09c4e4400b6ba19542fafce18,0.8789169788360596
7d8239bb435749bdaaba93674e4c0b98,de6ac628a786435f9925c8cc1d707d6b,0.8777289390563965
7d8239bb435749bdaaba93674e4c0b98,d7c9dafddaf547159d366dacf7b68a7e,0.8762410879135132
7d8239bb435749bdaaba93674e4c0b98,7d5c0a2bfccf4255a43d9bd0f84a6d3a,0.8751111626625061
7d8239bb435749bdaaba93674e4c0b98,f5d09519cf7647f8a107cd8fadd322e5,0.8748947381973267
7d8239bb435749bdaaba93674e4c0b98,f8856799293e49feab6368e794eb8b00,0.8715906143188477
7d8239bb435749bdaaba93674e4c0b98,9fd4c00672d84215b3e21812aef3d6ac,0.8695394992828369
7d8239bb435749bdaaba93674e4c0b98,1578afd6ce694d46ab6e24f965f51fd6,0.8666002750396729
7d8239bb435749bdaaba93674e4c0b98,f5b766ea6abe4b5fb27d49cc3bc06020,0.8616453409194946
ae918c8fd007427fbc53dbaff23eddbe,632cc2bc04034dd4848855fe6497262d,0.9225829839706421
ae918c8fd007427fbc53dbaff23eddbe,f8856799293e49feab6368e794eb8b00,0.8982015252113342
ae918c8fd007427fbc53dbaff23eddbe,3f1c2bb09c4e4400b6ba19542fafce18,0.8890504837036133
ae918c8fd007427fbc53dbaff23eddbe,d7c9dafddaf547159d366dacf7b68a7e,0.8869607448577881
ae918c8fd007427fbc53dbaff23eddbe,7d5c0a2bfccf4255a43d9bd0f84a6d3a,0.8833275437355042
ae918c8fd007427fbc53dbaff23eddbe,bdb0d45caa2a4943959f8f501e51132b,0.8826566338539124
ae918c8fd007427fbc53dbaff23eddbe,236c362d8b664c93b41882c119df9706,0.8810751438140869
ae918c8fd007427fbc53dbaff23eddbe,f5d09519cf7647f8a107cd8fadd322e5,0.8795168995857239
ae918c8fd007427fbc53dbaff23eddbe,de6ac628a786435f9925c8cc1d707d6b,0.8791517019271851
ae918c8fd007427fbc53dbaff23eddbe,5a9a716f53364389864a4018d9e9c6c0,0.8786895275115967
b30bc5f593ba46bc8b6fa26692576484,babbeca1f6a244a2a11ea77a3855e70f,0.9779486656188965
b30bc5f593ba46bc8b6fa26692576484,b425f33c33ad4be89a12da266d131a86,0.9199534058570862
b30bc5f593ba46bc8b6fa26692576484,e96fae6d607246b18b8494aabe521036,0.912850022315979
b30bc5f593ba46bc8b6fa26692576484,43464ed6733f4642a0b90e7d995a5e40,0.906075119972229
b30bc5f593ba46bc8b6fa26692576484,66f4c650b7ca48f1bc27f9daff8d312a,0.9011213779449463
b30bc5f593ba46bc8b6fa26692576484,31cf7db26a3249c5a6205b005662ddcf,0.9001622200012207
b30bc5f593ba46bc8b6fa26692576484,3d3e8565d2f84e0cad5ae622f2909765,0.8999751806259155
b30bc5f593ba46bc8b6fa26692576484,3aaea7fa41fd43cdb88f8ef59062c5df,0.8995956182479858
b30bc5f593ba46bc8b6fa26692576484,82d68ea370f8451aa16ea08f4601245c,0.8984978199005127
b30bc5f593ba46bc8b6fa26692576484,1232f20e710b448e8c0538b9e84dab1c,0.8978875279426575
91d18daf6bae44789d31014e55bdf5b2,3e6a4b65a1004c08a6f3f570cf986c2f,0.859758734703064
91d18daf6bae44789d31014e55bdf5b2,d53fa54d5536463ab0d87648dfc5fd78,0.8518291115760803
91d18daf6bae44789d31014e55bdf5b2,268f8ec9f2734029a8e75857db56ccb3,0.8495526909828186
91d18daf6bae44789d31014e55bdf5b2,563043f180e54e238ad4876974e5db4c,0.8439164161682129
91d18daf6bae44789d31014e55bdf5b2,4152360a4bea4cbbbfbe45ff3bf7f62b,0.8342763185501099
91d18daf6bae44789d31014e55bdf5b2,3766b26b53874893ae48693880e1942c,0.8339416980743408
91d18daf6bae44789d31014e55bdf5b2,7d0190486da540718e4dc4ca4bd1f573,0.833651602268219
91d18daf6bae44789d31014e55bdf5b2,91f9f8576e5142a49926bd623b0bc19c,0.8319817781448364
91d18daf6bae44789d31014e55bdf5b2,f5d09519cf7647f8a107cd8fadd322e5,0.8306546807289124
91d18daf6bae44789d31014e55bdf5b2,7e8a4a43e2f84dbb88e41cb24b3fe79f,0.8267086744308472
8b8fe37d85da4a28a5c27452a42435e6,0b57f893483647c3aed811775a4c4c04,0.9420936703681946
8b8fe37d85da4a28a5c27452a42435e6,d0e41bf891254ba0872f1641139f84f6,0.9156048893928528
8b8fe37d85da4a28a5c27452a42435e6,797cc520b8c94d9bbef187818ab51647,0.8980749249458313
8b8fe37d85da4a28a5c27452a42435e6,f2cfa68a47ce4a43a0fe1cc7dc860418,0.8953088521957397
8b8fe37d85da4a28a5c27452a42435e6,db620271348d404a9a0b978d96c63f29,0.890579342842102
8b8fe37d85da4a28a5c27452a42435e6,076e2669c305401fb3afcfafdd6c79c7,0.8892548084259033
8b8fe37d85da4a28a5c27452a42435e6,87fc1d6a57ea488786caaec8599c3b8b,0.8889999389648438
8b8fe37d85da4a28a5c27452a42435e6,8af25c7ae8e14435a6e27a5671968f50,0.8873764872550964
8b8fe37d85da4a28a5c27452a42435e6,f4b7e6e902e344859cb041126b69ce3c,0.8868354558944702
8b8fe37d85da4a28a5c27452a42435e6,04537eabb0434eb2804d1220770b85a0,0.8861726522445679
a222b9dea1384b57ad0fae45ff950737,0b57f893483647c3aed811775a4c4c04,0.9693621397018433
a222b9dea1384b57ad0fae45ff950737,87fc1d6a57ea488786caaec8599c3b8b,0.9165515303611755
a222b9dea1384b57ad0fae45ff950737,64e74af099b0485f8b6e71ac73aa2cb8,0.9149785041809082
a222b9dea1384b57ad0fae45ff950737,db620271348d404a9a0b978d96c63f29,0.9138972759246826
a222b9dea1384b57ad0fae45ff950737,5fc200cab89346658c9c91cce27e85fe,0.9133155941963196
a222b9dea1384b57ad0fae45ff950737,503d2f067a8a4f5798b1c64b07ab0bc5,0.913022518157959
a222b9dea1384b57ad0fae45ff950737,e4e12f4711fd41e39075e26cc274df45,0.911719799041748
a222b9dea1384b57ad0fae45ff950737,01ffceddb5b34406a08bb982b424b3cf,0.9095290899276733
a222b9dea1384b57ad0fae45ff950737,74644c8cc17449cf89379868e7b21398,0.9094774723052979
a222b9dea1384b57ad0fae45ff950737,3aa003c1e31b476e999c3a808a1d5dc6,0.9078723788261414
043d64050fe145349300b95379966923,2070754bb5dd4a248be9c2a6a1a9d381,0.9514778852462769
043d64050fe145349300b95379966923,be8953cc364d46cebbcc2c2da2c348ab,0.9237947463989258
043d64050fe145349300b95379966923,f2cfa68a47ce4a43a0fe1cc7dc860418,0.9035385847091675
043d64050fe145349300b95379966923,d695b7afdc3841a28a56df578e56afce,0.9024255275726318
043d64050fe145349300b95379966923,75bf181ea5dc490e95d364a5f5c7af1d,0.8974454402923584
043d64050fe145349300b95379966923,7e190e3c05d74e6b9f103e39142c1684,0.8956502676010132
043d64050fe145349300b95379966923,a297e08effdf4a69a6c4d79a34a0c6ad,0.8936372399330139
043d64050fe145349300b95379966923,4285b02dc9164cb9bae36b0566bb42f0,0.8928108215332031
043d64050fe145349300b95379966923,8dfe01febd46475ab5aef97033716ce1,0.8917092084884644
043d64050fe145349300b95379966923,403835bbf2f1447188bcc78e062b0028,0.8912045955657959
ab8935721e0240089dafee6f408c220a,a055f8188384479a8bad418f7dffd9a5,0.9501435160636902
ab8935721e0240089dafee6f408c220a,e4e12f4711fd41e39075e26cc274df45,0.9176510572433472
ab8935721e0240089dafee6f408c220a,2b3ecf8be2b242f3b8a1e714390749fb,0.9163687229156494
ab8935721e0240089dafee6f408c220a,07d869789eda4445a1ecfe59c331db0d,0.9131606817245483
ab8935721e0240089dafee6f408c220a,24c55bb5cd694770ba895c7401da2ba5,0.9129248857498169
ab8935721e0240089dafee6f408c220a,f69855cdf66d4f6887ecfd0ddb9014b5,0.9058761596679688
ab8935721e0240089dafee6f408c220a,da14e9dc2c3d4963b725de8102de5028,0.9052534103393555
ab8935721e0240089dafee6f408c220a,5fc200cab89346658c9c91cce27e85fe,0.9041535258293152
ab8935721e0240089dafee6f408c220a,01ffceddb5b34406a08bb982b424b3cf,0.9041410088539124
ab8935721e0240089dafee6f408c220a,0b57f893483647c3aed811775a4c4c04,0.9009243249893188
00d0f767535a4289833325887d72e3d2,2070754bb5dd4a248be9c2a6a1a9d381,0.9516817331314087
00d0f767535a4289833325887d72e3d2,be8953cc364d46cebbcc2c2da2c348ab,0.9262368679046631
00d0f767535a4289833325887d72e3d2,a297e08effdf4a69a6c4d79a34a0c6ad,0.9132845401763916
00d0f767535a4289833325887d72e3d2,75bf181ea5dc490e95d364a5f5c7af1d,0.9099119901657104
00d0f767535a4289833325887d72e3d2,403835bbf2f1447188bcc78e062b0028,0.9087753295898438
00d0f767535a4289833325887d72e3d2,4285b02dc9164cb9bae36b0566bb42f0,0.903558075428009
00d0f767535a4289833325887d72e3d2,e06d08ff594a4acbac12edf579743fcf,0.9019204378128052
00d0f767535a4289833325887d72e3d2,d695b7afdc3841a28a56df578e56afce,0.9017760753631592
00d0f767535a4289833325887d72e3d2,f12e9e5805534d719f829332d1ea5d29,0.9011470079421997
00d0f767535a4289833325887d72e3d2,f2cfa68a47ce4a43a0fe1cc7dc860418,0.9004246592521667
1d0c8e601ffb4534a871d984ad842a4f,a055f8188384479a8bad418f7dffd9a5,0.9895492792129517
1d0c8e601ffb4534a871d984ad842a4f,da14e9dc2c3d4963b725de8102de5028,0.9194484353065491
1d0c8e601ffb4534a871d984ad842a4f,5fc200cab89346658c9c91cce27e85fe,0.9082287549972534
1d0c8e601ffb4534a871d984ad842a4f,2b3ecf8be2b242f3b8a1e714390749fb,0.905882716178894
1d0c8e601ffb4534a871d984ad842a4f,521004289ebc4e6da6623381d40a5e73,0.9047101736068726
1d0c8e601ffb4534a871d984ad842a4f,e4e12f4711fd41e39075e26cc274df45,0.9023965001106262
1d0c8e601ffb4534a871d984ad842a4f,0ecfdd96e0054841883acba75e83b232,0.8975731134414673
1d0c8e601ffb4534a871d984ad842a4f,b277101390e1465685ef79bf3519f8d7,0.8975074291229248
1d0c8e601ffb4534a871d984ad842a4f,ba8d0208e32e42969bd4349cf24f6ed1,0.8974413871765137
1d0c8e601ffb4534a871d984ad842a4f,0b57f893483647c3aed811775a4c4c04,0.8954811096191406
ebd87dca48ae4df38943cc6f9b4f2912,5c8a8b7a59c54b9aa7b7136fd91b5869,0.9072132706642151
ebd87dca48ae4df38943cc6f9b4f2912,199647bd1328406c83c5a875154f97d9,0.8808528184890747
ebd87dca48ae4df38943cc6f9b4f2912,4c36aafaf38f4e9e9e09991737196fe1,0.8745782375335693
ebd87dca48ae4df38943cc6f9b4f2912,86f59bd78b424260b0cf356f2f9ae734,0.8696719408035278
ebd87dca48ae4df38943cc6f9b4f2912,f91157bb8fca4a8e98db33591a76be9a,0.8692218661308289
ebd87dca48ae4df38943cc6f9b4f2912,7bbe3c76bcc04d73969f920d43fcc67d,0.8691822290420532
ebd87dca48ae4df38943cc6f9b4f2912,e9428816b054499298745b742f128f65,0.8684624433517456
ebd87dca48ae4df38943cc6f9b4f2912,8d595c7da42545c88052e7b213b6c97c,0.8682134747505188
ebd87dca48ae4df38943cc6f9b4f2912,039f8e63b273472d8f1d99d9a5de5cf5,0.863580048084259
ebd87dca48ae4df38943cc6f9b4f2912,e5a3c8867e44498d9182e8be934e0fce,0.8629076480865479
558c6735b6104bc98ca4b2db381640fe,8fca2e4873e946f7a788af2b846cebd7,0.9803582429885864
558c6735b6104bc98ca4b2db381640fe,7e190e3c05d74e6b9f103e39142c1684,0.9117934703826904
558c6735b6104bc98ca4b2db381640fe,0eb119aabc884795a4768c6d3e677ea1,0.905526876449585
558c6735b6104bc98ca4b2db381640fe,295d0d40791245ff838c73a2aa27d065,0.9050831198692322
558c6735b6104bc98ca4b2db381640fe,5455e62f52ae4e03b2a5d0e8b9899506,0.9005380868911743
558c6735b6104bc98ca4b2db381640fe,b4dadb3ea3a04cc3932094471debce13,0.8994494676589966
558c6735b6104bc98ca4b2db381640fe,6c79712e67b54dd0a11d426a91207939,0.8991841077804565
558c6735b6104bc98ca4b2db381640fe,be8953cc364d46cebbcc2c2da2c348ab,0.8955098390579224
558c6735b6104bc98ca4b2db381640fe,50a2129b83404b94889a01f4688ebafd,0.8935686349868774
558c6735b6104bc98ca4b2db381640fe,00614d60b3544ba790dfd23dd53992e0,0.8931711912155151
6064cb0ed7d64bde866fe6ad42b6ede6,5c8a8b7a59c54b9aa7b7136fd91b5869,0.9306399822235107
6064cb0ed7d64bde866fe6ad42b6ede6,e9428816b054499298745b742f128f65,0.8923922777175903
6064cb0ed7d64bde866fe6ad42b6ede6,199647bd1328406c83c5a875154f97d9,0.8882417678833008
6064cb0ed7d64bde866fe6ad42b6ede6,da88fa5efc674368b593444ca950dff9,0.8874744176864624
6064cb0ed7d64bde866fe6ad42b6ede6,7bbe3c76bcc04d73969f920d43fcc67d,0.8855264782905579
6064cb0ed7d64bde866fe6ad42b6ede6,f91157bb8fca4a8e98db33591a76be9a,0.8816112279891968
6064cb0ed7d64bde866fe6ad42b6ede6,4c36aafaf38f4e9e9e09991737196fe1,0.8763203620910645
6064cb0ed7d64bde866fe6ad42b6ede6,3766b26b53874893ae48693880e1942c,0.8730278015136719
6064cb0ed7d64bde866fe6ad42b6ede6,74de04f31db94a99b757685c91779412,0.8718489408493042
6064cb0ed7d64bde866fe6ad42b6ede6,0eb119aabc884795a4768c6d3e677ea1,0.8714541792869568
cf344978d7a04303b41fa8b37a18c300,8fca2e4873e946f7a788af2b846cebd7,0.9866045117378235
cf344978d7a04303b41fa8b37a18c300,0eb119aabc884795a4768c6d3e677ea1,0.9121881723403931
cf344978d7a04303b41fa8b37a18c300,7e190e3c05d74e6b9f103e39142c1684,0.9120759963989258
cf344978d7a04303b41fa8b37a18c300,be8953cc364d46cebbcc2c2da2c348ab,0.9073977470397949
cf344978d7a04303b41fa8b37a18c300,b4dadb3ea3a04cc3932094471debce13,0.9055142402648926
cf344978d7a04303b41fa8b37a18c300,6c79712e67b54dd0a11d426a91207939,0.9030885696411133
cf344978d7a04303b41fa8b37a18c300,295d0d40791245ff838c73a2aa27d065,0.9014305472373962
cf344978d7a04303b41fa8b37a18c300,00614d60b3544ba790dfd23dd53992e0,0.8989578485488892
cf344978d7a04303b41fa8b37a18c300,cd6ce920d00e4d17a6cf04f9f7e550b7,0.8988221883773804
cf344978d7a04303b41fa8b37a18c300,5455e62f52ae4e03b2a5d0e8b9899506,0.897956907749176
e8f38f28c61d4444ba078fe27ebcbc24,9094e936e13641cc9bfcc7dc1408d86e,0.9873082041740417
e8f38f28c61d4444ba078fe27ebcbc24,d9b97376c5e44d8786f861a5788af644,0.9099963307380676
e8f38f28c61d4444ba078fe27ebcbc24,e343a998f4df4ac195c84e0fb571a393,0.9004669189453125
e8f38f28c61d4444ba078fe27ebcbc24,01930613ce7d4a5f90ccf78d1e92a55d,0.895488977432251
e8f38f28c61d4444ba078fe27ebcbc24,19593c97fef0474dbe6051e28338f1e9,0.8952743411064148
e8f38f28c61d4444ba078fe27ebcbc24,13cda6e8f2d948eeb5508288a172e76f,0.8939419984817505
e8f38f28c61d4444ba078fe27ebcbc24,e79ae27b52fa4d54aa37735fd275c66e,0.8930734395980835
e8f38f28c61d4444ba078fe27ebcbc24,52ee59901f3b4de884d7a6720538aed6,0.8928271532058716
e8f38f28c61d4444ba078fe27ebcbc24,3f1c2bb09c4e4400b6ba19542fafce18,0.8913754820823669
e8f38f28c61d4444ba078fe27ebcbc24,1099cb6f4fac4eb8a1fb6db50e18296b,0.8910906314849854
4ec003b24cdc4b138166c6b304000312,33e2a95109e647cbb4ba2687631b169a,0.9061489701271057
4ec003b24cdc4b138166c6b304000312,7326afe68eb64b63993b3dae022c645d,0.8951858282089233
4ec003b24cdc4b138166c6b304000312,cf290994a83e4909aec30077477b9d04,0.8914562463760376
4ec003b24cdc4b138166c6b304000312,5d5baf5ce88b4b529e28ab9c7c114148,0.8895455598831177
4ec003b24cdc4b138166c6b304000312,74de04f31db94a99b757685c91779412,0.8894519209861755
4ec003b24cdc4b138166c6b304000312,ef8c056ecb524439a48c881089537951,0.887859582901001
4ec003b24cdc4b138166c6b304000312,9bf3b77eb9874f5f9e006a9cff111ea9,0.8868505954742432
4ec003b24cdc4b138166c6b304000312,fbfaa119f55a477984e42d80498f54d3,0.8857618570327759
4ec003b24cdc4b138166c6b304000312,0a2c24dead204be9ae36be358e1223f9,0.8850306868553162
4ec003b24cdc4b138166c6b304000312,5c09482fc8dc45bdbf7919f00dd540e0,0.8843120336532593
7a0163f3c4484730b1f7324ebf67cd09,9094e936e13641cc9bfcc7dc1408d86e,0.9915845394134521
7a0163f3c4484730b1f7324ebf67cd09,d9b97376c5e44d8786f861a5788af644,0.9189191460609436
7a0163f3c4484730b1f7324ebf67cd09,e343a998f4df4ac195c84e0fb571a393,0.9039041996002197
7a0163f3c4484730b1f7324ebf67cd09,52ee59901f3b4de884d7a6720538aed6,0.9010583162307739
7a0163f3c4484730b1f7324ebf67cd09,1099cb6f4fac4eb8a1fb6db50e18296b,0.9010181427001953
7a0163f3c4484730b1f7324ebf67cd09,e79ae27b52fa4d54aa37735fd275c66e,0.9009438753128052
7a0163f3c4484730b1f7324ebf67cd09,0ecfdd96e0054841883acba75e83b232,0.8978359699249268
7a0163f3c4484730b1f7324ebf67cd09,14f4db886cca4104877ac7d1d7a64133,0.8978105783462524
7a0163f3c4484730b1f7324ebf67cd09,ad054da7e1704a53931a341173f0605f,0.8977697491645813
7a0163f3c4484730b1f7324ebf67cd09,3b37a4c34b6e4ca89a04da864e141422,0.8973554968833923
4950b6a47e8e44f8bbb0aac7868f4b36,4e7ee74be72a461fa02fa61bee62bdcc,0.9443495869636536
4950b6a47e8e44f8bbb0aac7868f4b36,e43d8e7bc32f406b9a692e2604f5b45a,0.8540669679641724
4950b6a47e8e44f8bbb0aac7868f4b36,e903085a3f944ad2a41c37306b4e6ab4,0.8517703413963318
4950b6a47e8e44f8bbb0aac7868f4b36,86f59bd78b424260b0cf356f2f9ae734,0.8267650604248047
4950b6a47e8e44f8bbb0aac7868f4b36,0d0973762130427eaa2ce9a7a34517db,0.8229233026504517
4950b6a47e8e44f8bbb0aac7868f4b36,07958f43551e459eb30638b632e3cd64,0.8209215998649597
4950b6a47e8e44f8bbb0aac7868f4b36,45e440d874a54bb591862ff441114cd3,0.8193997144699097
4950b6a47e8e44f8bbb0aac7868f4b36,039f8e63b273472d8f1d99d9a5de5cf5,0.818909764289856
4950b6a47e8e44f8bbb0aac7868f4b36,31cf7db26a3249c5a6205b005662ddcf,0.8176834583282471
4950b6a47e8e44f8bbb0aac7868f4b36,0a61f52258f643b6a6436a1ec234e197,0.8176332712173462
4c620d71caf444eb9f723cc29094dcc2,772cb9726861451d9972604da6f65c55,0.9850196838378906
4c620d71caf444eb9f723cc29094dcc2,cb2505b30d8a4dc086c353cf94424b6d,0.8888239860534668
4c620d71caf444eb9f723cc29094dcc2,059a284910e849efbbc7073b8681409f,0.8870226740837097
4c620d71caf444eb9f723cc29094dcc2,6c51b4f57ba0415f994756e944b11cee,0.8857568502426147
4c620d71caf444eb9f723cc29094dcc2,ff171f0b29974f78b0e81fee30abdd38,0.8828982710838318
4c620d71caf444eb9f723cc29094dcc2,8683a3ad55d84a78834fabe20cde5269,0.8794602751731873
4c620d71caf444eb9f723cc29094dcc2,8a464aa9e2ee45d0abc7ae6181cd1bda,0.8793089389801025
4c620d71caf444eb9f723cc29094dcc2,f32f4607b4714e378831f924c5e6084d,0.8761473894119263
4c620d71caf444eb9f723cc29094dcc2,b8995466f0eb4e7ba141e23216e8b974,0.8755308389663696
4c620d71caf444eb9f723cc29094dcc2,b8da01ceddcb45a491a288ddbc658e90,0.8751868009567261
1852c13dfd984c51bfb11e6364bf47ba,189a3b686ad14c24b5e1a495f76dd239,0.9891914129257202
1852c13dfd984c51bfb11e6364bf47ba,75801225047a4c019100660c13f1e0f1,0.8885083198547363
1852c13dfd984c51bfb11e6364bf47ba,f8856799293e49feab6368e794eb8b00,0.8854647874832153
1852c13dfd984c51bfb11e6364bf47ba,a9d82bb43410405ca21b44a5e82e22b6,0.8844584226608276
1852c13dfd984c51bfb11e6364bf47ba,b6c493a3666c4db193e86c79faf099ab,0.8804028034210205
1852c13dfd984c51bfb11e6364bf47ba,48c31b1e2ce94de8968fab433813fa91,0.8757600784301758
1852c13dfd984c51bfb11e6364bf47ba,f5a9583711fc4ff4a46e85c24886b234,0.8753045797348022
1852c13dfd984c51bfb11e6364bf47ba,7960902edf4b47d686f704441aa56b0e,0.8741850852966309
1852c13dfd984c51bfb11e6364bf47ba,de6ac628a786435f9925c8cc1d707d6b,0.8733837604522705
1852c13dfd984c51bfb11e6364bf47ba,e3854d75221c4e38879a6106bb5c1941,0.8713376522064209
0e088d9c189b42fba49c31c41949bba8,7aceed0dbea645b091207f4a53d879f2,0.9094852209091187
0e088d9c189b42fba49c31c41949bba8,e79ae27b52fa4d54aa37735fd275c66e,0.9045267701148987
0e088d9c189b42fba49c31c41949bba8,79721c9bb6a54ecdb3d0a0f4011762c1,0.8879361152648926
0e088d9c189b42fba49c31c41949bba8,342aaa81ed004635bbf9cbc2592cd7b6,0.8856393694877625
0e088d9c189b42fba49c31c41949bba8,b3a022950e444682a113cec5a0537f6a,0.8852076530456543
0e088d9c189b42fba49c31c41949bba8,01930613ce7d4a5f90ccf78d1e92a55d,0.8835080862045288
0e088d9c189b42fba49c31c41949bba8,eff24b01b2f5428baa4c3fef6cb40d41,0.8822929859161377
0e088d9c189b42fba49c31c41949bba8,1099cb6f4fac4eb8a1fb6db50e18296b,0.882276177406311
0e088d9c189b42fba49c31c41949bba8,baf841bad27c456c9de7227555ea3ef8,0.8812227249145508
0e088d9c189b42fba49c31c41949bba8,da61d9bc8f024a4aba18d5c3072b7838,0.8795413970947266
46422438d0644a1cb590332f27fe002e,bf789f42ccfc42c5a330a3f6e30ddb83,0.9634380340576172
46422438d0644a1cb590332f27fe002e,77cecb221149474896d9b2eb848bf150,0.9039657115936279
46422438d0644a1cb590332f27fe002e,0092d1d820c64646b8bee9fd14f77acf,0.9024841785430908
46422438d0644a1cb590332f27fe002e,84581d81d46d44bc99ffb8f871646a7a,0.9020024538040161
46422438d0644a1cb590332f27fe002e,97959d02a64f4a3fbbebe7cbece6c012,0.9005622863769531
46422438d0644a1cb590332f27fe002e,30f654c6e69e48888f9f42dd95ab3c77,0.9001939296722412
46422438d0644a1cb590332f27fe002e,eb21a4e2b7bd43efbdf0c365415e7fef,0.8992354869842529
46422438d0644a1cb590332f27fe002e,c1d504dfeded4b8bb3c07777b7c7abde,0.8965725898742676
46422438d0644a1cb590332f27fe002e,d9ac372330a4446886fa19bac0d19877,0.8955949544906616
46422438d0644a1cb590332f27fe002e,feb980ae999948ce9be0266b4ddc048d,0.8940359950065613
968aaed29a304ba7b1a1990450602307,37ae696e40dd42ebb4738722daa3c523,0.9746449589729309
968aaed29a304ba7b1a1990450602307,dd9e8283197b473d8ffd502561bdaaec,0.8850685358047485
968aaed29a304ba7b1a1990450602307,02e1d712f37e428c998f72e7a7eeb1e6,0.8642911314964294
968aaed29a304ba7b1a1990450602307,f7f600880b064920ab59b907d26aedc6,0.8621722459793091
968aaed29a304ba7b1a1990450602307,da61d9bc8f024a4aba18d5c3072b7838,0.8491789102554321
968aaed29a304ba7b1a1990450602307,2e7836ee5e5144f5b63e6629b969a362,0.8459442853927612
968aaed29a304ba7b1a1990450602307,99830b8da7c24f909914f7bb167f3ea6,0.837302565574646
968aaed29a304ba7b1a1990450602307,e511c40ca6324803b5021e47b4e777f8,0.833575427532196
968aaed29a304ba7b1a1990450602307,baf841bad27c456c9de7227555ea3ef8,0.8299991488456726
968aaed29a304ba7b1a1990450602307,e79ae27b52fa4d54aa37735fd275c66e,0.8264462947845459
f3e1733712aa449e916483279ed84027,bf789f42ccfc42c5a330a3f6e30ddb83,0.9693072438240051
f3e1733712aa449e916483279ed84027,84581d81d46d44bc99ffb8f871646a7a,0.9034208655357361
f3e1733712aa449e916483279ed84027,5537ddec608a4ec586ea068fa27547ca,0.8981894254684448
f3e1733712aa449e916483279ed84027,0092d1d820c64646b8bee9fd14f77acf,0.8959875106811523
f3e1733712aa449e916483279ed84027,c2a665cec90e46db8d2a74389beb4649,0.8956904411315918
f3e1733712aa449e916483279ed84027,eb21a4e2b7bd43efbdf0c365415e7fef,0.8954853415489197
f3e1733712aa449e916483279ed84027,30f654c6e69e48888f9f42dd95ab3c77,0.8946378231048584
f3e1733712aa449e916483279ed84027,93dc50abd35349f7923100dca2f41002,0.894573450088501
f3e1733712aa449e916483279ed84027,444fa28d9ed54c82a522699041eae592,0.8937406539916992
f3e1733712aa449e916483279ed84027,77cecb221149474896d9b2eb848bf150,0.893311619758606
4fa08d976269478fa124bfa62b83982f,66cba49431224a3788f914d6a80165e1,0.9783048629760742
4fa08d976269478fa124bfa62b83982f,67dd23cfd20f46dc82acc82c108a1dc6,0.9128391742706299
4fa08d976269478fa124bfa62b83982f,1f9cd7f2b7a14e2f8d490a104a56edcd,0.9101049900054932
4fa08d976269478fa124bfa62b83982f,26869cc099c44c4a86f6043476ab4890,0.9094363451004028
4fa08d976269478fa124bfa62b83982f,cc243eebbb2b44a581745865a60c423a,0.9081727266311646
4fa08d976269478fa124bfa62b83982f,82d68ea370f8451aa16ea08f4601245c,0.9073382019996643
4fa08d976269478fa124bfa62b83982f,41e657daa20545a588584578bdb4101c,0.906598687171936
4fa08d976269478fa124bfa62b83982f,02a3cd76ce534d188b4d5ac4778bd652,0.9048560857772827
4fa08d976269478fa124bfa62b83982f,19593c97fef0474dbe6051e28338f1e9,0.9036715626716614
4fa08d976269478fa124bfa62b83982f,35c5a560ecdc4d6a9d20f057ed1fa0e6,0.9019117951393127
d9a90abcdd1d474ba4dc176d544afc6e,66cba49431224a3788f914d6a80165e1,0.9924945831298828
d9a90abcdd1d474ba4dc176d544afc6e,67dd23cfd20f46dc82acc82c108a1dc6,0.9144407510757446
d9a90abcdd1d474ba4dc176d544afc6e,82d68ea370f8451aa16ea08f4601245c,0.9126790165901184
d9a90abcdd1d474ba4dc176d544afc6e,1f9cd7f2b7a14e2f8d490a104a56edcd,0.9125625491142273
d9a90abcdd1d474ba4dc176d544afc6e,19593c97fef0474dbe6051e28338f1e9,0.9109539985656738
d9a90abcdd1d474ba4dc176d544afc6e,41e657daa20545a588584578bdb4101c,0.9106031656265259
d9a90abcdd1d474ba4dc176d544afc6e,26869cc099c44c4a86f6043476ab4890,0.9069544076919556
d9a90abcdd1d474ba4dc176d544afc6e,cc243eebbb2b44a581745865a60c423a,0.9045815467834473
d9a90abcdd1d474ba4dc176d544afc6e,d9096650c434432c871effeca9acd5c6,0.9040801525115967
d9a90abcdd1d474ba4dc176d544afc6e,b277101390e1465685ef79bf3519f8d7,0.9033344984054565
a340c00c29c84c2e841e61bba8c9b67b,bc13c2b0221744a29a8ddf56aa015df9,0.9211914539337158
a340c00c29c84c2e841e61bba8c9b67b,66690895454847fea5a000202fbfab2e,0.9145777225494385
a340c00c29c84c2e841e61bba8c9b67b,ffc5805e29a74be0a55b40318aa321d7,0.9127058982849121
a340c00c29c84c2e841e61bba8c9b67b,9bf3b77eb9874f5f9e006a9cff111ea9,0.9094732403755188
a340c00c29c84c2e841e61bba8c9b67b,eff24b01b2f5428baa4c3fef6cb40d41,0.9077701568603516
a340c00c29c84c2e841e61bba8c9b67b,ffe2740eee8c49b39b2ce41f9983bcb4,0.9073615074157715
a340c00c29c84c2e841e61bba8c9b67b,da61d9bc8f024a4aba18d5c3072b7838,0.9049451351165771
a340c00c29c84c2e841e61bba8c9b67b,4a3d4daed4b24a1898551f0fd1ba44f1,0.9046584367752075
a340c00c29c84c2e841e61bba8c9b67b,250d411ae270441085be3501b7b55d86,0.9045411348342896
a340c00c29c84c2e841e61bba8c9b67b,ad054da7e1704a53931a341173f0605f,0.9039996862411499
ee8c72e038f140a5bc9cb4770711253a,ca0fe2dd97434e2ca7aecc38d4f1fcd9,0.9859991669654846
ee8c72e038f140a5bc9cb4770711253a,e343a998f4df4ac195c84e0fb571a393,0.9007737040519714
ee8c72e038f140a5bc9cb4770711253a,9948a890ef25479e834f70944cb42eae,0.888511061668396
ee8c72e038f140a5bc9cb4770711253a,7d5c0a2bfccf4255a43d9bd0f84a6d3a,0.8861091136932373
ee8c72e038f140a5bc9cb4770711253a,033f1514c78b49dd82148b94f6bcbeba,0.8846773505210876
ee8c72e038f140a5bc9cb4770711253a,a9573f188204436090fb4a5240e4eccd,0.883823037147522
ee8c72e038f140a5bc9cb4770711253a,9094e936e13641cc9bfcc7dc1408d86e,0.879692018032074
ee8c72e038f140a5bc9cb4770711253a,1578afd6ce694d46ab6e24f965f51fd6,0.8751637935638428
ee8c72e038f140a5bc9cb4770711253a,0ecfdd96e0054841883acba75e83b232,0.8737305998802185
ee8c72e038f140a5bc9cb4770711253a,01930613ce7d4a5f90ccf78d1e92a55d,0.8727091550827026
fcf7329cd9b742bd82f6e3c42cb5139d,1393dac7d34b4c34b1a8091a5bea3663,0.9278286695480347
fcf7329cd9b742bd82f6e3c42cb5139d,9bf3b77eb9874f5f9e006a9cff111ea9,0.9205648303031921
fcf7329cd9b742bd82f6e3c42cb5139d,79721c9bb6a54ecdb3d0a0f4011762c1,0.9204071760177612
fcf7329cd9b742bd82f6e3c42cb5139d,de6ac628a786435f9925c8cc1d707d6b,0.9178282618522644
fcf7329cd9b742bd82f6e3c42cb5139d,fadf133e0e684a24ac79b5fa9515bac2,0.9167459011077881
fcf7329cd9b742bd82f6e3c42cb5139d,1027a336232c4454a9c4ae450a562788,0.9148420095443726
fcf7329cd9b742bd82f6e3c42cb5139d,99830b8da7c24f909914f7bb167f3ea6,0.9134657382965088
fcf7329cd9b742bd82f6e3c42cb5139d,66690895454847fea5a000202fbfab2e,0.9126537442207336
fcf7329cd9b742bd82f6e3c42cb5139d,ad054da7e1704a53931a341173f0605f,0.9119752645492554
fcf7329cd9b742bd82f6e3c42cb5139d,4a3d4daed4b24a1898551f0fd1ba44f1,0.9102340340614319
1a24459300a447d3a68d04bf7b154891,99a52c93a3304ec18dab9206f98f2a8b,0.9796159267425537
1a24459300a447d3a68d04bf7b154891,4e4495962a9b4864882397042f1a2b3e,0.9248747825622559
1a24459300a447d3a68d04bf7b154891,8d595c7da42545c88052e7b213b6c97c,0.9200225472450256
1a24459300a447d3a68d04bf7b154891,bcfa4a4177d44d8b8cda17b7a23196b0,0.9184081554412842
1a24459300a447d3a68d04bf7b154891,ad42c467d0fe43dbb328073f9a16bc4d,0.9179197549819946
1a24459300a447d3a68d04bf7b154891,1232f20e710b448e8c0538b9e84dab1c,0.9164105653762817
1a24459300a447d3a68d04bf7b154891,3aaea7fa41fd43cdb88f8ef59062c5df,0.9157209992408752
1a24459300a447d3a68d04bf7b154891,df5ca61304074da1bec8f536ab50baf3,0.9144200086593628
1a24459300a447d3a68d04bf7b154891,17b5eb6fab65476f827dd355b4a20a55,0.9121840596199036
1a24459300a447d3a68d04bf7b154891,e1c63000ace94c1d9381d82389fe6afd,0.9103446006774902
37cd8f1e7c334f42965941e69fac45d7,f65c7f50929f431dbf31b441d87616d0,0.8807864189147949
37cd8f1e7c334f42965941e69fac45d7,b23a9c50eada4286a4f7ce8668b92db1,0.8778762817382812
37cd8f1e7c334f42965941e69fac45d7,c74557a980e2428a9ffcc245278df692,0.8750007152557373
37cd8f1e7c334f42965941e69fac45d7,7326afe68eb64b63993b3dae022c645d,0.8749260902404785
37cd8f1e7c334f42965941e69fac45d7,514537782f6549c488a1b932939b4128,0.8730100393295288
37cd8f1e7c334f42965941e69fac45d7,5537ddec608a4ec586ea068fa27547ca,0.872974157333374
37cd8f1e7c334f42965941e69fac45d7,e5a3c8867e44498d9182e8be934e0fce,0.8702337741851807
37cd8f1e7c334f42965941e69fac45d7,643fbbdd6b764ba9904a4ee67a86b9fd,0.8683651685714722
37cd8f1e7c334f42965941e69fac45d7,eafb3480db704d7baa8216ce857d1610,0.8671891689300537
37cd8f1e7c334f42965941e69fac45d7,9bf3b77eb9874f5f9e006a9cff111ea9,0.8670135140419006
e6c222899c8948ca8776d43041023512,b77d8b7bb0114c379139d280a9210e83,0.9839935898780823
e6c222899c8948ca8776d43041023512,1f3cf50fe1f947d8a56e02ebca441c4c,0.9361433982849121
e6c222899c8948ca8776d43041023512,3d3e8565d2f84e0cad5ae622f2909765,0.9307886362075806
e6c222899c8948ca8776d43041023512,43464ed6733f4642a0b90e7d995a5e40,0.9262666702270508
e6c222899c8948ca8776d43041023512,1d70bc69b2f84bef9aa5fb0d9917e38d,0.9234937429428101
e6c222899c8948ca8776d43041023512,97959d02a64f4a3fbbebe7cbece6c012,0.9200131893157959
e6c222899c8948ca8776d43041023512,8d595c7da42545c88052e7b213b6c97c,0.9192526340484619
e6c222899c8948ca8776d43041023512,7e190e3c05d74e6b9f103e39142c1684,0.9176028966903687
e6c222899c8948ca8776d43041023512,aa082284f9894b5aa210c179d59999b1,0.9161643981933594
e6c222899c8948ca8776d43041023512,17b5eb6fab65476f827dd355b4a20a55,0.9161312580108643
406a4cc04a7b4bf1bedba252a370170a,6c874292dbcc49ff8bb8bbe5643593a5,0.9605280160903931
406a4cc04a7b4bf1bedba252a370170a,eb21a4e2b7bd43efbdf0c365415e7fef,0.9207088947296143
406a4cc04a7b4bf1bedba252a370170a,8d595c7da42545c88052e7b213b6c97c,0.9143348932266235
406a4cc04a7b4bf1bedba252a370170a,1232f20e710b448e8c0538b9e84dab1c,0.9113997220993042
406a4cc04a7b4bf1bedba252a370170a,452d645d5bf4485185e996dcec9523e5,0.9102838039398193
406a4cc04a7b4bf1bedba252a370170a,44f41e6e6faa4facb0bb9a72205229f8,0.9070149660110474
406a4cc04a7b4bf1bedba252a370170a,f12e9e5805534d719f829332d1ea5d29,0.9067161083221436
406a4cc04a7b4bf1bedba252a370170a,9bf3b77eb9874f5f9e006a9cff111ea9,0.9061871767044067
406a4cc04a7b4bf1bedba252a370170a,97959d02a64f4a3fbbebe7cbece6c012,0.9061077833175659
406a4cc04a7b4bf1bedba252a370170a,52ee59901f3b4de884d7a6720538aed6,0.9044396877288818
9536a093de5c454f8107c944fdbc4de0,b77d8b7bb0114c379139d280a9210e83,0.949642539024353
9536a093de5c454f8107c944fdbc4de0,1f3cf50fe1f947d8a56e02ebca441c4c,0.9206231832504272
9536a093de5c454f8107c944fdbc4de0,41e657daa20545a588584578bdb4101c,0.9156216979026794
9536a093de5c454f8107c944fdbc4de0,70558882c04e46bd99d15e9786468418,0.9105100631713867
9536a093de5c454f8107c944fdbc4de0,6ea31a945d494834a3d243f1f90af02a,0.9095871448516846
9536a093de5c454f8107c944fdbc4de0,d445ccdb4cda497e9f0343a3298022d2,0.9082783460617065
9536a093de5c454f8107c944fdbc4de0,0971af4212484a958eb0f60f93d1dfe0,0.9072245955467224
9536a093de5c454f8107c944fdbc4de0,02a3cd76ce534d188b4d5ac4778bd652,0.9065473079681396
9536a093de5c454f8107c944fdbc4de0,cc243eebbb2b44a581745865a60c423a,0.9062421321868896
9536a093de5c454f8107c944fdbc4de0,daed5458403e49e3aea72f4bcc6dd224,0.9048121571540833
ee26c03d830d424ba086d493237a5c76,52ee59901f3b4de884d7a6720538aed6,0.914150595664978
ee26c03d830d424ba086d493237a5c76,6c874292dbcc49ff8bb8bbe5643593a5,0.912542998790741
ee26c03d830d424ba086d493237a5c76,ffc5805e29a74be0a55b40318aa321d7,0.908397912979126
ee26c03d830d424ba086d493237a5c76,e1c63000ace94c1d9381d82389fe6afd,0.9053148031234741
ee26c03d830d424ba086d493237a5c76,1232f20e710b448e8c0538b9e84dab1c,0.9006540775299072
ee26c03d830d424ba086d493237a5c76,b23a9c50eada4286a4f7ce8668b92db1,0.8977142572402954
ee26c03d830d424ba086d493237a5c76,7d0190486da540718e4dc4ca4bd1f573,0.8974729776382446
ee26c03d830d424ba086d493237a5c76,34b736136487439389c10cc6bd4e9f4e,0.8962117433547974
ee26c03d830d424ba086d493237a5c76,eb21a4e2b7bd43efbdf0c365415e7fef,0.8955473303794861
ee26c03d830d424ba086d493237a5c76,2c3599a1611644f4908562f8fb8870d3,0.8948026895523071
f3ab568e4b5948f9ac5e94ddaf848ef1,051d304b7139431fb3bff19b4e75aff7,0.9453573226928711
f3ab568e4b5948f9ac5e94ddaf848ef1,0bd1cce9370a461089e25393086800a8,0.8754103779792786
f3ab568e4b5948f9ac5e94ddaf848ef1,3f1c2bb09c4e4400b6ba19542fafce18,0.8618248105049133
f3ab568e4b5948f9ac5e94ddaf848ef1,6bedb2d6ace34e18811b7f1206b2d1b0,0.8575254678726196
f3ab568e4b5948f9ac5e94ddaf848ef1,4c67cc7a1ccc496db132636e3f4853a2,0.8529683351516724
f3ab568e4b5948f9ac5e94ddaf848ef1,5fc200cab89346658c9c91cce27e85fe,0.8522565364837646
f3ab568e4b5948f9ac5e94ddaf848ef1,77d8e01a914d4f4a8b87d407e0d741aa,0.8518826961517334
f3ab568e4b5948f9ac5e94ddaf848ef1,f2cfa68a47ce4a43a0fe1cc7dc860418,0.8516600728034973
f3ab568e4b5948f9ac5e94ddaf848ef1,27a67d3e76814297aebf64e03d14c336,0.8502949476242065
f3ab568e4b5948f9ac5e94ddaf848ef1,a055f8188384479a8bad418f7dffd9a5,0.849941611289978
72711fdab1134c6c884778196c514a78,dbf0926f9f344f1d88b114660db4d2eb,0.9907573461532593
72711fdab1134c6c884778196c514a78,5e44915237fc4445b54b037e1c4e29a4,0.911349892616272
72711fdab1134c6c884778196c514a78,c1def54262224e23acf67a9870725ce5,0.8840874433517456
72711fdab1134c6c884778196c514a78,6f8d80f8673144dfa7a4e09190442ab3,0.8833828568458557
72711fdab1134c6c884778196c514a78,059a284910e849efbbc7073b8681409f,0.8833274245262146
72711fdab1134c6c884778196c514a78,8683a3ad55d84a78834fabe20cde5269,0.8822655081748962
72711fdab1134c6c884778196c514a78,d476be2399b7424a88d242b771c32041,0.8804479837417603
72711fdab1134c6c884778196c514a78,6b7b5d28293d4a5a8075f7f7dd231ddb,0.8788367509841919
72711fdab1134c6c884778196c514a78,772cb9726861451d9972604da6f65c55,0.8787227272987366
72711fdab1134c6c884778196c514a78,71c1a8479b194efca65b44fb7f327afb,0.8772015571594238
b40b5c9909d84456806fed5c7fb41ff3,051d304b7139431fb3bff19b4e75aff7,0.9583657383918762
b40b5c9909d84456806fed5c7fb41ff3,6bedb2d6ace34e18811b7f1206b2d1b0,0.8880894184112549
b40b5c9909d84456806fed5c7fb41ff3,3f1c2bb09c4e4400b6ba19542fafce18,0.8837423324584961
b40b5c9909d84456806fed5c7fb41ff3,5fc200cab89346658c9c91cce27e85fe,0.8820581436157227
b40b5c9909d84456806fed5c7fb41ff3,0bd1cce9370a461089e25393086800a8,0.8802698850631714
b40b5c9909d84456806fed5c7fb41ff3,a055f8188384479a8bad418f7dffd9a5,0.8764005899429321
b40b5c9909d84456806fed5c7fb41ff3,9bf3b77eb9874f5f9e006a9cff111ea9,0.8718258738517761
b40b5c9909d84456806fed5c7fb41ff3,27a67d3e76814297aebf64e03d14c336,0.8716670274734497
b40b5c9909d84456806fed5c7fb41ff3,076e2669c305401fb3afcfafdd6c79c7,0.8672317862510681
b40b5c9909d84456806fed5c7fb41ff3,de1102228a324428989533278cd482f6,0.8667675256729126
4fd6e570dc5a4e03bbe54c468c9a570c,f37d285ad0de42f0b1546d0d1acfb221,0.8835885524749756
4fd6e570dc5a4e03bbe54c468c9a570c,c1def54262224e23acf67a9870725ce5,0.8835867047309875
4fd6e570dc5a4e03bbe54c468c9a570c,ad42c467d0fe43dbb328073f9a16bc4d,0.8821628093719482
4fd6e570dc5a4e03bbe54c468c9a570c,105ad424733e4cffa7c474b51e3980aa,0.879709780216217
4fd6e570dc5a4e03bbe54c468c9a570c,99a52c93a3304ec18dab9206f98f2a8b,0.8768832683563232
4fd6e570dc5a4e03bbe54c468c9a570c,17b5eb6fab65476f827dd355b4a20a55,0.8754673004150391
4fd6e570dc5a4e03bbe54c468c9a570c,7fe9e665bf41491c9788941aa2894a10,0.8743165731430054
4fd6e570dc5a4e03bbe54c468c9a570c,9909a671f7414c19b2727e7d4d4dcf1b,0.8730699419975281
4fd6e570dc5a4e03bbe54c468c9a570c,ff171f0b29974f78b0e81fee30abdd38,0.8713010549545288
4fd6e570dc5a4e03bbe54c468c9a570c,7627d5e28ba74cbeaf9225e88a7a44cc,0.8711643218994141
af888c70b0554578b1511b9ccc3a13af,6ea31a945d494834a3d243f1f90af02a,0.8903312683105469
af888c70b0554578b1511b9ccc3a13af,9daaefe080b34656a0c7a54d2d6a1713,0.8886738419532776
af888c70b0554578b1511b9ccc3a13af,1f3cf50fe1f947d8a56e02ebca441c4c,0.8876031041145325
af888c70b0554578b1511b9ccc3a13af,f0084465b2e646c9a53d9dc766067d9b,0.8875980377197266
af888c70b0554578b1511b9ccc3a13af,e0ff5d4ae0ec4871a49041d550cdcaa9,0.8874644041061401
af888c70b0554578b1511b9ccc3a13af,9460474d89704a68aaa6ccb62310ae3d,0.8871226906776428
af888c70b0554578b1511b9ccc3a13af,039f8e63b273472d8f1d99d9a5de5cf5,0.886734127998352
af888c70b0554578b1511b9ccc3a13af,7199f2fe77824236a392e1f00a5bdfc3,0.886250376701355
af888c70b0554578b1511b9ccc3a13af,8dfbb6a204a0441492c35baca6190969,0.8855317831039429
af888c70b0554578b1511b9ccc3a13af,0971af4212484a958eb0f60f93d1dfe0,0.8846435546875
47b057e77a1148e08d82607a8ba8b64b,e8f18e4bdf054390a1768978dca8e430,0.9413071274757385
47b057e77a1148e08d82607a8ba8b64b,bf789f42ccfc42c5a330a3f6e30ddb83,0.901035726070404
47b057e77a1148e08d82607a8ba8b64b,97959d02a64f4a3fbbebe7cbece6c012,0.893940806388855
47b057e77a1148e08d82607a8ba8b64b,039f8e63b273472d8f1d99d9a5de5cf5,0.8879433870315552
47b057e77a1148e08d82607a8ba8b64b,d9ac372330a4446886fa19bac0d19877,0.886499285697937
47b057e77a1148e08d82607a8ba8b64b,bcfa4a4177d44d8b8cda17b7a23196b0,0.8859703540802002
47b057e77a1148e08d82607a8ba8b64b,30f654c6e69e48888f9f42dd95ab3c77,0.8849045038223267
47b057e77a1148e08d82607a8ba8b64b,77ce0587a12b46bab8814225ba86753e,0.8834974765777588
47b057e77a1148e08d82607a8ba8b64b,0a2c24dead204be9ae36be358e1223f9,0.8832893371582031
47b057e77a1148e08d82607a8ba8b64b,07958f43551e459eb30638b632e3cd64,0.8831524848937988
d004772f2bcb4290817f8a5eaf8e089e,9909a671f7414c19b2727e7d4d4dcf1b,0.9764631986618042
d004772f2bcb4290817f8a5eaf8e089e,ab57f83304bc4005998bbd6bc063fb4f,0.8947579860687256
d004772f2bcb4290817f8a5eaf8e089e,eee7f32249c5452ea36c8ed3a3540010,0.8930579423904419
d004772f2bcb4290817f8a5eaf8e089e,db0c3a952e454b90aa4a68feb6a50e87,0.8800172209739685
d004772f2bcb4290817f8a5eaf8e089e,d361a9e414fb41c1a605200d9cbba496,0.8792688250541687
d004772f2bcb4290817f8a5eaf8e089e,059a284910e849efbbc7073b8681409f,0.8730176687240601
d004772f2bcb4290817f8a5eaf8e089e,22d9d5ad33e947fd857c5c4a8b7dfae1,0.8704826831817627
d004772f2bcb4290817f8a5eaf8e089e,eafb3480db704d7baa8216ce857d1610,0.8692106008529663
d004772f2bcb4290817f8a5eaf8e089e,c1d504dfeded4b8bb3c07777b7c7abde,0.8682287931442261
d004772f2bcb4290817f8a5eaf8e089e,7d0190486da540718e4dc4ca4bd1f573,0.8670661449432373
c5cd895ffe7143f7b76b9704dd73a0e1,e8c8742459dc48a49080bf0e5b3fdee0,0.9939635992050171
c5cd895ffe7143f7b76b9704dd73a0e1,8a9dc60359ba49cd8ac170cfb4ac3913,0.9163399934768677
c5cd895ffe7143f7b76b9704dd73a0e1,f6061b71031b4ddb9384f86c103690a4,0.9159878492355347
c5cd895ffe7143f7b76b9704dd73a0e1,033f1514c78b49dd82148b94f6bcbeba,0.9140160083770752
c5cd895ffe7143f7b76b9704dd73a0e1,15b7b988bba143989cfd98d5c6c4d203,0.903201699256897
c5cd895ffe7143f7b76b9704dd73a0e1,03df72bcf3504272a27f4bbaea89118a,0.903039813041687
c5cd895ffe7143f7b76b9704dd73a0e1,67dd23cfd20f46dc82acc82c108a1dc6,0.8931949734687805
c5cd895ffe7143f7b76b9704dd73a0e1,570f08ce2a1a47978eab16bf7ad16a68,0.8928796648979187
c5cd895ffe7143f7b76b9704dd73a0e1,39a08a87897f47d3bdbbdc5ed8c9cd7f,0.8919740319252014
c5cd895ffe7143f7b76b9704dd73a0e1,9bf3b77eb9874f5f9e006a9cff111ea9,0.8912997245788574
4fdf4fbcd0c942659a768bc44c26e36b,27a67d3e76814297aebf64e03d14c336,0.9679135680198669
4fdf4fbcd0c942659a768bc44c26e36b,4a3d4daed4b24a1898551f0fd1ba44f1,0.9101262092590332
4fdf4fbcd0c942659a768bc44c26e36b,7dd5e88dfdd24cafab2c765939757354,0.9045116901397705
4fdf4fbcd0c942659a768bc44c26e36b,9bf3b77eb9874f5f9e006a9cff111ea9,0.9041594862937927
4fdf4fbcd0c942659a768bc44c26e36b,23a16d69ffe848d593a4808907d8aa98,0.9035975337028503
4fdf4fbcd0c942659a768bc44c26e36b,434551fdf9e443ed91679a9557ae6fd5,0.9035319089889526
4fdf4fbcd0c942659a768bc44c26e36b,f91157bb8fca4a8e98db33591a76be9a,0.9029830694198608
4fdf4fbcd0c942659a768bc44c26e36b,c750a2994555414790abb3281572bb42,0.901480495929718
4fdf4fbcd0c942659a768bc44c26e36b,249c2d8d8d2345c6990b3c4d94385b5a,0.8990325927734375
4fdf4fbcd0c942659a768bc44c26e36b,da61e0de396149208c9ebd0fd6d7415d,0.8958566188812256
e713b8481db84ce48754efe4036cb367,27a67d3e76814297aebf64e03d14c336,0.9417505860328674
e713b8481db84ce48754efe4036cb367,4a3d4daed4b24a1898551f0fd1ba44f1,0.9214626550674438
e713b8481db84ce48754efe4036cb367,9bf3b77eb9874f5f9e006a9cff111ea9,0.9153413772583008
e713b8481db84ce48754efe4036cb367,52ee59901f3b4de884d7a6720538aed6,0.9093000888824463
e713b8481db84ce48754efe4036cb367,e511c40ca6324803b5021e47b4e777f8,0.9074528813362122
e713b8481db84ce48754efe4036cb367,599feb1e512c43ad8c0a1845922acf78,0.905770480632782
e713b8481db84ce48754efe4036cb367,23a16d69ffe848d593a4808907d8aa98,0.904876708984375
e713b8481db84ce48754efe4036cb367,fadf133e0e684a24ac79b5fa9515bac2,0.9041972160339355
e713b8481db84ce48754efe4036cb367,6866efc8987a4ec8b04b7abd28fb5777,0.9033007621765137
e713b8481db84ce48754efe4036cb367,434551fdf9e443ed91679a9557ae6fd5,0.9027130603790283
2c6a9ad5618343c3af68eb2b03c705ca,4c293487c809486585d65ed10b2cb1e4,0.9558230042457581
2c6a9ad5618343c3af68eb2b03c705ca,eafb3480db704d7baa8216ce857d1610,0.8958903551101685
2c6a9ad5618343c3af68eb2b03c705ca,097f2ce3b88c4d008488b9908076497e,0.8915470838546753
2c6a9ad5618343c3af68eb2b03c705ca,3f23eafbd9cc4e209aca631fd6fc9dfd,0.8887646198272705
2c6a9ad5618343c3af68eb2b03c705ca,eeb3b60f34af40de850e065b475d8180,0.8827491998672485
2c6a9ad5618343c3af68eb2b03c705ca,0cdb0f32850f4585a16de4886462bbe0,0.8801243901252747
2c6a9ad5618343c3af68eb2b03c705ca,361f2b7f3f044907b3a331872fb18755,0.8783161044120789
2c6a9ad5618343c3af68eb2b03c705ca,199647bd1328406c83c5a875154f97d9,0.8782976865768433
2c6a9ad5618343c3af68eb2b03c705ca,ccb62901750b4d13a922fc161b607f83,0.8761918544769287
2c6a9ad5618343c3af68eb2b03c705ca,04d24d1cf42b4f7787d8d300cbad6d50,0.8734528422355652
a140cb170b604376817a046b5c07af44,67984873125e4a0f9562179c906d1b0f,0.9251466989517212
a140cb170b604376817a046b5c07af44,26869cc099c44c4a86f6043476ab4890,0.9096912145614624
a140cb170b604376817a046b5c07af44,6866efc8987a4ec8b04b7abd28fb5777,0.9018542766571045
a140cb170b604376817a046b5c07af44,ca544e6629b14e8fab5f7cb40d1ac88e,0.8994839191436768
a140cb170b604376817a046b5c07af44,bbdf9065122d499d9d8f80ad3e0ef6f3,0.8965999484062195
a140cb170b604376817a046b5c07af44,530b37164090408dbab4e6da51111b8a,0.8939758539199829
a140cb170b604376817a046b5c07af44,0b57f893483647c3aed811775a4c4c04,0.8928025364875793
a140cb170b604376817a046b5c07af44,b277101390e1465685ef79bf3519f8d7,0.8927019834518433
a140cb170b604376817a046b5c07af44,c713a0ca69864ee7b240069c98dc44dc,0.8911964297294617
a140cb170b604376817a046b5c07af44,41e657daa20545a588584578bdb4101c,0.8905677795410156
0b381fa026434777872d3b9ac3c227cd,e2769c67dadd4c988f7ccf249a998a56,0.9781022071838379
0b381fa026434777872d3b9ac3c227cd,43464ed6733f4642a0b90e7d995a5e40,0.9182022213935852
0b381fa026434777872d3b9ac3c227cd,82d68ea370f8451aa16ea08f4601245c,0.9171428680419922
0b381fa026434777872d3b9ac3c227cd,66f4c650b7ca48f1bc27f9daff8d312a,0.9161672592163086
0b381fa026434777872d3b9ac3c227cd,384b14b18c3c43b1a4dc1aa2f661e076,0.9065317511558533
0b381fa026434777872d3b9ac3c227cd,b702b2b61ce048c6bf5af3c4dca18b1a,0.9039477109909058
0b381fa026434777872d3b9ac3c227cd,e96fae6d607246b18b8494aabe521036,0.9035336971282959
0b381fa026434777872d3b9ac3c227cd,51c6049a18b84ee381d0512e40b67c0e,0.9008520245552063
0b381fa026434777872d3b9ac3c227cd,e0d8aee46b1d4d998858cd05027251b6,0.8981668949127197
0b381fa026434777872d3b9ac3c227cd,29088685e31a4d86b60b514e98117361,0.8943899869918823
125d9c4bb335433bb1a04d677002207c,664da77d25e74df693eaad44a5e7617f,0.9150457382202148
125d9c4bb335433bb1a04d677002207c,e511c40ca6324803b5021e47b4e777f8,0.8971364498138428
125d9c4bb335433bb1a04d677002207c,29fb30a75c57451a85f310aa6423a662,0.8937526345252991
125d9c4bb335433bb1a04d677002207c,66690895454847fea5a000202fbfab2e,0.8843464255332947
125d9c4bb335433bb1a04d677002207c,f8e7f9688fd546829da579434180ffee,0.8766869902610779
125d9c4bb335433bb1a04d677002207c,9bf3b77eb9874f5f9e006a9cff111ea9,0.8731886744499207
125d9c4bb335433bb1a04d677002207c,2c3599a1611644f4908562f8fb8870d3,0.8731351494789124
125d9c4bb335433bb1a04d677002207c,23a16d69ffe848d593a4808907d8aa98,0.8716956973075867
125d9c4bb335433bb1a04d677002207c,cf7476d6c96b4dcdb6f025b9291eb62b,0.8710852861404419
125d9c4bb335433bb1a04d677002207c,599feb1e512c43ad8c0a1845922acf78,0.870172381401062
dc06b2fc4efd4a42ae957e86afc762c4,59e4dcf2794943b18fb902a6eb475ff8,0.9524517059326172
dc06b2fc4efd4a42ae957e86afc762c4,29fb30a75c57451a85f310aa6423a662,0.8860069513320923
dc06b2fc4efd4a42ae957e86afc762c4,664da77d25e74df693eaad44a5e7617f,0.882905125617981
dc06b2fc4efd4a42ae957e86afc762c4,9bf3b77eb9874f5f9e006a9cff111ea9,0.8761637806892395
dc06b2fc4efd4a42ae957e86afc762c4,a9573f188204436090fb4a5240e4eccd,0.8743805885314941
dc06b2fc4efd4a42ae957e86afc762c4,5cf392f15360460bae6a6b0182bb99b9,0.8723474740982056
dc06b2fc4efd4a42ae957e86afc762c4,6bedb2d6ace34e18811b7f1206b2d1b0,0.8706628084182739
dc06b2fc4efd4a42ae957e86afc762c4,6732de8994744decbb3306c74aaa7882,0.8696585893630981
dc06b2fc4efd4a42ae957e86afc762c4,e12ad1ce8e7940a999b9a4f91a95fab7,0.8694442510604858
dc06b2fc4efd4a42ae957e86afc762c4,e5a3c8867e44498d9182e8be934e0fce,0.8693035244941711
ee46cf904fbc4ddfae1da60297817b48,03df72bcf3504272a27f4bbaea89118a,0.9787567257881165
ee46cf904fbc4ddfae1da60297817b48,e8c8742459dc48a49080bf0e5b3fdee0,0.9055986404418945
ee46cf904fbc4ddfae1da60297817b48,211ef3181e524685866fb8574d9bf456,0.9019261002540588
ee46cf904fbc4ddfae1da60297817b48,033f1514c78b49dd82148b94f6bcbeba,0.8985549211502075
ee46cf904fbc4ddfae1da60297817b48,8a9dc60359ba49cd8ac170cfb4ac3913,0.8947956562042236
ee46cf904fbc4ddfae1da60297817b48,15b7b988bba143989cfd98d5c6c4d203,0.8932062983512878
ee46cf904fbc4ddfae1da60297817b48,570f08ce2a1a47978eab16bf7ad16a68,0.890774130821228
ee46cf904fbc4ddfae1da60297817b48,64fc9fe3c8d5424ebc005e5cf4a608db,0.8900900483131409
ee46cf904fbc4ddfae1da60297817b48,016e634d566b49c199d07357aae9bf33,0.8873342871665955
ee46cf904fbc4ddfae1da60297817b48,67dd23cfd20f46dc82acc82c108a1dc6,0.8837454319000244
2d078fc2891f4628914aa44ba8603a04,59e4dcf2794943b18fb902a6eb475ff8,0.9496451616287231
2d078fc2891f4628914aa44ba8603a04,e12ad1ce8e7940a999b9a4f91a95fab7,0.8841986060142517
2d078fc2891f4628914aa44ba8603a04,a9573f188204436090fb4a5240e4eccd,0.8834198713302612
2d078fc2891f4628914aa44ba8603a04,31f80e4c87164e2893375ec7e73b372e,0.8815913796424866
2d078fc2891f4628914aa44ba8603a04,9bf3b77eb9874f5f9e006a9cff111ea9,0.8815649151802063
2d078fc2891f4628914aa44ba8603a04,664da77d25e74df693eaad44a5e7617f,0.8810045719146729
2d078fc2891f4628914aa44ba8603a04,6732de8994744decbb3306c74aaa7882,0.87965989112854
2d078fc2891f4628914aa44ba8603a04,6bedb2d6ace34e18811b7f1206b2d1b0,0.8786661624908447
2d078fc2891f4628914aa44ba8603a04,5e44915237fc4445b54b037e1c4e29a4,0.8781695365905762
2d078fc2891f4628914aa44ba8603a04,3c0f3b44c0844df49b5898406fe9195a,0.8772887587547302
e394d55c1e79420f832b2aabb8a96d39,03df72bcf3504272a27f4bbaea89118a,0.9501919746398926
e394d55c1e79420f832b2aabb8a96d39,211ef3181e524685866fb8574d9bf456,0.9169938564300537
e394d55c1e79420f832b2aabb8a96d39,f6061b71031b4ddb9384f86c103690a4,0.9040731191635132
e394d55c1e79420f832b2aabb8a96d39,e8c8742459dc48a49080bf0e5b3fdee0,0.9008036255836487
e394d55c1e79420f832b2aabb8a96d39,64fc9fe3c8d5424ebc005e5cf4a608db,0.8973931074142456
e394d55c1e79420f832b2aabb8a96d39,67dd23cfd20f46dc82acc82c108a1dc6,0.8928124308586121
e394d55c1e79420f832b2aabb8a96d39,016e634d566b49c199d07357aae9bf33,0.8892788290977478
e394d55c1e79420f832b2aabb8a96d39,aa082284f9894b5aa210c179d59999b1,0.8862277865409851
e394d55c1e79420f832b2aabb8a96d39,8a9dc60359ba49cd8ac170cfb4ac3913,0.8832077383995056
e394d55c1e79420f832b2aabb8a96d39,31cf7db26a3249c5a6205b005662ddcf,0.8825070858001709
946d71a18f264ed887f55c1a9a2ffc4d,26b18153216b48d793b75598ddb54d77,0.9793640375137329
946d71a18f264ed887f55c1a9a2ffc4d,384b14b18c3c43b1a4dc1aa2f661e076,0.9063363075256348
946d71a18f264ed887f55c1a9a2ffc4d,f464960d2dbc43c0970c60600bd7f1cd,0.9018757939338684
946d71a18f264ed887f55c1a9a2ffc4d,7e190e3c05d74e6b9f103e39142c1684,0.9016776084899902
946d71a18f264ed887f55c1a9a2ffc4d,e2e0c8c96aff4c00896ac6986bbb20c2,0.9010782241821289
946d71a18f264ed887f55c1a9a2ffc4d,be8953cc364d46cebbcc2c2da2c348ab,0.9005343914031982
946d71a18f264ed887f55c1a9a2ffc4d,a2612682d9854a30a7684c91c8619ec9,0.8993871212005615
946d71a18f264ed887f55c1a9a2ffc4d,f335a944a27a4504a82ecf70c2d4a5e4,0.8972678184509277
946d71a18f264ed887f55c1a9a2ffc4d,6c79712e67b54dd0a11d426a91207939,0.8956963419914246
946d71a18f264ed887f55c1a9a2ffc4d,00614d60b3544ba790dfd23dd53992e0,0.8937282562255859
e89b67fc618f4ccc84877eb31c645e09,26b18153216b48d793b75598ddb54d77,0.9814355373382568
e89b67fc618f4ccc84877eb31c645e09,384b14b18c3c43b1a4dc1aa2f661e076,0.9100075960159302
e89b67fc618f4ccc84877eb31c645e09,e2e0c8c96aff4c00896ac6986bbb20c2,0.9033687114715576
e89b67fc618f4ccc84877eb31c645e09,be8953cc364d46cebbcc2c2da2c348ab,0.9032159447669983
e89b67fc618f4ccc84877eb31c645e09,feb980ae999948ce9be0266b4ddc048d,0.8998481035232544
e89b67fc618f4ccc84877eb31c645e09,f464960d2dbc43c0970c60600bd7f1cd,0.8993046283721924
e89b67fc618f4ccc84877eb31c645e09,a2612682d9854a30a7684c91c8619ec9,0.8992239236831665
e89b67fc618f4ccc84877eb31c645e09,1d70bc69b2f84bef9aa5fb0d9917e38d,0.8986209630966187
e89b67fc618f4ccc84877eb31c645e09,7e190e3c05d74e6b9f103e39142c1684,0.8975576758384705
e89b67fc618f4ccc84877eb31c645e09,63eab812f3254cccb9631b09725aec3d,0.8972669839859009
bc267c43ca1f44febd9e7093727ef543,4a7fa5a1bafe4b6995e2920444ac07c4,0.9654289484024048
bc267c43ca1f44febd9e7093727ef543,5455e62f52ae4e03b2a5d0e8b9899506,0.9218668937683105
bc267c43ca1f44febd9e7093727ef543,bbdf9065122d499d9d8f80ad3e0ef6f3,0.9172026515007019
bc267c43ca1f44febd9e7093727ef543,88353d1136d24836816b073de62e5f50,0.9166626334190369
bc267c43ca1f44febd9e7093727ef543,0daf8d5687b54d158f7f752884c42334,0.9166143536567688
bc267c43ca1f44febd9e7093727ef543,50a2129b83404b94889a01f4688ebafd,0.9127140045166016
bc267c43ca1f44febd9e7093727ef543,a5d5fb459a1844088e93ae557ab34afe,0.9124689102172852
bc267c43ca1f44febd9e7093727ef543,295d0d40791245ff838c73a2aa27d065,0.9115407466888428
bc267c43ca1f44febd9e7093727ef543,0842a796c09b4089933a4f27e4e5e3bc,0.9103142023086548
bc267c43ca1f44febd9e7093727ef543,3aa003c1e31b476e999c3a808a1d5dc6,0.9088229537010193
01ac8202a1f44b648edeaa48d9b3be1c,4a7fa5a1bafe4b6995e2920444ac07c4,0.9859934449195862
01ac8202a1f44b648edeaa48d9b3be1c,5455e62f52ae4e03b2a5d0e8b9899506,0.9257948994636536
01ac8202a1f44b648edeaa48d9b3be1c,88353d1136d24836816b073de62e5f50,0.9206758737564087
01ac8202a1f44b648edeaa48d9b3be1c,35c5a560ecdc4d6a9d20f057ed1fa0e6,0.9201318025588989
01ac8202a1f44b648edeaa48d9b3be1c,0daf8d5687b54d158f7f752884c42334,0.9198872447013855
01ac8202a1f44b648edeaa48d9b3be1c,0842a796c09b4089933a4f27e4e5e3bc,0.9195480346679688
01ac8202a1f44b648edeaa48d9b3be1c,a5d5fb459a1844088e93ae557ab34afe,0.9189453721046448
01ac8202a1f44b648edeaa48d9b3be1c,b6c493a3666c4db193e86c79faf099ab,0.9149743318557739
01ac8202a1f44b648edeaa48d9b3be1c,cdd73e0289aa4e2b87cd14e6ff5bd75e,0.9147291779518127
01ac8202a1f44b648edeaa48d9b3be1c,5fc200cab89346658c9c91cce27e85fe,0.914527416229248
3f6590287d024cde9a430ca74bf005c7,8a464aa9e2ee45d0abc7ae6181cd1bda,0.9484617710113525
3f6590287d024cde9a430ca74bf005c7,71c1a8479b194efca65b44fb7f327afb,0.8841795921325684
3f6590287d024cde9a430ca74bf005c7,77ce0587a12b46bab8814225ba86753e,0.8786474466323853
3f6590287d024cde9a430ca74bf005c7,452d645d5bf4485185e996dcec9523e5,0.8783371448516846
3f6590287d024cde9a430ca74bf005c7,7dd5e88dfdd24cafab2c765939757354,0.8750118017196655
3f6590287d024cde9a430ca74bf005c7,1419b2c686f44896a0ae2a43e93b5402,0.8734132051467896
3f6590287d024cde9a430ca74bf005c7,e86a0aae846a4e44bf967ab4972c977c,0.8714614510536194
3f6590287d024cde9a430ca74bf005c7,ff171f0b29974f78b0e81fee30abdd38,0.8709006309509277
3f6590287d024cde9a430ca74bf005c7,d445ccdb4cda497e9f0343a3298022d2,0.8678942918777466
3f6590287d024cde9a430ca74bf005c7,039f8e63b273472d8f1d99d9a5de5cf5,0.8675644993782043
c293e0f7c0da40049992e9ce791370db,2939ef012c5c4a1b94b49df9469dfb3c,0.9307167530059814
c293e0f7c0da40049992e9ce791370db,e22e1ad3c1fc4493bcb7c9b923566ff7,0.8726034164428711
c293e0f7c0da40049992e9ce791370db,2c3599a1611644f4908562f8fb8870d3,0.8670893907546997
c293e0f7c0da40049992e9ce791370db,1232f20e710b448e8c0538b9e84dab1c,0.8654881715774536
c293e0f7c0da40049992e9ce791370db,7d3d751215194e649a03457226f599d7,0.8638944029808044
c293e0f7c0da40049992e9ce791370db,57430214baf045cb92fa3b3b70a4ca3f,0.8625916242599487
c293e0f7c0da40049992e9ce791370db,7e8a4a43e2f84dbb88e41cb24b3fe79f,0.8617559671401978
c293e0f7c0da40049992e9ce791370db,9bf3b77eb9874f5f9e006a9cff111ea9,0.8615351915359497
c293e0f7c0da40049992e9ce791370db,8228c9eb29a542ba98c8b9b854eadaa4,0.8606795072555542
c293e0f7c0da40049992e9ce791370db,91f9f8576e5142a49926bd623b0bc19c,0.8575984239578247
30cf83c6a107496a894c8ee50f9b6941,2939ef012c5c4a1b94b49df9469dfb3c,0.9256374835968018
30cf83c6a107496a894c8ee50f9b6941,9bf3b77eb9874f5f9e006a9cff111ea9,0.8894469141960144
30cf83c6a107496a894c8ee50f9b6941,6732de8994744decbb3306c74aaa7882,0.8844997882843018
30cf83c6a107496a894c8ee50f9b6941,72a7e2ce22d045efbdbbab9c68f5d026,0.8837809562683105
30cf83c6a107496a894c8ee50f9b6941,91f9f8576e5142a49926bd623b0bc19c,0.8837331533432007
30cf83c6a107496a894c8ee50f9b6941,8350ea8cd6514c2c8d7b625abe7e895b,0.8831151127815247
30cf83c6a107496a894c8ee50f9b6941,ee89670285c74e27aa174dadf39fbca7,0.8825199604034424
30cf83c6a107496a894c8ee50f9b6941,8fdee0611965465eb45387b8c39f4136,0.8824748396873474
30cf83c6a107496a894c8ee50f9b6941,e22e1ad3c1fc4493bcb7c9b923566ff7,0.8822057247161865
30cf83c6a107496a894c8ee50f9b6941,b585a2970e9f421da236241f603883f2,0.8821336030960083
0cf92dcb9bc94f0697e76d4ccdd96aea,8a464aa9e2ee45d0abc7ae6181cd1bda,0.9843500256538391
0cf92dcb9bc94f0697e76d4ccdd96aea,77ce0587a12b46bab8814225ba86753e,0.9034901261329651
0cf92dcb9bc94f0697e76d4ccdd96aea,71c1a8479b194efca65b44fb7f327afb,0.9020675420761108
0cf92dcb9bc94f0697e76d4ccdd96aea,452d645d5bf4485185e996dcec9523e5,0.9015514850616455
0cf92dcb9bc94f0697e76d4ccdd96aea,1419b2c686f44896a0ae2a43e93b5402,0.9013926982879639
0cf92dcb9bc94f0697e76d4ccdd96aea,cb2505b30d8a4dc086c353cf94424b6d,0.8993836641311646
0cf92dcb9bc94f0697e76d4ccdd96aea,6fc7a2cf0684475a82f6ff9be2c8e850,0.8974413871765137
0cf92dcb9bc94f0697e76d4ccdd96aea,98fbdf945d0c4206a48a4f7260e56017,0.8967680931091309
0cf92dcb9bc94f0697e76d4ccdd96aea,8683a3ad55d84a78834fabe20cde5269,0.8946940302848816
0cf92dcb9bc94f0697e76d4ccdd96aea,6b4676aba2a746b3ab778315afc8ee82,0.8917865753173828
0defb2dd1f4e42b8867d78c68c45bf69,14ca42308d3141fba50b774042144343,0.9762209057807922
0defb2dd1f4e42b8867d78c68c45bf69,eb21a4e2b7bd43efbdf0c365415e7fef,0.8999817371368408
0defb2dd1f4e42b8867d78c68c45bf69,cb32ec9a538a4c0f8462771946ced93b,0.8992189168930054
0defb2dd1f4e42b8867d78c68c45bf69,1419b2c686f44896a0ae2a43e93b5402,0.8989905118942261
0defb2dd1f4e42b8867d78c68c45bf69,82d68ea370f8451aa16ea08f4601245c,0.8983561396598816
0defb2dd1f4e42b8867d78c68c45bf69,2639b6540bda414f8a9baa3b5cdb612a,0.8957152366638184
0defb2dd1f4e42b8867d78c68c45bf69,d9ac372330a4446886fa19bac0d19877,0.8942120671272278
0defb2dd1f4e42b8867d78c68c45bf69,5d5baf5ce88b4b529e28ab9c7c114148,0.8941665291786194
0defb2dd1f4e42b8867d78c68c45bf69,e96fae6d607246b18b8494aabe521036,0.8937046527862549
0defb2dd1f4e42b8867d78c68c45bf69,1232f20e710b448e8c0538b9e84dab1c,0.8932143449783325
7e165023b13a4ea89bb41b86336ed275,7f0b453cc8c14156802497f5cbae9d62,0.9675832390785217
7e165023b13a4ea89bb41b86336ed275,673aee19895b4d339ada93213d8874ac,0.9088926911354065
7e165023b13a4ea89bb41b86336ed275,8c7c9eaae41a44a3a4ebe39ce167d300,0.9000563621520996
7e165023b13a4ea89bb41b86336ed275,e59dba65749140f4a1bdaf2695de2fc6,0.8965240716934204
7e165023b13a4ea89bb41b86336ed275,31a2675a2e944a1ab3b810cfb92ebd34,0.8955304622650146
7e165023b13a4ea89bb41b86336ed275,039f8e63b273472d8f1d99d9a5de5cf5,0.8894239068031311
7e165023b13a4ea89bb41b86336ed275,6dc5832f0ac04df2bd99c6415b3ecf09,0.8861182928085327
7e165023b13a4ea89bb41b86336ed275,98fbdf945d0c4206a48a4f7260e56017,0.8855578899383545
7e165023b13a4ea89bb41b86336ed275,b585a2970e9f421da236241f603883f2,0.8818525075912476
7e165023b13a4ea89bb41b86336ed275,4c36aafaf38f4e9e9e09991737196fe1,0.8810692429542542
bbd916e845d14857ad0f48dd4693ed85,673aee19895b4d339ada93213d8874ac,0.9956984519958496
bbd916e845d14857ad0f48dd4693ed85,7f0b453cc8c14156802497f5cbae9d62,0.9209309220314026
bbd916e845d14857ad0f48dd4693ed85,e59dba65749140f4a1bdaf2695de2fc6,0.9164620637893677
bbd916e845d14857ad0f48dd4693ed85,8c7c9eaae41a44a3a4ebe39ce167d300,0.9063399434089661
bbd916e845d14857ad0f48dd4693ed85,04d24d1cf42b4f7787d8d300cbad6d50,0.8876798152923584
bbd916e845d14857ad0f48dd4693ed85,98fbdf945d0c4206a48a4f7260e56017,0.8838179707527161
bbd916e845d14857ad0f48dd4693ed85,71c1a8479b194efca65b44fb7f327afb,0.8825886845588684
bbd916e845d14857ad0f48dd4693ed85,17b5eb6fab65476f827dd355b4a20a55,0.8825545907020569
bbd916e845d14857ad0f48dd4693ed85,33b5e2ae5ebe4f548bac3a00ab0a59eb,0.882438063621521
bbd916e845d14857ad0f48dd4693ed85,2fcf4a04d3654ffb9a5c1dfa3799e4f0,0.8821440935134888
e74837fbb60c42a4a65d86d1568b4649,b7f5c165ea2242709a2fb71f3a3f1bcb,0.9703954458236694
e74837fbb60c42a4a65d86d1568b4649,00614d60b3544ba790dfd23dd53992e0,0.8979960680007935
e74837fbb60c42a4a65d86d1568b4649,cd6ce920d00e4d17a6cf04f9f7e550b7,0.8763713836669922
e74837fbb60c42a4a65d86d1568b4649,59f62d35b1ad451397b700b3dad25448,0.875999927520752
e74837fbb60c42a4a65d86d1568b4649,d2a03ea4b2d3439ca3dc6fe056ab0f04,0.8748284578323364
e74837fbb60c42a4a65d86d1568b4649,d0e41bf891254ba0872f1641139f84f6,0.873813807964325
e74837fbb60c42a4a65d86d1568b4649,b4dadb3ea3a04cc3932094471debce13,0.8726212978363037
e74837fbb60c42a4a65d86d1568b4649,74de04f31db94a99b757685c91779412,0.8719652891159058
e74837fbb60c42a4a65d86d1568b4649,0842a796c09b4089933a4f27e4e5e3bc,0.8703479766845703
e74837fbb60c42a4a65d86d1568b4649,1d93c07de74c482ebf0a76ec564c3252,0.8700559139251709
13f2026fed26452685621e4b5e90c497,db2466dc7da64ac5a2a21c20ace67856,0.9151871204376221
13f2026fed26452685621e4b5e90c497,8b4e9e3d234e4eec99a7651e246bbfa3,0.8669131994247437
13f2026fed26452685621e4b5e90c497,07958f43551e459eb30638b632e3cd64,0.8598718643188477
13f2026fed26452685621e4b5e90c497,9daaefe080b34656a0c7a54d2d6a1713,0.858472466468811
13f2026fed26452685621e4b5e90c497,e53dd6188816429ab915de6f9649a026,0.8558666110038757
13f2026fed26452685621e4b5e90c497,7d6cdff8c9ac434196df803628fe9f62,0.8552044630050659
13f2026fed26452685621e4b5e90c497,11e1e3cdfe214385a2c24d0f957dde9b,0.8538432121276855
13f2026fed26452685621e4b5e90c497,b626eb67c2e14afeae2846bb150976f3,0.8528361320495605
13f2026fed26452685621e4b5e90c497,105ad424733e4cffa7c474b51e3980aa,0.8516576290130615
13f2026fed26452685621e4b5e90c497,9909a671f7414c19b2727e7d4d4dcf1b,0.8484337329864502
a3a3c4b19635404cace83ff7b80a1679,db2466dc7da64ac5a2a21c20ace67856,0.8718740344047546
a3a3c4b19635404cace83ff7b80a1679,e53dd6188816429ab915de6f9649a026,0.8532849550247192
a3a3c4b19635404cace83ff7b80a1679,91f9f8576e5142a49926bd623b0bc19c,0.8418535590171814
a3a3c4b19635404cace83ff7b80a1679,df7ea50171af48df81584ab7e8107d15,0.8373565673828125
a3a3c4b19635404cace83ff7b80a1679,0971af4212484a958eb0f60f93d1dfe0,0.8347345590591431
a3a3c4b19635404cace83ff7b80a1679,7d6cdff8c9ac434196df803628fe9f62,0.8333165645599365
a3a3c4b19635404cace83ff7b80a1679,21019944fc2c4838a682a6dcdc62c4ef,0.8326586484909058
a3a3c4b19635404cace83ff7b80a1679,8228c9eb29a542ba98c8b9b854eadaa4,0.8314597010612488
a3a3c4b19635404cace83ff7b80a1679,7e8a4a43e2f84dbb88e41cb24b3fe79f,0.8278864622116089
a3a3c4b19635404cace83ff7b80a1679,43ee0103cba54b4e9d165717735ca0f6,0.8268964290618896
72772d2296a24491b21db0cf0ffec2cc,4385ac4645b34f3c8a44c4676ebcd8be,0.9353206753730774
72772d2296a24491b21db0cf0ffec2cc,c1d504dfeded4b8bb3c07777b7c7abde,0.8893750309944153
72772d2296a24491b21db0cf0ffec2cc,e96fae6d607246b18b8494aabe521036,0.8843824863433838
72772d2296a24491b21db0cf0ffec2cc,d9b70c4ed8bb4fc5957ecebf102528ee,0.8790817260742188
72772d2296a24491b21db0cf0ffec2cc,211ef3181e524685866fb8574d9bf456,0.8712462782859802
72772d2296a24491b21db0cf0ffec2cc,41047823f2cb4194ba1e0709443c719a,0.8692064881324768
72772d2296a24491b21db0cf0ffec2cc,e4fcd30261804b089efa940359057ba2,0.8690742254257202
72772d2296a24491b21db0cf0ffec2cc,90b560de76b149c09c7cd6efb3f12cfd,0.8687777519226074
72772d2296a24491b21db0cf0ffec2cc,31cf7db26a3249c5a6205b005662ddcf,0.8652279376983643
72772d2296a24491b21db0cf0ffec2cc,babbeca1f6a244a2a11ea77a3855e70f,0.8643577694892883
3c36c01d06db430891436e7338519629,4385ac4645b34f3c8a44c4676ebcd8be,0.937262773513794
3c36c01d06db430891436e7338519629,c1d504dfeded4b8bb3c07777b7c7abde,0.8938186168670654
3c36c01d06db430891436e7338519629,e4fcd30261804b089efa940359057ba2,0.8826910257339478
3c36c01d06db430891436e7338519629,d9b70c4ed8bb4fc5957ecebf102528ee,0.8824738264083862
3c36c01d06db430891436e7338519629,90b560de76b149c09c7cd6efb3f12cfd,0.8812933564186096
3c36c01d06db430891436e7338519629,e96fae6d607246b18b8494aabe521036,0.8810549974441528
3c36c01d06db430891436e7338519629,41047823f2cb4194ba1e0709443c719a,0.8770523071289062
3c36c01d06db430891436e7338519629,97959d02a64f4a3fbbebe7cbece6c012,0.8754513263702393
3c36c01d06db430891436e7338519629,babbeca1f6a244a2a11ea77a3855e70f,0.874953031539917
3c36c01d06db430891436e7338519629,9460474d89704a68aaa6ccb62310ae3d,0.8736095428466797
27f5e7c9028741ea99cbf424d87b7f8f,15b7b988bba143989cfd98d5c6c4d203,0.9553658962249756
27f5e7c9028741ea99cbf424d87b7f8f,8a9dc60359ba49cd8ac170cfb4ac3913,0.915946364402771
27f5e7c9028741ea99cbf424d87b7f8f,e8c8742459dc48a49080bf0e5b3fdee0,0.9087742567062378
27f5e7c9028741ea99cbf424d87b7f8f,f5b766ea6abe4b5fb27d49cc3bc06020,0.9078189134597778
27f5e7c9028741ea99cbf424d87b7f8f,a055f8188384479a8bad418f7dffd9a5,0.9062389731407166
27f5e7c9028741ea99cbf424d87b7f8f,033f1514c78b49dd82148b94f6bcbeba,0.8988978862762451
27f5e7c9028741ea99cbf424d87b7f8f,c84deec0ecf843c39f52d4cb8e7300f8,0.892832338809967
27f5e7c9028741ea99cbf424d87b7f8f,b0d2e6c4b2384950b3696c4414870282,0.8907014727592468
27f5e7c9028741ea99cbf424d87b7f8f,7862a63720b34104abf5bfa44bc8178d,0.8891891241073608
27f5e7c9028741ea99cbf424d87b7f8f,e4fcd30261804b089efa940359057ba2,0.8887564539909363
1ff1f628d46c4fffbf9a44323220d682,b2bcb4d9456c4763a0159ffd1f3660bb,0.9799595475196838
1ff1f628d46c4fffbf9a44323220d682,ff171f0b29974f78b0e81fee30abdd38,0.8893290758132935
1ff1f628d46c4fffbf9a44323220d682,361f2b7f3f044907b3a331872fb18755,0.8880838751792908
1ff1f628d46c4fffbf9a44323220d682,eeb3b60f34af40de850e065b475d8180,0.884376049041748
1ff1f628d46c4fffbf9a44323220d682,b8da01ceddcb45a491a288ddbc658e90,0.8814806938171387
1ff1f628d46c4fffbf9a44323220d682,6f8d80f8673144dfa7a4e09190442ab3,0.8811790943145752
1ff1f628d46c4fffbf9a44323220d682,4e4495962a9b4864882397042f1a2b3e,0.88100266456604
1ff1f628d46c4fffbf9a44323220d682,5e44915237fc4445b54b037e1c4e29a4,0.8808340430259705
1ff1f628d46c4fffbf9a44323220d682,df5ca61304074da1bec8f536ab50baf3,0.8793281316757202
1ff1f628d46c4fffbf9a44323220d682,514537782f6549c488a1b932939b4128,0.8778892755508423
d12ab20387aa452093121c89f55faef6,cb2505b30d8a4dc086c353cf94424b6d,0.9732894897460938
d12ab20387aa452093121c89f55faef6,f32f4607b4714e378831f924c5e6084d,0.9086123704910278
d12ab20387aa452093121c89f55faef6,71c1a8479b194efca65b44fb7f327afb,0.903911828994751
d12ab20387aa452093121c89f55faef6,1232f20e710b448e8c0538b9e84dab1c,0.9009735584259033
d12ab20387aa452093121c89f55faef6,7226603f024c45c6a6e44b00e52e8aad,0.8977317214012146
d12ab20387aa452093121c89f55faef6,8a464aa9e2ee45d0abc7ae6181cd1bda,0.8970037698745728
d12ab20387aa452093121c89f55faef6,cd764fbfae774d068af7549c648a02c9,0.8962992429733276
d12ab20387aa452093121c89f55faef6,eb21a4e2b7bd43efbdf0c365415e7fef,0.894240140914917
d12ab20387aa452093121c89f55faef6,772cb9726861451d9972604da6f65c55,0.8880434036254883
d12ab20387aa452093121c89f55faef6,8dfe01febd46475ab5aef97033716ce1,0.8862932920455933
cf7d4b9d3c9c4789b84574f7294511e4,b2bcb4d9456c4763a0159ffd1f3660bb,0.9726231098175049
cf7d4b9d3c9c4789b84574f7294511e4,eeb3b60f34af40de850e065b475d8180,0.8965091705322266
cf7d4b9d3c9c4789b84574f7294511e4,ff171f0b29974f78b0e81fee30abdd38,0.8928938508033752
cf7d4b9d3c9c4789b84574f7294511e4,4e4495962a9b4864882397042f1a2b3e,0.8883057236671448
cf7d4b9d3c9c4789b84574f7294511e4,df5ca61304074da1bec8f536ab50baf3,0.8882260918617249
cf7d4b9d3c9c4789b84574f7294511e4,361f2b7f3f044907b3a331872fb18755,0.8881580829620361
cf7d4b9d3c9c4789b84574f7294511e4,b8da01ceddcb45a491a288ddbc658e90,0.8870463371276855
cf7d4b9d3c9c4789b84574f7294511e4,b834c0b0c10b471b87ad3f11468de619,0.8849595189094543
cf7d4b9d3c9c4789b84574f7294511e4,54e9bbd0093947a3bda5fef48ef7493d,0.8840306997299194
cf7d4b9d3c9c4789b84574f7294511e4,ad42c467d0fe43dbb328073f9a16bc4d,0.8827437162399292
ebadbbba9888428c97cd7f6f9d614d2b,cb2505b30d8a4dc086c353cf94424b6d,0.9603437781333923
ebadbbba9888428c97cd7f6f9d614d2b,71c1a8479b194efca65b44fb7f327afb,0.9064247012138367
ebadbbba9888428c97cd7f6f9d614d2b,f32f4607b4714e378831f924c5e6084d,0.904975414276123
ebadbbba9888428c97cd7f6f9d614d2b,1232f20e710b448e8c0538b9e84dab1c,0.9037401080131531
ebadbbba9888428c97cd7f6f9d614d2b,b2bcb4d9456c4763a0159ffd1f3660bb,0.8975803256034851
ebadbbba9888428c97cd7f6f9d614d2b,eb21a4e2b7bd43efbdf0c365415e7fef,0.8955972194671631
ebadbbba9888428c97cd7f6f9d614d2b,f12e9e5805534d719f829332d1ea5d29,0.8898285031318665
ebadbbba9888428c97cd7f6f9d614d2b,8dfe01febd46475ab5aef97033716ce1,0.8893910646438599
ebadbbba9888428c97cd7f6f9d614d2b,7226603f024c45c6a6e44b00e52e8aad,0.8880902528762817
ebadbbba9888428c97cd7f6f9d614d2b,8a464aa9e2ee45d0abc7ae6181cd1bda,0.8871846795082092
3ef127b149d24d42a5b4d73a369daeba,8fdee0611965465eb45387b8c39f4136,0.965826153755188
3ef127b149d24d42a5b4d73a369daeba,cb75c6ef71cb4991805920f2894e0e96,0.9199094772338867
3ef127b149d24d42a5b4d73a369daeba,f91157bb8fca4a8e98db33591a76be9a,0.9072206616401672
3ef127b149d24d42a5b4d73a369daeba,8350ea8cd6514c2c8d7b625abe7e895b,0.9067625999450684
3ef127b149d24d42a5b4d73a369daeba,039a871609044cb1b69f70c082fe61d8,0.9053764343261719
3ef127b149d24d42a5b4d73a369daeba,b585a2970e9f421da236241f603883f2,0.9048048257827759
3ef127b149d24d42a5b4d73a369daeba,e0ff5d4ae0ec4871a49041d550cdcaa9,0.9030885696411133
3ef127b149d24d42a5b4d73a369daeba,d87e5facd03b45f9829e8a1cd0fe0190,0.9016189575195312
3ef127b149d24d42a5b4d73a369daeba,02a3cd76ce534d188b4d5ac4778bd652,0.9011533260345459
3ef127b149d24d42a5b4d73a369daeba,7199f2fe77824236a392e1f00a5bdfc3,0.8993275165557861
86cc05a71e4440cba336690dfa0149ac,8fdee0611965465eb45387b8c39f4136,0.9269687533378601
86cc05a71e4440cba336690dfa0149ac,f91157bb8fca4a8e98db33591a76be9a,0.9117981195449829
86cc05a71e4440cba336690dfa0149ac,30f654c6e69e48888f9f42dd95ab3c77,0.8909995555877686
86cc05a71e4440cba336690dfa0149ac,5e44915237fc4445b54b037e1c4e29a4,0.8880994319915771
86cc05a71e4440cba336690dfa0149ac,199647bd1328406c83c5a875154f97d9,0.8861345052719116
86cc05a71e4440cba336690dfa0149ac,9500823cb050427696343b1ea5cf8881,0.8860113620758057
86cc05a71e4440cba336690dfa0149ac,6732de8994744decbb3306c74aaa7882,0.8851656913757324
86cc05a71e4440cba336690dfa0149ac,da88fa5efc674368b593444ca950dff9,0.884844183921814
86cc05a71e4440cba336690dfa0149ac,7199f2fe77824236a392e1f00a5bdfc3,0.8841086626052856
86cc05a71e4440cba336690dfa0149ac,4e22dc65beb7450b9260cf27e50919e4,0.8814409971237183
dda93eeaef8c4891aa99f6851955606e,3aa003c1e31b476e999c3a808a1d5dc6,0.9908348321914673
dda93eeaef8c4891aa99f6851955606e,78809cb3c6b841a9b8b132133dd6bb96,0.9089624285697937
dda93eeaef8c4891aa99f6851955606e,e4e12f4711fd41e39075e26cc274df45,0.9086860418319702
dda93eeaef8c4891aa99f6851955606e,b6c493a3666c4db193e86c79faf099ab,0.9048382043838501
dda93eeaef8c4891aa99f6851955606e,7ef653f7e5f64e1b8bba73b9518b87b7,0.9020084738731384
dda93eeaef8c4891aa99f6851955606e,4a7fa5a1bafe4b6995e2920444ac07c4,0.901802659034729
dda93eeaef8c4891aa99f6851955606e,0daf8d5687b54d158f7f752884c42334,0.8996225595474243
dda93eeaef8c4891aa99f6851955606e,0b57f893483647c3aed811775a4c4c04,0.8981797099113464
dda93eeaef8c4891aa99f6851955606e,cb550e5ff4694fe9a19eaa6588cef250,0.8963692784309387
dda93eeaef8c4891aa99f6851955606e,87fc1d6a57ea488786caaec8599c3b8b,0.8962042331695557
1c7e49f7fcc1484593f48dc107e63996,65e30dd62cfa4dccb9ea4d908a9d6fab,0.9815672636032104
1c7e49f7fcc1484593f48dc107e63996,797cc520b8c94d9bbef187818ab51647,0.9126510620117188
1c7e49f7fcc1484593f48dc107e63996,78809cb3c6b841a9b8b132133dd6bb96,0.910782516002655
1c7e49f7fcc1484593f48dc107e63996,3aa003c1e31b476e999c3a808a1d5dc6,0.90980464220047
1c7e49f7fcc1484593f48dc107e63996,b6c493a3666c4db193e86c79faf099ab,0.9084141254425049
1c7e49f7fcc1484593f48dc107e63996,87fc1d6a57ea488786caaec8599c3b8b,0.9065482020378113
1c7e49f7fcc1484593f48dc107e63996,0b57f893483647c3aed811775a4c4c04,0.9032838344573975
1c7e49f7fcc1484593f48dc107e63996,59f62d35b1ad451397b700b3dad25448,0.9020656943321228
1c7e49f7fcc1484593f48dc107e63996,2d43cf91509846e29ab4febd7781919f,0.9017037153244019
1c7e49f7fcc1484593f48dc107e63996,bbdf9065122d499d9d8f80ad3e0ef6f3,0.9010273218154907
01b3be2b5b2f4891ad053f74f427514b,3aa003c1e31b476e999c3a808a1d5dc6,0.991829514503479
01b3be2b5b2f4891ad053f74f427514b,e4e12f4711fd41e39075e26cc274df45,0.9179456233978271
01b3be2b5b2f4891ad053f74f427514b,78809cb3c6b841a9b8b132133dd6bb96,0.9079488515853882
01b3be2b5b2f4891ad053f74f427514b,b6c493a3666c4db193e86c79faf099ab,0.906728982925415
01b3be2b5b2f4891ad053f74f427514b,0b57f893483647c3aed811775a4c4c04,0.9055742621421814
01b3be2b5b2f4891ad053f74f427514b,7ef653f7e5f64e1b8bba73b9518b87b7,0.9042180776596069
01b3be2b5b2f4891ad053f74f427514b,4a7fa5a1bafe4b6995e2920444ac07c4,0.9030803442001343
01b3be2b5b2f4891ad053f74f427514b,cb550e5ff4694fe9a19eaa6588cef250,0.8985762000083923
01b3be2b5b2f4891ad053f74f427514b,64e74af099b0485f8b6e71ac73aa2cb8,0.8985099792480469
01b3be2b5b2f4891ad053f74f427514b,87fc1d6a57ea488786caaec8599c3b8b,0.8981937766075134
6da229c88f574b79a9aa35557565a86e,4230775a9d51448396cacb9061f0e5f9,0.9602550268173218
6da229c88f574b79a9aa35557565a86e,fe363cef357840fcb35f320fe7c27e4e,0.9089555144309998
6da229c88f574b79a9aa35557565a86e,a297e08effdf4a69a6c4d79a34a0c6ad,0.8919164538383484
6da229c88f574b79a9aa35557565a86e,4285b02dc9164cb9bae36b0566bb42f0,0.8771370649337769
6da229c88f574b79a9aa35557565a86e,2acbd3ec289a47f7b4108896ec632585,0.8757897615432739
6da229c88f574b79a9aa35557565a86e,8ad1f345ca194b29bde0a924f27b2de5,0.8746095895767212
6da229c88f574b79a9aa35557565a86e,fc70a4c2c4834e0eba1a14470f563b03,0.8727661371231079
6da229c88f574b79a9aa35557565a86e,e59dba65749140f4a1bdaf2695de2fc6,0.8725223541259766
6da229c88f574b79a9aa35557565a86e,f12e9e5805534d719f829332d1ea5d29,0.870843768119812
6da229c88f574b79a9aa35557565a86e,afac6ae28fac41dabae96696990c5555,0.8699060082435608
692f47ec6a394c83acb7708bfd6c7c96,fc70a4c2c4834e0eba1a14470f563b03,0.9737663269042969
692f47ec6a394c83acb7708bfd6c7c96,33e2a95109e647cbb4ba2687631b169a,0.8896176815032959
692f47ec6a394c83acb7708bfd6c7c96,887e323cc38f4cf8adc5970617f1c286,0.8825317621231079
692f47ec6a394c83acb7708bfd6c7c96,8dfe01febd46475ab5aef97033716ce1,0.8807305693626404
692f47ec6a394c83acb7708bfd6c7c96,a297e08effdf4a69a6c4d79a34a0c6ad,0.879561185836792
692f47ec6a394c83acb7708bfd6c7c96,6b7b5d28293d4a5a8075f7f7dd231ddb,0.8778954148292542
692f47ec6a394c83acb7708bfd6c7c96,71c1a8479b194efca65b44fb7f327afb,0.8770514726638794
692f47ec6a394c83acb7708bfd6c7c96,4285b02dc9164cb9bae36b0566bb42f0,0.875652015209198
692f47ec6a394c83acb7708bfd6c7c96,f32f4607b4714e378831f924c5e6084d,0.8732502460479736
692f47ec6a394c83acb7708bfd6c7c96,5e44915237fc4445b54b037e1c4e29a4,0.8712527751922607
f880dd7555534b77bb131f2d6fa4ab37,4230775a9d51448396cacb9061f0e5f9,0.9613473415374756
f880dd7555534b77bb131f2d6fa4ab37,fe363cef357840fcb35f320fe7c27e4e,0.9077314734458923
f880dd7555534b77bb131f2d6fa4ab37,a297e08effdf4a69a6c4d79a34a0c6ad,0.8923921585083008
f880dd7555534b77bb131f2d6fa4ab37,e59dba65749140f4a1bdaf2695de2fc6,0.8777511119842529
f880dd7555534b77bb131f2d6fa4ab37,4285b02dc9164cb9bae36b0566bb42f0,0.8771892786026001
f880dd7555534b77bb131f2d6fa4ab37,8ad1f345ca194b29bde0a924f27b2de5,0.8764849901199341
f880dd7555534b77bb131f2d6fa4ab37,bb6ecabbce1b43d997d00d7acdc95193,0.8749093413352966
f880dd7555534b77bb131f2d6fa4ab37,a8904adcdd21495f890bc614bfdbf86f,0.873831033706665
f880dd7555534b77bb131f2d6fa4ab37,2acbd3ec289a47f7b4108896ec632585,0.8732985258102417
f880dd7555534b77bb131f2d6fa4ab37,afac6ae28fac41dabae96696990c5555,0.8674513101577759
fc88a18e8b6343d3a58e4aab7a84620b,fc70a4c2c4834e0eba1a14470f563b03,0.981589674949646
fc88a18e8b6343d3a58e4aab7a84620b,d445ccdb4cda497e9f0343a3298022d2,0.9019447565078735
fc88a18e8b6343d3a58e4aab7a84620b,887e323cc38f4cf8adc5970617f1c286,0.8940097093582153
fc88a18e8b6343d3a58e4aab7a84620b,4285b02dc9164cb9bae36b0566bb42f0,0.8869757056236267
fc88a18e8b6343d3a58e4aab7a84620b,33e2a95109e647cbb4ba2687631b169a,0.8848649263381958
fc88a18e8b6343d3a58e4aab7a84620b,ca5add3cbf044a95a5bec88a5841ce98,0.8816508650779724
fc88a18e8b6343d3a58e4aab7a84620b,71c1a8479b194efca65b44fb7f327afb,0.8809146881103516
fc88a18e8b6343d3a58e4aab7a84620b,cc243eebbb2b44a581745865a60c423a,0.879704475402832
fc88a18e8b6343d3a58e4aab7a84620b,0cdb0f32850f4585a16de4886462bbe0,0.8776251077651978
fc88a18e8b6343d3a58e4aab7a84620b,f32f4607b4714e378831f924c5e6084d,0.8762227296829224
b715f62fa2f14ddeb98cb30d9c54339d,3b7d56c26da14b3a9b1cd52b5b35891b,0.971847653388977
b715f62fa2f14ddeb98cb30d9c54339d,eff24b01b2f5428baa4c3fef6cb40d41,0.9151780605316162
b715f62fa2f14ddeb98cb30d9c54339d,9ffa09a2b9bd4da0ba98fc537ca68802,0.9035290479660034
b715f62fa2f14ddeb98cb30d9c54339d,1004b33e3126472faa78e1929ed974e6,0.9032114744186401
b715f62fa2f14ddeb98cb30d9c54339d,cb75c6ef71cb4991805920f2894e0e96,0.8954174518585205
b715f62fa2f14ddeb98cb30d9c54339d,b0d2e6c4b2384950b3696c4414870282,0.8937108516693115
b715f62fa2f14ddeb98cb30d9c54339d,fadf133e0e684a24ac79b5fa9515bac2,0.8933411836624146
b715f62fa2f14ddeb98cb30d9c54339d,1027a336232c4454a9c4ae450a562788,0.8927257061004639
b715f62fa2f14ddeb98cb30d9c54339d,ec07b4e88bea4086a5eafed96d81edb5,0.8903811573982239
b715f62fa2f14ddeb98cb30d9c54339d,bf789f42ccfc42c5a330a3f6e30ddb83,0.8883084058761597
07cc561ef3f04e93a701b6919ee81175,0228b1e9e3244da3a727930123ba7bda,0.9788488149642944
07cc561ef3f04e93a701b6919ee81175,9aca522158f443fd8a9caaec38ae5e2c,0.9066441059112549
07cc561ef3f04e93a701b6919ee81175,9677dd2a3aae457a8079087ce4177e14,0.8855782747268677
07cc561ef3f04e93a701b6919ee81175,7c061d36393540b49e20d98086bdb5bd,0.8712712526321411
07cc561ef3f04e93a701b6919ee81175,225818abe99e45a0bf5b0b3ec30db76b,0.8707768321037292
07cc561ef3f04e93a701b6919ee81175,4a3d4daed4b24a1898551f0fd1ba44f1,0.8684822916984558
07cc561ef3f04e93a701b6919ee81175,0bd1cce9370a461089e25393086800a8,0.865734338760376
07cc561ef3f04e93a701b6919ee81175,c756409435634fc48c643a64e73c93ce,0.8646945357322693
07cc561ef3f04e93a701b6919ee81175,df0c94234d9d4890b5b4b95c441b3e9a,0.8631963133811951
07cc561ef3f04e93a701b6919ee81175,ffe2740eee8c49b39b2ce41f9983bcb4,0.8597980737686157
cb80f73ab9454fa798342057923edd40,3b7d56c26da14b3a9b1cd52b5b35891b,0.9291818141937256
cb80f73ab9454fa798342057923edd40,b0d2e6c4b2384950b3696c4414870282,0.8912243247032166
cb80f73ab9454fa798342057923edd40,eff24b01b2f5428baa4c3fef6cb40d41,0.888824999332428
cb80f73ab9454fa798342057923edd40,fadf133e0e684a24ac79b5fa9515bac2,0.8885189294815063
cb80f73ab9454fa798342057923edd40,c74557a980e2428a9ffcc245278df692,0.886364758014679
cb80f73ab9454fa798342057923edd40,19593c97fef0474dbe6051e28338f1e9,0.8857848644256592
cb80f73ab9454fa798342057923edd40,c84deec0ecf843c39f52d4cb8e7300f8,0.8788124322891235
cb80f73ab9454fa798342057923edd40,c3a741d302d94ee294bb6e4090fd2da9,0.8777132034301758
cb80f73ab9454fa798342057923edd40,3138244ae91040948d5bd6772e4075ea,0.876581072807312
cb80f73ab9454fa798342057923edd40,22d9d5ad33e947fd857c5c4a8b7dfae1,0.8764395713806152
c7fdef440d9345c6b34634ef46754490,415641aa43724ed9bc4710302b77edc3,0.9856563210487366
c7fdef440d9345c6b34634ef46754490,ae3f42d57b3046a3821026173286a43e,0.901786744594574
c7fdef440d9345c6b34634ef46754490,403835bbf2f1447188bcc78e062b0028,0.8948564529418945
c7fdef440d9345c6b34634ef46754490,714e47cd21e5416f864a4bc938850a72,0.8935231566429138
c7fdef440d9345c6b34634ef46754490,d695b7afdc3841a28a56df578e56afce,0.891677975654602
c7fdef440d9345c6b34634ef46754490,4e4495962a9b4864882397042f1a2b3e,0.888694703578949
c7fdef440d9345c6b34634ef46754490,8b038cd0dafd45d8b1ce75177ca3a76b,0.8882354497909546
c7fdef440d9345c6b34634ef46754490,3f28365e18244eb28cc7d23de8895956,0.8799143433570862
c7fdef440d9345c6b34634ef46754490,f335a944a27a4504a82ecf70c2d4a5e4,0.8798134326934814
c7fdef440d9345c6b34634ef46754490,f91157bb8fca4a8e98db33591a76be9a,0.8793730139732361
f94bc288e76b4781b013d419ca5295b2,f4b7e6e902e344859cb041126b69ce3c,0.9902496337890625
f94bc288e76b4781b013d419ca5295b2,503d2f067a8a4f5798b1c64b07ab0bc5,0.9103156328201294
f94bc288e76b4781b013d419ca5295b2,0b57f893483647c3aed811775a4c4c04,0.9035425186157227
f94bc288e76b4781b013d419ca5295b2,0e8487b2e6a2439b9e6623a1e2e5e19d,0.8988940715789795
f94bc288e76b4781b013d419ca5295b2,797cc520b8c94d9bbef187818ab51647,0.8981871008872986
f94bc288e76b4781b013d419ca5295b2,a7077a82d2c74518b96fb45e35f6e150,0.8978449106216431
f94bc288e76b4781b013d419ca5295b2,f2cfa68a47ce4a43a0fe1cc7dc860418,0.8975366950035095
f94bc288e76b4781b013d419ca5295b2,7f5b658239034d35b7f4cf1c63cb388c,0.8968935012817383
f94bc288e76b4781b013d419ca5295b2,076e2669c305401fb3afcfafdd6c79c7,0.8967114090919495
f94bc288e76b4781b013d419ca5295b2,b64cef9df31c4e92a7b7ecd42f74f396,0.8959047794342041
c6a1eb4b8cc74dc0a3d818ef10b1b04e,415641aa43724ed9bc4710302b77edc3,0.9595931768417358
c6a1eb4b8cc74dc0a3d818ef10b1b04e,3f28365e18244eb28cc7d23de8895956,0.9020276069641113
c6a1eb4b8cc74dc0a3d818ef10b1b04e,403835bbf2f1447188bcc78e062b0028,0.8899365067481995
c6a1eb4b8cc74dc0a3d818ef10b1b04e,4c36aafaf38f4e9e9e09991737196fe1,0.8836946487426758
c6a1eb4b8cc74dc0a3d818ef10b1b04e,ae3f42d57b3046a3821026173286a43e,0.8832483291625977
c6a1eb4b8cc74dc0a3d818ef10b1b04e,714e47cd21e5416f864a4bc938850a72,0.8794302940368652
c6a1eb4b8cc74dc0a3d818ef10b1b04e,4e4495962a9b4864882397042f1a2b3e,0.8776432275772095
c6a1eb4b8cc74dc0a3d818ef10b1b04e,8b038cd0dafd45d8b1ce75177ca3a76b,0.8741375207901001
c6a1eb4b8cc74dc0a3d818ef10b1b04e,98fbdf945d0c4206a48a4f7260e56017,0.872007429599762
c6a1eb4b8cc74dc0a3d818ef10b1b04e,d695b7afdc3841a28a56df578e56afce,0.8710449934005737
f34c07d2f2ad4b4fb027ab3f4c68bffd,f4b7e6e902e344859cb041126b69ce3c,0.9727573394775391
f34c07d2f2ad4b4fb027ab3f4c68bffd,d0e41bf891254ba0872f1641139f84f6,0.9034954309463501
f34c07d2f2ad4b4fb027ab3f4c68bffd,797cc520b8c94d9bbef187818ab51647,0.9020084738731384
f34c07d2f2ad4b4fb027ab3f4c68bffd,f2cfa68a47ce4a43a0fe1cc7dc860418,0.8978707194328308
f34c07d2f2ad4b4fb027ab3f4c68bffd,f3fddb55448a46778b5d807642cceb71,0.8952069878578186
f34c07d2f2ad4b4fb027ab3f4c68bffd,0b57f893483647c3aed811775a4c4c04,0.8924425840377808
f34c07d2f2ad4b4fb027ab3f4c68bffd,503d2f067a8a4f5798b1c64b07ab0bc5,0.8906771540641785
f34c07d2f2ad4b4fb027ab3f4c68bffd,7f5b658239034d35b7f4cf1c63cb388c,0.8905913233757019
f34c07d2f2ad4b4fb027ab3f4c68bffd,0accd1d0138b49049d437c0d9b1c23c3,0.8899774551391602
f34c07d2f2ad4b4fb027ab3f4c68bffd,2d43cf91509846e29ab4febd7781919f,0.8895949721336365
bd6f2e8af94548da8676de16a6853e69,0568345606fa4a2c84ed4ea6c74639ee,0.8938003182411194
bd6f2e8af94548da8676de16a6853e69,f5bcc6f48ed2447581b401d453039866,0.8906265497207642
bd6f2e8af94548da8676de16a6853e69,e79ae27b52fa4d54aa37735fd275c66e,0.8901678323745728
bd6f2e8af94548da8676de16a6853e69,4a3d4daed4b24a1898551f0fd1ba44f1,0.8848267793655396
bd6f2e8af94548da8676de16a6853e69,434551fdf9e443ed91679a9557ae6fd5,0.8810386657714844
bd6f2e8af94548da8676de16a6853e69,4d5cbe57c3094d01843e4f950a280b50,0.8787814378738403
bd6f2e8af94548da8676de16a6853e69,c750a2994555414790abb3281572bb42,0.8772298097610474
bd6f2e8af94548da8676de16a6853e69,db13ed5446be46269dff3de3c1bf2660,0.8771775960922241
bd6f2e8af94548da8676de16a6853e69,ef60b54aa4b5490890da32d0bb8c9cbf,0.8770279884338379
bd6f2e8af94548da8676de16a6853e69,60e87368fe334a92b57088b03cccbfc1,0.8753362894058228
af596599aa804ad2bbe10c2ddf0b3e34,0568345606fa4a2c84ed4ea6c74639ee,0.9136600494384766
af596599aa804ad2bbe10c2ddf0b3e34,7dd5e88dfdd24cafab2c765939757354,0.9037255048751831
af596599aa804ad2bbe10c2ddf0b3e34,434551fdf9e443ed91679a9557ae6fd5,0.9019832611083984
af596599aa804ad2bbe10c2ddf0b3e34,7199f2fe77824236a392e1f00a5bdfc3,0.8974697589874268
af596599aa804ad2bbe10c2ddf0b3e34,7aceed0dbea645b091207f4a53d879f2,0.895651638507843
af596599aa804ad2bbe10c2ddf0b3e34,26869cc099c44c4a86f6043476ab4890,0.8949780464172363
af596599aa804ad2bbe10c2ddf0b3e34,f5bcc6f48ed2447581b401d453039866,0.8927477598190308
af596599aa804ad2bbe10c2ddf0b3e34,e79ae27b52fa4d54aa37735fd275c66e,0.8924362659454346
af596599aa804ad2bbe10c2ddf0b3e34,ad054da7e1704a53931a341173f0605f,0.8923832774162292
af596599aa804ad2bbe10c2ddf0b3e34,d658e3a743af41899183fecff6b2628d,0.8921223878860474
680120b1438b42a3acd998a7e00f02ef,d87e5facd03b45f9829e8a1cd0fe0190,0.9795352220535278
680120b1438b42a3acd998a7e00f02ef,df0c94234d9d4890b5b4b95c441b3e9a,0.9156412482261658
680120b1438b42a3acd998a7e00f02ef,434551fdf9e443ed91679a9557ae6fd5,0.9154719114303589
680120b1438b42a3acd998a7e00f02ef,f1c9c5051bdd4a11a064260bbb9d6d7b,0.9097937941551208
680120b1438b42a3acd998a7e00f02ef,30f654c6e69e48888f9f42dd95ab3c77,0.9081858992576599
680120b1438b42a3acd998a7e00f02ef,19a124c6dad14a4fa7864463b081009c,0.906353235244751
680120b1438b42a3acd998a7e00f02ef,35d06fce2df446569702778e2250bd82,0.9060458540916443
680120b1438b42a3acd998a7e00f02ef,b585a2970e9f421da236241f603883f2,0.9052395820617676
680120b1438b42a3acd998a7e00f02ef,eb21a4e2b7bd43efbdf0c365415e7fef,0.9033796787261963
680120b1438b42a3acd998a7e00f02ef,8fdee0611965465eb45387b8c39f4136,0.9022386074066162
5d17356d82d74aa3a6e6f979ef1796fd,d87e5facd03b45f9829e8a1cd0fe0190,0.9916733503341675
5d17356d82d74aa3a6e6f979ef1796fd,df0c94234d9d4890b5b4b95c441b3e9a,0.9082092046737671
5d17356d82d74aa3a6e6f979ef1796fd,434551fdf9e443ed91679a9557ae6fd5,0.9043372869491577
5d17356d82d74aa3a6e6f979ef1796fd,e7aaa514f6f64a258a640ea341aa1a18,0.9022220373153687
5d17356d82d74aa3a6e6f979ef1796fd,19a124c6dad14a4fa7864463b081009c,0.9014133810997009
5d17356d82d74aa3a6e6f979ef1796fd,f1c9c5051bdd4a11a064260bbb9d6d7b,0.9011900424957275
5d17356d82d74aa3a6e6f979ef1796fd,1027a336232c4454a9c4ae450a562788,0.8980592489242554
5d17356d82d74aa3a6e6f979ef1796fd,7dd5e88dfdd24cafab2c765939757354,0.8977966904640198
5d17356d82d74aa3a6e6f979ef1796fd,e12ad1ce8e7940a999b9a4f91a95fab7,0.8966382145881653
5d17356d82d74aa3a6e6f979ef1796fd,35d06fce2df446569702778e2250bd82,0.8956475257873535
6b3c7ce1b5524d3e98acc2312a661188,d7618b61a65a4bc1a0d0f2cc1bddc448,0.9831390380859375
6b3c7ce1b5524d3e98acc2312a661188,bb6ecabbce1b43d997d00d7acdc95193,0.8709942102432251
6b3c7ce1b5524d3e98acc2312a661188,e59dba65749140f4a1bdaf2695de2fc6,0.8682713508605957
6b3c7ce1b5524d3e98acc2312a661188,afac6ae28fac41dabae96696990c5555,0.8581522107124329
6b3c7ce1b5524d3e98acc2312a661188,db69f22fe72246ea85d33991961a649a,0.8565124273300171
6b3c7ce1b5524d3e98acc2312a661188,8c7c9eaae41a44a3a4ebe39ce167d300,0.8549704551696777
6b3c7ce1b5524d3e98acc2312a661188,673aee19895b4d339ada93213d8874ac,0.8535414934158325
6b3c7ce1b5524d3e98acc2312a661188,7f0b453cc8c14156802497f5cbae9d62,0.8511250019073486
6b3c7ce1b5524d3e98acc2312a661188,68aefc97056440af874039a28497cf98,0.8505885601043701
6b3c7ce1b5524d3e98acc2312a661188,a8904adcdd21495f890bc614bfdbf86f,0.8475964069366455
d31bba63f0c74cfd9135ddb2ec58f186,716a15d66b63424a8068da89e75733b4,0.9845219254493713
d31bba63f0c74cfd9135ddb2ec58f186,a8904adcdd21495f890bc614bfdbf86f,0.9079210162162781
d31bba63f0c74cfd9135ddb2ec58f186,ee337b5c1ef3431e9c120250bfec4cac,0.8953516483306885
d31bba63f0c74cfd9135ddb2ec58f186,d37bf09399d848df9a4d880fb097239c,0.8936350345611572
d31bba63f0c74cfd9135ddb2ec58f186,b7f5c165ea2242709a2fb71f3a3f1bcb,0.8817705512046814
d31bba63f0c74cfd9135ddb2ec58f186,50aa0f56e00d4c23ac78b3e63bc0f0e1,0.881168007850647
d31bba63f0c74cfd9135ddb2ec58f186,b01fd4d037a84a7aa777e1fc345c73c5,0.8788412809371948
d31bba63f0c74cfd9135ddb2ec58f186,503d2f067a8a4f5798b1c64b07ab0bc5,0.8765898942947388
d31bba63f0c74cfd9135ddb2ec58f186,07d869789eda4445a1ecfe59c331db0d,0.8727021813392639
d31bba63f0c74cfd9135ddb2ec58f186,da14e9dc2c3d4963b725de8102de5028,0.8710938692092896
908351dacb5c427f88bd9aa375503388,4a7fa5a1bafe4b6995e2920444ac07c4,0.9151008129119873
908351dacb5c427f88bd9aa375503388,5455e62f52ae4e03b2a5d0e8b9899506,0.9140932559967041
908351dacb5c427f88bd9aa375503388,74644c8cc17449cf89379868e7b21398,0.910632848739624
908351dacb5c427f88bd9aa375503388,0ecfdd96e0054841883acba75e83b232,0.9102485179901123
908351dacb5c427f88bd9aa375503388,59f62d35b1ad451397b700b3dad25448,0.9100550413131714
908351dacb5c427f88bd9aa375503388,eeca68825e2a4bbdaa5ae962998fc33b,0.9094678163528442
908351dacb5c427f88bd9aa375503388,f69855cdf66d4f6887ecfd0ddb9014b5,0.9094015955924988
908351dacb5c427f88bd9aa375503388,13cda6e8f2d948eeb5508288a172e76f,0.9088568687438965
908351dacb5c427f88bd9aa375503388,1f9cd7f2b7a14e2f8d490a104a56edcd,0.9080631136894226
908351dacb5c427f88bd9aa375503388,5cfb876eeb4f410aa1282cc279f0e546,0.9060525894165039
33683cdbfab14a3f8b56e5f75d2b3d00,76e41369a6794714a9fab6968839bfe6,0.9860594272613525
33683cdbfab14a3f8b56e5f75d2b3d00,384b14b18c3c43b1a4dc1aa2f661e076,0.8652123212814331
33683cdbfab14a3f8b56e5f75d2b3d00,be70e49b76c24527b4fddfb6b78b6d8d,0.8617726564407349
33683cdbfab14a3f8b56e5f75d2b3d00,e0d8aee46b1d4d998858cd05027251b6,0.8599197864532471
33683cdbfab14a3f8b56e5f75d2b3d00,8b038cd0dafd45d8b1ce75177ca3a76b,0.8595829010009766
33683cdbfab14a3f8b56e5f75d2b3d00,6d3b4c95066e4dd8a6ad1c66b1c1ea4f,0.8593859672546387
33683cdbfab14a3f8b56e5f75d2b3d00,64fc9fe3c8d5424ebc005e5cf4a608db,0.8592662811279297
33683cdbfab14a3f8b56e5f75d2b3d00,095ac293b64a4a58b1b3d3f71453a267,0.8586629629135132
33683cdbfab14a3f8b56e5f75d2b3d00,6c79712e67b54dd0a11d426a91207939,0.8570400476455688
33683cdbfab14a3f8b56e5f75d2b3d00,7aceed0dbea645b091207f4a53d879f2,0.8549567461013794
cbb9562935ed4ec7b4fbd9c04a1c17c3,76e41369a6794714a9fab6968839bfe6,0.9395418167114258
cbb9562935ed4ec7b4fbd9c04a1c17c3,04d24d1cf42b4f7787d8d300cbad6d50,0.8967835903167725
cbb9562935ed4ec7b4fbd9c04a1c17c3,eabdd2813a954f9aa01f0eb8212ee387,0.8739126920700073
cbb9562935ed4ec7b4fbd9c04a1c17c3,64fc9fe3c8d5424ebc005e5cf4a608db,0.871763288974762
cbb9562935ed4ec7b4fbd9c04a1c17c3,82d68ea370f8451aa16ea08f4601245c,0.8709452152252197
cbb9562935ed4ec7b4fbd9c04a1c17c3,6c79712e67b54dd0a11d426a91207939,0.8679822683334351
cbb9562935ed4ec7b4fbd9c04a1c17c3,8b038cd0dafd45d8b1ce75177ca3a76b,0.8661290407180786
cbb9562935ed4ec7b4fbd9c04a1c17c3,98fbdf945d0c4206a48a4f7260e56017,0.8656923770904541
cbb9562935ed4ec7b4fbd9c04a1c17c3,e0d8aee46b1d4d998858cd05027251b6,0.865182638168335
cbb9562935ed4ec7b4fbd9c04a1c17c3,097f2ce3b88c4d008488b9908076497e,0.8650460243225098
2093ec4e54224ee59a6b3df761f52ad4,b64cef9df31c4e92a7b7ecd42f74f396,0.9691976308822632
2093ec4e54224ee59a6b3df761f52ad4,ef511457ee7c490c8e10eccf6e18fef6,0.9033049941062927
2093ec4e54224ee59a6b3df761f52ad4,d37bf09399d848df9a4d880fb097239c,0.8999563455581665
2093ec4e54224ee59a6b3df761f52ad4,b6c493a3666c4db193e86c79faf099ab,0.8985387682914734
2093ec4e54224ee59a6b3df761f52ad4,716a15d66b63424a8068da89e75733b4,0.8965173959732056
2093ec4e54224ee59a6b3df761f52ad4,2d43cf91509846e29ab4febd7781919f,0.8949650526046753
2093ec4e54224ee59a6b3df761f52ad4,4c67cc7a1ccc496db132636e3f4853a2,0.8916029930114746
2093ec4e54224ee59a6b3df761f52ad4,b01fd4d037a84a7aa777e1fc345c73c5,0.891281247138977
2093ec4e54224ee59a6b3df761f52ad4,0b57f893483647c3aed811775a4c4c04,0.8906592726707458
2093ec4e54224ee59a6b3df761f52ad4,f4b7e6e902e344859cb041126b69ce3c,0.8904423117637634
034598db2c774843ae5b70f89a468dd1,8c7c9eaae41a44a3a4ebe39ce167d300,0.9769405722618103
034598db2c774843ae5b70f89a468dd1,b834c0b0c10b471b87ad3f11468de619,0.919905960559845
034598db2c774843ae5b70f89a468dd1,1419b2c686f44896a0ae2a43e93b5402,0.9148064851760864
034598db2c774843ae5b70f89a468dd1,98fbdf945d0c4206a48a4f7260e56017,0.9070477485656738
034598db2c774843ae5b70f89a468dd1,71c1a8479b194efca65b44fb7f327afb,0.9034780859947205
034598db2c774843ae5b70f89a468dd1,1232f20e710b448e8c0538b9e84dab1c,0.899908185005188
034598db2c774843ae5b70f89a468dd1,4d0a737f396d4a95808085bd1306746c,0.8994156122207642
034598db2c774843ae5b70f89a468dd1,724a3f6551e74ad585bdeac9a75fd639,0.898911714553833
034598db2c774843ae5b70f89a468dd1,e2e0c8c96aff4c00896ac6986bbb20c2,0.8966571688652039
034598db2c774843ae5b70f89a468dd1,17b5eb6fab65476f827dd355b4a20a55,0.8964888453483582
e1b0c09a4b5745ba87cb45d6b31cc047,8c7c9eaae41a44a3a4ebe39ce167d300,0.9283937811851501
e1b0c09a4b5745ba87cb45d6b31cc047,75bf181ea5dc490e95d364a5f5c7af1d,0.9156861901283264
e1b0c09a4b5745ba87cb45d6b31cc047,b834c0b0c10b471b87ad3f11468de619,0.9085748195648193
e1b0c09a4b5745ba87cb45d6b31cc047,f91157bb8fca4a8e98db33591a76be9a,0.90755295753479
e1b0c09a4b5745ba87cb45d6b31cc047,8fca2e4873e946f7a788af2b846cebd7,0.9064242839813232
e1b0c09a4b5745ba87cb45d6b31cc047,fc430b7683934be2aba12468b2409bb8,0.905832052230835
e1b0c09a4b5745ba87cb45d6b31cc047,7bbe3c76bcc04d73969f920d43fcc67d,0.9037281274795532
e1b0c09a4b5745ba87cb45d6b31cc047,724a3f6551e74ad585bdeac9a75fd639,0.9034752249717712
e1b0c09a4b5745ba87cb45d6b31cc047,a94cb58f1ca8456b96e39b5b1ebfb7ea,0.9030131101608276
e1b0c09a4b5745ba87cb45d6b31cc047,4d0a737f396d4a95808085bd1306746c,0.9000979065895081
2ee4e4c157314893ac1677408acd1e13,8c7c9eaae41a44a3a4ebe39ce167d300,0.9784443378448486
2ee4e4c157314893ac1677408acd1e13,1419b2c686f44896a0ae2a43e93b5402,0.9248311519622803
2ee4e4c157314893ac1677408acd1e13,b834c0b0c10b471b87ad3f11468de619,0.9201444387435913
2ee4e4c157314893ac1677408acd1e13,e2e0c8c96aff4c00896ac6986bbb20c2,0.9150757193565369
2ee4e4c157314893ac1677408acd1e13,724a3f6551e74ad585bdeac9a75fd639,0.9119569659233093
2ee4e4c157314893ac1677408acd1e13,71c1a8479b194efca65b44fb7f327afb,0.9070762991905212
2ee4e4c157314893ac1677408acd1e13,673aee19895b4d339ada93213d8874ac,0.9049301147460938
2ee4e4c157314893ac1677408acd1e13,17b5eb6fab65476f827dd355b4a20a55,0.9039345979690552
2ee4e4c157314893ac1677408acd1e13,e59dba65749140f4a1bdaf2695de2fc6,0.903754711151123
2ee4e4c157314893ac1677408acd1e13,fc430b7683934be2aba12468b2409bb8,0.9033653736114502
d2d1bfd6b701442bac97d11e1bcdcbff,8fdee0611965465eb45387b8c39f4136,0.9217270612716675
d2d1bfd6b701442bac97d11e1bcdcbff,b834c0b0c10b471b87ad3f11468de619,0.9152541756629944
d2d1bfd6b701442bac97d11e1bcdcbff,f91157bb8fca4a8e98db33591a76be9a,0.9096964597702026
d2d1bfd6b701442bac97d11e1bcdcbff,8c7c9eaae41a44a3a4ebe39ce167d300,0.9018149375915527
d2d1bfd6b701442bac97d11e1bcdcbff,7199f2fe77824236a392e1f00a5bdfc3,0.8938385248184204
d2d1bfd6b701442bac97d11e1bcdcbff,df0c94234d9d4890b5b4b95c441b3e9a,0.8896545171737671
d2d1bfd6b701442bac97d11e1bcdcbff,b675be39e8ff421aa59811f146da945b,0.8887015581130981
d2d1bfd6b701442bac97d11e1bcdcbff,29088685e31a4d86b60b514e98117361,0.8884837627410889
d2d1bfd6b701442bac97d11e1bcdcbff,039a871609044cb1b69f70c082fe61d8,0.8882238864898682
d2d1bfd6b701442bac97d11e1bcdcbff,452d645d5bf4485185e996dcec9523e5,0.8876226544380188
6da4af4998924e888bc085da81c883e1,0f785440b29548e1a1968868262fd42e,0.9946938157081604
6da4af4998924e888bc085da81c883e1,1d70bc69b2f84bef9aa5fb0d9917e38d,0.9077558517456055
6da4af4998924e888bc085da81c883e1,b702b2b61ce048c6bf5af3c4dca18b1a,0.899909257888794
6da4af4998924e888bc085da81c883e1,097c30a7f39a4a3abf6da2ca80cad3a5,0.8961365818977356
6da4af4998924e888bc085da81c883e1,19098957d8c24cab95daa30c2baefd8f,0.8936467170715332
6da4af4998924e888bc085da81c883e1,39e2b00e1cbd471488cf56f31d2cec7f,0.8880472779273987
6da4af4998924e888bc085da81c883e1,43464ed6733f4642a0b90e7d995a5e40,0.8870325088500977
6da4af4998924e888bc085da81c883e1,7e190e3c05d74e6b9f103e39142c1684,0.8861145377159119
6da4af4998924e888bc085da81c883e1,2639b6540bda414f8a9baa3b5cdb612a,0.8840495347976685
6da4af4998924e888bc085da81c883e1,724a3f6551e74ad585bdeac9a75fd639,0.8838274478912354
62a839f4213d46759d8133e354ae93a4,0f785440b29548e1a1968868262fd42e,0.9940850734710693
62a839f4213d46759d8133e354ae93a4,1d70bc69b2f84bef9aa5fb0d9917e38d,0.9145941734313965
62a839f4213d46759d8133e354ae93a4,b702b2b61ce048c6bf5af3c4dca18b1a,0.9058405160903931
62a839f4213d46759d8133e354ae93a4,097c30a7f39a4a3abf6da2ca80cad3a5,0.8983519077301025
62a839f4213d46759d8133e354ae93a4,19098957d8c24cab95daa30c2baefd8f,0.8959399461746216
62a839f4213d46759d8133e354ae93a4,724a3f6551e74ad585bdeac9a75fd639,0.8913193941116333
62a839f4213d46759d8133e354ae93a4,39e2b00e1cbd471488cf56f31d2cec7f,0.8911266922950745
62a839f4213d46759d8133e354ae93a4,2639b6540bda414f8a9baa3b5cdb612a,0.8907016515731812
62a839f4213d46759d8133e354ae93a4,97959d02a64f4a3fbbebe7cbece6c012,0.8900856971740723
62a839f4213d46759d8133e354ae93a4,be8953cc364d46cebbcc2c2da2c348ab,0.8880533576011658
f22180d73d204b929c77cc738c93dec8,c36ef11228124c438ed3256c9822b03d,0.9693028926849365
f22180d73d204b929c77cc738c93dec8,8dfbb6a204a0441492c35baca6190969,0.8698358535766602
f22180d73d204b929c77cc738c93dec8,2ece45504eff42469c104dc2a2d03caf,0.8683756589889526
f22180d73d204b929c77cc738c93dec8,7f0b453cc8c14156802497f5cbae9d62,0.8666601181030273
f22180d73d204b929c77cc738c93dec8,31cf7db26a3249c5a6205b005662ddcf,0.8649084568023682
f22180d73d204b929c77cc738c93dec8,8d595c7da42545c88052e7b213b6c97c,0.8631935119628906
f22180d73d204b929c77cc738c93dec8,673aee19895b4d339ada93213d8874ac,0.8616623878479004
f22180d73d204b929c77cc738c93dec8,02a3cd76ce534d188b4d5ac4778bd652,0.8605768084526062
f22180d73d204b929c77cc738c93dec8,04d24d1cf42b4f7787d8d300cbad6d50,0.8604496717453003
f22180d73d204b929c77cc738c93dec8,199647bd1328406c83c5a875154f97d9,0.8592408895492554
b43451e5261643dab9a0627813d31785,7627d5e28ba74cbeaf9225e88a7a44cc,0.9385243654251099
b43451e5261643dab9a0627813d31785,04d24d1cf42b4f7787d8d300cbad6d50,0.9211970567703247
b43451e5261643dab9a0627813d31785,17b5eb6fab65476f827dd355b4a20a55,0.9064859747886658
b43451e5261643dab9a0627813d31785,3d3e8565d2f84e0cad5ae622f2909765,0.9000781774520874
b43451e5261643dab9a0627813d31785,724a3f6551e74ad585bdeac9a75fd639,0.8987075686454773
b43451e5261643dab9a0627813d31785,f12e9e5805534d719f829332d1ea5d29,0.8976891040802002
b43451e5261643dab9a0627813d31785,3827ad869b3740278b98db4e65c40e0c,0.8976501226425171
b43451e5261643dab9a0627813d31785,69ac8397e9624bfd8aee237b9f9ea3b5,0.8935385942459106
b43451e5261643dab9a0627813d31785,39e2b00e1cbd471488cf56f31d2cec7f,0.8889045715332031
b43451e5261643dab9a0627813d31785,4a6eba10a02a4ecdbb6b25e8651c3789,0.8884838223457336
89b4973e66414223af70d8648086e97c,7627d5e28ba74cbeaf9225e88a7a44cc,0.9340906143188477
89b4973e66414223af70d8648086e97c,04d24d1cf42b4f7787d8d300cbad6d50,0.9185866117477417
89b4973e66414223af70d8648086e97c,3d3e8565d2f84e0cad5ae622f2909765,0.913994550704956
89b4973e66414223af70d8648086e97c,17b5eb6fab65476f827dd355b4a20a55,0.9136106371879578
89b4973e66414223af70d8648086e97c,3827ad869b3740278b98db4e65c40e0c,0.9074815511703491
89b4973e66414223af70d8648086e97c,724a3f6551e74ad585bdeac9a75fd639,0.9033892154693604
89b4973e66414223af70d8648086e97c,19098957d8c24cab95daa30c2baefd8f,0.9028197526931763
89b4973e66414223af70d8648086e97c,f12e9e5805534d719f829332d1ea5d29,0.9016319513320923
89b4973e66414223af70d8648086e97c,39e2b00e1cbd471488cf56f31d2cec7f,0.9011484384536743
89b4973e66414223af70d8648086e97c,6c874292dbcc49ff8bb8bbe5643593a5,0.8919764757156372
cca9ed42ea00433984410ed65b0435fb,7c1126d46a934db6b951d1e98feae327,0.9407541751861572
cca9ed42ea00433984410ed65b0435fb,f2cfa68a47ce4a43a0fe1cc7dc860418,0.9055294990539551
cca9ed42ea00433984410ed65b0435fb,e735729c80d84f76a6133c065d5380f8,0.9049994945526123
cca9ed42ea00433984410ed65b0435fb,be8953cc364d46cebbcc2c2da2c348ab,0.902569055557251
cca9ed42ea00433984410ed65b0435fb,076e2669c305401fb3afcfafdd6c79c7,0.8989753723144531
cca9ed42ea00433984410ed65b0435fb,85d4175b563d48e5bc6a991b23662f24,0.8986015319824219
cca9ed42ea00433984410ed65b0435fb,403835bbf2f1447188bcc78e062b0028,0.8969464302062988
cca9ed42ea00433984410ed65b0435fb,f4b7e6e902e344859cb041126b69ce3c,0.8961625099182129
cca9ed42ea00433984410ed65b0435fb,57bcda73abab44ee930b20cdaee9d24b,0.8956191539764404
cca9ed42ea00433984410ed65b0435fb,f3fddb55448a46778b5d807642cceb71,0.8949655294418335
ca3ae3f2f83a4b709148933472566ca6,c36ef11228124c438ed3256c9822b03d,0.9224926829338074
ca3ae3f2f83a4b709148933472566ca6,aedd476072b345e9be46ebd7260e93a6,0.887287974357605
ca3ae3f2f83a4b709148933472566ca6,2ece45504eff42469c104dc2a2d03caf,0.8820425271987915
ca3ae3f2f83a4b709148933472566ca6,17b5eb6fab65476f827dd355b4a20a55,0.876096248626709
ca3ae3f2f83a4b709148933472566ca6,a94cb58f1ca8456b96e39b5b1ebfb7ea,0.8745141625404358
ca3ae3f2f83a4b709148933472566ca6,e59dba65749140f4a1bdaf2695de2fc6,0.8729245662689209
ca3ae3f2f83a4b709148933472566ca6,6b7b5d28293d4a5a8075f7f7dd231ddb,0.8710949420928955
ca3ae3f2f83a4b709148933472566ca6,673aee19895b4d339ada93213d8874ac,0.8704959154129028
ca3ae3f2f83a4b709148933472566ca6,b8da01ceddcb45a491a288ddbc658e90,0.8699474334716797
ca3ae3f2f83a4b709148933472566ca6,71c1a8479b194efca65b44fb7f327afb,0.8687705993652344
bc19c9d3d882406886b4dc137c8085e0,02a3cd76ce534d188b4d5ac4778bd652,0.9029932022094727
bc19c9d3d882406886b4dc137c8085e0,bbdf9065122d499d9d8f80ad3e0ef6f3,0.8925487399101257
bc19c9d3d882406886b4dc137c8085e0,119a6d7b4af3458b951fc1c5ab5e1738,0.8831840753555298
bc19c9d3d882406886b4dc137c8085e0,d5ecdd142b544edca1b16ee83a9cf908,0.8827024698257446
bc19c9d3d882406886b4dc137c8085e0,cf290994a83e4909aec30077477b9d04,0.8823578357696533
bc19c9d3d882406886b4dc137c8085e0,5d5baf5ce88b4b529e28ab9c7c114148,0.8796913027763367
bc19c9d3d882406886b4dc137c8085e0,5c09482fc8dc45bdbf7919f00dd540e0,0.8793590664863586
bc19c9d3d882406886b4dc137c8085e0,26869cc099c44c4a86f6043476ab4890,0.8779946565628052
bc19c9d3d882406886b4dc137c8085e0,84ff5144597241bba5cbd3d0b21d220d,0.8770230412483215
bc19c9d3d882406886b4dc137c8085e0,7daa434073604cb98a04fefb55468dda,0.8755273818969727
77823865299d48ddbce6d7d7e199814f,02a3cd76ce534d188b4d5ac4778bd652,0.9759532809257507
77823865299d48ddbce6d7d7e199814f,39a08a87897f47d3bdbbdc5ed8c9cd7f,0.9248975515365601
77823865299d48ddbce6d7d7e199814f,e0d8aee46b1d4d998858cd05027251b6,0.9210041761398315
77823865299d48ddbce6d7d7e199814f,41e657daa20545a588584578bdb4101c,0.9179461002349854
77823865299d48ddbce6d7d7e199814f,1ade4365590a4ac7865100d8c791e340,0.9156867861747742
77823865299d48ddbce6d7d7e199814f,d9096650c434432c871effeca9acd5c6,0.9113754034042358
77823865299d48ddbce6d7d7e199814f,cc243eebbb2b44a581745865a60c423a,0.9095450639724731
77823865299d48ddbce6d7d7e199814f,b77d8b7bb0114c379139d280a9210e83,0.9031198024749756
77823865299d48ddbce6d7d7e199814f,8fdee0611965465eb45387b8c39f4136,0.9013383388519287
77823865299d48ddbce6d7d7e199814f,66cba49431224a3788f914d6a80165e1,0.9009988307952881
5cfbbd42352245fb9ab4e93f0e17452a,4c36aafaf38f4e9e9e09991737196fe1,0.8717284202575684
5cfbbd42352245fb9ab4e93f0e17452a,e6afe89ff7bc491193141c057083d8a8,0.8664268851280212
5cfbbd42352245fb9ab4e93f0e17452a,21eb9f06dd834a108d816efdf3aca8dc,0.8647177219390869
5cfbbd42352245fb9ab4e93f0e17452a,0c889c151e094b948c13b0275e660a9c,0.8538742661476135
5cfbbd42352245fb9ab4e93f0e17452a,e5a3c8867e44498d9182e8be934e0fce,0.8531707525253296
5cfbbd42352245fb9ab4e93f0e17452a,31f80e4c87164e2893375ec7e73b372e,0.8522327542304993
5cfbbd42352245fb9ab4e93f0e17452a,5537ddec608a4ec586ea068fa27547ca,0.8508263826370239
5cfbbd42352245fb9ab4e93f0e17452a,8889c114b071429cbe2418f5b0f2024b,0.8489406108856201
5cfbbd42352245fb9ab4e93f0e17452a,8ebbcf8e4e6f400ba1839e9d75806274,0.8471121788024902
5cfbbd42352245fb9ab4e93f0e17452a,98fbdf945d0c4206a48a4f7260e56017,0.8456766605377197
4a03d80a56a24730b633957fa5195cf5,02a3cd76ce534d188b4d5ac4778bd652,0.9664479494094849
4a03d80a56a24730b633957fa5195cf5,39a08a87897f47d3bdbbdc5ed8c9cd7f,0.9149091243743896
4a03d80a56a24730b633957fa5195cf5,d9096650c434432c871effeca9acd5c6,0.8993420600891113
4a03d80a56a24730b633957fa5195cf5,e0d8aee46b1d4d998858cd05027251b6,0.8970581889152527
4a03d80a56a24730b633957fa5195cf5,bbdf9065122d499d9d8f80ad3e0ef6f3,0.8961738348007202
4a03d80a56a24730b633957fa5195cf5,b834c0b0c10b471b87ad3f11468de619,0.8959403038024902
4a03d80a56a24730b633957fa5195cf5,41e657daa20545a588584578bdb4101c,0.8954231142997742
4a03d80a56a24730b633957fa5195cf5,1ade4365590a4ac7865100d8c791e340,0.8929992914199829
4a03d80a56a24730b633957fa5195cf5,b585a2970e9f421da236241f603883f2,0.8916543126106262
4a03d80a56a24730b633957fa5195cf5,a2612682d9854a30a7684c91c8619ec9,0.8915514945983887
ca687051622e4c35823d965df0139509,e2e0c8c96aff4c00896ac6986bbb20c2,0.9777485132217407
ca687051622e4c35823d965df0139509,04d24d1cf42b4f7787d8d300cbad6d50,0.9210061430931091
ca687051622e4c35823d965df0139509,25afb6f7e9314af09008644bca5955b9,0.9192861914634705
ca687051622e4c35823d965df0139509,8b038cd0dafd45d8b1ce75177ca3a76b,0.9142293334007263
ca687051622e4c35823d965df0139509,724a3f6551e74ad585bdeac9a75fd639,0.9129060506820679
ca687051622e4c35823d965df0139509,eeb3b60f34af40de850e065b475d8180,0.9045525789260864
ca687051622e4c35823d965df0139509,eabdd2813a954f9aa01f0eb8212ee387,0.9036532640457153
ca687051622e4c35823d965df0139509,85d4175b563d48e5bc6a991b23662f24,0.9024918079376221
ca687051622e4c35823d965df0139509,0eb119aabc884795a4768c6d3e677ea1,0.9022128582000732
ca687051622e4c35823d965df0139509,eb21a4e2b7bd43efbdf0c365415e7fef,0.9016342163085938
62cb56b35d3847a2858dee237b0a7f1e,6252aa87531748e5bac5f6c65fc87e14,0.9344196319580078
62cb56b35d3847a2858dee237b0a7f1e,a0408a6462b24cf18e50a8616359d5ad,0.8868152499198914
62cb56b35d3847a2858dee237b0a7f1e,7ef653f7e5f64e1b8bba73b9518b87b7,0.8838390111923218
62cb56b35d3847a2858dee237b0a7f1e,5a9a716f53364389864a4018d9e9c6c0,0.8666934967041016
62cb56b35d3847a2858dee237b0a7f1e,f5a9583711fc4ff4a46e85c24886b234,0.866629958152771
62cb56b35d3847a2858dee237b0a7f1e,7d3d751215194e649a03457226f599d7,0.8662595748901367
62cb56b35d3847a2858dee237b0a7f1e,f3fddb55448a46778b5d807642cceb71,0.8617739677429199
62cb56b35d3847a2858dee237b0a7f1e,b6c493a3666c4db193e86c79faf099ab,0.8613487482070923
62cb56b35d3847a2858dee237b0a7f1e,65e52d14d4d64d4fbad3de6ad319e745,0.859283447265625
62cb56b35d3847a2858dee237b0a7f1e,ef511457ee7c490c8e10eccf6e18fef6,0.8574858903884888
ad43fc3957284bd78e7d7c9aa5ab29c0,f5a9583711fc4ff4a46e85c24886b234,0.9660610556602478
ad43fc3957284bd78e7d7c9aa5ab29c0,e3854d75221c4e38879a6106bb5c1941,0.910733699798584
ad43fc3957284bd78e7d7c9aa5ab29c0,7ef653f7e5f64e1b8bba73b9518b87b7,0.9102975130081177
ad43fc3957284bd78e7d7c9aa5ab29c0,b6c493a3666c4db193e86c79faf099ab,0.9059576392173767
ad43fc3957284bd78e7d7c9aa5ab29c0,6252aa87531748e5bac5f6c65fc87e14,0.899472177028656
ad43fc3957284bd78e7d7c9aa5ab29c0,f65b6fb5b40a49d1896de7a115469d40,0.8988399505615234
ad43fc3957284bd78e7d7c9aa5ab29c0,3aa003c1e31b476e999c3a808a1d5dc6,0.8946992754936218
ad43fc3957284bd78e7d7c9aa5ab29c0,82d68ea370f8451aa16ea08f4601245c,0.8941658139228821
ad43fc3957284bd78e7d7c9aa5ab29c0,1a0ac2d40cb04ca993e1db68d787728a,0.8936532735824585
ad43fc3957284bd78e7d7c9aa5ab29c0,26869cc099c44c4a86f6043476ab4890,0.8934779763221741
5871998e8d6c4a9090cdf17915017027,f5a9583711fc4ff4a46e85c24886b234,0.984329879283905
5871998e8d6c4a9090cdf17915017027,1a0ac2d40cb04ca993e1db68d787728a,0.8972601294517517
5871998e8d6c4a9090cdf17915017027,b6c493a3666c4db193e86c79faf099ab,0.8960598707199097
5871998e8d6c4a9090cdf17915017027,b90d74e80c37486eaee89b6fbab13671,0.8937002420425415
5871998e8d6c4a9090cdf17915017027,7e17bbd109dc486c8f0a76f913782180,0.890154242515564
5871998e8d6c4a9090cdf17915017027,e3854d75221c4e38879a6106bb5c1941,0.8899431228637695
5871998e8d6c4a9090cdf17915017027,f65b6fb5b40a49d1896de7a115469d40,0.8893495202064514
5871998e8d6c4a9090cdf17915017027,7ef653f7e5f64e1b8bba73b9518b87b7,0.8869027495384216
5871998e8d6c4a9090cdf17915017027,4a7fa5a1bafe4b6995e2920444ac07c4,0.8851883411407471
5871998e8d6c4a9090cdf17915017027,e0d8aee46b1d4d998858cd05027251b6,0.8846969604492188
102f600a8c1740ac8a06de1b28c5904e,268f8ec9f2734029a8e75857db56ccb3,0.943842887878418
102f600a8c1740ac8a06de1b28c5904e,095ac293b64a4a58b1b3d3f71453a267,0.8595073223114014
102f600a8c1740ac8a06de1b28c5904e,7f23e27e5652406784fdc2dea3918125,0.8587610721588135
102f600a8c1740ac8a06de1b28c5904e,5605fa1188974644937bbf92fec50e21,0.8556421399116516
102f600a8c1740ac8a06de1b28c5904e,d53fa54d5536463ab0d87648dfc5fd78,0.851696252822876
102f600a8c1740ac8a06de1b28c5904e,b3a022950e444682a113cec5a0537f6a,0.8497453927993774
102f600a8c1740ac8a06de1b28c5904e,1099cb6f4fac4eb8a1fb6db50e18296b,0.8473975658416748
102f600a8c1740ac8a06de1b28c5904e,d2bcc978e7aa49908919d9fc40138b27,0.8468735218048096
102f600a8c1740ac8a06de1b28c5904e,ee7c00877ae64dac87123a3d75251530,0.8461072444915771
102f600a8c1740ac8a06de1b28c5904e,91f9f8576e5142a49926bd623b0bc19c,0.8457934856414795
ae0903a7f3be40ce83442e458496fd29,30f654c6e69e48888f9f42dd95ab3c77,0.9558783173561096
ae0903a7f3be40ce83442e458496fd29,97959d02a64f4a3fbbebe7cbece6c012,0.9026322364807129
ae0903a7f3be40ce83442e458496fd29,f91157bb8fca4a8e98db33591a76be9a,0.9018153548240662
ae0903a7f3be40ce83442e458496fd29,22d9d5ad33e947fd857c5c4a8b7dfae1,0.900249719619751
ae0903a7f3be40ce83442e458496fd29,db0c3a952e454b90aa4a68feb6a50e87,0.8997942209243774
ae0903a7f3be40ce83442e458496fd29,938147b72e9540da8513910871e0830a,0.8992159366607666
ae0903a7f3be40ce83442e458496fd29,039f8e63b273472d8f1d99d9a5de5cf5,0.8986872434616089
ae0903a7f3be40ce83442e458496fd29,c14e45f5201b4038bdddddb238d888a3,0.8968505859375
ae0903a7f3be40ce83442e458496fd29,feb980ae999948ce9be0266b4ddc048d,0.8954904079437256
ae0903a7f3be40ce83442e458496fd29,c1def54262224e23acf67a9870725ce5,0.8948938250541687
f9be6242a66b4efabd439a28435cee95,7dd5e88dfdd24cafab2c765939757354,0.9669474363327026
f9be6242a66b4efabd439a28435cee95,e7aaa514f6f64a258a640ea341aa1a18,0.9219540357589722
f9be6242a66b4efabd439a28435cee95,f91157bb8fca4a8e98db33591a76be9a,0.9163084626197815
f9be6242a66b4efabd439a28435cee95,9bf3b77eb9874f5f9e006a9cff111ea9,0.9151723384857178
f9be6242a66b4efabd439a28435cee95,30f654c6e69e48888f9f42dd95ab3c77,0.9120805859565735
f9be6242a66b4efabd439a28435cee95,d658e3a743af41899183fecff6b2628d,0.9111551642417908
f9be6242a66b4efabd439a28435cee95,b834c0b0c10b471b87ad3f11468de619,0.9100897312164307
f9be6242a66b4efabd439a28435cee95,1232f20e710b448e8c0538b9e84dab1c,0.9100391864776611
f9be6242a66b4efabd439a28435cee95,eb21a4e2b7bd43efbdf0c365415e7fef,0.9094952940940857
f9be6242a66b4efabd439a28435cee95,98fbdf945d0c4206a48a4f7260e56017,0.9084532260894775
10ef6812f01b471a8e48fa8e99c81735,268f8ec9f2734029a8e75857db56ccb3,0.9199753999710083
10ef6812f01b471a8e48fa8e99c81735,c2b49382e2f34b1c90013236a5fbaef0,0.8433042764663696
10ef6812f01b471a8e48fa8e99c81735,d53fa54d5536463ab0d87648dfc5fd78,0.8079921007156372
10ef6812f01b471a8e48fa8e99c81735,7f23e27e5652406784fdc2dea3918125,0.801662802696228
10ef6812f01b471a8e48fa8e99c81735,e22e1ad3c1fc4493bcb7c9b923566ff7,0.7948784828186035
10ef6812f01b471a8e48fa8e99c81735,7879fa4d4db046a2a8d195311b6e5789,0.7948043346405029
10ef6812f01b471a8e48fa8e99c81735,6c6de17135be4f8c9423be633eaefcd4,0.7943406105041504
10ef6812f01b471a8e48fa8e99c81735,e43d8e7bc32f406b9a692e2604f5b45a,0.7937792539596558
10ef6812f01b471a8e48fa8e99c81735,c78547bdc2e64ac8935559f7de2efd41,0.7934662103652954
10ef6812f01b471a8e48fa8e99c81735,7e8a4a43e2f84dbb88e41cb24b3fe79f,0.7932899594306946
fb5376db56af4ab4b8ea6d46d191ad26,225818abe99e45a0bf5b0b3ec30db76b,0.9886895418167114
fb5376db56af4ab4b8ea6d46d191ad26,99830b8da7c24f909914f7bb167f3ea6,0.9066389203071594
fb5376db56af4ab4b8ea6d46d191ad26,ffc5805e29a74be0a55b40318aa321d7,0.9037500619888306
fb5376db56af4ab4b8ea6d46d191ad26,df0c94234d9d4890b5b4b95c441b3e9a,0.9030652642250061
fb5376db56af4ab4b8ea6d46d191ad26,ffe2740eee8c49b39b2ce41f9983bcb4,0.9023311138153076
fb5376db56af4ab4b8ea6d46d191ad26,249c2d8d8d2345c6990b3c4d94385b5a,0.8972477912902832
fb5376db56af4ab4b8ea6d46d191ad26,0bd1cce9370a461089e25393086800a8,0.895808219909668
fb5376db56af4ab4b8ea6d46d191ad26,c756409435634fc48c643a64e73c93ce,0.8954541087150574
fb5376db56af4ab4b8ea6d46d191ad26,3c1b91a23b694da1973dbc5f75f2f3ed,0.8909351825714111
fb5376db56af4ab4b8ea6d46d191ad26,434551fdf9e443ed91679a9557ae6fd5,0.887710690498352
a0e60ab432b94ba291505c129ee405df,225818abe99e45a0bf5b0b3ec30db76b,0.9564038515090942
a0e60ab432b94ba291505c129ee405df,99830b8da7c24f909914f7bb167f3ea6,0.9104354381561279
a0e60ab432b94ba291505c129ee405df,c756409435634fc48c643a64e73c93ce,0.9041329622268677
a0e60ab432b94ba291505c129ee405df,9677dd2a3aae457a8079087ce4177e14,0.8943429589271545
a0e60ab432b94ba291505c129ee405df,0bd1cce9370a461089e25393086800a8,0.8893869519233704
a0e60ab432b94ba291505c129ee405df,ffc5805e29a74be0a55b40318aa321d7,0.8886500000953674
a0e60ab432b94ba291505c129ee405df,ffe2740eee8c49b39b2ce41f9983bcb4,0.8848819136619568
a0e60ab432b94ba291505c129ee405df,e5a3c8867e44498d9182e8be934e0fce,0.8836761713027954
a0e60ab432b94ba291505c129ee405df,249c2d8d8d2345c6990b3c4d94385b5a,0.8814985156059265
a0e60ab432b94ba291505c129ee405df,b9228fdb5f0c413d81cffb51829d95c6,0.8810387253761292
0d29840b4f2a46659bf734b51438e6ac,cc243eebbb2b44a581745865a60c423a,0.9439513087272644
0d29840b4f2a46659bf734b51438e6ac,0971af4212484a958eb0f60f93d1dfe0,0.9037865400314331
0d29840b4f2a46659bf734b51438e6ac,41e657daa20545a588584578bdb4101c,0.9028670191764832
0d29840b4f2a46659bf734b51438e6ac,f439b5616ba24b7f82eccfa095a0eff8,0.8999398946762085
0d29840b4f2a46659bf734b51438e6ac,b277101390e1465685ef79bf3519f8d7,0.896973729133606
0d29840b4f2a46659bf734b51438e6ac,33e2a95109e647cbb4ba2687631b169a,0.8950157761573792
0d29840b4f2a46659bf734b51438e6ac,52ee59901f3b4de884d7a6720538aed6,0.8946322202682495
0d29840b4f2a46659bf734b51438e6ac,590df34aa41f46e9ad13ffc6a98da3b7,0.8936572074890137
0d29840b4f2a46659bf734b51438e6ac,b77d8b7bb0114c379139d280a9210e83,0.8934302926063538
0d29840b4f2a46659bf734b51438e6ac,5abf57d57d84440e94d0d2e2ffb37575,0.8925577402114868
62865ed38c05470a8919d1070402fa6b,cc243eebbb2b44a581745865a60c423a,0.9512314796447754
62865ed38c05470a8919d1070402fa6b,41e657daa20545a588584578bdb4101c,0.9092467427253723
62865ed38c05470a8919d1070402fa6b,f439b5616ba24b7f82eccfa095a0eff8,0.9092303514480591
62865ed38c05470a8919d1070402fa6b,0971af4212484a958eb0f60f93d1dfe0,0.8962414860725403
62865ed38c05470a8919d1070402fa6b,02a3cd76ce534d188b4d5ac4778bd652,0.8948966264724731
62865ed38c05470a8919d1070402fa6b,33e2a95109e647cbb4ba2687631b169a,0.8940520286560059
62865ed38c05470a8919d1070402fa6b,5abf57d57d84440e94d0d2e2ffb37575,0.8927397131919861
62865ed38c05470a8919d1070402fa6b,d9096650c434432c871effeca9acd5c6,0.890483021736145
62865ed38c05470a8919d1070402fa6b,b277101390e1465685ef79bf3519f8d7,0.8895791172981262
62865ed38c05470a8919d1070402fa6b,67dd23cfd20f46dc82acc82c108a1dc6,0.8884566426277161
09a6f25650ae474385eb70217f8c4843,01ffceddb5b34406a08bb982b424b3cf,0.9733282327651978
09a6f25650ae474385eb70217f8c4843,0b57f893483647c3aed811775a4c4c04,0.9237290620803833
09a6f25650ae474385eb70217f8c4843,e4e12f4711fd41e39075e26cc274df45,0.9122084379196167
09a6f25650ae474385eb70217f8c4843,26869cc099c44c4a86f6043476ab4890,0.9111714959144592
09a6f25650ae474385eb70217f8c4843,07d869789eda4445a1ecfe59c331db0d,0.9060764312744141
09a6f25650ae474385eb70217f8c4843,0ecfdd96e0054841883acba75e83b232,0.9057510495185852
09a6f25650ae474385eb70217f8c4843,6866efc8987a4ec8b04b7abd28fb5777,0.9038035869598389
09a6f25650ae474385eb70217f8c4843,0daf8d5687b54d158f7f752884c42334,0.9037827253341675
09a6f25650ae474385eb70217f8c4843,74644c8cc17449cf89379868e7b21398,0.9031243324279785
09a6f25650ae474385eb70217f8c4843,076e2669c305401fb3afcfafdd6c79c7,0.9003913998603821
86e1bd5f53b148b9a9522847363630bf,01ffceddb5b34406a08bb982b424b3cf,0.9937691688537598
86e1bd5f53b148b9a9522847363630bf,0b57f893483647c3aed811775a4c4c04,0.9326179027557373
86e1bd5f53b148b9a9522847363630bf,0ecfdd96e0054841883acba75e83b232,0.9220792055130005
86e1bd5f53b148b9a9522847363630bf,26869cc099c44c4a86f6043476ab4890,0.9196195602416992
86e1bd5f53b148b9a9522847363630bf,e4e12f4711fd41e39075e26cc274df45,0.9177206754684448
86e1bd5f53b148b9a9522847363630bf,74644c8cc17449cf89379868e7b21398,0.9174612164497375
86e1bd5f53b148b9a9522847363630bf,2b3ecf8be2b242f3b8a1e714390749fb,0.9095426201820374
86e1bd5f53b148b9a9522847363630bf,07d869789eda4445a1ecfe59c331db0d,0.9093230962753296
86e1bd5f53b148b9a9522847363630bf,0daf8d5687b54d158f7f752884c42334,0.908295214176178
86e1bd5f53b148b9a9522847363630bf,5fc200cab89346658c9c91cce27e85fe,0.9075896739959717
aa561064498b402993740579853c84fc,2b3ecf8be2b242f3b8a1e714390749fb,0.9867407083511353
aa561064498b402993740579853c84fc,06a5f0cec6ce4170a02dad0ad4c55b1c,0.9204815030097961
aa561064498b402993740579853c84fc,d8b3ad3b5c4e474db41a671ab286424f,0.9199803471565247
aa561064498b402993740579853c84fc,e4e12f4711fd41e39075e26cc274df45,0.9179283380508423
aa561064498b402993740579853c84fc,f69855cdf66d4f6887ecfd0ddb9014b5,0.9150327444076538
aa561064498b402993740579853c84fc,24c55bb5cd694770ba895c7401da2ba5,0.9142426252365112
aa561064498b402993740579853c84fc,0accd1d0138b49049d437c0d9b1c23c3,0.913651704788208
aa561064498b402993740579853c84fc,35c5a560ecdc4d6a9d20f057ed1fa0e6,0.9133541584014893
aa561064498b402993740579853c84fc,a5d5fb459a1844088e93ae557ab34afe,0.9124140739440918
aa561064498b402993740579853c84fc,2471f23cb9b64d35a72deed09c9c8975,0.9068558216094971
de4bd1f38ae04b8da3f5f36bea97276d,e4e12f4711fd41e39075e26cc274df45,0.9778192043304443
de4bd1f38ae04b8da3f5f36bea97276d,2b3ecf8be2b242f3b8a1e714390749fb,0.9158066511154175
de4bd1f38ae04b8da3f5f36bea97276d,0b57f893483647c3aed811775a4c4c04,0.9152362942695618
de4bd1f38ae04b8da3f5f36bea97276d,da14e9dc2c3d4963b725de8102de5028,0.9134609699249268
de4bd1f38ae04b8da3f5f36bea97276d,01ffceddb5b34406a08bb982b424b3cf,0.9098509550094604
de4bd1f38ae04b8da3f5f36bea97276d,64e74af099b0485f8b6e71ac73aa2cb8,0.904342532157898
de4bd1f38ae04b8da3f5f36bea97276d,ba8d0208e32e42969bd4349cf24f6ed1,0.9032089710235596
de4bd1f38ae04b8da3f5f36bea97276d,1099cb6f4fac4eb8a1fb6db50e18296b,0.9018405079841614
de4bd1f38ae04b8da3f5f36bea97276d,2839430464164d5ba00713b42d4d96e4,0.9011383056640625
de4bd1f38ae04b8da3f5f36bea97276d,14f4db886cca4104877ac7d1d7a64133,0.8999928832054138
3dc160c26fc64d45a5f1e9756e6b1025,40a95697730046dcbb0d7ba1fe2109a6,0.8972335457801819
3dc160c26fc64d45a5f1e9756e6b1025,04fa591263664fb0a6868552ebd3590b,0.8860640525817871
3dc160c26fc64d45a5f1e9756e6b1025,e2e0c8c96aff4c00896ac6986bbb20c2,0.8725672364234924
3dc160c26fc64d45a5f1e9756e6b1025,e88ce4cd350f43398a5c0ab8629cee72,0.8646584749221802
3dc160c26fc64d45a5f1e9756e6b1025,384f94503bcd4f4c863056ad69f45b43,0.8645923137664795
3dc160c26fc64d45a5f1e9756e6b1025,33b5e2ae5ebe4f548bac3a00ab0a59eb,0.8624795079231262
3dc160c26fc64d45a5f1e9756e6b1025,25afb6f7e9314af09008644bca5955b9,0.8595597743988037
3dc160c26fc64d45a5f1e9756e6b1025,19098957d8c24cab95daa30c2baefd8f,0.8570542931556702
3dc160c26fc64d45a5f1e9756e6b1025,8b038cd0dafd45d8b1ce75177ca3a76b,0.8560685515403748
3dc160c26fc64d45a5f1e9756e6b1025,04d24d1cf42b4f7787d8d300cbad6d50,0.8540156483650208
f7cfc69b28204d1681a71216a3dafbff,0eb119aabc884795a4768c6d3e677ea1,0.9689365029335022
f7cfc69b28204d1681a71216a3dafbff,1419b2c686f44896a0ae2a43e93b5402,0.9257737398147583
f7cfc69b28204d1681a71216a3dafbff,00614d60b3544ba790dfd23dd53992e0,0.9064188003540039
f7cfc69b28204d1681a71216a3dafbff,e2e0c8c96aff4c00896ac6986bbb20c2,0.9035844802856445
f7cfc69b28204d1681a71216a3dafbff,8b038cd0dafd45d8b1ce75177ca3a76b,0.9005669355392456
f7cfc69b28204d1681a71216a3dafbff,50a2129b83404b94889a01f4688ebafd,0.8995063304901123
f7cfc69b28204d1681a71216a3dafbff,26e55eb4d910464497d700bfdf5a36ca,0.8984706401824951
f7cfc69b28204d1681a71216a3dafbff,6c79712e67b54dd0a11d426a91207939,0.8976753950119019
f7cfc69b28204d1681a71216a3dafbff,be8953cc364d46cebbcc2c2da2c348ab,0.8969939947128296
f7cfc69b28204d1681a71216a3dafbff,7bbe3c76bcc04d73969f920d43fcc67d,0.8966004848480225
7e5d9f74b6724f59ae0911894a898253,04fa591263664fb0a6868552ebd3590b,0.9312297105789185
7e5d9f74b6724f59ae0911894a898253,19098957d8c24cab95daa30c2baefd8f,0.8934742212295532
7e5d9f74b6724f59ae0911894a898253,04d24d1cf42b4f7787d8d300cbad6d50,0.8651555776596069
7e5d9f74b6724f59ae0911894a898253,e88ce4cd350f43398a5c0ab8629cee72,0.8629988431930542
7e5d9f74b6724f59ae0911894a898253,3d3e8565d2f84e0cad5ae622f2909765,0.8625826239585876
7e5d9f74b6724f59ae0911894a898253,33b5e2ae5ebe4f548bac3a00ab0a59eb,0.8620244264602661
7e5d9f74b6724f59ae0911894a898253,655a618282cd4fa39a26f0967c033f4b,0.8545728921890259
7e5d9f74b6724f59ae0911894a898253,e2e0c8c96aff4c00896ac6986bbb20c2,0.8511998653411865
7e5d9f74b6724f59ae0911894a898253,e96fae6d607246b18b8494aabe521036,0.8491224050521851
7e5d9f74b6724f59ae0911894a898253,097f2ce3b88c4d008488b9908076497e,0.8488559722900391
966a64e7651f4b2499587effd1600e97,04fa591263664fb0a6868552ebd3590b,0.9109393954277039
966a64e7651f4b2499587effd1600e97,e2e0c8c96aff4c00896ac6986bbb20c2,0.9028188586235046
966a64e7651f4b2499587effd1600e97,33b5e2ae5ebe4f548bac3a00ab0a59eb,0.8999748826026917
966a64e7651f4b2499587effd1600e97,3d3e8565d2f84e0cad5ae622f2909765,0.8868591785430908
966a64e7651f4b2499587effd1600e97,724a3f6551e74ad585bdeac9a75fd639,0.8855689764022827
966a64e7651f4b2499587effd1600e97,19098957d8c24cab95daa30c2baefd8f,0.8851217031478882
966a64e7651f4b2499587effd1600e97,26e55eb4d910464497d700bfdf5a36ca,0.885054886341095
966a64e7651f4b2499587effd1600e97,40a95697730046dcbb0d7ba1fe2109a6,0.8845266103744507
966a64e7651f4b2499587effd1600e97,1d70bc69b2f84bef9aa5fb0d9917e38d,0.8809409737586975
966a64e7651f4b2499587effd1600e97,04d24d1cf42b4f7787d8d300cbad6d50,0.8808852434158325
296a868a499d46aa93fc77f8e589c254,08ecf89bc10942a4bd894482f6fcdfa7,0.8987698554992676
296a868a499d46aa93fc77f8e589c254,384b14b18c3c43b1a4dc1aa2f661e076,0.8896569609642029
296a868a499d46aa93fc77f8e589c254,3d3e8565d2f84e0cad5ae622f2909765,0.8837610483169556
296a868a499d46aa93fc77f8e589c254,3aaea7fa41fd43cdb88f8ef59062c5df,0.8797111511230469
296a868a499d46aa93fc77f8e589c254,097f2ce3b88c4d008488b9908076497e,0.8792665004730225
296a868a499d46aa93fc77f8e589c254,29088685e31a4d86b60b514e98117361,0.8787254095077515
296a868a499d46aa93fc77f8e589c254,e96fae6d607246b18b8494aabe521036,0.8753452301025391
296a868a499d46aa93fc77f8e589c254,d445ccdb4cda497e9f0343a3298022d2,0.8752259612083435
296a868a499d46aa93fc77f8e589c254,b702b2b61ce048c6bf5af3c4dca18b1a,0.8750479221343994
296a868a499d46aa93fc77f8e589c254,2c82919b038847fabbf5d13ca5ac55a7,0.8745368719100952
7b04ec5b87214c25bd25268652df3829,9452a2f21f7d4feeb2605d9b6647fc13,0.9348593354225159
7b04ec5b87214c25bd25268652df3829,cae139b6e4914ce7b0ef1e68b8b857eb,0.8777735233306885
7b04ec5b87214c25bd25268652df3829,245212a659504b9b9cdbaf1ab1d040ff,0.8762385845184326
7b04ec5b87214c25bd25268652df3829,33e2a95109e647cbb4ba2687631b169a,0.8702117204666138
7b04ec5b87214c25bd25268652df3829,0a2c24dead204be9ae36be358e1223f9,0.8700251579284668
7b04ec5b87214c25bd25268652df3829,26869cc099c44c4a86f6043476ab4890,0.869545042514801
7b04ec5b87214c25bd25268652df3829,4a3d4daed4b24a1898551f0fd1ba44f1,0.8693413138389587
7b04ec5b87214c25bd25268652df3829,3138244ae91040948d5bd6772e4075ea,0.8660084009170532
7b04ec5b87214c25bd25268652df3829,02a3cd76ce534d188b4d5ac4778bd652,0.8652138113975525
7b04ec5b87214c25bd25268652df3829,f1c9c5051bdd4a11a064260bbb9d6d7b,0.8634069561958313
a03259710e6344d1b817f8dc53d9384e,08ecf89bc10942a4bd894482f6fcdfa7,0.9042243957519531
a03259710e6344d1b817f8dc53d9384e,3d3e8565d2f84e0cad5ae622f2909765,0.8864263296127319
a03259710e6344d1b817f8dc53d9384e,384b14b18c3c43b1a4dc1aa2f661e076,0.8860056400299072
a03259710e6344d1b817f8dc53d9384e,44f41e6e6faa4facb0bb9a72205229f8,0.8806281685829163
a03259710e6344d1b817f8dc53d9384e,3aaea7fa41fd43cdb88f8ef59062c5df,0.8794089555740356
a03259710e6344d1b817f8dc53d9384e,d445ccdb4cda497e9f0343a3298022d2,0.8792996406555176
a03259710e6344d1b817f8dc53d9384e,7199f2fe77824236a392e1f00a5bdfc3,0.875938355922699
a03259710e6344d1b817f8dc53d9384e,2c82919b038847fabbf5d13ca5ac55a7,0.8758939504623413
a03259710e6344d1b817f8dc53d9384e,1d70bc69b2f84bef9aa5fb0d9917e38d,0.8748660683631897
a03259710e6344d1b817f8dc53d9384e,e2769c67dadd4c988f7ccf249a998a56,0.8748353123664856
0e271b22304c40fe9884c63ee1fe1668,9d09e3cd382c4d0ea0f6f50261e3e4c8,0.8840417861938477
0e271b22304c40fe9884c63ee1fe1668,e511c40ca6324803b5021e47b4e777f8,0.8760662078857422
0e271b22304c40fe9884c63ee1fe1668,da61d9bc8f024a4aba18d5c3072b7838,0.8674041032791138
0e271b22304c40fe9884c63ee1fe1668,25109e3a7df549e5b380aae716d71366,0.8631910085678101
0e271b22304c40fe9884c63ee1fe1668,e1c63000ace94c1d9381d82389fe6afd,0.8578470945358276
0e271b22304c40fe9884c63ee1fe1668,8dfd98bb97584157b207e1f4be471a8e,0.8551216125488281
0e271b22304c40fe9884c63ee1fe1668,3138244ae91040948d5bd6772e4075ea,0.8548910617828369
0e271b22304c40fe9884c63ee1fe1668,fbfaa119f55a477984e42d80498f54d3,0.8548353314399719
0e271b22304c40fe9884c63ee1fe1668,ffc5805e29a74be0a55b40318aa321d7,0.8545348048210144
0e271b22304c40fe9884c63ee1fe1668,57430214baf045cb92fa3b3b70a4ca3f,0.8543826937675476
43fd128c97194d88bbfe7be91fbc67ed,9d09e3cd382c4d0ea0f6f50261e3e4c8,0.9699122905731201
43fd128c97194d88bbfe7be91fbc67ed,23a16d69ffe848d593a4808907d8aa98,0.8896654844284058
43fd128c97194d88bbfe7be91fbc67ed,e511c40ca6324803b5021e47b4e777f8,0.8836588859558105
43fd128c97194d88bbfe7be91fbc67ed,f1c9c5051bdd4a11a064260bbb9d6d7b,0.8823109865188599
43fd128c97194d88bbfe7be91fbc67ed,4a3d4daed4b24a1898551f0fd1ba44f1,0.8763889074325562
43fd128c97194d88bbfe7be91fbc67ed,643fbbdd6b764ba9904a4ee67a86b9fd,0.8748579025268555
43fd128c97194d88bbfe7be91fbc67ed,6f57d1175ad243edada61643d01fcd54,0.8741105198860168
43fd128c97194d88bbfe7be91fbc67ed,c750a2994555414790abb3281572bb42,0.8721917867660522
43fd128c97194d88bbfe7be91fbc67ed,ffc5805e29a74be0a55b40318aa321d7,0.8685225248336792
43fd128c97194d88bbfe7be91fbc67ed,8dfd98bb97584157b207e1f4be471a8e,0.8672384023666382
8c3f25890eab46379974ac593d629515,b8995466f0eb4e7ba141e23216e8b974,0.9162143468856812
8c3f25890eab46379974ac593d629515,bcfa4a4177d44d8b8cda17b7a23196b0,0.9083974361419678
8c3f25890eab46379974ac593d629515,ff276acede2f4c14876ef47257758ae8,0.9082831144332886
8c3f25890eab46379974ac593d629515,6c51b4f57ba0415f994756e944b11cee,0.9077463150024414
8c3f25890eab46379974ac593d629515,db0c3a952e454b90aa4a68feb6a50e87,0.9035112261772156
8c3f25890eab46379974ac593d629515,0092d1d820c64646b8bee9fd14f77acf,0.9028176069259644
8c3f25890eab46379974ac593d629515,30f654c6e69e48888f9f42dd95ab3c77,0.9026176929473877
8c3f25890eab46379974ac593d629515,bf789f42ccfc42c5a330a3f6e30ddb83,0.9025964140892029
8c3f25890eab46379974ac593d629515,c1def54262224e23acf67a9870725ce5,0.9024580717086792
8c3f25890eab46379974ac593d629515,7fe9e665bf41491c9788941aa2894a10,0.902320146560669
1dfd4a798f224e88a6b4c2980cb31c82,6c51b4f57ba0415f994756e944b11cee,0.9296165704727173
1dfd4a798f224e88a6b4c2980cb31c82,b23a9c50eada4286a4f7ce8668b92db1,0.9070569276809692
1dfd4a798f224e88a6b4c2980cb31c82,772cb9726861451d9972604da6f65c55,0.9057253003120422
1dfd4a798f224e88a6b4c2980cb31c82,cd764fbfae774d068af7549c648a02c9,0.898430347442627
1dfd4a798f224e88a6b4c2980cb31c82,f32f4607b4714e378831f924c5e6084d,0.8973382711410522
1dfd4a798f224e88a6b4c2980cb31c82,cb2505b30d8a4dc086c353cf94424b6d,0.8973336815834045
1dfd4a798f224e88a6b4c2980cb31c82,9bf3b77eb9874f5f9e006a9cff111ea9,0.8937259912490845
1dfd4a798f224e88a6b4c2980cb31c82,059a284910e849efbbc7073b8681409f,0.8931136131286621
1dfd4a798f224e88a6b4c2980cb31c82,8683a3ad55d84a78834fabe20cde5269,0.8919296264648438
1dfd4a798f224e88a6b4c2980cb31c82,ff276acede2f4c14876ef47257758ae8,0.8911687135696411
9174a7587e5048ec86bec7afe80e268e,e4fcd30261804b089efa940359057ba2,0.9288593530654907
9174a7587e5048ec86bec7afe80e268e,6fc7a2cf0684475a82f6ff9be2c8e850,0.8830078840255737
9174a7587e5048ec86bec7afe80e268e,570f08ce2a1a47978eab16bf7ad16a68,0.8826562166213989
9174a7587e5048ec86bec7afe80e268e,15b7b988bba143989cfd98d5c6c4d203,0.8762102127075195
9174a7587e5048ec86bec7afe80e268e,f0084465b2e646c9a53d9dc766067d9b,0.8692176342010498
9174a7587e5048ec86bec7afe80e268e,43ee0103cba54b4e9d165717735ca0f6,0.868779182434082
9174a7587e5048ec86bec7afe80e268e,b69c17a10a55494d8caa56c33e8f4a56,0.8673644065856934
9174a7587e5048ec86bec7afe80e268e,7d6cdff8c9ac434196df803628fe9f62,0.8665722608566284
9174a7587e5048ec86bec7afe80e268e,230b9ef63ea240e9b61a18f41473f942,0.862754225730896
9174a7587e5048ec86bec7afe80e268e,d65e3a3657ae455e954b6d7221afc84c,0.8624576330184937
bcfc6cd4aea34c78891a701698ccb953,e4fcd30261804b089efa940359057ba2,0.9039247035980225
bcfc6cd4aea34c78891a701698ccb953,6fc7a2cf0684475a82f6ff9be2c8e850,0.8716671466827393
bcfc6cd4aea34c78891a701698ccb953,7d6cdff8c9ac434196df803628fe9f62,0.8691357374191284
bcfc6cd4aea34c78891a701698ccb953,43ee0103cba54b4e9d165717735ca0f6,0.8672544956207275
bcfc6cd4aea34c78891a701698ccb953,21019944fc2c4838a682a6dcdc62c4ef,0.8575308322906494
bcfc6cd4aea34c78891a701698ccb953,570f08ce2a1a47978eab16bf7ad16a68,0.8563816547393799
bcfc6cd4aea34c78891a701698ccb953,22d9d5ad33e947fd857c5c4a8b7dfae1,0.8540889024734497
bcfc6cd4aea34c78891a701698ccb953,230b9ef63ea240e9b61a18f41473f942,0.8521819710731506
bcfc6cd4aea34c78891a701698ccb953,8683a3ad55d84a78834fabe20cde5269,0.8512251377105713
bcfc6cd4aea34c78891a701698ccb953,c1d504dfeded4b8bb3c07777b7c7abde,0.850494921207428
2a551336cc794909b0a09c92faf75f50,189a3b686ad14c24b5e1a495f76dd239,0.8990933895111084
2a551336cc794909b0a09c92faf75f50,1393dac7d34b4c34b1a8091a5bea3663,0.8979213237762451
2a551336cc794909b0a09c92faf75f50,3f1c2bb09c4e4400b6ba19542fafce18,0.8927258849143982
2a551336cc794909b0a09c92faf75f50,bdb0d45caa2a4943959f8f501e51132b,0.8905880451202393
2a551336cc794909b0a09c92faf75f50,de6ac628a786435f9925c8cc1d707d6b,0.8889321088790894
2a551336cc794909b0a09c92faf75f50,9bf3b77eb9874f5f9e006a9cff111ea9,0.8857523202896118
2a551336cc794909b0a09c92faf75f50,a9d82bb43410405ca21b44a5e82e22b6,0.882376492023468
2a551336cc794909b0a09c92faf75f50,632cc2bc04034dd4848855fe6497262d,0.8810886740684509
2a551336cc794909b0a09c92faf75f50,a9573f188204436090fb4a5240e4eccd,0.8808668255805969
2a551336cc794909b0a09c92faf75f50,99830b8da7c24f909914f7bb167f3ea6,0.8801429271697998
23e5bf15809d4629abd7ff7c344b1ce0,b98519f97e424c1389f5553f0869b15a,0.9475969672203064
23e5bf15809d4629abd7ff7c344b1ce0,bcfa4a4177d44d8b8cda17b7a23196b0,0.9269663691520691
23e5bf15809d4629abd7ff7c344b1ce0,ff276acede2f4c14876ef47257758ae8,0.9190862774848938
23e5bf15809d4629abd7ff7c344b1ce0,34b736136487439389c10cc6bd4e9f4e,0.911267876625061
23e5bf15809d4629abd7ff7c344b1ce0,c1def54262224e23acf67a9870725ce5,0.9091804027557373
23e5bf15809d4629abd7ff7c344b1ce0,00fb3a55134242769182c520d55681a2,0.9066773653030396
23e5bf15809d4629abd7ff7c344b1ce0,7627d5e28ba74cbeaf9225e88a7a44cc,0.9058583974838257
23e5bf15809d4629abd7ff7c344b1ce0,3aaea7fa41fd43cdb88f8ef59062c5df,0.9055987596511841
23e5bf15809d4629abd7ff7c344b1ce0,d361a9e414fb41c1a605200d9cbba496,0.905361533164978
23e5bf15809d4629abd7ff7c344b1ce0,19098957d8c24cab95daa30c2baefd8f,0.9051818251609802
f2a05ceedacf47b598b2cd3dbe003966,016e634d566b49c199d07357aae9bf33,0.974332869052887
f2a05ceedacf47b598b2cd3dbe003966,d9096650c434432c871effeca9acd5c6,0.9039198160171509
f2a05ceedacf47b598b2cd3dbe003966,41e657daa20545a588584578bdb4101c,0.8942395448684692
f2a05ceedacf47b598b2cd3dbe003966,0971af4212484a958eb0f60f93d1dfe0,0.8880003690719604
f2a05ceedacf47b598b2cd3dbe003966,02a3cd76ce534d188b4d5ac4778bd652,0.8868700265884399
f2a05ceedacf47b598b2cd3dbe003966,f6061b71031b4ddb9384f86c103690a4,0.8857506513595581
f2a05ceedacf47b598b2cd3dbe003966,b277101390e1465685ef79bf3519f8d7,0.8834198117256165
f2a05ceedacf47b598b2cd3dbe003966,39a08a87897f47d3bdbbdc5ed8c9cd7f,0.8826501369476318
f2a05ceedacf47b598b2cd3dbe003966,5abf57d57d84440e94d0d2e2ffb37575,0.8817536234855652
f2a05ceedacf47b598b2cd3dbe003966,cc243eebbb2b44a581745865a60c423a,0.8784273266792297
764c5cb76dcb4650b8b0a50cac981edc,b5f237fefb38465bb6a068c9cf75ba31,0.9401426911354065
764c5cb76dcb4650b8b0a50cac981edc,1e376f9d0945477983c8d851e4b2cf5e,0.8848029375076294
764c5cb76dcb4650b8b0a50cac981edc,8dfe01febd46475ab5aef97033716ce1,0.8721578121185303
764c5cb76dcb4650b8b0a50cac981edc,9452a2f21f7d4feeb2605d9b6647fc13,0.8712878227233887
764c5cb76dcb4650b8b0a50cac981edc,236c362d8b664c93b41882c119df9706,0.8681606650352478
764c5cb76dcb4650b8b0a50cac981edc,4a3d4daed4b24a1898551f0fd1ba44f1,0.8627908229827881
764c5cb76dcb4650b8b0a50cac981edc,5d5baf5ce88b4b529e28ab9c7c114148,0.8581128120422363
764c5cb76dcb4650b8b0a50cac981edc,33e2a95109e647cbb4ba2687631b169a,0.8578456044197083
764c5cb76dcb4650b8b0a50cac981edc,cd6ce920d00e4d17a6cf04f9f7e550b7,0.8555580377578735
764c5cb76dcb4650b8b0a50cac981edc,9bf3b77eb9874f5f9e006a9cff111ea9,0.8542414307594299
c50ae9cd7ac5469daf32b2a1a1d81797,f4474150010f4021a4620372062f3797,0.8993927240371704
c50ae9cd7ac5469daf32b2a1a1d81797,e3854d75221c4e38879a6106bb5c1941,0.8966449499130249
c50ae9cd7ac5469daf32b2a1a1d81797,9bf3b77eb9874f5f9e006a9cff111ea9,0.8947911858558655
c50ae9cd7ac5469daf32b2a1a1d81797,48c31b1e2ce94de8968fab433813fa91,0.8943544626235962
c50ae9cd7ac5469daf32b2a1a1d81797,ad054da7e1704a53931a341173f0605f,0.8939884901046753
c50ae9cd7ac5469daf32b2a1a1d81797,75801225047a4c019100660c13f1e0f1,0.8935106992721558
c50ae9cd7ac5469daf32b2a1a1d81797,de6ac628a786435f9925c8cc1d707d6b,0.8910989761352539
c50ae9cd7ac5469daf32b2a1a1d81797,a9d82bb43410405ca21b44a5e82e22b6,0.8894978761672974
c50ae9cd7ac5469daf32b2a1a1d81797,4926607aafe749538c930e108275547e,0.8893160820007324
c50ae9cd7ac5469daf32b2a1a1d81797,baf841bad27c456c9de7227555ea3ef8,0.8888180255889893
e9801f8810654cacbcd517b25b89767b,016e634d566b49c199d07357aae9bf33,0.9769070148468018
e9801f8810654cacbcd517b25b89767b,d9096650c434432c871effeca9acd5c6,0.9030253887176514
e9801f8810654cacbcd517b25b89767b,f6061b71031b4ddb9384f86c103690a4,0.9015854597091675
e9801f8810654cacbcd517b25b89767b,02a3cd76ce534d188b4d5ac4778bd652,0.9014348983764648
e9801f8810654cacbcd517b25b89767b,41e657daa20545a588584578bdb4101c,0.9008645415306091
e9801f8810654cacbcd517b25b89767b,03df72bcf3504272a27f4bbaea89118a,0.9004333019256592
e9801f8810654cacbcd517b25b89767b,39a08a87897f47d3bdbbdc5ed8c9cd7f,0.9003247022628784
e9801f8810654cacbcd517b25b89767b,0971af4212484a958eb0f60f93d1dfe0,0.8960229754447937
e9801f8810654cacbcd517b25b89767b,b277101390e1465685ef79bf3519f8d7,0.8911395072937012
e9801f8810654cacbcd517b25b89767b,cc243eebbb2b44a581745865a60c423a,0.8908673524856567
f3c68b7ff0f344569399a04bbff5d1da,384f94503bcd4f4c863056ad69f45b43,0.942578136920929
f3c68b7ff0f344569399a04bbff5d1da,40a95697730046dcbb0d7ba1fe2109a6,0.8883571028709412
f3c68b7ff0f344569399a04bbff5d1da,43464ed6733f4642a0b90e7d995a5e40,0.8786542415618896
f3c68b7ff0f344569399a04bbff5d1da,384b14b18c3c43b1a4dc1aa2f661e076,0.8766177296638489
f3c68b7ff0f344569399a04bbff5d1da,e96fae6d607246b18b8494aabe521036,0.8762449026107788
f3c68b7ff0f344569399a04bbff5d1da,19098957d8c24cab95daa30c2baefd8f,0.8737772703170776
f3c68b7ff0f344569399a04bbff5d1da,2c82919b038847fabbf5d13ca5ac55a7,0.8734828233718872
f3c68b7ff0f344569399a04bbff5d1da,66f4c650b7ca48f1bc27f9daff8d312a,0.8714253902435303
f3c68b7ff0f344569399a04bbff5d1da,25afb6f7e9314af09008644bca5955b9,0.8679527044296265
f3c68b7ff0f344569399a04bbff5d1da,04fa591263664fb0a6868552ebd3590b,0.8679280281066895
ab0c7be344d7444bb59fb3b065a71c88,384f94503bcd4f4c863056ad69f45b43,0.9402135014533997
ab0c7be344d7444bb59fb3b065a71c88,40a95697730046dcbb0d7ba1fe2109a6,0.8872954249382019
ab0c7be344d7444bb59fb3b065a71c88,6bde760ad5d4485db9889b1bdc074005,0.8860753178596497
ab0c7be344d7444bb59fb3b065a71c88,43464ed6733f4642a0b90e7d995a5e40,0.880042314529419
ab0c7be344d7444bb59fb3b065a71c88,e96fae6d607246b18b8494aabe521036,0.8790292739868164
ab0c7be344d7444bb59fb3b065a71c88,384b14b18c3c43b1a4dc1aa2f661e076,0.877213716506958
ab0c7be344d7444bb59fb3b065a71c88,1d70bc69b2f84bef9aa5fb0d9917e38d,0.8768100738525391
ab0c7be344d7444bb59fb3b065a71c88,66f4c650b7ca48f1bc27f9daff8d312a,0.8763222098350525
ab0c7be344d7444bb59fb3b065a71c88,51c6049a18b84ee381d0512e40b67c0e,0.8756171464920044
ab0c7be344d7444bb59fb3b065a71c88,e2e0c8c96aff4c00896ac6986bbb20c2,0.8750277161598206
b136a0d13d7e431a94e54f2a085d5f52,384b14b18c3c43b1a4dc1aa2f661e076,0.9645320177078247
b136a0d13d7e431a94e54f2a085d5f52,e96fae6d607246b18b8494aabe521036,0.915868878364563
b136a0d13d7e431a94e54f2a085d5f52,29088685e31a4d86b60b514e98117361,0.9130114912986755
b136a0d13d7e431a94e54f2a085d5f52,b702b2b61ce048c6bf5af3c4dca18b1a,0.9040560722351074
b136a0d13d7e431a94e54f2a085d5f52,e0d8aee46b1d4d998858cd05027251b6,0.9031584858894348
b136a0d13d7e431a94e54f2a085d5f52,ee7c00877ae64dac87123a3d75251530,0.9027438759803772
b136a0d13d7e431a94e54f2a085d5f52,aa082284f9894b5aa210c179d59999b1,0.9027137756347656
b136a0d13d7e431a94e54f2a085d5f52,02a3cd76ce534d188b4d5ac4778bd652,0.9022538661956787
b136a0d13d7e431a94e54f2a085d5f52,babbeca1f6a244a2a11ea77a3855e70f,0.9000993967056274
b136a0d13d7e431a94e54f2a085d5f52,daed5458403e49e3aea72f4bcc6dd224,0.9000937938690186
210a3e79a4a149179749cd7a5b127f63,384b14b18c3c43b1a4dc1aa2f661e076,0.9674139022827148
210a3e79a4a149179749cd7a5b127f63,b702b2b61ce048c6bf5af3c4dca18b1a,0.9148248434066772
210a3e79a4a149179749cd7a5b127f63,e96fae6d607246b18b8494aabe521036,0.9108853340148926
210a3e79a4a149179749cd7a5b127f63,82d68ea370f8451aa16ea08f4601245c,0.9093436002731323
210a3e79a4a149179749cd7a5b127f63,1d70bc69b2f84bef9aa5fb0d9917e38d,0.9088858962059021
210a3e79a4a149179749cd7a5b127f63,daed5458403e49e3aea72f4bcc6dd224,0.9080253839492798
210a3e79a4a149179749cd7a5b127f63,26b18153216b48d793b75598ddb54d77,0.9079274535179138
210a3e79a4a149179749cd7a5b127f63,b277101390e1465685ef79bf3519f8d7,0.9057660102844238
210a3e79a4a149179749cd7a5b127f63,ff51ca928cd54f4da620c27983e221f8,0.9049700498580933
210a3e79a4a149179749cd7a5b127f63,43464ed6733f4642a0b90e7d995a5e40,0.9045307636260986
2071beae14fe435b9e3943e22e8b430b,f6207eb593394ff78e2cb35057477422,0.9906786680221558
2071beae14fe435b9e3943e22e8b430b,e4e12f4711fd41e39075e26cc274df45,0.9115244746208191
2071beae14fe435b9e3943e22e8b430b,24c55bb5cd694770ba895c7401da2ba5,0.9064927101135254
2071beae14fe435b9e3943e22e8b430b,f69855cdf66d4f6887ecfd0ddb9014b5,0.9037737846374512
2071beae14fe435b9e3943e22e8b430b,64e74af099b0485f8b6e71ac73aa2cb8,0.9018561840057373
2071beae14fe435b9e3943e22e8b430b,5fc200cab89346658c9c91cce27e85fe,0.9006367921829224
2071beae14fe435b9e3943e22e8b430b,35c5a560ecdc4d6a9d20f057ed1fa0e6,0.900367259979248
2071beae14fe435b9e3943e22e8b430b,2b3ecf8be2b242f3b8a1e714390749fb,0.8994582295417786
2071beae14fe435b9e3943e22e8b430b,878e5c41be5c477e9f660ca361fdd727,0.8992199301719666
2071beae14fe435b9e3943e22e8b430b,b90d74e80c37486eaee89b6fbab13671,0.8986645340919495
40eb15fd325c48bea6a7988ce40cc33b,f6207eb593394ff78e2cb35057477422,0.9853368997573853
40eb15fd325c48bea6a7988ce40cc33b,e4e12f4711fd41e39075e26cc274df45,0.9057790637016296
40eb15fd325c48bea6a7988ce40cc33b,f69855cdf66d4f6887ecfd0ddb9014b5,0.9023917317390442
40eb15fd325c48bea6a7988ce40cc33b,64e74af099b0485f8b6e71ac73aa2cb8,0.8987263441085815
40eb15fd325c48bea6a7988ce40cc33b,b90d74e80c37486eaee89b6fbab13671,0.8960078358650208
40eb15fd325c48bea6a7988ce40cc33b,9094e936e13641cc9bfcc7dc1408d86e,0.8948609828948975
40eb15fd325c48bea6a7988ce40cc33b,24c55bb5cd694770ba895c7401da2ba5,0.8944219350814819
40eb15fd325c48bea6a7988ce40cc33b,4926607aafe749538c930e108275547e,0.892433762550354
40eb15fd325c48bea6a7988ce40cc33b,1a0ac2d40cb04ca993e1db68d787728a,0.89179927110672
40eb15fd325c48bea6a7988ce40cc33b,878e5c41be5c477e9f660ca361fdd727,0.89066481590271
7be90785152d4e01b53aa4b1f3c74097,ef8c056ecb524439a48c881089537951,0.9907272458076477
7be90785152d4e01b53aa4b1f3c74097,b6c493a3666c4db193e86c79faf099ab,0.9077271223068237
7be90785152d4e01b53aa4b1f3c74097,da61e0de396149208c9ebd0fd6d7415d,0.9067769050598145
7be90785152d4e01b53aa4b1f3c74097,7dd5e88dfdd24cafab2c765939757354,0.8967176079750061
7be90785152d4e01b53aa4b1f3c74097,2d43cf91509846e29ab4febd7781919f,0.8932465314865112
7be90785152d4e01b53aa4b1f3c74097,87fc1d6a57ea488786caaec8599c3b8b,0.8924474716186523
7be90785152d4e01b53aa4b1f3c74097,65e30dd62cfa4dccb9ea4d908a9d6fab,0.892414927482605
7be90785152d4e01b53aa4b1f3c74097,476ce3ffff564a5aa985808e7d2cab17,0.8914842009544373
7be90785152d4e01b53aa4b1f3c74097,f5bcc6f48ed2447581b401d453039866,0.8891112804412842
7be90785152d4e01b53aa4b1f3c74097,8350ea8cd6514c2c8d7b625abe7e895b,0.8879446983337402
61e3c16563b44edb85bee0caf5de33b0,ef8c056ecb524439a48c881089537951,0.9892761707305908
61e3c16563b44edb85bee0caf5de33b0,da61e0de396149208c9ebd0fd6d7415d,0.9036112427711487
61e3c16563b44edb85bee0caf5de33b0,b6c493a3666c4db193e86c79faf099ab,0.9012605547904968
61e3c16563b44edb85bee0caf5de33b0,7dd5e88dfdd24cafab2c765939757354,0.8998451232910156
61e3c16563b44edb85bee0caf5de33b0,8350ea8cd6514c2c8d7b625abe7e895b,0.8937990665435791
61e3c16563b44edb85bee0caf5de33b0,f5bcc6f48ed2447581b401d453039866,0.892464816570282
61e3c16563b44edb85bee0caf5de33b0,2d43cf91509846e29ab4febd7781919f,0.8921545743942261
61e3c16563b44edb85bee0caf5de33b0,35d06fce2df446569702778e2250bd82,0.8890032768249512
61e3c16563b44edb85bee0caf5de33b0,ef511457ee7c490c8e10eccf6e18fef6,0.8875120878219604
61e3c16563b44edb85bee0caf5de33b0,8746ae2ca7514699b629b4d9b5fe95a7,0.88728266954422
79dc8e29d2a747c793ab1fe11ba6045b,43464ed6733f4642a0b90e7d995a5e40,0.9486807584762573
79dc8e29d2a747c793ab1fe11ba6045b,6b4676aba2a746b3ab778315afc8ee82,0.9258587956428528
79dc8e29d2a747c793ab1fe11ba6045b,aa082284f9894b5aa210c179d59999b1,0.9202932119369507
79dc8e29d2a747c793ab1fe11ba6045b,1d70bc69b2f84bef9aa5fb0d9917e38d,0.9198555946350098
79dc8e29d2a747c793ab1fe11ba6045b,82d68ea370f8451aa16ea08f4601245c,0.9132314920425415
79dc8e29d2a747c793ab1fe11ba6045b,7e190e3c05d74e6b9f103e39142c1684,0.9106593132019043
79dc8e29d2a747c793ab1fe11ba6045b,0cdb0f32850f4585a16de4886462bbe0,0.9082067012786865
79dc8e29d2a747c793ab1fe11ba6045b,41e657daa20545a588584578bdb4101c,0.9078552722930908
79dc8e29d2a747c793ab1fe11ba6045b,feb980ae999948ce9be0266b4ddc048d,0.9075161218643188
79dc8e29d2a747c793ab1fe11ba6045b,1f3cf50fe1f947d8a56e02ebca441c4c,0.9036515951156616
dfc436b508974e349cbf602bb7fe9b7a,00fb3a55134242769182c520d55681a2,0.9869701862335205
dfc436b508974e349cbf602bb7fe9b7a,6c874292dbcc49ff8bb8bbe5643593a5,0.9218727350234985
dfc436b508974e349cbf602bb7fe9b7a,3aaea7fa41fd43cdb88f8ef59062c5df,0.9201297163963318
dfc436b508974e349cbf602bb7fe9b7a,d756970269e9443fb9bbf645a96aa84e,0.920112669467926
dfc436b508974e349cbf602bb7fe9b7a,ccb62901750b4d13a922fc161b607f83,0.9157317876815796
dfc436b508974e349cbf602bb7fe9b7a,dee9eddb2eac41bfaf36d3279d43674a,0.910990834236145
dfc436b508974e349cbf602bb7fe9b7a,097f2ce3b88c4d008488b9908076497e,0.9107978940010071
dfc436b508974e349cbf602bb7fe9b7a,3d3e8565d2f84e0cad5ae622f2909765,0.906657874584198
dfc436b508974e349cbf602bb7fe9b7a,f12e9e5805534d719f829332d1ea5d29,0.8998353481292725
dfc436b508974e349cbf602bb7fe9b7a,b77d8b7bb0114c379139d280a9210e83,0.8994879722595215
dcd99427d6e64ebcb3af1982854aa02c,00fb3a55134242769182c520d55681a2,0.9171524047851562
dcd99427d6e64ebcb3af1982854aa02c,105ad424733e4cffa7c474b51e3980aa,0.8799891471862793
dcd99427d6e64ebcb3af1982854aa02c,3aaea7fa41fd43cdb88f8ef59062c5df,0.8771340250968933
dcd99427d6e64ebcb3af1982854aa02c,6c874292dbcc49ff8bb8bbe5643593a5,0.875656008720398
dcd99427d6e64ebcb3af1982854aa02c,d756970269e9443fb9bbf645a96aa84e,0.8705226182937622
dcd99427d6e64ebcb3af1982854aa02c,097f2ce3b88c4d008488b9908076497e,0.8701378703117371
dcd99427d6e64ebcb3af1982854aa02c,0e28ed072d6c444aa6f02e64955b44c6,0.8699774742126465
dcd99427d6e64ebcb3af1982854aa02c,90b560de76b149c09c7cd6efb3f12cfd,0.8646392822265625
dcd99427d6e64ebcb3af1982854aa02c,8dfbb6a204a0441492c35baca6190969,0.8630183935165405
dcd99427d6e64ebcb3af1982854aa02c,99a52c93a3304ec18dab9206f98f2a8b,0.8625195026397705
c59bf6abbde846999988749ad22b52d3,43464ed6733f4642a0b90e7d995a5e40,0.9608519673347473
c59bf6abbde846999988749ad22b52d3,1d70bc69b2f84bef9aa5fb0d9917e38d,0.9340714812278748
c59bf6abbde846999988749ad22b52d3,b77d8b7bb0114c379139d280a9210e83,0.9304690361022949
c59bf6abbde846999988749ad22b52d3,82d68ea370f8451aa16ea08f4601245c,0.9302148222923279
c59bf6abbde846999988749ad22b52d3,1f3cf50fe1f947d8a56e02ebca441c4c,0.9270841479301453
c59bf6abbde846999988749ad22b52d3,211ef3181e524685866fb8574d9bf456,0.9269832968711853
c59bf6abbde846999988749ad22b52d3,aa082284f9894b5aa210c179d59999b1,0.9247426390647888
c59bf6abbde846999988749ad22b52d3,e96fae6d607246b18b8494aabe521036,0.9238169193267822
c59bf6abbde846999988749ad22b52d3,70558882c04e46bd99d15e9786468418,0.9235782623291016
c59bf6abbde846999988749ad22b52d3,6b4676aba2a746b3ab778315afc8ee82,0.921454668045044
a386f6b172a740989c390780b3b856d5,6732de8994744decbb3306c74aaa7882,0.9847642183303833
a386f6b172a740989c390780b3b856d5,9bf3b77eb9874f5f9e006a9cff111ea9,0.8991968631744385
a386f6b172a740989c390780b3b856d5,f91157bb8fca4a8e98db33591a76be9a,0.8991548418998718
a386f6b172a740989c390780b3b856d5,7dd5e88dfdd24cafab2c765939757354,0.8950915336608887
a386f6b172a740989c390780b3b856d5,1232f20e710b448e8c0538b9e84dab1c,0.8942892551422119
a386f6b172a740989c390780b3b856d5,8d595c7da42545c88052e7b213b6c97c,0.8911886215209961
a386f6b172a740989c390780b3b856d5,57bcda73abab44ee930b20cdaee9d24b,0.8903709053993225
a386f6b172a740989c390780b3b856d5,b585a2970e9f421da236241f603883f2,0.8895255327224731
a386f6b172a740989c390780b3b856d5,434551fdf9e443ed91679a9557ae6fd5,0.8890030384063721
a386f6b172a740989c390780b3b856d5,30f654c6e69e48888f9f42dd95ab3c77,0.8886759877204895
ad563855246b46adaf5fdeecbfdc081b,3e4a54908dde405294869e30a92a7623,0.9431068897247314
ad563855246b46adaf5fdeecbfdc081b,6732de8994744decbb3306c74aaa7882,0.8944008350372314
ad563855246b46adaf5fdeecbfdc081b,42805d29975b400ea7c570fc45ec4938,0.8917454481124878
ad563855246b46adaf5fdeecbfdc081b,33e2a95109e647cbb4ba2687631b169a,0.8869036436080933
ad563855246b46adaf5fdeecbfdc081b,f32f4607b4714e378831f924c5e6084d,0.8834182024002075
ad563855246b46adaf5fdeecbfdc081b,ad42c467d0fe43dbb328073f9a16bc4d,0.881623387336731
ad563855246b46adaf5fdeecbfdc081b,4e22dc65beb7450b9260cf27e50919e4,0.8762483596801758
ad563855246b46adaf5fdeecbfdc081b,e12ad1ce8e7940a999b9a4f91a95fab7,0.8746201395988464
ad563855246b46adaf5fdeecbfdc081b,d476be2399b7424a88d242b771c32041,0.8744691014289856
ad563855246b46adaf5fdeecbfdc081b,249c2d8d8d2345c6990b3c4d94385b5a,0.8736903667449951
0485db5bb76a491782e78c6e98f4c913,514537782f6549c488a1b932939b4128,0.9895179867744446
0485db5bb76a491782e78c6e98f4c913,636c21e19a5845e1b8d69a5fca928030,0.8889762163162231
0485db5bb76a491782e78c6e98f4c913,ff171f0b29974f78b0e81fee30abdd38,0.8880281448364258
0485db5bb76a491782e78c6e98f4c913,5e2f1a45f7174f1aa39a194179985876,0.887611985206604
0485db5bb76a491782e78c6e98f4c913,eafb3480db704d7baa8216ce857d1610,0.8850115537643433
0485db5bb76a491782e78c6e98f4c913,4a6eba10a02a4ecdbb6b25e8651c3789,0.8839458227157593
0485db5bb76a491782e78c6e98f4c913,772cb9726861451d9972604da6f65c55,0.881838321685791
0485db5bb76a491782e78c6e98f4c913,2c65a898314b42e6b2e93dca66fd15c2,0.8813450336456299
0485db5bb76a491782e78c6e98f4c913,07958f43551e459eb30638b632e3cd64,0.879984974861145
0485db5bb76a491782e78c6e98f4c913,0f52f676197e4d4e92dec0a7bc4c4f7d,0.8788284659385681
38535cc9165a4684af9a3ee208dccb9a,b2992fe473124dd0b895cf81f59f6db6,0.940000057220459
38535cc9165a4684af9a3ee208dccb9a,bcfa4a4177d44d8b8cda17b7a23196b0,0.9061611890792847
38535cc9165a4684af9a3ee208dccb9a,c1def54262224e23acf67a9870725ce5,0.8996776342391968
38535cc9165a4684af9a3ee208dccb9a,db0c3a952e454b90aa4a68feb6a50e87,0.894920825958252
38535cc9165a4684af9a3ee208dccb9a,ff276acede2f4c14876ef47257758ae8,0.8933865427970886
38535cc9165a4684af9a3ee208dccb9a,97959d02a64f4a3fbbebe7cbece6c012,0.8901234865188599
38535cc9165a4684af9a3ee208dccb9a,1232f20e710b448e8c0538b9e84dab1c,0.8886605501174927
38535cc9165a4684af9a3ee208dccb9a,c65af18670ea437c8986884645b3afe9,0.8885185718536377
38535cc9165a4684af9a3ee208dccb9a,17b5eb6fab65476f827dd355b4a20a55,0.8874077200889587
38535cc9165a4684af9a3ee208dccb9a,bf789f42ccfc42c5a330a3f6e30ddb83,0.8861682415008545
7812e64c9f5a45dea8c59e366c0a1b2c,67dd23cfd20f46dc82acc82c108a1dc6,0.9647691249847412
7812e64c9f5a45dea8c59e366c0a1b2c,b277101390e1465685ef79bf3519f8d7,0.917120099067688
7812e64c9f5a45dea8c59e366c0a1b2c,0ecfdd96e0054841883acba75e83b232,0.9098542928695679
7812e64c9f5a45dea8c59e366c0a1b2c,82d68ea370f8451aa16ea08f4601245c,0.9076841473579407
7812e64c9f5a45dea8c59e366c0a1b2c,daed5458403e49e3aea72f4bcc6dd224,0.9049128293991089
7812e64c9f5a45dea8c59e366c0a1b2c,ee7c00877ae64dac87123a3d75251530,0.9046880006790161
7812e64c9f5a45dea8c59e366c0a1b2c,033f1514c78b49dd82148b94f6bcbeba,0.9043620824813843
7812e64c9f5a45dea8c59e366c0a1b2c,cb75c6ef71cb4991805920f2894e0e96,0.9019937515258789
7812e64c9f5a45dea8c59e366c0a1b2c,66cba49431224a3788f914d6a80165e1,0.9003190994262695
7812e64c9f5a45dea8c59e366c0a1b2c,f69855cdf66d4f6887ecfd0ddb9014b5,0.8995679616928101
e0cdf7eb868e4cf28007a946c4dcedcd,3c0f3b44c0844df49b5898406fe9195a,0.9217756390571594
e0cdf7eb868e4cf28007a946c4dcedcd,0092d1d820c64646b8bee9fd14f77acf,0.9112914204597473
e0cdf7eb868e4cf28007a946c4dcedcd,36ac84a73ad34261ad45cf569edb60af,0.9099400043487549
e0cdf7eb868e4cf28007a946c4dcedcd,bf789f42ccfc42c5a330a3f6e30ddb83,0.9094099402427673
e0cdf7eb868e4cf28007a946c4dcedcd,07958f43551e459eb30638b632e3cd64,0.9032799005508423
e0cdf7eb868e4cf28007a946c4dcedcd,b69c17a10a55494d8caa56c33e8f4a56,0.898882269859314
e0cdf7eb868e4cf28007a946c4dcedcd,77cecb221149474896d9b2eb848bf150,0.8981812596321106
e0cdf7eb868e4cf28007a946c4dcedcd,250d411ae270441085be3501b7b55d86,0.8965644240379333
e0cdf7eb868e4cf28007a946c4dcedcd,434551fdf9e443ed91679a9557ae6fd5,0.8961745500564575
e0cdf7eb868e4cf28007a946c4dcedcd,5605fa1188974644937bbf92fec50e21,0.8950279355049133
966272e605644a9783d154f8e2038dbb,0092d1d820c64646b8bee9fd14f77acf,0.918709933757782
966272e605644a9783d154f8e2038dbb,3c0f3b44c0844df49b5898406fe9195a,0.9144426584243774
966272e605644a9783d154f8e2038dbb,250d411ae270441085be3501b7b55d86,0.9135662317276001
966272e605644a9783d154f8e2038dbb,b69c17a10a55494d8caa56c33e8f4a56,0.9105503559112549
966272e605644a9783d154f8e2038dbb,5cf392f15360460bae6a6b0182bb99b9,0.9088076949119568
966272e605644a9783d154f8e2038dbb,e7aaa514f6f64a258a640ea341aa1a18,0.9068623781204224
966272e605644a9783d154f8e2038dbb,36ac84a73ad34261ad45cf569edb60af,0.9035972356796265
966272e605644a9783d154f8e2038dbb,c84deec0ecf843c39f52d4cb8e7300f8,0.9028489589691162
966272e605644a9783d154f8e2038dbb,434551fdf9e443ed91679a9557ae6fd5,0.9026713371276855
966272e605644a9783d154f8e2038dbb,07958f43551e459eb30638b632e3cd64,0.9009023904800415
9fd9ddafbc6c43a9982d0ef0dcbca940,b2992fe473124dd0b895cf81f59f6db6,0.9417939186096191
9fd9ddafbc6c43a9982d0ef0dcbca940,bf789f42ccfc42c5a330a3f6e30ddb83,0.8967080116271973
9fd9ddafbc6c43a9982d0ef0dcbca940,bcfa4a4177d44d8b8cda17b7a23196b0,0.8952076435089111
9fd9ddafbc6c43a9982d0ef0dcbca940,c1def54262224e23acf67a9870725ce5,0.8943024277687073
9fd9ddafbc6c43a9982d0ef0dcbca940,ff276acede2f4c14876ef47257758ae8,0.8930054903030396
9fd9ddafbc6c43a9982d0ef0dcbca940,01bbbf1caa554d94b5decb69cc1add41,0.8879096508026123
9fd9ddafbc6c43a9982d0ef0dcbca940,97959d02a64f4a3fbbebe7cbece6c012,0.8866410255432129
9fd9ddafbc6c43a9982d0ef0dcbca940,db0c3a952e454b90aa4a68feb6a50e87,0.8864545822143555
9fd9ddafbc6c43a9982d0ef0dcbca940,655a618282cd4fa39a26f0967c033f4b,0.8852674961090088
9fd9ddafbc6c43a9982d0ef0dcbca940,0592b57e490d4206a3f12eb004a0afe0,0.8841096758842468
4aa3ef7644b6471b805cdbce95bcc6b8,6866efc8987a4ec8b04b7abd28fb5777,0.9873119592666626
4aa3ef7644b6471b805cdbce95bcc6b8,26869cc099c44c4a86f6043476ab4890,0.9212517738342285
4aa3ef7644b6471b805cdbce95bcc6b8,d695b7afdc3841a28a56df578e56afce,0.9212414026260376
4aa3ef7644b6471b805cdbce95bcc6b8,f1c9c5051bdd4a11a064260bbb9d6d7b,0.9165587425231934
4aa3ef7644b6471b805cdbce95bcc6b8,01ffceddb5b34406a08bb982b424b3cf,0.9134433269500732
4aa3ef7644b6471b805cdbce95bcc6b8,8987ceafff324f9599b842542e37eddd,0.9085243940353394
4aa3ef7644b6471b805cdbce95bcc6b8,e7ee85dd47ca43eeb2fdcd70b802f0ec,0.9073024988174438
4aa3ef7644b6471b805cdbce95bcc6b8,2d43cf91509846e29ab4febd7781919f,0.9070130586624146
4aa3ef7644b6471b805cdbce95bcc6b8,64e74af099b0485f8b6e71ac73aa2cb8,0.9069010615348816
4aa3ef7644b6471b805cdbce95bcc6b8,0daf8d5687b54d158f7f752884c42334,0.9043348431587219
d19e7fd5a62e4d28bb80ac4eddf34d1c,ccb62901750b4d13a922fc161b607f83,0.9809223413467407
d19e7fd5a62e4d28bb80ac4eddf34d1c,f12e9e5805534d719f829332d1ea5d29,0.9221011400222778
d19e7fd5a62e4d28bb80ac4eddf34d1c,44f41e6e6faa4facb0bb9a72205229f8,0.9116066098213196
d19e7fd5a62e4d28bb80ac4eddf34d1c,be8953cc364d46cebbcc2c2da2c348ab,0.9110581874847412
d19e7fd5a62e4d28bb80ac4eddf34d1c,39e2b00e1cbd471488cf56f31d2cec7f,0.9101840257644653
d19e7fd5a62e4d28bb80ac4eddf34d1c,6c874292dbcc49ff8bb8bbe5643593a5,0.9100896120071411
d19e7fd5a62e4d28bb80ac4eddf34d1c,d695b7afdc3841a28a56df578e56afce,0.9090380072593689
d19e7fd5a62e4d28bb80ac4eddf34d1c,0cdb0f32850f4585a16de4886462bbe0,0.9085410833358765
d19e7fd5a62e4d28bb80ac4eddf34d1c,97959d02a64f4a3fbbebe7cbece6c012,0.9083495736122131
d19e7fd5a62e4d28bb80ac4eddf34d1c,7584980704ae4617bb27ca162cc9c5db,0.9080803990364075
26da5929257a4a70997444abb7ed9998,ccb62901750b4d13a922fc161b607f83,0.9257418513298035
26da5929257a4a70997444abb7ed9998,d695b7afdc3841a28a56df578e56afce,0.9180490970611572
26da5929257a4a70997444abb7ed9998,6866efc8987a4ec8b04b7abd28fb5777,0.917117714881897
26da5929257a4a70997444abb7ed9998,f12e9e5805534d719f829332d1ea5d29,0.9132523536682129
26da5929257a4a70997444abb7ed9998,00614d60b3544ba790dfd23dd53992e0,0.9114125967025757
26da5929257a4a70997444abb7ed9998,be8953cc364d46cebbcc2c2da2c348ab,0.909361720085144
26da5929257a4a70997444abb7ed9998,8987ceafff324f9599b842542e37eddd,0.9093095660209656
26da5929257a4a70997444abb7ed9998,1232f20e710b448e8c0538b9e84dab1c,0.9084527492523193
26da5929257a4a70997444abb7ed9998,19a124c6dad14a4fa7864463b081009c,0.907941460609436
26da5929257a4a70997444abb7ed9998,b585a2970e9f421da236241f603883f2,0.9038193225860596
9538feefe1d84c03874b872ae3f48947,6866efc8987a4ec8b04b7abd28fb5777,0.9831215143203735
9538feefe1d84c03874b872ae3f48947,26869cc099c44c4a86f6043476ab4890,0.9158830642700195
9538feefe1d84c03874b872ae3f48947,d695b7afdc3841a28a56df578e56afce,0.9120070338249207
9538feefe1d84c03874b872ae3f48947,f1c9c5051bdd4a11a064260bbb9d6d7b,0.90887051820755
9538feefe1d84c03874b872ae3f48947,764b8280445d4023aecaa53cf7758932,0.9065181016921997
9538feefe1d84c03874b872ae3f48947,e7ee85dd47ca43eeb2fdcd70b802f0ec,0.9043784141540527
9538feefe1d84c03874b872ae3f48947,c750a2994555414790abb3281572bb42,0.9035078287124634
9538feefe1d84c03874b872ae3f48947,8987ceafff324f9599b842542e37eddd,0.903146505355835
9538feefe1d84c03874b872ae3f48947,7c1126d46a934db6b951d1e98feae327,0.9028832912445068
9538feefe1d84c03874b872ae3f48947,f5bcc6f48ed2447581b401d453039866,0.9026824235916138
03b02260fc474ab29d5d6a1398847a2a,4285b02dc9164cb9bae36b0566bb42f0,0.9702185392379761
03b02260fc474ab29d5d6a1398847a2a,97959d02a64f4a3fbbebe7cbece6c012,0.9203189015388489
03b02260fc474ab29d5d6a1398847a2a,e06d08ff594a4acbac12edf579743fcf,0.9174374341964722
03b02260fc474ab29d5d6a1398847a2a,75bf181ea5dc490e95d364a5f5c7af1d,0.9171737432479858
03b02260fc474ab29d5d6a1398847a2a,9a500a20b1ff4694acc31339a8d1349e,0.9137637615203857
03b02260fc474ab29d5d6a1398847a2a,724a3f6551e74ad585bdeac9a75fd639,0.9127557873725891
03b02260fc474ab29d5d6a1398847a2a,39e2b00e1cbd471488cf56f31d2cec7f,0.9096859693527222
03b02260fc474ab29d5d6a1398847a2a,f37d285ad0de42f0b1546d0d1acfb221,0.9085952043533325
03b02260fc474ab29d5d6a1398847a2a,17b5eb6fab65476f827dd355b4a20a55,0.9085800051689148
03b02260fc474ab29d5d6a1398847a2a,fe363cef357840fcb35f320fe7c27e4e,0.908174991607666
f19622c340af46aabec5a3eebfea35fa,4285b02dc9164cb9bae36b0566bb42f0,0.9059502482414246
f19622c340af46aabec5a3eebfea35fa,9a500a20b1ff4694acc31339a8d1349e,0.9041271209716797
f19622c340af46aabec5a3eebfea35fa,6b7b5d28293d4a5a8075f7f7dd231ddb,0.8937510848045349
f19622c340af46aabec5a3eebfea35fa,e59dba65749140f4a1bdaf2695de2fc6,0.8914521932601929
f19622c340af46aabec5a3eebfea35fa,f335a944a27a4504a82ecf70c2d4a5e4,0.891377329826355
f19622c340af46aabec5a3eebfea35fa,be8953cc364d46cebbcc2c2da2c348ab,0.891089677810669
f19622c340af46aabec5a3eebfea35fa,415641aa43724ed9bc4710302b77edc3,0.8887622356414795
f19622c340af46aabec5a3eebfea35fa,f91157bb8fca4a8e98db33591a76be9a,0.8867403864860535
f19622c340af46aabec5a3eebfea35fa,5e44915237fc4445b54b037e1c4e29a4,0.8860934376716614
f19622c340af46aabec5a3eebfea35fa,e5a3c8867e44498d9182e8be934e0fce,0.8845427632331848
b2c57f611c954c84ad5bc681d1798dee,4285b02dc9164cb9bae36b0566bb42f0,0.972442090511322
b2c57f611c954c84ad5bc681d1798dee,9a500a20b1ff4694acc31339a8d1349e,0.9156771302223206
b2c57f611c954c84ad5bc681d1798dee,fe363cef357840fcb35f320fe7c27e4e,0.9156219959259033
b2c57f611c954c84ad5bc681d1798dee,97959d02a64f4a3fbbebe7cbece6c012,0.9142554402351379
b2c57f611c954c84ad5bc681d1798dee,75bf181ea5dc490e95d364a5f5c7af1d,0.9131985902786255
b2c57f611c954c84ad5bc681d1798dee,0433768f874042a5b2d2e37ad9deae13,0.9074462652206421
b2c57f611c954c84ad5bc681d1798dee,17b5eb6fab65476f827dd355b4a20a55,0.9073745012283325
b2c57f611c954c84ad5bc681d1798dee,f37d285ad0de42f0b1546d0d1acfb221,0.9069099426269531
b2c57f611c954c84ad5bc681d1798dee,e06d08ff594a4acbac12edf579743fcf,0.9065172672271729
b2c57f611c954c84ad5bc681d1798dee,e59dba65749140f4a1bdaf2695de2fc6,0.906298816204071
98e31f0110bd4082b8a9c780c4658d5b,f439b5616ba24b7f82eccfa095a0eff8,0.9669040441513062
98e31f0110bd4082b8a9c780c4658d5b,cc243eebbb2b44a581745865a60c423a,0.9275470972061157
98e31f0110bd4082b8a9c780c4658d5b,02a3cd76ce534d188b4d5ac4778bd652,0.9133563041687012
98e31f0110bd4082b8a9c780c4658d5b,1f9cd7f2b7a14e2f8d490a104a56edcd,0.9103304147720337
98e31f0110bd4082b8a9c780c4658d5b,66cba49431224a3788f914d6a80165e1,0.9067621231079102
98e31f0110bd4082b8a9c780c4658d5b,0971af4212484a958eb0f60f93d1dfe0,0.901418149471283
98e31f0110bd4082b8a9c780c4658d5b,d9096650c434432c871effeca9acd5c6,0.9012623429298401
98e31f0110bd4082b8a9c780c4658d5b,5abf57d57d84440e94d0d2e2ffb37575,0.9011649489402771
98e31f0110bd4082b8a9c780c4658d5b,41e657daa20545a588584578bdb4101c,0.9010235071182251
98e31f0110bd4082b8a9c780c4658d5b,67dd23cfd20f46dc82acc82c108a1dc6,0.8983797430992126
ba97c80ce0a5461d938b43cfdc812679,f439b5616ba24b7f82eccfa095a0eff8,0.942511796951294
ba97c80ce0a5461d938b43cfdc812679,cc243eebbb2b44a581745865a60c423a,0.9116191864013672
ba97c80ce0a5461d938b43cfdc812679,d9096650c434432c871effeca9acd5c6,0.8953372240066528
ba97c80ce0a5461d938b43cfdc812679,4a3d4daed4b24a1898551f0fd1ba44f1,0.8944466710090637
ba97c80ce0a5461d938b43cfdc812679,66cba49431224a3788f914d6a80165e1,0.8914874792098999
ba97c80ce0a5461d938b43cfdc812679,5fc200cab89346658c9c91cce27e85fe,0.8901005983352661
ba97c80ce0a5461d938b43cfdc812679,8fdee0611965465eb45387b8c39f4136,0.888803243637085
ba97c80ce0a5461d938b43cfdc812679,4d5cbe57c3094d01843e4f950a280b50,0.8885819911956787
ba97c80ce0a5461d938b43cfdc812679,02a3cd76ce534d188b4d5ac4778bd652,0.88747638463974
ba97c80ce0a5461d938b43cfdc812679,0971af4212484a958eb0f60f93d1dfe0,0.8874565958976746
eef39c9128b1421cb4e7b9c83fee0c82,df5ca61304074da1bec8f536ab50baf3,0.9593303203582764
eef39c9128b1421cb4e7b9c83fee0c82,b9228fdb5f0c413d81cffb51829d95c6,0.9211559295654297
eef39c9128b1421cb4e7b9c83fee0c82,99a52c93a3304ec18dab9206f98f2a8b,0.9198100566864014
eef39c9128b1421cb4e7b9c83fee0c82,4a6eba10a02a4ecdbb6b25e8651c3789,0.9064376354217529
eef39c9128b1421cb4e7b9c83fee0c82,ad42c467d0fe43dbb328073f9a16bc4d,0.9057683944702148
eef39c9128b1421cb4e7b9c83fee0c82,6c874292dbcc49ff8bb8bbe5643593a5,0.9046207666397095
eef39c9128b1421cb4e7b9c83fee0c82,643fbbdd6b764ba9904a4ee67a86b9fd,0.9032316207885742
eef39c9128b1421cb4e7b9c83fee0c82,69ac8397e9624bfd8aee237b9f9ea3b5,0.9011863470077515
eef39c9128b1421cb4e7b9c83fee0c82,105ad424733e4cffa7c474b51e3980aa,0.9000937342643738
eef39c9128b1421cb4e7b9c83fee0c82,e1c63000ace94c1d9381d82389fe6afd,0.8998050689697266
8a738e1a32764f6aa0c264a4a08e2942,df5ca61304074da1bec8f536ab50baf3,0.9520747065544128
8a738e1a32764f6aa0c264a4a08e2942,b9228fdb5f0c413d81cffb51829d95c6,0.9187734127044678
8a738e1a32764f6aa0c264a4a08e2942,69ac8397e9624bfd8aee237b9f9ea3b5,0.9113832712173462
8a738e1a32764f6aa0c264a4a08e2942,99a52c93a3304ec18dab9206f98f2a8b,0.9034538269042969
8a738e1a32764f6aa0c264a4a08e2942,105ad424733e4cffa7c474b51e3980aa,0.899712085723877
8a738e1a32764f6aa0c264a4a08e2942,6c874292dbcc49ff8bb8bbe5643593a5,0.8992487192153931
8a738e1a32764f6aa0c264a4a08e2942,ad42c467d0fe43dbb328073f9a16bc4d,0.8988475799560547
8a738e1a32764f6aa0c264a4a08e2942,4a6eba10a02a4ecdbb6b25e8651c3789,0.8980365991592407
8a738e1a32764f6aa0c264a4a08e2942,b3f8b4bec0164d0e81997b4f5a277e8f,0.8930857181549072
8a738e1a32764f6aa0c264a4a08e2942,643fbbdd6b764ba9904a4ee67a86b9fd,0.892484188079834
173559035aac478591718da5062ea4e7,5e2f1a45f7174f1aa39a194179985876,0.9534690976142883
173559035aac478591718da5062ea4e7,7627d5e28ba74cbeaf9225e88a7a44cc,0.8854244947433472
173559035aac478591718da5062ea4e7,0a61f52258f643b6a6436a1ec234e197,0.8845618963241577
173559035aac478591718da5062ea4e7,9909a671f7414c19b2727e7d4d4dcf1b,0.8810563087463379
173559035aac478591718da5062ea4e7,eafb3480db704d7baa8216ce857d1610,0.8791886568069458
173559035aac478591718da5062ea4e7,6c874292dbcc49ff8bb8bbe5643593a5,0.878635048866272
173559035aac478591718da5062ea4e7,105ad424733e4cffa7c474b51e3980aa,0.8771145343780518
173559035aac478591718da5062ea4e7,c1def54262224e23acf67a9870725ce5,0.8754516839981079
173559035aac478591718da5062ea4e7,dee9eddb2eac41bfaf36d3279d43674a,0.872830867767334
173559035aac478591718da5062ea4e7,b77d8b7bb0114c379139d280a9210e83,0.8726796507835388
6fb705d0d2f04e52b810c48e7fc82a2e,5e2f1a45f7174f1aa39a194179985876,0.9693750143051147
6fb705d0d2f04e52b810c48e7fc82a2e,7627d5e28ba74cbeaf9225e88a7a44cc,0.8899094462394714
6fb705d0d2f04e52b810c48e7fc82a2e,105ad424733e4cffa7c474b51e3980aa,0.8857698440551758
6fb705d0d2f04e52b810c48e7fc82a2e,9909a671f7414c19b2727e7d4d4dcf1b,0.8831209540367126
6fb705d0d2f04e52b810c48e7fc82a2e,eafb3480db704d7baa8216ce857d1610,0.8780422806739807
6fb705d0d2f04e52b810c48e7fc82a2e,2ece45504eff42469c104dc2a2d03caf,0.8759703040122986
6fb705d0d2f04e52b810c48e7fc82a2e,0a61f52258f643b6a6436a1ec234e197,0.873075008392334
6fb705d0d2f04e52b810c48e7fc82a2e,86f59bd78b424260b0cf356f2f9ae734,0.8729133605957031
6fb705d0d2f04e52b810c48e7fc82a2e,b3209c60460a437294e2b30a9e9d3f53,0.8726990222930908
6fb705d0d2f04e52b810c48e7fc82a2e,07958f43551e459eb30638b632e3cd64,0.8726890087127686
709e314fe2f6437097221a6c9ab0dc69,c74557a980e2428a9ffcc245278df692,0.9740679860115051
709e314fe2f6437097221a6c9ab0dc69,119a6d7b4af3458b951fc1c5ab5e1738,0.9073780179023743
709e314fe2f6437097221a6c9ab0dc69,3c0f3b44c0844df49b5898406fe9195a,0.8970510959625244
709e314fe2f6437097221a6c9ab0dc69,e3854d75221c4e38879a6106bb5c1941,0.8883842825889587
709e314fe2f6437097221a6c9ab0dc69,c4b9d7a8d5d342459d2282589b3af293,0.8880718350410461
709e314fe2f6437097221a6c9ab0dc69,da61d9bc8f024a4aba18d5c3072b7838,0.8858495950698853
709e314fe2f6437097221a6c9ab0dc69,590df34aa41f46e9ad13ffc6a98da3b7,0.8815318942070007
709e314fe2f6437097221a6c9ab0dc69,84581d81d46d44bc99ffb8f871646a7a,0.8798581957817078
709e314fe2f6437097221a6c9ab0dc69,d658e3a743af41899183fecff6b2628d,0.8787392377853394
709e314fe2f6437097221a6c9ab0dc69,e429a2e164a24919a12edcc8d4ea8f09,0.878197193145752
f23420a6638046f4b1536f73bc2e0cb6,c74557a980e2428a9ffcc245278df692,0.9136776924133301
f23420a6638046f4b1536f73bc2e0cb6,b8995466f0eb4e7ba141e23216e8b974,0.9046428203582764
f23420a6638046f4b1536f73bc2e0cb6,119a6d7b4af3458b951fc1c5ab5e1738,0.8951988220214844
f23420a6638046f4b1536f73bc2e0cb6,bf789f42ccfc42c5a330a3f6e30ddb83,0.8935316801071167
f23420a6638046f4b1536f73bc2e0cb6,3c0f3b44c0844df49b5898406fe9195a,0.8911252021789551
f23420a6638046f4b1536f73bc2e0cb6,059a284910e849efbbc7073b8681409f,0.8910458087921143
f23420a6638046f4b1536f73bc2e0cb6,211ef3181e524685866fb8574d9bf456,0.890461802482605
f23420a6638046f4b1536f73bc2e0cb6,c4b9d7a8d5d342459d2282589b3af293,0.8847513198852539
f23420a6638046f4b1536f73bc2e0cb6,d658e3a743af41899183fecff6b2628d,0.884633481502533
f23420a6638046f4b1536f73bc2e0cb6,2ea3b46262e649f79900258cd90cce31,0.8843070268630981
1d83fbe02659440394a32de73b6c18a3,e9428816b054499298745b742f128f65,0.9897510409355164
1d83fbe02659440394a32de73b6c18a3,5c8a8b7a59c54b9aa7b7136fd91b5869,0.9105314612388611
1d83fbe02659440394a32de73b6c18a3,d60986f4025d443ea58adba0e3d224a1,0.9092437624931335
1d83fbe02659440394a32de73b6c18a3,da88fa5efc674368b593444ca950dff9,0.8943072557449341
1d83fbe02659440394a32de73b6c18a3,bce599075dfd4fac8dd78626106e3071,0.8866523504257202
1d83fbe02659440394a32de73b6c18a3,84581d81d46d44bc99ffb8f871646a7a,0.8846957683563232
1d83fbe02659440394a32de73b6c18a3,fadf133e0e684a24ac79b5fa9515bac2,0.8810309171676636
1d83fbe02659440394a32de73b6c18a3,c4b9d7a8d5d342459d2282589b3af293,0.8782276511192322
1d83fbe02659440394a32de73b6c18a3,93dc50abd35349f7923100dca2f41002,0.877301037311554
1d83fbe02659440394a32de73b6c18a3,225818abe99e45a0bf5b0b3ec30db76b,0.8761692643165588
3cf470f9d76e42a68e48c748b6c793fb,d60986f4025d443ea58adba0e3d224a1,0.9925848245620728
3cf470f9d76e42a68e48c748b6c793fb,e9428816b054499298745b742f128f65,0.909721314907074
3cf470f9d76e42a68e48c748b6c793fb,bce599075dfd4fac8dd78626106e3071,0.9027905464172363
3cf470f9d76e42a68e48c748b6c793fb,18ab15fbf00f42f7a410ec75f7592bea,0.89689040184021
3cf470f9d76e42a68e48c748b6c793fb,009be1c3430743ff9b054bdfcd6228d6,0.8758429288864136
3cf470f9d76e42a68e48c748b6c793fb,225818abe99e45a0bf5b0b3ec30db76b,0.8756096363067627
3cf470f9d76e42a68e48c748b6c793fb,c756409435634fc48c643a64e73c93ce,0.874343752861023
3cf470f9d76e42a68e48c748b6c793fb,c4b9d7a8d5d342459d2282589b3af293,0.8726502656936646
3cf470f9d76e42a68e48c748b6c793fb,de6ac628a786435f9925c8cc1d707d6b,0.8716349601745605
3cf470f9d76e42a68e48c748b6c793fb,8228c9eb29a542ba98c8b9b854eadaa4,0.8715783953666687
168e52d4211e47f9b447e33469c72127,d60986f4025d443ea58adba0e3d224a1,0.9940399527549744
168e52d4211e47f9b447e33469c72127,e9428816b054499298745b742f128f65,0.9106597900390625
168e52d4211e47f9b447e33469c72127,bce599075dfd4fac8dd78626106e3071,0.905914306640625
168e52d4211e47f9b447e33469c72127,18ab15fbf00f42f7a410ec75f7592bea,0.8951462507247925
168e52d4211e47f9b447e33469c72127,225818abe99e45a0bf5b0b3ec30db76b,0.8792643547058105
168e52d4211e47f9b447e33469c72127,c4b9d7a8d5d342459d2282589b3af293,0.8777196407318115
168e52d4211e47f9b447e33469c72127,8228c9eb29a542ba98c8b9b854eadaa4,0.8776100873947144
168e52d4211e47f9b447e33469c72127,009be1c3430743ff9b054bdfcd6228d6,0.8710348010063171
168e52d4211e47f9b447e33469c72127,c756409435634fc48c643a64e73c93ce,0.8687787055969238
168e52d4211e47f9b447e33469c72127,de6ac628a786435f9925c8cc1d707d6b,0.8685650825500488
2cff6320a7ec4c2aafba5c1e3318ddee,1393dac7d34b4c34b1a8091a5bea3663,0.911435067653656
2cff6320a7ec4c2aafba5c1e3318ddee,d2bcc978e7aa49908919d9fc40138b27,0.902708888053894
2cff6320a7ec4c2aafba5c1e3318ddee,530b37164090408dbab4e6da51111b8a,0.89618980884552
2cff6320a7ec4c2aafba5c1e3318ddee,a9573f188204436090fb4a5240e4eccd,0.8929267525672913
2cff6320a7ec4c2aafba5c1e3318ddee,de6ac628a786435f9925c8cc1d707d6b,0.8922033309936523
2cff6320a7ec4c2aafba5c1e3318ddee,a9d82bb43410405ca21b44a5e82e22b6,0.8881146907806396
2cff6320a7ec4c2aafba5c1e3318ddee,e3854d75221c4e38879a6106bb5c1941,0.8874095678329468
2cff6320a7ec4c2aafba5c1e3318ddee,189a3b686ad14c24b5e1a495f76dd239,0.8868774175643921
2cff6320a7ec4c2aafba5c1e3318ddee,f4474150010f4021a4620372062f3797,0.8857085704803467
2cff6320a7ec4c2aafba5c1e3318ddee,99830b8da7c24f909914f7bb167f3ea6,0.8849195241928101
abadadc5b9f748f59edd8d3abb4d3a01,1393dac7d34b4c34b1a8091a5bea3663,0.908579409122467
abadadc5b9f748f59edd8d3abb4d3a01,530b37164090408dbab4e6da51111b8a,0.8952874541282654
abadadc5b9f748f59edd8d3abb4d3a01,d2bcc978e7aa49908919d9fc40138b27,0.8931844830513
abadadc5b9f748f59edd8d3abb4d3a01,a9573f188204436090fb4a5240e4eccd,0.88873291015625
abadadc5b9f748f59edd8d3abb4d3a01,d8b3ad3b5c4e474db41a671ab286424f,0.8874903917312622
abadadc5b9f748f59edd8d3abb4d3a01,2f0401170d104b47b0a8f087f69dee88,0.8872060775756836
abadadc5b9f748f59edd8d3abb4d3a01,de6ac628a786435f9925c8cc1d707d6b,0.8870702981948853
abadadc5b9f748f59edd8d3abb4d3a01,7960902edf4b47d686f704441aa56b0e,0.8868889212608337
abadadc5b9f748f59edd8d3abb4d3a01,1578afd6ce694d46ab6e24f965f51fd6,0.8845051527023315
abadadc5b9f748f59edd8d3abb4d3a01,99830b8da7c24f909914f7bb167f3ea6,0.8838509321212769
2ea6bb0d68e4468e86828a584e75bb42,a64f6232ee1e4357937008a327a63cf4,0.9154521226882935
2ea6bb0d68e4468e86828a584e75bb42,eff24b01b2f5428baa4c3fef6cb40d41,0.9018806219100952
2ea6bb0d68e4468e86828a584e75bb42,0bd1cce9370a461089e25393086800a8,0.9010347723960876
2ea6bb0d68e4468e86828a584e75bb42,250d411ae270441085be3501b7b55d86,0.8975589275360107
2ea6bb0d68e4468e86828a584e75bb42,fadf133e0e684a24ac79b5fa9515bac2,0.8954810500144958
2ea6bb0d68e4468e86828a584e75bb42,ffe2740eee8c49b39b2ce41f9983bcb4,0.8951442837715149
2ea6bb0d68e4468e86828a584e75bb42,6bedb2d6ace34e18811b7f1206b2d1b0,0.8944858908653259
2ea6bb0d68e4468e86828a584e75bb42,99830b8da7c24f909914f7bb167f3ea6,0.8928141593933105
2ea6bb0d68e4468e86828a584e75bb42,5cf392f15360460bae6a6b0182bb99b9,0.8921653032302856
2ea6bb0d68e4468e86828a584e75bb42,36ac84a73ad34261ad45cf569edb60af,0.8918684124946594
983d22fb5ca14e8a9d33f205427d4934,511fe9c8b20b4fda94969745238c9474,0.9018430113792419
983d22fb5ca14e8a9d33f205427d4934,22d9d5ad33e947fd857c5c4a8b7dfae1,0.8935809135437012
983d22fb5ca14e8a9d33f205427d4934,f0084465b2e646c9a53d9dc766067d9b,0.884425163269043
983d22fb5ca14e8a9d33f205427d4934,d65e3a3657ae455e954b6d7221afc84c,0.8806849718093872
983d22fb5ca14e8a9d33f205427d4934,f5b766ea6abe4b5fb27d49cc3bc06020,0.8793336153030396
983d22fb5ca14e8a9d33f205427d4934,6fc7a2cf0684475a82f6ff9be2c8e850,0.8738566637039185
983d22fb5ca14e8a9d33f205427d4934,cb2505b30d8a4dc086c353cf94424b6d,0.8728945255279541
983d22fb5ca14e8a9d33f205427d4934,7d0190486da540718e4dc4ca4bd1f573,0.8712503910064697
983d22fb5ca14e8a9d33f205427d4934,1aaf8edc37ea412b85e3d1b5c5317051,0.8707929253578186
983d22fb5ca14e8a9d33f205427d4934,f69dcaceb6074ddebfe1dc7e5978fcff,0.8705379962921143
c601d5a9e45b400ab8ffe8a62cc6dd5b,99830b8da7c24f909914f7bb167f3ea6,0.9277337193489075
c601d5a9e45b400ab8ffe8a62cc6dd5b,eff24b01b2f5428baa4c3fef6cb40d41,0.918258011341095
c601d5a9e45b400ab8ffe8a62cc6dd5b,5cf392f15360460bae6a6b0182bb99b9,0.9142049551010132
c601d5a9e45b400ab8ffe8a62cc6dd5b,c84deec0ecf843c39f52d4cb8e7300f8,0.9140797853469849
c601d5a9e45b400ab8ffe8a62cc6dd5b,250d411ae270441085be3501b7b55d86,0.9076513051986694
c601d5a9e45b400ab8ffe8a62cc6dd5b,fadf133e0e684a24ac79b5fa9515bac2,0.9015541672706604
c601d5a9e45b400ab8ffe8a62cc6dd5b,99ba4cc9355f4d79a68bc69ac12a716f,0.9010180234909058
c601d5a9e45b400ab8ffe8a62cc6dd5b,ad054da7e1704a53931a341173f0605f,0.9001855850219727
c601d5a9e45b400ab8ffe8a62cc6dd5b,6bedb2d6ace34e18811b7f1206b2d1b0,0.8997045755386353
c601d5a9e45b400ab8ffe8a62cc6dd5b,64e74af099b0485f8b6e71ac73aa2cb8,0.8991381525993347
af9775f02cb64e7a89d41bfd3138d87c,511fe9c8b20b4fda94969745238c9474,0.9127357006072998
af9775f02cb64e7a89d41bfd3138d87c,0971af4212484a958eb0f60f93d1dfe0,0.8935326933860779
af9775f02cb64e7a89d41bfd3138d87c,1aaf8edc37ea412b85e3d1b5c5317051,0.8888537287712097
af9775f02cb64e7a89d41bfd3138d87c,f0084465b2e646c9a53d9dc766067d9b,0.8835000395774841
af9775f02cb64e7a89d41bfd3138d87c,22d9d5ad33e947fd857c5c4a8b7dfae1,0.8831853866577148
af9775f02cb64e7a89d41bfd3138d87c,8683a3ad55d84a78834fabe20cde5269,0.8822521567344666
af9775f02cb64e7a89d41bfd3138d87c,7d0190486da540718e4dc4ca4bd1f573,0.8798632025718689
af9775f02cb64e7a89d41bfd3138d87c,8fdee0611965465eb45387b8c39f4136,0.8786802291870117
af9775f02cb64e7a89d41bfd3138d87c,70558882c04e46bd99d15e9786468418,0.8767958283424377
af9775f02cb64e7a89d41bfd3138d87c,590df34aa41f46e9ad13ffc6a98da3b7,0.8764387965202332
6e03c908e766447c8bca6c98861b5a60,5363ae1c905d4879a63259de4954702e,0.9786417484283447
6e03c908e766447c8bca6c98861b5a60,a2612682d9854a30a7684c91c8619ec9,0.9195683002471924
6e03c908e766447c8bca6c98861b5a60,6c79712e67b54dd0a11d426a91207939,0.9167219400405884
6e03c908e766447c8bca6c98861b5a60,50a2129b83404b94889a01f4688ebafd,0.9143015146255493
6e03c908e766447c8bca6c98861b5a60,be8953cc364d46cebbcc2c2da2c348ab,0.9130101203918457
6e03c908e766447c8bca6c98861b5a60,2471f23cb9b64d35a72deed09c9c8975,0.8966658115386963
6e03c908e766447c8bca6c98861b5a60,5455e62f52ae4e03b2a5d0e8b9899506,0.896202564239502
6e03c908e766447c8bca6c98861b5a60,a5d5fb459a1844088e93ae557ab34afe,0.8960431814193726
6e03c908e766447c8bca6c98861b5a60,59f62d35b1ad451397b700b3dad25448,0.8918523192405701
6e03c908e766447c8bca6c98861b5a60,0b57f893483647c3aed811775a4c4c04,0.8915074467658997
44483008955a408db228e36e7af53fdc,5455e62f52ae4e03b2a5d0e8b9899506,0.9447187185287476
44483008955a408db228e36e7af53fdc,295d0d40791245ff838c73a2aa27d065,0.9352995157241821
44483008955a408db228e36e7af53fdc,4a7fa5a1bafe4b6995e2920444ac07c4,0.9311208128929138
44483008955a408db228e36e7af53fdc,5fc200cab89346658c9c91cce27e85fe,0.9252527952194214
44483008955a408db228e36e7af53fdc,0b57f893483647c3aed811775a4c4c04,0.9198398590087891
44483008955a408db228e36e7af53fdc,3aa003c1e31b476e999c3a808a1d5dc6,0.9191465377807617
44483008955a408db228e36e7af53fdc,35c5a560ecdc4d6a9d20f057ed1fa0e6,0.9146563410758972
44483008955a408db228e36e7af53fdc,cd6ce920d00e4d17a6cf04f9f7e550b7,0.9124606251716614
44483008955a408db228e36e7af53fdc,e4e12f4711fd41e39075e26cc274df45,0.910610556602478
44483008955a408db228e36e7af53fdc,2d43cf91509846e29ab4febd7781919f,0.9089370965957642
42507e0cf2f146b4a2773c26d941610d,295d0d40791245ff838c73a2aa27d065,0.9672748446464539
42507e0cf2f146b4a2773c26d941610d,5455e62f52ae4e03b2a5d0e8b9899506,0.9280388355255127
42507e0cf2f146b4a2773c26d941610d,521004289ebc4e6da6623381d40a5e73,0.9241549968719482
42507e0cf2f146b4a2773c26d941610d,5fc200cab89346658c9c91cce27e85fe,0.9205625057220459
42507e0cf2f146b4a2773c26d941610d,41e657daa20545a588584578bdb4101c,0.911223292350769
42507e0cf2f146b4a2773c26d941610d,4a7fa5a1bafe4b6995e2920444ac07c4,0.9082404375076294
42507e0cf2f146b4a2773c26d941610d,8fca2e4873e946f7a788af2b846cebd7,0.9021686911582947
42507e0cf2f146b4a2773c26d941610d,d9096650c434432c871effeca9acd5c6,0.901032567024231
42507e0cf2f146b4a2773c26d941610d,a5d5fb459a1844088e93ae557ab34afe,0.8996884226799011
42507e0cf2f146b4a2773c26d941610d,6c79712e67b54dd0a11d426a91207939,0.8995158672332764
fdd87abf600a4abaa1d0210384b5076f,5363ae1c905d4879a63259de4954702e,0.9634759426116943
fdd87abf600a4abaa1d0210384b5076f,6c79712e67b54dd0a11d426a91207939,0.9337737560272217
fdd87abf600a4abaa1d0210384b5076f,a2612682d9854a30a7684c91c8619ec9,0.9242008924484253
fdd87abf600a4abaa1d0210384b5076f,50a2129b83404b94889a01f4688ebafd,0.9177964925765991
fdd87abf600a4abaa1d0210384b5076f,be8953cc364d46cebbcc2c2da2c348ab,0.9104822874069214
fdd87abf600a4abaa1d0210384b5076f,295d0d40791245ff838c73a2aa27d065,0.9075643420219421
fdd87abf600a4abaa1d0210384b5076f,26e55eb4d910464497d700bfdf5a36ca,0.9070534706115723
fdd87abf600a4abaa1d0210384b5076f,2471f23cb9b64d35a72deed09c9c8975,0.906967282295227
fdd87abf600a4abaa1d0210384b5076f,5455e62f52ae4e03b2a5d0e8b9899506,0.9058263897895813
fdd87abf600a4abaa1d0210384b5076f,8fca2e4873e946f7a788af2b846cebd7,0.9022064208984375
bd2ab791b5d947aebc36dd63a25b782d,f65b6fb5b40a49d1896de7a115469d40,0.9423982501029968
bd2ab791b5d947aebc36dd63a25b782d,5cfb876eeb4f410aa1282cc279f0e546,0.9148425459861755
bd2ab791b5d947aebc36dd63a25b782d,b6c493a3666c4db193e86c79faf099ab,0.9121478796005249
bd2ab791b5d947aebc36dd63a25b782d,9094e936e13641cc9bfcc7dc1408d86e,0.908997654914856
bd2ab791b5d947aebc36dd63a25b782d,e4e12f4711fd41e39075e26cc274df45,0.9015500545501709
bd2ab791b5d947aebc36dd63a25b782d,e343a998f4df4ac195c84e0fb571a393,0.9000664949417114
bd2ab791b5d947aebc36dd63a25b782d,1f9cd7f2b7a14e2f8d490a104a56edcd,0.8995805382728577
bd2ab791b5d947aebc36dd63a25b782d,4a7fa5a1bafe4b6995e2920444ac07c4,0.8992998600006104
bd2ab791b5d947aebc36dd63a25b782d,19593c97fef0474dbe6051e28338f1e9,0.898828387260437
bd2ab791b5d947aebc36dd63a25b782d,7f0a68d19d2e4850846ffc08c47ed87d,0.8952615261077881
f97b6d6044f64e668c6bfa4856de6e2e,f65b6fb5b40a49d1896de7a115469d40,0.9447609782218933
f97b6d6044f64e668c6bfa4856de6e2e,b6c493a3666c4db193e86c79faf099ab,0.9182906150817871
f97b6d6044f64e668c6bfa4856de6e2e,5cfb876eeb4f410aa1282cc279f0e546,0.9073076844215393
f97b6d6044f64e668c6bfa4856de6e2e,7e17bbd109dc486c8f0a76f913782180,0.9018425941467285
f97b6d6044f64e668c6bfa4856de6e2e,4a7fa5a1bafe4b6995e2920444ac07c4,0.899101734161377
f97b6d6044f64e668c6bfa4856de6e2e,1f9cd7f2b7a14e2f8d490a104a56edcd,0.8970516920089722
f97b6d6044f64e668c6bfa4856de6e2e,e4e12f4711fd41e39075e26cc274df45,0.890884280204773
f97b6d6044f64e668c6bfa4856de6e2e,e343a998f4df4ac195c84e0fb571a393,0.8900203704833984
f97b6d6044f64e668c6bfa4856de6e2e,88353d1136d24836816b073de62e5f50,0.890005350112915
f97b6d6044f64e668c6bfa4856de6e2e,19593c97fef0474dbe6051e28338f1e9,0.8892351984977722
dbdb837b049042bcb0b995828a1463d5,a70909d3ce0d4235913b5ce6a138dcce,0.9293457269668579
dbdb837b049042bcb0b995828a1463d5,f69dcaceb6074ddebfe1dc7e5978fcff,0.8844817876815796
dbdb837b049042bcb0b995828a1463d5,31cf7db26a3249c5a6205b005662ddcf,0.8760738372802734
dbdb837b049042bcb0b995828a1463d5,a0b4d283f12a407286dbeaa3a4d128a5,0.8716360330581665
dbdb837b049042bcb0b995828a1463d5,e96fae6d607246b18b8494aabe521036,0.870978832244873
dbdb837b049042bcb0b995828a1463d5,22d9d5ad33e947fd857c5c4a8b7dfae1,0.8707180023193359
dbdb837b049042bcb0b995828a1463d5,c1d504dfeded4b8bb3c07777b7c7abde,0.868782639503479
dbdb837b049042bcb0b995828a1463d5,5605fa1188974644937bbf92fec50e21,0.8670493364334106
dbdb837b049042bcb0b995828a1463d5,d65e3a3657ae455e954b6d7221afc84c,0.8665853142738342
dbdb837b049042bcb0b995828a1463d5,b425f33c33ad4be89a12da266d131a86,0.8658422827720642
e4e8bbb77d39441f89e7899ac799567c,a70909d3ce0d4235913b5ce6a138dcce,0.9396991729736328
e4e8bbb77d39441f89e7899ac799567c,cb32ec9a538a4c0f8462771946ced93b,0.8803796768188477
e4e8bbb77d39441f89e7899ac799567c,eee7f32249c5452ea36c8ed3a3540010,0.8782897591590881
e4e8bbb77d39441f89e7899ac799567c,5f65785004054c67a618fe43b6a30f56,0.8764816522598267
e4e8bbb77d39441f89e7899ac799567c,d65e3a3657ae455e954b6d7221afc84c,0.876444935798645
e4e8bbb77d39441f89e7899ac799567c,e4fcd30261804b089efa940359057ba2,0.8739455938339233
e4e8bbb77d39441f89e7899ac799567c,5605fa1188974644937bbf92fec50e21,0.8735960721969604
e4e8bbb77d39441f89e7899ac799567c,b425f33c33ad4be89a12da266d131a86,0.8727667331695557
e4e8bbb77d39441f89e7899ac799567c,eff24b01b2f5428baa4c3fef6cb40d41,0.8726808428764343
e4e8bbb77d39441f89e7899ac799567c,7199f2fe77824236a392e1f00a5bdfc3,0.8715387582778931
884628be75bf4632adba41416b2dcb2d,b6c493a3666c4db193e86c79faf099ab,0.9711378216743469
884628be75bf4632adba41416b2dcb2d,26869cc099c44c4a86f6043476ab4890,0.9225763082504272
884628be75bf4632adba41416b2dcb2d,7e17bbd109dc486c8f0a76f913782180,0.9202558994293213
884628be75bf4632adba41416b2dcb2d,f65b6fb5b40a49d1896de7a115469d40,0.9201446771621704
884628be75bf4632adba41416b2dcb2d,f5a9583711fc4ff4a46e85c24886b234,0.9190042018890381
884628be75bf4632adba41416b2dcb2d,3aa003c1e31b476e999c3a808a1d5dc6,0.9171334505081177
884628be75bf4632adba41416b2dcb2d,0daf8d5687b54d158f7f752884c42334,0.9158369898796082
884628be75bf4632adba41416b2dcb2d,b90d74e80c37486eaee89b6fbab13671,0.9086229801177979
884628be75bf4632adba41416b2dcb2d,88353d1136d24836816b073de62e5f50,0.9082769155502319
884628be75bf4632adba41416b2dcb2d,7ef653f7e5f64e1b8bba73b9518b87b7,0.9058797359466553
736b602483e04289bedcbe5e6082e394,ad42c467d0fe43dbb328073f9a16bc4d,0.9124012589454651
736b602483e04289bedcbe5e6082e394,1232f20e710b448e8c0538b9e84dab1c,0.8975051641464233
736b602483e04289bedcbe5e6082e394,cb2505b30d8a4dc086c353cf94424b6d,0.8950570821762085
736b602483e04289bedcbe5e6082e394,6b7b5d28293d4a5a8075f7f7dd231ddb,0.8943887948989868
736b602483e04289bedcbe5e6082e394,eb21a4e2b7bd43efbdf0c365415e7fef,0.8934244513511658
736b602483e04289bedcbe5e6082e394,99a52c93a3304ec18dab9206f98f2a8b,0.8885377049446106
736b602483e04289bedcbe5e6082e394,d445ccdb4cda497e9f0343a3298022d2,0.8875498175621033
736b602483e04289bedcbe5e6082e394,d75a52d716984f318f976bbfc7bee787,0.8856371641159058
736b602483e04289bedcbe5e6082e394,f32f4607b4714e378831f924c5e6084d,0.8854358196258545
736b602483e04289bedcbe5e6082e394,97959d02a64f4a3fbbebe7cbece6c012,0.8854029178619385
46dfeacada264da795ae8f40feca0462,ad42c467d0fe43dbb328073f9a16bc4d,0.9274802207946777
46dfeacada264da795ae8f40feca0462,54e9bbd0093947a3bda5fef48ef7493d,0.9017027616500854
46dfeacada264da795ae8f40feca0462,5e44915237fc4445b54b037e1c4e29a4,0.9013056755065918
46dfeacada264da795ae8f40feca0462,5f481b07f9734f518a14853831233b78,0.901195764541626
46dfeacada264da795ae8f40feca0462,d476be2399b7424a88d242b771c32041,0.8983591794967651
46dfeacada264da795ae8f40feca0462,6732de8994744decbb3306c74aaa7882,0.8977065086364746
46dfeacada264da795ae8f40feca0462,6b7b5d28293d4a5a8075f7f7dd231ddb,0.8970692753791809
46dfeacada264da795ae8f40feca0462,99a52c93a3304ec18dab9206f98f2a8b,0.8929826021194458
46dfeacada264da795ae8f40feca0462,e12ad1ce8e7940a999b9a4f91a95fab7,0.8899968862533569
46dfeacada264da795ae8f40feca0462,be9e713988ba4bbba869885cad419259,0.8895944952964783
398185f5bc8c44629ec6d92103b2a26e,b52468fc0af2435f9ba91939f72bbf6a,0.9861026406288147
398185f5bc8c44629ec6d92103b2a26e,c588868fc3fd4e87a7cddf1ceb00b022,0.8885374069213867
398185f5bc8c44629ec6d92103b2a26e,9460474d89704a68aaa6ccb62310ae3d,0.8753708600997925
398185f5bc8c44629ec6d92103b2a26e,39e2b00e1cbd471488cf56f31d2cec7f,0.8613747358322144
398185f5bc8c44629ec6d92103b2a26e,3aaea7fa41fd43cdb88f8ef59062c5df,0.8592166900634766
398185f5bc8c44629ec6d92103b2a26e,31cf7db26a3249c5a6205b005662ddcf,0.8561835289001465
398185f5bc8c44629ec6d92103b2a26e,ff276acede2f4c14876ef47257758ae8,0.8561506271362305
398185f5bc8c44629ec6d92103b2a26e,babbeca1f6a244a2a11ea77a3855e70f,0.8561422824859619
398185f5bc8c44629ec6d92103b2a26e,44f41e6e6faa4facb0bb9a72205229f8,0.8542404174804688
398185f5bc8c44629ec6d92103b2a26e,e86a0aae846a4e44bf967ab4972c977c,0.853716254234314
7881cf6f764e4853ab524e92060b86db,b585a2970e9f421da236241f603883f2,0.9642134308815002
7881cf6f764e4853ab524e92060b86db,d695b7afdc3841a28a56df578e56afce,0.9179345369338989
7881cf6f764e4853ab524e92060b86db,f91157bb8fca4a8e98db33591a76be9a,0.9146541357040405
7881cf6f764e4853ab524e92060b86db,7dd5e88dfdd24cafab2c765939757354,0.914298415184021
7881cf6f764e4853ab524e92060b86db,30f654c6e69e48888f9f42dd95ab3c77,0.911742627620697
7881cf6f764e4853ab524e92060b86db,434551fdf9e443ed91679a9557ae6fd5,0.9101705551147461
7881cf6f764e4853ab524e92060b86db,7daa434073604cb98a04fefb55468dda,0.9100430011749268
7881cf6f764e4853ab524e92060b86db,19a124c6dad14a4fa7864463b081009c,0.9085562825202942
7881cf6f764e4853ab524e92060b86db,249c2d8d8d2345c6990b3c4d94385b5a,0.9051902294158936
7881cf6f764e4853ab524e92060b86db,77cecb221149474896d9b2eb848bf150,0.9041700959205627
b5a0c3ca548c404e8f6ce3bddb0642d8,eeca68825e2a4bbdaa5ae962998fc33b,0.941474199295044
b5a0c3ca548c404e8f6ce3bddb0642d8,7aceed0dbea645b091207f4a53d879f2,0.9120882749557495
b5a0c3ca548c404e8f6ce3bddb0642d8,5cfb876eeb4f410aa1282cc279f0e546,0.9078067541122437
b5a0c3ca548c404e8f6ce3bddb0642d8,5fc200cab89346658c9c91cce27e85fe,0.8970074653625488
b5a0c3ca548c404e8f6ce3bddb0642d8,e4e12f4711fd41e39075e26cc274df45,0.8962057828903198
b5a0c3ca548c404e8f6ce3bddb0642d8,0ecfdd96e0054841883acba75e83b232,0.8919966220855713
b5a0c3ca548c404e8f6ce3bddb0642d8,2b3ecf8be2b242f3b8a1e714390749fb,0.8915499448776245
b5a0c3ca548c404e8f6ce3bddb0642d8,6400e3f6a14c492ba399bd414faca075,0.8911399841308594
b5a0c3ca548c404e8f6ce3bddb0642d8,2d812431f07c44f1a56a71c72766e0b0,0.8905911445617676
b5a0c3ca548c404e8f6ce3bddb0642d8,1099cb6f4fac4eb8a1fb6db50e18296b,0.8896405100822449
16b427f91adb47be8f9ef97448bf84da,b585a2970e9f421da236241f603883f2,0.9341646432876587
16b427f91adb47be8f9ef97448bf84da,8350ea8cd6514c2c8d7b625abe7e895b,0.9144761562347412
16b427f91adb47be8f9ef97448bf84da,7dd5e88dfdd24cafab2c765939757354,0.9138330817222595
16b427f91adb47be8f9ef97448bf84da,f91157bb8fca4a8e98db33591a76be9a,0.9051606059074402
16b427f91adb47be8f9ef97448bf84da,d695b7afdc3841a28a56df578e56afce,0.900992214679718
16b427f91adb47be8f9ef97448bf84da,72a7e2ce22d045efbdbbab9c68f5d026,0.8968771696090698
16b427f91adb47be8f9ef97448bf84da,e7ee85dd47ca43eeb2fdcd70b802f0ec,0.8967735767364502
16b427f91adb47be8f9ef97448bf84da,8fdee0611965465eb45387b8c39f4136,0.8966574668884277
16b427f91adb47be8f9ef97448bf84da,78d0265d47df4f4cb7153da919763730,0.8965647220611572
16b427f91adb47be8f9ef97448bf84da,444fa28d9ed54c82a522699041eae592,0.8957678079605103
a9f8715606d84f499a84ad01589fc4b3,eeca68825e2a4bbdaa5ae962998fc33b,0.9273433685302734
a9f8715606d84f499a84ad01589fc4b3,2d812431f07c44f1a56a71c72766e0b0,0.8899639844894409
a9f8715606d84f499a84ad01589fc4b3,5cfb876eeb4f410aa1282cc279f0e546,0.8877917528152466
a9f8715606d84f499a84ad01589fc4b3,7aceed0dbea645b091207f4a53d879f2,0.8876695036888123
a9f8715606d84f499a84ad01589fc4b3,0ecfdd96e0054841883acba75e83b232,0.8770701885223389
a9f8715606d84f499a84ad01589fc4b3,6400e3f6a14c492ba399bd414faca075,0.8751323223114014
a9f8715606d84f499a84ad01589fc4b3,24c55bb5cd694770ba895c7401da2ba5,0.8737314343452454
a9f8715606d84f499a84ad01589fc4b3,2b3ecf8be2b242f3b8a1e714390749fb,0.8711310625076294
a9f8715606d84f499a84ad01589fc4b3,5fc200cab89346658c9c91cce27e85fe,0.8700206279754639
a9f8715606d84f499a84ad01589fc4b3,c3502ff31ce6459a96164c934f297562,0.8699508905410767
fd6075f13adb4cdc8540f83b192abddc,2e7836ee5e5144f5b63e6629b969a362,0.9764420986175537
fd6075f13adb4cdc8540f83b192abddc,02e1d712f37e428c998f72e7a7eeb1e6,0.8976317644119263
fd6075f13adb4cdc8540f83b192abddc,999a2b52a5004ee984e587d5a1327b23,0.8536235094070435
fd6075f13adb4cdc8540f83b192abddc,0092d1d820c64646b8bee9fd14f77acf,0.8472180366516113
fd6075f13adb4cdc8540f83b192abddc,d25e6f2fc8154dd7816f8f7a41bee12b,0.8466670513153076
fd6075f13adb4cdc8540f83b192abddc,07958f43551e459eb30638b632e3cd64,0.842275083065033
fd6075f13adb4cdc8540f83b192abddc,b5f237fefb38465bb6a068c9cf75ba31,0.840973436832428
fd6075f13adb4cdc8540f83b192abddc,23a16d69ffe848d593a4808907d8aa98,0.8399115800857544
fd6075f13adb4cdc8540f83b192abddc,d9b70c4ed8bb4fc5957ecebf102528ee,0.8373219966888428
fd6075f13adb4cdc8540f83b192abddc,20297482a5014732a843c9fdafba548e,0.8366904258728027
b7c34ab8ac2b44a993051b96fadef9cb,2e7836ee5e5144f5b63e6629b969a362,0.9832344055175781
b7c34ab8ac2b44a993051b96fadef9cb,02e1d712f37e428c998f72e7a7eeb1e6,0.8896369934082031
b7c34ab8ac2b44a993051b96fadef9cb,999a2b52a5004ee984e587d5a1327b23,0.849718451499939
b7c34ab8ac2b44a993051b96fadef9cb,d25e6f2fc8154dd7816f8f7a41bee12b,0.8487684726715088
b7c34ab8ac2b44a993051b96fadef9cb,0092d1d820c64646b8bee9fd14f77acf,0.844454288482666
b7c34ab8ac2b44a993051b96fadef9cb,23a16d69ffe848d593a4808907d8aa98,0.8438458442687988
b7c34ab8ac2b44a993051b96fadef9cb,07958f43551e459eb30638b632e3cd64,0.8412277102470398
b7c34ab8ac2b44a993051b96fadef9cb,52ee59901f3b4de884d7a6720538aed6,0.8348217010498047
b7c34ab8ac2b44a993051b96fadef9cb,b277101390e1465685ef79bf3519f8d7,0.834753155708313
b7c34ab8ac2b44a993051b96fadef9cb,f65c7f50929f431dbf31b441d87616d0,0.8333475589752197
5fe5888079644c41b966985f5b572f9c,e511c40ca6324803b5021e47b4e777f8,0.8452867269515991
5fe5888079644c41b966985f5b572f9c,fbfaa119f55a477984e42d80498f54d3,0.8402317762374878
5fe5888079644c41b966985f5b572f9c,5d5baf5ce88b4b529e28ab9c7c114148,0.8330406546592712
5fe5888079644c41b966985f5b572f9c,df7ea50171af48df81584ab7e8107d15,0.8305649161338806
5fe5888079644c41b966985f5b572f9c,bdb0d45caa2a4943959f8f501e51132b,0.8277416825294495
5fe5888079644c41b966985f5b572f9c,e22e1ad3c1fc4493bcb7c9b923566ff7,0.8274828195571899
5fe5888079644c41b966985f5b572f9c,cf290994a83e4909aec30077477b9d04,0.8273801803588867
5fe5888079644c41b966985f5b572f9c,b00b2395b49949508fade89bb3eac98b,0.8269883394241333
5fe5888079644c41b966985f5b572f9c,da61d9bc8f024a4aba18d5c3072b7838,0.8194457292556763
5fe5888079644c41b966985f5b572f9c,0c9c05f86aa042abbdd66d2b2d05d374,0.8187833428382874
e850e901ed844eacbf240b4358dadc9a,bdb0d45caa2a4943959f8f501e51132b,0.9690417051315308
e850e901ed844eacbf240b4358dadc9a,75801225047a4c019100660c13f1e0f1,0.8906978964805603
e850e901ed844eacbf240b4358dadc9a,189a3b686ad14c24b5e1a495f76dd239,0.8900668621063232
e850e901ed844eacbf240b4358dadc9a,1a0ac2d40cb04ca993e1db68d787728a,0.8872999548912048
e850e901ed844eacbf240b4358dadc9a,f6207eb593394ff78e2cb35057477422,0.8872652053833008
e850e901ed844eacbf240b4358dadc9a,b90d74e80c37486eaee89b6fbab13671,0.8843392133712769
e850e901ed844eacbf240b4358dadc9a,04537eabb0434eb2804d1220770b85a0,0.8829689621925354
e850e901ed844eacbf240b4358dadc9a,9bf3b77eb9874f5f9e006a9cff111ea9,0.8789429664611816
e850e901ed844eacbf240b4358dadc9a,a9573f188204436090fb4a5240e4eccd,0.877151370048523
e850e901ed844eacbf240b4358dadc9a,ad054da7e1704a53931a341173f0605f,0.8767495155334473
07a659cb697144d5b174a3c714670fcd,cd764fbfae774d068af7549c648a02c9,0.9657580852508545
07a659cb697144d5b174a3c714670fcd,cb2505b30d8a4dc086c353cf94424b6d,0.8963280916213989
07a659cb697144d5b174a3c714670fcd,f879b316413f45d2b64bb25e3f45a667,0.886106014251709
07a659cb697144d5b174a3c714670fcd,9909a671f7414c19b2727e7d4d4dcf1b,0.8765401840209961
07a659cb697144d5b174a3c714670fcd,eee7f32249c5452ea36c8ed3a3540010,0.8748552203178406
07a659cb697144d5b174a3c714670fcd,7862a63720b34104abf5bfa44bc8178d,0.8729758262634277
07a659cb697144d5b174a3c714670fcd,3f1c2bb09c4e4400b6ba19542fafce18,0.8724641799926758
07a659cb697144d5b174a3c714670fcd,5605fa1188974644937bbf92fec50e21,0.8724111318588257
07a659cb697144d5b174a3c714670fcd,ff276acede2f4c14876ef47257758ae8,0.8717836141586304
07a659cb697144d5b174a3c714670fcd,f65c7f50929f431dbf31b441d87616d0,0.8711143732070923
1860486ceb1947ea93fe348ae75fe1f2,cd764fbfae774d068af7549c648a02c9,0.9761526584625244
1860486ceb1947ea93fe348ae75fe1f2,cb2505b30d8a4dc086c353cf94424b6d,0.9036162495613098
1860486ceb1947ea93fe348ae75fe1f2,f879b316413f45d2b64bb25e3f45a667,0.8942911624908447
1860486ceb1947ea93fe348ae75fe1f2,eee7f32249c5452ea36c8ed3a3540010,0.8939327001571655
1860486ceb1947ea93fe348ae75fe1f2,bf789f42ccfc42c5a330a3f6e30ddb83,0.8905790448188782
1860486ceb1947ea93fe348ae75fe1f2,7862a63720b34104abf5bfa44bc8178d,0.8904463648796082
1860486ceb1947ea93fe348ae75fe1f2,5605fa1188974644937bbf92fec50e21,0.8895695209503174
1860486ceb1947ea93fe348ae75fe1f2,9909a671f7414c19b2727e7d4d4dcf1b,0.8882777094841003
1860486ceb1947ea93fe348ae75fe1f2,c84deec0ecf843c39f52d4cb8e7300f8,0.8879351615905762
1860486ceb1947ea93fe348ae75fe1f2,590df34aa41f46e9ad13ffc6a98da3b7,0.8857089281082153
40f9434041994e2ca0b5307725fdd4bc,c24e3823376b436c8eb46eaeebbc7718,0.9058900475502014
40f9434041994e2ca0b5307725fdd4bc,c84deec0ecf843c39f52d4cb8e7300f8,0.8906681537628174
40f9434041994e2ca0b5307725fdd4bc,b69c17a10a55494d8caa56c33e8f4a56,0.8850688338279724
40f9434041994e2ca0b5307725fdd4bc,452d645d5bf4485185e996dcec9523e5,0.8831325769424438
40f9434041994e2ca0b5307725fdd4bc,f59a3ee5387440d981754b6595e8664c,0.8827317953109741
40f9434041994e2ca0b5307725fdd4bc,5cf392f15360460bae6a6b0182bb99b9,0.8823574185371399
40f9434041994e2ca0b5307725fdd4bc,4926607aafe749538c930e108275547e,0.8807293176651001
40f9434041994e2ca0b5307725fdd4bc,fadf133e0e684a24ac79b5fa9515bac2,0.8800113201141357
40f9434041994e2ca0b5307725fdd4bc,9bf3b77eb9874f5f9e006a9cff111ea9,0.8799739480018616
40f9434041994e2ca0b5307725fdd4bc,c756409435634fc48c643a64e73c93ce,0.8798906803131104
75978aae26274d9b926b0b08cc16950a,66f4c650b7ca48f1bc27f9daff8d312a,0.9808447360992432
75978aae26274d9b926b0b08cc16950a,e2769c67dadd4c988f7ccf249a998a56,0.9158986806869507
75978aae26274d9b926b0b08cc16950a,43464ed6733f4642a0b90e7d995a5e40,0.912937343120575
75978aae26274d9b926b0b08cc16950a,e96fae6d607246b18b8494aabe521036,0.9115558862686157
75978aae26274d9b926b0b08cc16950a,babbeca1f6a244a2a11ea77a3855e70f,0.8969395160675049
75978aae26274d9b926b0b08cc16950a,d756970269e9443fb9bbf645a96aa84e,0.896310567855835
75978aae26274d9b926b0b08cc16950a,1419b2c686f44896a0ae2a43e93b5402,0.8947432041168213
75978aae26274d9b926b0b08cc16950a,6b4676aba2a746b3ab778315afc8ee82,0.8935154676437378
75978aae26274d9b926b0b08cc16950a,b77d8b7bb0114c379139d280a9210e83,0.8934676647186279
75978aae26274d9b926b0b08cc16950a,b425f33c33ad4be89a12da266d131a86,0.8901048898696899
7fb1043e17c142cf8bc1704c263ae9b4,f5d09519cf7647f8a107cd8fadd322e5,0.9794148206710815
7fb1043e17c142cf8bc1704c263ae9b4,bc607fd6000b43108e49b3d05688fe90,0.9109789133071899
7fb1043e17c142cf8bc1704c263ae9b4,ce4fdd5499f8498793c11e586f7da70c,0.8674535751342773
7fb1043e17c142cf8bc1704c263ae9b4,da61d9bc8f024a4aba18d5c3072b7838,0.8638967275619507
7fb1043e17c142cf8bc1704c263ae9b4,d7c9dafddaf547159d366dacf7b68a7e,0.8633196353912354
7fb1043e17c142cf8bc1704c263ae9b4,ab57f83304bc4005998bbd6bc063fb4f,0.8580679297447205
7fb1043e17c142cf8bc1704c263ae9b4,3e6a4b65a1004c08a6f3f570cf986c2f,0.8576302528381348
7fb1043e17c142cf8bc1704c263ae9b4,bc13c2b0221744a29a8ddf56aa015df9,0.8566915988922119
7fb1043e17c142cf8bc1704c263ae9b4,7e8a4a43e2f84dbb88e41cb24b3fe79f,0.8563939929008484
7fb1043e17c142cf8bc1704c263ae9b4,11e1e3cdfe214385a2c24d0f957dde9b,0.8541439771652222
13a4af2eb59944b9926a2ceec4e169fa,cd764fbfae774d068af7549c648a02c9,0.9190502166748047
13a4af2eb59944b9926a2ceec4e169fa,f879b316413f45d2b64bb25e3f45a667,0.9148812890052795
13a4af2eb59944b9926a2ceec4e169fa,41047823f2cb4194ba1e0709443c719a,0.8895890712738037
13a4af2eb59944b9926a2ceec4e169fa,90b560de76b149c09c7cd6efb3f12cfd,0.888105034828186
13a4af2eb59944b9926a2ceec4e169fa,1232f20e710b448e8c0538b9e84dab1c,0.8874099254608154
13a4af2eb59944b9926a2ceec4e169fa,bf789f42ccfc42c5a330a3f6e30ddb83,0.8864679336547852
13a4af2eb59944b9926a2ceec4e169fa,ff276acede2f4c14876ef47257758ae8,0.8860268592834473
13a4af2eb59944b9926a2ceec4e169fa,20297482a5014732a843c9fdafba548e,0.8842076063156128
13a4af2eb59944b9926a2ceec4e169fa,52ee59901f3b4de884d7a6720538aed6,0.8835293650627136
13a4af2eb59944b9926a2ceec4e169fa,c66c6f1449d44728a2ef72de53dd6d5e,0.8819432258605957
7c0b316dd59246b4ba2bbf879d7c9d74,f5d09519cf7647f8a107cd8fadd322e5,0.9783198833465576
7c0b316dd59246b4ba2bbf879d7c9d74,bc607fd6000b43108e49b3d05688fe90,0.9089454412460327
7c0b316dd59246b4ba2bbf879d7c9d74,3e6a4b65a1004c08a6f3f570cf986c2f,0.8737069368362427
7c0b316dd59246b4ba2bbf879d7c9d74,d7c9dafddaf547159d366dacf7b68a7e,0.873192310333252
7c0b316dd59246b4ba2bbf879d7c9d74,7d0190486da540718e4dc4ca4bd1f573,0.8698887825012207
7c0b316dd59246b4ba2bbf879d7c9d74,eee7f32249c5452ea36c8ed3a3540010,0.8663374781608582
7c0b316dd59246b4ba2bbf879d7c9d74,ab57f83304bc4005998bbd6bc063fb4f,0.8650385141372681
7c0b316dd59246b4ba2bbf879d7c9d74,ce4fdd5499f8498793c11e586f7da70c,0.859647274017334
7c0b316dd59246b4ba2bbf879d7c9d74,563043f180e54e238ad4876974e5db4c,0.8587563037872314
7c0b316dd59246b4ba2bbf879d7c9d74,11e1e3cdfe214385a2c24d0f957dde9b,0.8560549020767212
9adf6404c5364c9da78b1c60e57ed94b,f879b316413f45d2b64bb25e3f45a667,0.9189002513885498
9adf6404c5364c9da78b1c60e57ed94b,cd764fbfae774d068af7549c648a02c9,0.9184731245040894
9adf6404c5364c9da78b1c60e57ed94b,059a284910e849efbbc7073b8681409f,0.8961820602416992
9adf6404c5364c9da78b1c60e57ed94b,bf789f42ccfc42c5a330a3f6e30ddb83,0.89561927318573
9adf6404c5364c9da78b1c60e57ed94b,eee7f32249c5452ea36c8ed3a3540010,0.8879948854446411
9adf6404c5364c9da78b1c60e57ed94b,1232f20e710b448e8c0538b9e84dab1c,0.8867971897125244
9adf6404c5364c9da78b1c60e57ed94b,9909a671f7414c19b2727e7d4d4dcf1b,0.8863728046417236
9adf6404c5364c9da78b1c60e57ed94b,22d9d5ad33e947fd857c5c4a8b7dfae1,0.8853001594543457
9adf6404c5364c9da78b1c60e57ed94b,ff276acede2f4c14876ef47257758ae8,0.8843865394592285
9adf6404c5364c9da78b1c60e57ed94b,57430214baf045cb92fa3b3b70a4ca3f,0.8813574314117432
d1c6d2db55584c7e9425bce6b4029bcb,2fcf4a04d3654ffb9a5c1dfa3799e4f0,0.9159635305404663
d1c6d2db55584c7e9425bce6b4029bcb,26e55eb4d910464497d700bfdf5a36ca,0.9087241291999817
d1c6d2db55584c7e9425bce6b4029bcb,f335a944a27a4504a82ecf70c2d4a5e4,0.9032126069068909
d1c6d2db55584c7e9425bce6b4029bcb,98fbdf945d0c4206a48a4f7260e56017,0.9017800688743591
d1c6d2db55584c7e9425bce6b4029bcb,3d3e8565d2f84e0cad5ae622f2909765,0.897235631942749
d1c6d2db55584c7e9425bce6b4029bcb,1d70bc69b2f84bef9aa5fb0d9917e38d,0.8945572376251221
d1c6d2db55584c7e9425bce6b4029bcb,30c71719aed84c07ae21d0eff0deed72,0.8884220123291016
d1c6d2db55584c7e9425bce6b4029bcb,0cdb0f32850f4585a16de4886462bbe0,0.8875569701194763
d1c6d2db55584c7e9425bce6b4029bcb,82d68ea370f8451aa16ea08f4601245c,0.8872543573379517
d1c6d2db55584c7e9425bce6b4029bcb,b77d8b7bb0114c379139d280a9210e83,0.8862603902816772
6a4118df6def4cfeae3bb62650bcbfe1,2fcf4a04d3654ffb9a5c1dfa3799e4f0,0.978828489780426
6a4118df6def4cfeae3bb62650bcbfe1,0cdb0f32850f4585a16de4886462bbe0,0.9005279541015625
6a4118df6def4cfeae3bb62650bcbfe1,26e55eb4d910464497d700bfdf5a36ca,0.8895888924598694
6a4118df6def4cfeae3bb62650bcbfe1,7e190e3c05d74e6b9f103e39142c1684,0.8882135152816772
6a4118df6def4cfeae3bb62650bcbfe1,04d24d1cf42b4f7787d8d300cbad6d50,0.888088047504425
6a4118df6def4cfeae3bb62650bcbfe1,e2e0c8c96aff4c00896ac6986bbb20c2,0.8850966691970825
6a4118df6def4cfeae3bb62650bcbfe1,f335a944a27a4504a82ecf70c2d4a5e4,0.8838493824005127
6a4118df6def4cfeae3bb62650bcbfe1,98fbdf945d0c4206a48a4f7260e56017,0.882534384727478
6a4118df6def4cfeae3bb62650bcbfe1,673aee19895b4d339ada93213d8874ac,0.8812564611434937
6a4118df6def4cfeae3bb62650bcbfe1,3574ab91c29940b3afc62354ae06b73b,0.8805410861968994
70e2b8adca1a4fae93ba2708abc854fc,2fcf4a04d3654ffb9a5c1dfa3799e4f0,0.9346453547477722
70e2b8adca1a4fae93ba2708abc854fc,f335a944a27a4504a82ecf70c2d4a5e4,0.910231351852417
70e2b8adca1a4fae93ba2708abc854fc,26e55eb4d910464497d700bfdf5a36ca,0.9052244424819946
70e2b8adca1a4fae93ba2708abc854fc,98fbdf945d0c4206a48a4f7260e56017,0.9024065136909485
70e2b8adca1a4fae93ba2708abc854fc,3d3e8565d2f84e0cad5ae622f2909765,0.902193546295166
70e2b8adca1a4fae93ba2708abc854fc,0cdb0f32850f4585a16de4886462bbe0,0.8990989923477173
70e2b8adca1a4fae93ba2708abc854fc,1d70bc69b2f84bef9aa5fb0d9917e38d,0.8966261744499207
70e2b8adca1a4fae93ba2708abc854fc,b77d8b7bb0114c379139d280a9210e83,0.8929105997085571
70e2b8adca1a4fae93ba2708abc854fc,aa082284f9894b5aa210c179d59999b1,0.8924518823623657
70e2b8adca1a4fae93ba2708abc854fc,71c1a8479b194efca65b44fb7f327afb,0.8921245336532593
a14d78aab651419fbb973ee24df782f0,3bd43a42811048e3b7a7d9740bdb1971,0.8349870443344116
a14d78aab651419fbb973ee24df782f0,7d3d751215194e649a03457226f599d7,0.8218297958374023
a14d78aab651419fbb973ee24df782f0,0971af4212484a958eb0f60f93d1dfe0,0.817290186882019
a14d78aab651419fbb973ee24df782f0,98fbdf945d0c4206a48a4f7260e56017,0.8171309232711792
a14d78aab651419fbb973ee24df782f0,eabdd2813a954f9aa01f0eb8212ee387,0.815687358379364
a14d78aab651419fbb973ee24df782f0,31cf7db26a3249c5a6205b005662ddcf,0.815270185470581
a14d78aab651419fbb973ee24df782f0,47eb17da319d440aa52da8008c26327a,0.8139539957046509
a14d78aab651419fbb973ee24df782f0,27a0d24dc1e14b28a1f18456b29c93f1,0.8122613430023193
a14d78aab651419fbb973ee24df782f0,7f0b453cc8c14156802497f5cbae9d62,0.810937762260437
a14d78aab651419fbb973ee24df782f0,5b588e34588940788a22036b775ecc2f,0.8102077841758728
44b51300330643689a392e7b77ce78b9,d716ea165223433a8d49b93e96989482,0.9344853758811951
44b51300330643689a392e7b77ce78b9,02a3cd76ce534d188b4d5ac4778bd652,0.8574317693710327
44b51300330643689a392e7b77ce78b9,1ade4365590a4ac7865100d8c791e340,0.8509300947189331
44b51300330643689a392e7b77ce78b9,e0d8aee46b1d4d998858cd05027251b6,0.8506529331207275
44b51300330643689a392e7b77ce78b9,2f0401170d104b47b0a8f087f69dee88,0.8497433662414551
44b51300330643689a392e7b77ce78b9,0842a796c09b4089933a4f27e4e5e3bc,0.8495666980743408
44b51300330643689a392e7b77ce78b9,1419b2c686f44896a0ae2a43e93b5402,0.8489863872528076
44b51300330643689a392e7b77ce78b9,452d645d5bf4485185e996dcec9523e5,0.8479423522949219
44b51300330643689a392e7b77ce78b9,dd77b570036f40de9fdf49011bb9e2d8,0.8459547758102417
44b51300330643689a392e7b77ce78b9,6d3b4c95066e4dd8a6ad1c66b1c1ea4f,0.8455556035041809
a59bcbf84ffb47d0abaf3c42791c4eeb,e7ee85dd47ca43eeb2fdcd70b802f0ec,0.9774232506752014
a59bcbf84ffb47d0abaf3c42791c4eeb,9bf3b77eb9874f5f9e006a9cff111ea9,0.9154043197631836
a59bcbf84ffb47d0abaf3c42791c4eeb,64e74af099b0485f8b6e71ac73aa2cb8,0.9039469957351685
a59bcbf84ffb47d0abaf3c42791c4eeb,6866efc8987a4ec8b04b7abd28fb5777,0.8983302712440491
a59bcbf84ffb47d0abaf3c42791c4eeb,26869cc099c44c4a86f6043476ab4890,0.8982332348823547
a59bcbf84ffb47d0abaf3c42791c4eeb,5a6f4a2f7f6a4b1fa146493472e6d721,0.8969157934188843
a59bcbf84ffb47d0abaf3c42791c4eeb,6732de8994744decbb3306c74aaa7882,0.8946552872657776
a59bcbf84ffb47d0abaf3c42791c4eeb,6bedb2d6ace34e18811b7f1206b2d1b0,0.894101619720459
a59bcbf84ffb47d0abaf3c42791c4eeb,b585a2970e9f421da236241f603883f2,0.893714189529419
a59bcbf84ffb47d0abaf3c42791c4eeb,0b57f893483647c3aed811775a4c4c04,0.8935629725456238
b0133b20a5a9444582fbb510d5158e94,3766b26b53874893ae48693880e1942c,0.9154754281044006
b0133b20a5a9444582fbb510d5158e94,b675be39e8ff421aa59811f146da945b,0.9154014587402344
b0133b20a5a9444582fbb510d5158e94,57bcda73abab44ee930b20cdaee9d24b,0.9090580344200134
b0133b20a5a9444582fbb510d5158e94,8fdee0611965465eb45387b8c39f4136,0.8961169123649597
b0133b20a5a9444582fbb510d5158e94,cb2505b30d8a4dc086c353cf94424b6d,0.895203709602356
b0133b20a5a9444582fbb510d5158e94,9bf3b77eb9874f5f9e006a9cff111ea9,0.89121413230896
b0133b20a5a9444582fbb510d5158e94,3356a8a8c6ee4f30bc2b028e360d4471,0.8910505771636963
b0133b20a5a9444582fbb510d5158e94,e7ee85dd47ca43eeb2fdcd70b802f0ec,0.8909240365028381
b0133b20a5a9444582fbb510d5158e94,8350ea8cd6514c2c8d7b625abe7e895b,0.8899629712104797
b0133b20a5a9444582fbb510d5158e94,6732de8994744decbb3306c74aaa7882,0.884937047958374
0c4c0aa7638b46729b25d811b58820c2,1f3cf50fe1f947d8a56e02ebca441c4c,0.9814265966415405
0c4c0aa7638b46729b25d811b58820c2,b77d8b7bb0114c379139d280a9210e83,0.9287377595901489
0c4c0aa7638b46729b25d811b58820c2,6ea31a945d494834a3d243f1f90af02a,0.9237009882926941
0c4c0aa7638b46729b25d811b58820c2,aa082284f9894b5aa210c179d59999b1,0.9210429191589355
0c4c0aa7638b46729b25d811b58820c2,daed5458403e49e3aea72f4bcc6dd224,0.9207783937454224
0c4c0aa7638b46729b25d811b58820c2,70558882c04e46bd99d15e9786468418,0.9189736843109131
0c4c0aa7638b46729b25d811b58820c2,938147b72e9540da8513910871e0830a,0.9155179262161255
0c4c0aa7638b46729b25d811b58820c2,ccb62901750b4d13a922fc161b607f83,0.9140357971191406
0c4c0aa7638b46729b25d811b58820c2,43464ed6733f4642a0b90e7d995a5e40,0.9086458683013916
0c4c0aa7638b46729b25d811b58820c2,8d595c7da42545c88052e7b213b6c97c,0.9069044589996338
077ba3ca8b4f4aafa1c3b07a9c81b87f,1f3cf50fe1f947d8a56e02ebca441c4c,0.9790256023406982
077ba3ca8b4f4aafa1c3b07a9c81b87f,b77d8b7bb0114c379139d280a9210e83,0.9405609369277954
077ba3ca8b4f4aafa1c3b07a9c81b87f,43464ed6733f4642a0b90e7d995a5e40,0.933814525604248
077ba3ca8b4f4aafa1c3b07a9c81b87f,70558882c04e46bd99d15e9786468418,0.9232625961303711
077ba3ca8b4f4aafa1c3b07a9c81b87f,aa082284f9894b5aa210c179d59999b1,0.9195989370346069
077ba3ca8b4f4aafa1c3b07a9c81b87f,6ea31a945d494834a3d243f1f90af02a,0.9141649007797241
077ba3ca8b4f4aafa1c3b07a9c81b87f,1d70bc69b2f84bef9aa5fb0d9917e38d,0.913992166519165
077ba3ca8b4f4aafa1c3b07a9c81b87f,daed5458403e49e3aea72f4bcc6dd224,0.907095730304718
077ba3ca8b4f4aafa1c3b07a9c81b87f,0cdb0f32850f4585a16de4886462bbe0,0.9065622687339783
077ba3ca8b4f4aafa1c3b07a9c81b87f,97959d02a64f4a3fbbebe7cbece6c012,0.9058677554130554
343fdc468034438c90562b6db6f39797,d756970269e9443fb9bbf645a96aa84e,0.9884567260742188
343fdc468034438c90562b6db6f39797,6c874292dbcc49ff8bb8bbe5643593a5,0.9348779320716858
343fdc468034438c90562b6db6f39797,f12e9e5805534d719f829332d1ea5d29,0.9212198257446289
343fdc468034438c90562b6db6f39797,00fb3a55134242769182c520d55681a2,0.9204704761505127
343fdc468034438c90562b6db6f39797,3aaea7fa41fd43cdb88f8ef59062c5df,0.9153069257736206
343fdc468034438c90562b6db6f39797,39e2b00e1cbd471488cf56f31d2cec7f,0.9150951504707336
343fdc468034438c90562b6db6f39797,c65af18670ea437c8986884645b3afe9,0.9120461940765381
343fdc468034438c90562b6db6f39797,19a124c6dad14a4fa7864463b081009c,0.9101367592811584
343fdc468034438c90562b6db6f39797,eb21a4e2b7bd43efbdf0c365415e7fef,0.9100022315979004
343fdc468034438c90562b6db6f39797,44f41e6e6faa4facb0bb9a72205229f8,0.9089407920837402
906efceb3d96448092f0c58433b87e1c,d756970269e9443fb9bbf645a96aa84e,0.9882705211639404
906efceb3d96448092f0c58433b87e1c,6c874292dbcc49ff8bb8bbe5643593a5,0.9238186478614807
906efceb3d96448092f0c58433b87e1c,19a124c6dad14a4fa7864463b081009c,0.913089394569397
906efceb3d96448092f0c58433b87e1c,3aaea7fa41fd43cdb88f8ef59062c5df,0.9113817811012268
906efceb3d96448092f0c58433b87e1c,f12e9e5805534d719f829332d1ea5d29,0.9098906517028809
906efceb3d96448092f0c58433b87e1c,39e2b00e1cbd471488cf56f31d2cec7f,0.9066126346588135
906efceb3d96448092f0c58433b87e1c,00fb3a55134242769182c520d55681a2,0.9028186202049255
906efceb3d96448092f0c58433b87e1c,eb21a4e2b7bd43efbdf0c365415e7fef,0.9016995429992676
906efceb3d96448092f0c58433b87e1c,c65af18670ea437c8986884645b3afe9,0.9001809358596802
906efceb3d96448092f0c58433b87e1c,b98519f97e424c1389f5553f0869b15a,0.8973832726478577
e1236162007c4212aaf19e0771d4b741,74644c8cc17449cf89379868e7b21398,0.987811803817749
e1236162007c4212aaf19e0771d4b741,0b57f893483647c3aed811775a4c4c04,0.9137846827507019
e1236162007c4212aaf19e0771d4b741,01ffceddb5b34406a08bb982b424b3cf,0.9122679233551025
e1236162007c4212aaf19e0771d4b741,2d812431f07c44f1a56a71c72766e0b0,0.9086041450500488
e1236162007c4212aaf19e0771d4b741,434551fdf9e443ed91679a9557ae6fd5,0.8979944586753845
e1236162007c4212aaf19e0771d4b741,26869cc099c44c4a86f6043476ab4890,0.8958745002746582
e1236162007c4212aaf19e0771d4b741,e4e12f4711fd41e39075e26cc274df45,0.8937854766845703
e1236162007c4212aaf19e0771d4b741,7aceed0dbea645b091207f4a53d879f2,0.893637478351593
e1236162007c4212aaf19e0771d4b741,ad054da7e1704a53931a341173f0605f,0.892553448677063
e1236162007c4212aaf19e0771d4b741,c84deec0ecf843c39f52d4cb8e7300f8,0.891264021396637
00d00578efec48fab535293ac554abc7,74644c8cc17449cf89379868e7b21398,0.990131676197052
00d00578efec48fab535293ac554abc7,01ffceddb5b34406a08bb982b424b3cf,0.9172228574752808
00d00578efec48fab535293ac554abc7,0b57f893483647c3aed811775a4c4c04,0.91404128074646
00d00578efec48fab535293ac554abc7,2d812431f07c44f1a56a71c72766e0b0,0.9062201380729675
00d00578efec48fab535293ac554abc7,26869cc099c44c4a86f6043476ab4890,0.9017661809921265
00d00578efec48fab535293ac554abc7,434551fdf9e443ed91679a9557ae6fd5,0.8989896178245544
00d00578efec48fab535293ac554abc7,4a7fa5a1bafe4b6995e2920444ac07c4,0.8981659412384033
00d00578efec48fab535293ac554abc7,ad054da7e1704a53931a341173f0605f,0.8931719064712524
00d00578efec48fab535293ac554abc7,5fc200cab89346658c9c91cce27e85fe,0.892854630947113
00d00578efec48fab535293ac554abc7,5cfb876eeb4f410aa1282cc279f0e546,0.8921210765838623
cb31998c075d450d95c9b67944dcbd76,13e659415ac84c7a81fc769111d43417,0.9803249835968018
cb31998c075d450d95c9b67944dcbd76,cf293392122347a180cf2126f4589acb,0.8968108296394348
cb31998c075d450d95c9b67944dcbd76,7e17bbd109dc486c8f0a76f913782180,0.893368124961853
cb31998c075d450d95c9b67944dcbd76,5f65785004054c67a618fe43b6a30f56,0.8916060924530029
cb31998c075d450d95c9b67944dcbd76,66690895454847fea5a000202fbfab2e,0.8915563225746155
cb31998c075d450d95c9b67944dcbd76,59f62d35b1ad451397b700b3dad25448,0.8914934396743774
cb31998c075d450d95c9b67944dcbd76,1027a336232c4454a9c4ae450a562788,0.8912559747695923
cb31998c075d450d95c9b67944dcbd76,64e74af099b0485f8b6e71ac73aa2cb8,0.8911533951759338
cb31998c075d450d95c9b67944dcbd76,c3502ff31ce6459a96164c934f297562,0.8905158042907715
cb31998c075d450d95c9b67944dcbd76,f69855cdf66d4f6887ecfd0ddb9014b5,0.8894654512405396
b3ebec0b824f4a8a8fb8920f8441b6fd,dee9eddb2eac41bfaf36d3279d43674a,0.9602396488189697
b3ebec0b824f4a8a8fb8920f8441b6fd,ccb62901750b4d13a922fc161b607f83,0.9322035312652588
b3ebec0b824f4a8a8fb8920f8441b6fd,6c874292dbcc49ff8bb8bbe5643593a5,0.9257164001464844
b3ebec0b824f4a8a8fb8920f8441b6fd,b77d8b7bb0114c379139d280a9210e83,0.9237927198410034
b3ebec0b824f4a8a8fb8920f8441b6fd,f12e9e5805534d719f829332d1ea5d29,0.9176884293556213
b3ebec0b824f4a8a8fb8920f8441b6fd,8d595c7da42545c88052e7b213b6c97c,0.9127182364463806
b3ebec0b824f4a8a8fb8920f8441b6fd,4a6eba10a02a4ecdbb6b25e8651c3789,0.9041187763214111
b3ebec0b824f4a8a8fb8920f8441b6fd,b834c0b0c10b471b87ad3f11468de619,0.9034534692764282
b3ebec0b824f4a8a8fb8920f8441b6fd,b3f8b4bec0164d0e81997b4f5a277e8f,0.9028700590133667
b3ebec0b824f4a8a8fb8920f8441b6fd,3aaea7fa41fd43cdb88f8ef59062c5df,0.9027886390686035
4aa0e4f3efc14a9ea0bce80841eb621b,13e659415ac84c7a81fc769111d43417,0.9819366931915283
4aa0e4f3efc14a9ea0bce80841eb621b,f69855cdf66d4f6887ecfd0ddb9014b5,0.8913042545318604
4aa0e4f3efc14a9ea0bce80841eb621b,4a3d4daed4b24a1898551f0fd1ba44f1,0.8909557461738586
4aa0e4f3efc14a9ea0bce80841eb621b,f6507bae2aaa4785842167f8320428b3,0.8908190727233887
4aa0e4f3efc14a9ea0bce80841eb621b,1027a336232c4454a9c4ae450a562788,0.8904144167900085
4aa0e4f3efc14a9ea0bce80841eb621b,5f65785004054c67a618fe43b6a30f56,0.8903188705444336
4aa0e4f3efc14a9ea0bce80841eb621b,7e17bbd109dc486c8f0a76f913782180,0.8883132338523865
4aa0e4f3efc14a9ea0bce80841eb621b,e79ae27b52fa4d54aa37735fd275c66e,0.8872896432876587
4aa0e4f3efc14a9ea0bce80841eb621b,cb75c6ef71cb4991805920f2894e0e96,0.8850938677787781
4aa0e4f3efc14a9ea0bce80841eb621b,b6c493a3666c4db193e86c79faf099ab,0.8839044570922852
497a54d4f7074270862214aee7e64871,8dfe01febd46475ab5aef97033716ce1,0.9849401712417603
497a54d4f7074270862214aee7e64871,b277101390e1465685ef79bf3519f8d7,0.9113960266113281
497a54d4f7074270862214aee7e64871,cd6ce920d00e4d17a6cf04f9f7e550b7,0.9092822670936584
497a54d4f7074270862214aee7e64871,eb21a4e2b7bd43efbdf0c365415e7fef,0.9056234359741211
497a54d4f7074270862214aee7e64871,daed5458403e49e3aea72f4bcc6dd224,0.9047750234603882
497a54d4f7074270862214aee7e64871,d75a52d716984f318f976bbfc7bee787,0.9041091203689575
497a54d4f7074270862214aee7e64871,f1c9c5051bdd4a11a064260bbb9d6d7b,0.9028059840202332
497a54d4f7074270862214aee7e64871,a9573f188204436090fb4a5240e4eccd,0.9019104838371277
497a54d4f7074270862214aee7e64871,076e2669c305401fb3afcfafdd6c79c7,0.9016348123550415
497a54d4f7074270862214aee7e64871,82d68ea370f8451aa16ea08f4601245c,0.9014760255813599
1916331efe4549b3be624c41a1538927,daed5458403e49e3aea72f4bcc6dd224,0.9703778624534607
1916331efe4549b3be624c41a1538927,6ea31a945d494834a3d243f1f90af02a,0.9149761199951172
1916331efe4549b3be624c41a1538927,41e657daa20545a588584578bdb4101c,0.9131278991699219
1916331efe4549b3be624c41a1538927,aa082284f9894b5aa210c179d59999b1,0.911931037902832
1916331efe4549b3be624c41a1538927,0f52f676197e4d4e92dec0a7bc4c4f7d,0.9072067737579346
1916331efe4549b3be624c41a1538927,70558882c04e46bd99d15e9786468418,0.9060840606689453
1916331efe4549b3be624c41a1538927,feb980ae999948ce9be0266b4ddc048d,0.9057439565658569
1916331efe4549b3be624c41a1538927,7e190e3c05d74e6b9f103e39142c1684,0.9057255983352661
1916331efe4549b3be624c41a1538927,1f3cf50fe1f947d8a56e02ebca441c4c,0.9052674770355225
1916331efe4549b3be624c41a1538927,63eab812f3254cccb9631b09725aec3d,0.9049262404441833
5ac53d8e26eb4e318f26ab79a0321759,daed5458403e49e3aea72f4bcc6dd224,0.9605770707130432
5ac53d8e26eb4e318f26ab79a0321759,6ea31a945d494834a3d243f1f90af02a,0.9277681708335876
5ac53d8e26eb4e318f26ab79a0321759,0971af4212484a958eb0f60f93d1dfe0,0.9262586832046509
5ac53d8e26eb4e318f26ab79a0321759,d9096650c434432c871effeca9acd5c6,0.9259158372879028
5ac53d8e26eb4e318f26ab79a0321759,41e657daa20545a588584578bdb4101c,0.9244104623794556
5ac53d8e26eb4e318f26ab79a0321759,66cba49431224a3788f914d6a80165e1,0.9196043610572815
5ac53d8e26eb4e318f26ab79a0321759,1f3cf50fe1f947d8a56e02ebca441c4c,0.916598916053772
5ac53d8e26eb4e318f26ab79a0321759,938147b72e9540da8513910871e0830a,0.9158700704574585
5ac53d8e26eb4e318f26ab79a0321759,d445ccdb4cda497e9f0343a3298022d2,0.912522554397583
5ac53d8e26eb4e318f26ab79a0321759,e0ff5d4ae0ec4871a49041d550cdcaa9,0.9119834899902344
80c9830759ea407a88a5484659289f5d,f1c9c5051bdd4a11a064260bbb9d6d7b,0.9113904237747192
80c9830759ea407a88a5484659289f5d,1e376f9d0945477983c8d851e4b2cf5e,0.8741317391395569
80c9830759ea407a88a5484659289f5d,d658e3a743af41899183fecff6b2628d,0.873326301574707
80c9830759ea407a88a5484659289f5d,6866efc8987a4ec8b04b7abd28fb5777,0.8715687990188599
80c9830759ea407a88a5484659289f5d,5c09482fc8dc45bdbf7919f00dd540e0,0.8698097467422485
80c9830759ea407a88a5484659289f5d,0a2c24dead204be9ae36be358e1223f9,0.8693419098854065
80c9830759ea407a88a5484659289f5d,8889c114b071429cbe2418f5b0f2024b,0.8688408732414246
80c9830759ea407a88a5484659289f5d,8dfe01febd46475ab5aef97033716ce1,0.8684450387954712
80c9830759ea407a88a5484659289f5d,b5f237fefb38465bb6a068c9cf75ba31,0.8636406660079956
80c9830759ea407a88a5484659289f5d,a9573f188204436090fb4a5240e4eccd,0.8633841872215271
6d337f44e61147928e64eab798fe3328,f1c9c5051bdd4a11a064260bbb9d6d7b,0.9219962954521179
6d337f44e61147928e64eab798fe3328,d658e3a743af41899183fecff6b2628d,0.8950796127319336
6d337f44e61147928e64eab798fe3328,e12ad1ce8e7940a999b9a4f91a95fab7,0.8921981453895569
6d337f44e61147928e64eab798fe3328,5537ddec608a4ec586ea068fa27547ca,0.8898696899414062
6d337f44e61147928e64eab798fe3328,d695b7afdc3841a28a56df578e56afce,0.8846715688705444
6d337f44e61147928e64eab798fe3328,714e47cd21e5416f864a4bc938850a72,0.8840616941452026
6d337f44e61147928e64eab798fe3328,5e44915237fc4445b54b037e1c4e29a4,0.8829787969589233
6d337f44e61147928e64eab798fe3328,cae139b6e4914ce7b0ef1e68b8b857eb,0.8807464838027954
6d337f44e61147928e64eab798fe3328,0a2c24dead204be9ae36be358e1223f9,0.8798661231994629
6d337f44e61147928e64eab798fe3328,8889c114b071429cbe2418f5b0f2024b,0.8794900178909302
0cdbb3c4d2ac4c828901f6bd0a6a2b2f,434551fdf9e443ed91679a9557ae6fd5,0.9685463905334473
0cdbb3c4d2ac4c828901f6bd0a6a2b2f,0b57f893483647c3aed811775a4c4c04,0.9269545674324036
0cdbb3c4d2ac4c828901f6bd0a6a2b2f,26869cc099c44c4a86f6043476ab4890,0.9182248115539551
0cdbb3c4d2ac4c828901f6bd0a6a2b2f,74644c8cc17449cf89379868e7b21398,0.9148562550544739
0cdbb3c4d2ac4c828901f6bd0a6a2b2f,7dd5e88dfdd24cafab2c765939757354,0.9124844670295715
0cdbb3c4d2ac4c828901f6bd0a6a2b2f,94ed54abfdc74b04b0dcb19c278e66f4,0.9101443290710449
0cdbb3c4d2ac4c828901f6bd0a6a2b2f,db620271348d404a9a0b978d96c63f29,0.909997820854187
0cdbb3c4d2ac4c828901f6bd0a6a2b2f,d658e3a743af41899183fecff6b2628d,0.9091535806655884
0cdbb3c4d2ac4c828901f6bd0a6a2b2f,b6c493a3666c4db193e86c79faf099ab,0.9086201786994934
0cdbb3c4d2ac4c828901f6bd0a6a2b2f,bbdf9065122d499d9d8f80ad3e0ef6f3,0.907965898513794
5f108ee31ee841e0a7a9c47cc18206be,4254f6eaaed746bea797c3522036fc12,0.9312987327575684
5f108ee31ee841e0a7a9c47cc18206be,5cfb876eeb4f410aa1282cc279f0e546,0.9223273396492004
5f108ee31ee841e0a7a9c47cc18206be,14f4db886cca4104877ac7d1d7a64133,0.9151585698127747
5f108ee31ee841e0a7a9c47cc18206be,ca1a2a6308834baba3140b5ce8f81320,0.9137536287307739
5f108ee31ee841e0a7a9c47cc18206be,2b3ecf8be2b242f3b8a1e714390749fb,0.9137251377105713
5f108ee31ee841e0a7a9c47cc18206be,878e5c41be5c477e9f660ca361fdd727,0.9126670360565186
5f108ee31ee841e0a7a9c47cc18206be,35c5a560ecdc4d6a9d20f057ed1fa0e6,0.9118614196777344
5f108ee31ee841e0a7a9c47cc18206be,65e52d14d4d64d4fbad3de6ad319e745,0.9075056314468384
5f108ee31ee841e0a7a9c47cc18206be,e4e12f4711fd41e39075e26cc274df45,0.9070314168930054
5f108ee31ee841e0a7a9c47cc18206be,7359a1cc20d54f96aeea121d7247b88d,0.9069448113441467
747ff46c283a4c069b67ffbf8e5a07cb,434551fdf9e443ed91679a9557ae6fd5,0.9194546341896057
747ff46c283a4c069b67ffbf8e5a07cb,4a6eba10a02a4ecdbb6b25e8651c3789,0.9120219349861145
747ff46c283a4c069b67ffbf8e5a07cb,bcfa4a4177d44d8b8cda17b7a23196b0,0.9069437384605408
747ff46c283a4c069b67ffbf8e5a07cb,b834c0b0c10b471b87ad3f11468de619,0.9060323238372803
747ff46c283a4c069b67ffbf8e5a07cb,7dd5e88dfdd24cafab2c765939757354,0.9038527011871338
747ff46c283a4c069b67ffbf8e5a07cb,039f8e63b273472d8f1d99d9a5de5cf5,0.9028280377388
747ff46c283a4c069b67ffbf8e5a07cb,d756970269e9443fb9bbf645a96aa84e,0.9026014804840088
747ff46c283a4c069b67ffbf8e5a07cb,1232f20e710b448e8c0538b9e84dab1c,0.8977022171020508
747ff46c283a4c069b67ffbf8e5a07cb,99a52c93a3304ec18dab9206f98f2a8b,0.8969986438751221
747ff46c283a4c069b67ffbf8e5a07cb,f91157bb8fca4a8e98db33591a76be9a,0.8959331512451172
8f0d666c50404645b13bfe3e66f42211,b90d74e80c37486eaee89b6fbab13671,0.9498008489608765
8f0d666c50404645b13bfe3e66f42211,82d68ea370f8451aa16ea08f4601245c,0.9127326011657715
8f0d666c50404645b13bfe3e66f42211,0accd1d0138b49049d437c0d9b1c23c3,0.9009748697280884
8f0d666c50404645b13bfe3e66f42211,77cecb221149474896d9b2eb848bf150,0.8980489373207092
8f0d666c50404645b13bfe3e66f42211,f6207eb593394ff78e2cb35057477422,0.8973656892776489
8f0d666c50404645b13bfe3e66f42211,35c5a560ecdc4d6a9d20f057ed1fa0e6,0.8972564339637756
8f0d666c50404645b13bfe3e66f42211,1f9cd7f2b7a14e2f8d490a104a56edcd,0.8967685103416443
8f0d666c50404645b13bfe3e66f42211,2b3ecf8be2b242f3b8a1e714390749fb,0.8945326805114746
8f0d666c50404645b13bfe3e66f42211,d8b3ad3b5c4e474db41a671ab286424f,0.8940436840057373
8f0d666c50404645b13bfe3e66f42211,24c55bb5cd694770ba895c7401da2ba5,0.8938570618629456
6ebcf08b1bfb414a81cb644955467ddc,b90d74e80c37486eaee89b6fbab13671,0.9769765138626099
6ebcf08b1bfb414a81cb644955467ddc,24c55bb5cd694770ba895c7401da2ba5,0.9099056720733643
6ebcf08b1bfb414a81cb644955467ddc,f6207eb593394ff78e2cb35057477422,0.9063260555267334
6ebcf08b1bfb414a81cb644955467ddc,26869cc099c44c4a86f6043476ab4890,0.9055118560791016
6ebcf08b1bfb414a81cb644955467ddc,1a0ac2d40cb04ca993e1db68d787728a,0.90421462059021
6ebcf08b1bfb414a81cb644955467ddc,d8b3ad3b5c4e474db41a671ab286424f,0.9040313959121704
6ebcf08b1bfb414a81cb644955467ddc,1f9cd7f2b7a14e2f8d490a104a56edcd,0.9026724696159363
6ebcf08b1bfb414a81cb644955467ddc,1393dac7d34b4c34b1a8091a5bea3663,0.9022700190544128
6ebcf08b1bfb414a81cb644955467ddc,2b3ecf8be2b242f3b8a1e714390749fb,0.8999267816543579
6ebcf08b1bfb414a81cb644955467ddc,e343a998f4df4ac195c84e0fb571a393,0.897705078125
ba3cf143599441c69bb6e84716c550c1,3cb231e1167e45f9bf5771a4e0074092,0.954704761505127
ba3cf143599441c69bb6e84716c550c1,8c674a7b65e24114a45dd3c861a7ccfc,0.8985974788665771
ba3cf143599441c69bb6e84716c550c1,984058b7165d4c6385bec3c94afa9fb2,0.8933214545249939
ba3cf143599441c69bb6e84716c550c1,9bf3b77eb9874f5f9e006a9cff111ea9,0.89332115650177
ba3cf143599441c69bb6e84716c550c1,da61e0de396149208c9ebd0fd6d7415d,0.8922501802444458
ba3cf143599441c69bb6e84716c550c1,0b57f893483647c3aed811775a4c4c04,0.8903228640556335
ba3cf143599441c69bb6e84716c550c1,66690895454847fea5a000202fbfab2e,0.8896116018295288
ba3cf143599441c69bb6e84716c550c1,476ce3ffff564a5aa985808e7d2cab17,0.8874359726905823
ba3cf143599441c69bb6e84716c550c1,e7ee85dd47ca43eeb2fdcd70b802f0ec,0.8864880800247192
ba3cf143599441c69bb6e84716c550c1,35d06fce2df446569702778e2250bd82,0.885622501373291
f9c6d687d22445a3a42bb5ef26f1efb1,4d0a737f396d4a95808085bd1306746c,0.968819260597229
f9c6d687d22445a3a42bb5ef26f1efb1,039f8e63b273472d8f1d99d9a5de5cf5,0.936517596244812
f9c6d687d22445a3a42bb5ef26f1efb1,f91157bb8fca4a8e98db33591a76be9a,0.9294940829277039
f9c6d687d22445a3a42bb5ef26f1efb1,07958f43551e459eb30638b632e3cd64,0.9200128316879272
f9c6d687d22445a3a42bb5ef26f1efb1,5e44915237fc4445b54b037e1c4e29a4,0.9098074436187744
f9c6d687d22445a3a42bb5ef26f1efb1,e12ad1ce8e7940a999b9a4f91a95fab7,0.9070210456848145
f9c6d687d22445a3a42bb5ef26f1efb1,df0c94234d9d4890b5b4b95c441b3e9a,0.9067594408988953
f9c6d687d22445a3a42bb5ef26f1efb1,30f654c6e69e48888f9f42dd95ab3c77,0.9047304391860962
f9c6d687d22445a3a42bb5ef26f1efb1,8d595c7da42545c88052e7b213b6c97c,0.9039294719696045
f9c6d687d22445a3a42bb5ef26f1efb1,ad42c467d0fe43dbb328073f9a16bc4d,0.9033441543579102
55ff335679e94c7e9136c35ec45ffe08,aedd476072b345e9be46ebd7260e93a6,0.9722234010696411
55ff335679e94c7e9136c35ec45ffe08,f6061b71031b4ddb9384f86c103690a4,0.9100481271743774
55ff335679e94c7e9136c35ec45ffe08,a94cb58f1ca8456b96e39b5b1ebfb7ea,0.9078536033630371
55ff335679e94c7e9136c35ec45ffe08,d9096650c434432c871effeca9acd5c6,0.9031203389167786
55ff335679e94c7e9136c35ec45ffe08,99dbf0cd0c6343ffbcf97f04efc4143c,0.9000009298324585
55ff335679e94c7e9136c35ec45ffe08,6ea31a945d494834a3d243f1f90af02a,0.8974899053573608
55ff335679e94c7e9136c35ec45ffe08,f335a944a27a4504a82ecf70c2d4a5e4,0.8973228335380554
55ff335679e94c7e9136c35ec45ffe08,b77d8b7bb0114c379139d280a9210e83,0.8942517042160034
55ff335679e94c7e9136c35ec45ffe08,94ed54abfdc74b04b0dcb19c278e66f4,0.89410400390625
55ff335679e94c7e9136c35ec45ffe08,48240083d13148bd84ddee8c7f9fcd22,0.8904067277908325
2d18983b2c08444f9c28b8ff9d211b4b,4d0a737f396d4a95808085bd1306746c,0.9932297468185425
2d18983b2c08444f9c28b8ff9d211b4b,07958f43551e459eb30638b632e3cd64,0.9239047169685364
2d18983b2c08444f9c28b8ff9d211b4b,039f8e63b273472d8f1d99d9a5de5cf5,0.918785810470581
2d18983b2c08444f9c28b8ff9d211b4b,e12ad1ce8e7940a999b9a4f91a95fab7,0.9167904853820801
2d18983b2c08444f9c28b8ff9d211b4b,f91157bb8fca4a8e98db33591a76be9a,0.9164652824401855
2d18983b2c08444f9c28b8ff9d211b4b,5e44915237fc4445b54b037e1c4e29a4,0.9143314361572266
2d18983b2c08444f9c28b8ff9d211b4b,8987ceafff324f9599b842542e37eddd,0.9040846824645996
2d18983b2c08444f9c28b8ff9d211b4b,bcfa4a4177d44d8b8cda17b7a23196b0,0.9031096696853638
2d18983b2c08444f9c28b8ff9d211b4b,c65af18670ea437c8986884645b3afe9,0.9026095867156982
2d18983b2c08444f9c28b8ff9d211b4b,ad42c467d0fe43dbb328073f9a16bc4d,0.9012765884399414
3ffce0f5b295425b9e8dcac59218f776,aedd476072b345e9be46ebd7260e93a6,0.9384117126464844
3ffce0f5b295425b9e8dcac59218f776,99dbf0cd0c6343ffbcf97f04efc4143c,0.8824853897094727
3ffce0f5b295425b9e8dcac59218f776,0f52f676197e4d4e92dec0a7bc4c4f7d,0.8764001131057739
3ffce0f5b295425b9e8dcac59218f776,f6061b71031b4ddb9384f86c103690a4,0.8708243370056152
3ffce0f5b295425b9e8dcac59218f776,63eab812f3254cccb9631b09725aec3d,0.8626806735992432
3ffce0f5b295425b9e8dcac59218f776,0cdb0f32850f4585a16de4886462bbe0,0.8623217344284058
3ffce0f5b295425b9e8dcac59218f776,d9096650c434432c871effeca9acd5c6,0.862282395362854
3ffce0f5b295425b9e8dcac59218f776,6ea31a945d494834a3d243f1f90af02a,0.858553409576416
3ffce0f5b295425b9e8dcac59218f776,7e190e3c05d74e6b9f103e39142c1684,0.858116865158081
3ffce0f5b295425b9e8dcac59218f776,48240083d13148bd84ddee8c7f9fcd22,0.8578523397445679
d8a7ca9c214246edb53a05f963f18ae2,7fe9e665bf41491c9788941aa2894a10,0.9616851806640625
d8a7ca9c214246edb53a05f963f18ae2,bcfa4a4177d44d8b8cda17b7a23196b0,0.9260259866714478
d8a7ca9c214246edb53a05f963f18ae2,97959d02a64f4a3fbbebe7cbece6c012,0.9258970618247986
d8a7ca9c214246edb53a05f963f18ae2,eb21a4e2b7bd43efbdf0c365415e7fef,0.9122061133384705
d8a7ca9c214246edb53a05f963f18ae2,c65af18670ea437c8986884645b3afe9,0.9110177159309387
d8a7ca9c214246edb53a05f963f18ae2,097f2ce3b88c4d008488b9908076497e,0.9089812636375427
d8a7ca9c214246edb53a05f963f18ae2,6c874292dbcc49ff8bb8bbe5643593a5,0.907602071762085
d8a7ca9c214246edb53a05f963f18ae2,c1def54262224e23acf67a9870725ce5,0.9063916206359863
d8a7ca9c214246edb53a05f963f18ae2,f37d285ad0de42f0b1546d0d1acfb221,0.9055860042572021
d8a7ca9c214246edb53a05f963f18ae2,b98519f97e424c1389f5553f0869b15a,0.9041052460670471
57062952f9e74d028985df841b24f285,d25e6f2fc8154dd7816f8f7a41bee12b,0.9828354120254517
57062952f9e74d028985df841b24f285,0592b57e490d4206a3f12eb004a0afe0,0.8947241306304932
57062952f9e74d028985df841b24f285,bcfa4a4177d44d8b8cda17b7a23196b0,0.8878848552703857
57062952f9e74d028985df841b24f285,4a6eba10a02a4ecdbb6b25e8651c3789,0.8828475475311279
57062952f9e74d028985df841b24f285,f37d285ad0de42f0b1546d0d1acfb221,0.8814279437065125
57062952f9e74d028985df841b24f285,1232f20e710b448e8c0538b9e84dab1c,0.8810749053955078
57062952f9e74d028985df841b24f285,3f23eafbd9cc4e209aca631fd6fc9dfd,0.8796895742416382
57062952f9e74d028985df841b24f285,52ee59901f3b4de884d7a6720538aed6,0.8783739805221558
57062952f9e74d028985df841b24f285,b3209c60460a437294e2b30a9e9d3f53,0.8777234554290771
57062952f9e74d028985df841b24f285,039f8e63b273472d8f1d99d9a5de5cf5,0.8773375749588013
5d12bfa69be74f498b42610ff9736913,d25e6f2fc8154dd7816f8f7a41bee12b,0.9664338827133179
5d12bfa69be74f498b42610ff9736913,0592b57e490d4206a3f12eb004a0afe0,0.8794424533843994
5d12bfa69be74f498b42610ff9736913,b3209c60460a437294e2b30a9e9d3f53,0.873809814453125
5d12bfa69be74f498b42610ff9736913,30f654c6e69e48888f9f42dd95ab3c77,0.8728927969932556
5d12bfa69be74f498b42610ff9736913,bcfa4a4177d44d8b8cda17b7a23196b0,0.8714516162872314
5d12bfa69be74f498b42610ff9736913,97959d02a64f4a3fbbebe7cbece6c012,0.8708534836769104
5d12bfa69be74f498b42610ff9736913,bf789f42ccfc42c5a330a3f6e30ddb83,0.8704453110694885
5d12bfa69be74f498b42610ff9736913,f37d285ad0de42f0b1546d0d1acfb221,0.8701602816581726
5d12bfa69be74f498b42610ff9736913,514537782f6549c488a1b932939b4128,0.8700506687164307
5d12bfa69be74f498b42610ff9736913,4a6eba10a02a4ecdbb6b25e8651c3789,0.8696415424346924
1ac8ca7603544075954a8714e1990e7f,7fe9e665bf41491c9788941aa2894a10,0.9814062118530273
1ac8ca7603544075954a8714e1990e7f,97959d02a64f4a3fbbebe7cbece6c012,0.9332247376441956
1ac8ca7603544075954a8714e1990e7f,bcfa4a4177d44d8b8cda17b7a23196b0,0.9284189939498901
1ac8ca7603544075954a8714e1990e7f,eb21a4e2b7bd43efbdf0c365415e7fef,0.9137132167816162
1ac8ca7603544075954a8714e1990e7f,ff171f0b29974f78b0e81fee30abdd38,0.9102318286895752
1ac8ca7603544075954a8714e1990e7f,f37d285ad0de42f0b1546d0d1acfb221,0.9087034463882446
1ac8ca7603544075954a8714e1990e7f,17b5eb6fab65476f827dd355b4a20a55,0.9060028791427612
1ac8ca7603544075954a8714e1990e7f,f12e9e5805534d719f829332d1ea5d29,0.9050195217132568
1ac8ca7603544075954a8714e1990e7f,c65af18670ea437c8986884645b3afe9,0.9044855237007141
1ac8ca7603544075954a8714e1990e7f,724a3f6551e74ad585bdeac9a75fd639,0.9042456746101379
5c82142a41eb4fa7a6f77361c5865f55,714e47cd21e5416f864a4bc938850a72,0.9804336428642273
5c82142a41eb4fa7a6f77361c5865f55,e735729c80d84f76a6133c065d5380f8,0.9193888902664185
5c82142a41eb4fa7a6f77361c5865f55,403835bbf2f1447188bcc78e062b0028,0.9103167057037354
5c82142a41eb4fa7a6f77361c5865f55,d695b7afdc3841a28a56df578e56afce,0.9093816876411438
5c82142a41eb4fa7a6f77361c5865f55,be8953cc364d46cebbcc2c2da2c348ab,0.9065827131271362
5c82142a41eb4fa7a6f77361c5865f55,415641aa43724ed9bc4710302b77edc3,0.8986496329307556
5c82142a41eb4fa7a6f77361c5865f55,d0e41bf891254ba0872f1641139f84f6,0.8948173522949219
5c82142a41eb4fa7a6f77361c5865f55,f1c9c5051bdd4a11a064260bbb9d6d7b,0.8947997689247131
5c82142a41eb4fa7a6f77361c5865f55,cd6ce920d00e4d17a6cf04f9f7e550b7,0.8935056924819946
5c82142a41eb4fa7a6f77361c5865f55,8dfe01febd46475ab5aef97033716ce1,0.8900195360183716
7c97ff590ca246898e57f4f75c6d9880,714e47cd21e5416f864a4bc938850a72,0.9825880527496338
7c97ff590ca246898e57f4f75c6d9880,e735729c80d84f76a6133c065d5380f8,0.9187505841255188
7c97ff590ca246898e57f4f75c6d9880,d695b7afdc3841a28a56df578e56afce,0.9117060899734497
7c97ff590ca246898e57f4f75c6d9880,403835bbf2f1447188bcc78e062b0028,0.9106425046920776
7c97ff590ca246898e57f4f75c6d9880,be8953cc364d46cebbcc2c2da2c348ab,0.9061614274978638
7c97ff590ca246898e57f4f75c6d9880,d0e41bf891254ba0872f1641139f84f6,0.8982583284378052
7c97ff590ca246898e57f4f75c6d9880,00614d60b3544ba790dfd23dd53992e0,0.898063063621521
7c97ff590ca246898e57f4f75c6d9880,415641aa43724ed9bc4710302b77edc3,0.8960378766059875
7c97ff590ca246898e57f4f75c6d9880,f1c9c5051bdd4a11a064260bbb9d6d7b,0.8957722783088684
7c97ff590ca246898e57f4f75c6d9880,85d4175b563d48e5bc6a991b23662f24,0.8949156403541565
b439e61143bb452198ea7179e6153565,a7077a82d2c74518b96fb45e35f6e150,0.9798259735107422
b439e61143bb452198ea7179e6153565,f4b7e6e902e344859cb041126b69ce3c,0.9068819284439087
b439e61143bb452198ea7179e6153565,87fc1d6a57ea488786caaec8599c3b8b,0.9066494703292847
b439e61143bb452198ea7179e6153565,0b57f893483647c3aed811775a4c4c04,0.9056074619293213
b439e61143bb452198ea7179e6153565,797cc520b8c94d9bbef187818ab51647,0.9028645753860474
b439e61143bb452198ea7179e6153565,f2cfa68a47ce4a43a0fe1cc7dc860418,0.8988644480705261
b439e61143bb452198ea7179e6153565,6866efc8987a4ec8b04b7abd28fb5777,0.8985846042633057
b439e61143bb452198ea7179e6153565,5fc200cab89346658c9c91cce27e85fe,0.898382306098938
b439e61143bb452198ea7179e6153565,35c5a560ecdc4d6a9d20f057ed1fa0e6,0.897923469543457
b439e61143bb452198ea7179e6153565,b64cef9df31c4e92a7b7ecd42f74f396,0.8955850601196289
fd60a3efb7074ef7b1e3aaf40201c970,a7077a82d2c74518b96fb45e35f6e150,0.9744799137115479
fd60a3efb7074ef7b1e3aaf40201c970,f4b7e6e902e344859cb041126b69ce3c,0.906632661819458
fd60a3efb7074ef7b1e3aaf40201c970,87fc1d6a57ea488786caaec8599c3b8b,0.9045249223709106
fd60a3efb7074ef7b1e3aaf40201c970,0b57f893483647c3aed811775a4c4c04,0.9041761755943298
fd60a3efb7074ef7b1e3aaf40201c970,797cc520b8c94d9bbef187818ab51647,0.9026859402656555
fd60a3efb7074ef7b1e3aaf40201c970,35c5a560ecdc4d6a9d20f057ed1fa0e6,0.9014673233032227
fd60a3efb7074ef7b1e3aaf40201c970,2d43cf91509846e29ab4febd7781919f,0.8969861268997192
fd60a3efb7074ef7b1e3aaf40201c970,d695b7afdc3841a28a56df578e56afce,0.8964842557907104
fd60a3efb7074ef7b1e3aaf40201c970,503d2f067a8a4f5798b1c64b07ab0bc5,0.8961501121520996
fd60a3efb7074ef7b1e3aaf40201c970,f69855cdf66d4f6887ecfd0ddb9014b5,0.8960034251213074
74279677b01649fe9c9330832c44e188,0daf8d5687b54d158f7f752884c42334,0.9569879770278931
74279677b01649fe9c9330832c44e188,cb550e5ff4694fe9a19eaa6588cef250,0.9181366562843323
74279677b01649fe9c9330832c44e188,2d43cf91509846e29ab4febd7781919f,0.9103197455406189
74279677b01649fe9c9330832c44e188,4a7fa5a1bafe4b6995e2920444ac07c4,0.9081412553787231
74279677b01649fe9c9330832c44e188,88353d1136d24836816b073de62e5f50,0.903933048248291
74279677b01649fe9c9330832c44e188,59f62d35b1ad451397b700b3dad25448,0.9034414291381836
74279677b01649fe9c9330832c44e188,5455e62f52ae4e03b2a5d0e8b9899506,0.902617335319519
74279677b01649fe9c9330832c44e188,e4e12f4711fd41e39075e26cc274df45,0.9022906422615051
74279677b01649fe9c9330832c44e188,bbdf9065122d499d9d8f80ad3e0ef6f3,0.9022486209869385
74279677b01649fe9c9330832c44e188,0842a796c09b4089933a4f27e4e5e3bc,0.9017379283905029
76f1a57141c141cf8c82961ec4686a1c,7326afe68eb64b63993b3dae022c645d,0.891171395778656
76f1a57141c141cf8c82961ec4686a1c,b00b2395b49949508fade89bb3eac98b,0.887784481048584
76f1a57141c141cf8c82961ec4686a1c,0b57f893483647c3aed811775a4c4c04,0.8855410814285278
76f1a57141c141cf8c82961ec4686a1c,feb980ae999948ce9be0266b4ddc048d,0.8843741416931152
76f1a57141c141cf8c82961ec4686a1c,d0e41bf891254ba0872f1641139f84f6,0.8835583925247192
76f1a57141c141cf8c82961ec4686a1c,b585a2970e9f421da236241f603883f2,0.8824449777603149
76f1a57141c141cf8c82961ec4686a1c,8889c114b071429cbe2418f5b0f2024b,0.8811031579971313
76f1a57141c141cf8c82961ec4686a1c,4d5cbe57c3094d01843e4f950a280b50,0.8791593909263611
76f1a57141c141cf8c82961ec4686a1c,bbdf9065122d499d9d8f80ad3e0ef6f3,0.8791540861129761
76f1a57141c141cf8c82961ec4686a1c,74de04f31db94a99b757685c91779412,0.8770944476127625
9fb4debf99ee489098c330310de8b65d,0daf8d5687b54d158f7f752884c42334,0.9092123508453369
9fb4debf99ee489098c330310de8b65d,5c09482fc8dc45bdbf7919f00dd540e0,0.8775081038475037
9fb4debf99ee489098c330310de8b65d,77d8e01a914d4f4a8b87d407e0d741aa,0.8724761009216309
9fb4debf99ee489098c330310de8b65d,d0e41bf891254ba0872f1641139f84f6,0.8723407983779907
9fb4debf99ee489098c330310de8b65d,78809cb3c6b841a9b8b132133dd6bb96,0.8705421686172485
9fb4debf99ee489098c330310de8b65d,cb550e5ff4694fe9a19eaa6588cef250,0.8645985126495361
9fb4debf99ee489098c330310de8b65d,7ef653f7e5f64e1b8bba73b9518b87b7,0.8630046844482422
9fb4debf99ee489098c330310de8b65d,f3fddb55448a46778b5d807642cceb71,0.8611111640930176
9fb4debf99ee489098c330310de8b65d,2d43cf91509846e29ab4febd7781919f,0.860517144203186
9fb4debf99ee489098c330310de8b65d,076e2669c305401fb3afcfafdd6c79c7,0.8603600263595581
22afc0397a0a4324acedfe7a1e698dc5,bbdf9065122d499d9d8f80ad3e0ef6f3,0.9505063891410828
22afc0397a0a4324acedfe7a1e698dc5,0daf8d5687b54d158f7f752884c42334,0.9147278070449829
22afc0397a0a4324acedfe7a1e698dc5,0b57f893483647c3aed811775a4c4c04,0.9123765230178833
22afc0397a0a4324acedfe7a1e698dc5,4a7fa5a1bafe4b6995e2920444ac07c4,0.9113134741783142
22afc0397a0a4324acedfe7a1e698dc5,d658e3a743af41899183fecff6b2628d,0.9109928607940674
22afc0397a0a4324acedfe7a1e698dc5,59f62d35b1ad451397b700b3dad25448,0.9102743864059448
22afc0397a0a4324acedfe7a1e698dc5,26869cc099c44c4a86f6043476ab4890,0.909631609916687
22afc0397a0a4324acedfe7a1e698dc5,7e17bbd109dc486c8f0a76f913782180,0.908370316028595
22afc0397a0a4324acedfe7a1e698dc5,cb550e5ff4694fe9a19eaa6588cef250,0.9082633852958679
22afc0397a0a4324acedfe7a1e698dc5,6866efc8987a4ec8b04b7abd28fb5777,0.908218264579773
8bb786e1ae9e46dbb6ebe4f36bb30022,fc430b7683934be2aba12468b2409bb8,0.9466136693954468
8bb786e1ae9e46dbb6ebe4f36bb30022,724a3f6551e74ad585bdeac9a75fd639,0.9030956625938416
8bb786e1ae9e46dbb6ebe4f36bb30022,ccb62901750b4d13a922fc161b607f83,0.9001740217208862
8bb786e1ae9e46dbb6ebe4f36bb30022,4d0a737f396d4a95808085bd1306746c,0.8950309753417969
8bb786e1ae9e46dbb6ebe4f36bb30022,bcfa4a4177d44d8b8cda17b7a23196b0,0.8937550783157349
8bb786e1ae9e46dbb6ebe4f36bb30022,be8953cc364d46cebbcc2c2da2c348ab,0.8923695087432861
8bb786e1ae9e46dbb6ebe4f36bb30022,1d70bc69b2f84bef9aa5fb0d9917e38d,0.8922990560531616
8bb786e1ae9e46dbb6ebe4f36bb30022,26e55eb4d910464497d700bfdf5a36ca,0.8920692205429077
8bb786e1ae9e46dbb6ebe4f36bb30022,70aa10580bfe4069bdaa5721ae2d29db,0.8891001343727112
8bb786e1ae9e46dbb6ebe4f36bb30022,8c7c9eaae41a44a3a4ebe39ce167d300,0.8888959288597107
afdec97feacc44a4b83541c2e0c7a33e,fc430b7683934be2aba12468b2409bb8,0.976777970790863
afdec97feacc44a4b83541c2e0c7a33e,7dd5e88dfdd24cafab2c765939757354,0.9111056327819824
afdec97feacc44a4b83541c2e0c7a33e,4d0a737f396d4a95808085bd1306746c,0.9099639058113098
afdec97feacc44a4b83541c2e0c7a33e,57bcda73abab44ee930b20cdaee9d24b,0.9063431024551392
afdec97feacc44a4b83541c2e0c7a33e,f91157bb8fca4a8e98db33591a76be9a,0.9060080647468567
afdec97feacc44a4b83541c2e0c7a33e,8d595c7da42545c88052e7b213b6c97c,0.9020635485649109
afdec97feacc44a4b83541c2e0c7a33e,ccb62901750b4d13a922fc161b607f83,0.9015023708343506
afdec97feacc44a4b83541c2e0c7a33e,1d93c07de74c482ebf0a76ec564c3252,0.9005237817764282
afdec97feacc44a4b83541c2e0c7a33e,be8953cc364d46cebbcc2c2da2c348ab,0.9004424214363098
afdec97feacc44a4b83541c2e0c7a33e,1d70bc69b2f84bef9aa5fb0d9917e38d,0.9000294208526611
8756904ecec04706890eb72f81305ad8,57bcda73abab44ee930b20cdaee9d24b,0.8982481956481934
8756904ecec04706890eb72f81305ad8,4e4495962a9b4864882397042f1a2b3e,0.8938481211662292
8756904ecec04706890eb72f81305ad8,ca5add3cbf044a95a5bec88a5841ce98,0.8884835243225098
8756904ecec04706890eb72f81305ad8,8683a3ad55d84a78834fabe20cde5269,0.888363242149353
8756904ecec04706890eb72f81305ad8,5e44915237fc4445b54b037e1c4e29a4,0.8879250288009644
8756904ecec04706890eb72f81305ad8,68aefc97056440af874039a28497cf98,0.8874222040176392
8756904ecec04706890eb72f81305ad8,be8953cc364d46cebbcc2c2da2c348ab,0.8870571255683899
8756904ecec04706890eb72f81305ad8,f32f4607b4714e378831f924c5e6084d,0.8869577050209045
8756904ecec04706890eb72f81305ad8,85d4175b563d48e5bc6a991b23662f24,0.8846225738525391
8756904ecec04706890eb72f81305ad8,6b7b5d28293d4a5a8075f7f7dd231ddb,0.8845967650413513
8b8151048f8d4951a310c33c9a5d2c43,1d70bc69b2f84bef9aa5fb0d9917e38d,0.9166748523712158
8b8151048f8d4951a310c33c9a5d2c43,fc430b7683934be2aba12468b2409bb8,0.9131205081939697
8b8151048f8d4951a310c33c9a5d2c43,6b4676aba2a746b3ab778315afc8ee82,0.9106587171554565
8b8151048f8d4951a310c33c9a5d2c43,0cdb0f32850f4585a16de4886462bbe0,0.9100016355514526
8b8151048f8d4951a310c33c9a5d2c43,ccb62901750b4d13a922fc161b607f83,0.9095162153244019
8b8151048f8d4951a310c33c9a5d2c43,7dd5e88dfdd24cafab2c765939757354,0.9093968868255615
8b8151048f8d4951a310c33c9a5d2c43,82d68ea370f8451aa16ea08f4601245c,0.9069736003875732
8b8151048f8d4951a310c33c9a5d2c43,be8953cc364d46cebbcc2c2da2c348ab,0.9051791429519653
8b8151048f8d4951a310c33c9a5d2c43,4e4495962a9b4864882397042f1a2b3e,0.9034205079078674
8b8151048f8d4951a310c33c9a5d2c43,1ade4365590a4ac7865100d8c791e340,0.9034156799316406
ef2a80861fc14e18ab15656a8a125c8c,b00b2395b49949508fade89bb3eac98b,0.9424175024032593
ef2a80861fc14e18ab15656a8a125c8c,0b57f893483647c3aed811775a4c4c04,0.9158747792243958
ef2a80861fc14e18ab15656a8a125c8c,a9d82bb43410405ca21b44a5e82e22b6,0.9119120836257935
ef2a80861fc14e18ab15656a8a125c8c,434551fdf9e443ed91679a9557ae6fd5,0.9110152721405029
ef2a80861fc14e18ab15656a8a125c8c,66690895454847fea5a000202fbfab2e,0.910873293876648
ef2a80861fc14e18ab15656a8a125c8c,8c674a7b65e24114a45dd3c861a7ccfc,0.9094126224517822
ef2a80861fc14e18ab15656a8a125c8c,f91157bb8fca4a8e98db33591a76be9a,0.9080038666725159
ef2a80861fc14e18ab15656a8a125c8c,64e74af099b0485f8b6e71ac73aa2cb8,0.9064639806747437
ef2a80861fc14e18ab15656a8a125c8c,9bf3b77eb9874f5f9e006a9cff111ea9,0.9060434103012085
ef2a80861fc14e18ab15656a8a125c8c,b6c493a3666c4db193e86c79faf099ab,0.9045706987380981
0df6b8fc44a3430782efcbe10851747b,b00b2395b49949508fade89bb3eac98b,0.9429874420166016
0df6b8fc44a3430782efcbe10851747b,a9d82bb43410405ca21b44a5e82e22b6,0.9178854823112488
0df6b8fc44a3430782efcbe10851747b,8c674a7b65e24114a45dd3c861a7ccfc,0.9156640768051147
0df6b8fc44a3430782efcbe10851747b,0b57f893483647c3aed811775a4c4c04,0.9108195304870605
0df6b8fc44a3430782efcbe10851747b,b6c493a3666c4db193e86c79faf099ab,0.9104263186454773
0df6b8fc44a3430782efcbe10851747b,64e74af099b0485f8b6e71ac73aa2cb8,0.9082579612731934
0df6b8fc44a3430782efcbe10851747b,e79ae27b52fa4d54aa37735fd275c66e,0.9081274271011353
0df6b8fc44a3430782efcbe10851747b,9bf3b77eb9874f5f9e006a9cff111ea9,0.9075468182563782
0df6b8fc44a3430782efcbe10851747b,503d2f067a8a4f5798b1c64b07ab0bc5,0.9056442975997925
0df6b8fc44a3430782efcbe10851747b,1393dac7d34b4c34b1a8091a5bea3663,0.9030334949493408
de8c81d294194b43ba2dcbc36eff8ff8,dd9e8283197b473d8ffd502561bdaaec,0.9826028347015381
de8c81d294194b43ba2dcbc36eff8ff8,37ae696e40dd42ebb4738722daa3c523,0.8747986555099487
de8c81d294194b43ba2dcbc36eff8ff8,f7f600880b064920ab59b907d26aedc6,0.8710778951644897
de8c81d294194b43ba2dcbc36eff8ff8,a9d82bb43410405ca21b44a5e82e22b6,0.8544046878814697
de8c81d294194b43ba2dcbc36eff8ff8,6732de8994744decbb3306c74aaa7882,0.8489925265312195
de8c81d294194b43ba2dcbc36eff8ff8,b6c493a3666c4db193e86c79faf099ab,0.8457620739936829
de8c81d294194b43ba2dcbc36eff8ff8,664da77d25e74df693eaad44a5e7617f,0.8448837995529175
de8c81d294194b43ba2dcbc36eff8ff8,236c362d8b664c93b41882c119df9706,0.8443702459335327
de8c81d294194b43ba2dcbc36eff8ff8,7f5b658239034d35b7f4cf1c63cb388c,0.8422021269798279
de8c81d294194b43ba2dcbc36eff8ff8,02e1d712f37e428c998f72e7a7eeb1e6,0.841682493686676
c28da2f21daf4e57ac46e2bac9595e26,dd9e8283197b473d8ffd502561bdaaec,0.9638336896896362
c28da2f21daf4e57ac46e2bac9595e26,f7f600880b064920ab59b907d26aedc6,0.8877487778663635
c28da2f21daf4e57ac46e2bac9595e26,37ae696e40dd42ebb4738722daa3c523,0.8535239100456238
c28da2f21daf4e57ac46e2bac9595e26,8af25c7ae8e14435a6e27a5671968f50,0.8519250154495239
c28da2f21daf4e57ac46e2bac9595e26,664da77d25e74df693eaad44a5e7617f,0.8487207293510437
c28da2f21daf4e57ac46e2bac9595e26,6732de8994744decbb3306c74aaa7882,0.8480749130249023
c28da2f21daf4e57ac46e2bac9595e26,403835bbf2f1447188bcc78e062b0028,0.8467569351196289
c28da2f21daf4e57ac46e2bac9595e26,b6c493a3666c4db193e86c79faf099ab,0.841575026512146
c28da2f21daf4e57ac46e2bac9595e26,236c362d8b664c93b41882c119df9706,0.8386095762252808
c28da2f21daf4e57ac46e2bac9595e26,02e1d712f37e428c998f72e7a7eeb1e6,0.838142991065979
e12c80d95476447dba9b11c911992609,71d4b4036e594d7399506e6fd9b88063,0.9688912630081177
e12c80d95476447dba9b11c911992609,0b57f893483647c3aed811775a4c4c04,0.9072266817092896
e12c80d95476447dba9b11c911992609,57bcda73abab44ee930b20cdaee9d24b,0.9059200882911682
e12c80d95476447dba9b11c911992609,41e657daa20545a588584578bdb4101c,0.90561842918396
e12c80d95476447dba9b11c911992609,d9096650c434432c871effeca9acd5c6,0.9042876958847046
e12c80d95476447dba9b11c911992609,a055f8188384479a8bad418f7dffd9a5,0.9029572606086731
e12c80d95476447dba9b11c911992609,94ed54abfdc74b04b0dcb19c278e66f4,0.9027377367019653
e12c80d95476447dba9b11c911992609,076e2669c305401fb3afcfafdd6c79c7,0.902607798576355
e12c80d95476447dba9b11c911992609,f2cfa68a47ce4a43a0fe1cc7dc860418,0.9024410247802734
e12c80d95476447dba9b11c911992609,cc243eebbb2b44a581745865a60c423a,0.9021322131156921
7c7d36ea7b1242068efef6a72b998b95,71d4b4036e594d7399506e6fd9b88063,0.9671429991722107
7c7d36ea7b1242068efef6a72b998b95,d9096650c434432c871effeca9acd5c6,0.903404712677002
7c7d36ea7b1242068efef6a72b998b95,41e657daa20545a588584578bdb4101c,0.9018886089324951
7c7d36ea7b1242068efef6a72b998b95,a055f8188384479a8bad418f7dffd9a5,0.9004673957824707
7c7d36ea7b1242068efef6a72b998b95,cc243eebbb2b44a581745865a60c423a,0.8979490995407104
7c7d36ea7b1242068efef6a72b998b95,0b57f893483647c3aed811775a4c4c04,0.8955153226852417
7c7d36ea7b1242068efef6a72b998b95,5fc200cab89346658c9c91cce27e85fe,0.8947367668151855
7c7d36ea7b1242068efef6a72b998b95,076e2669c305401fb3afcfafdd6c79c7,0.894489586353302
7c7d36ea7b1242068efef6a72b998b95,f2cfa68a47ce4a43a0fe1cc7dc860418,0.894451379776001
7c7d36ea7b1242068efef6a72b998b95,f532294d68604bc2aa9ad8804a8c6d5f,0.8931386470794678
b6031a4a73c94a459b6d26c1d8829bd0,f532294d68604bc2aa9ad8804a8c6d5f,0.9928580522537231
b6031a4a73c94a459b6d26c1d8829bd0,d695b7afdc3841a28a56df578e56afce,0.9153586626052856
b6031a4a73c94a459b6d26c1d8829bd0,7dd5e88dfdd24cafab2c765939757354,0.9133386015892029
b6031a4a73c94a459b6d26c1d8829bd0,0b57f893483647c3aed811775a4c4c04,0.9128875136375427
b6031a4a73c94a459b6d26c1d8829bd0,8987ceafff324f9599b842542e37eddd,0.9119929075241089
b6031a4a73c94a459b6d26c1d8829bd0,f91157bb8fca4a8e98db33591a76be9a,0.9089846611022949
b6031a4a73c94a459b6d26c1d8829bd0,f2cfa68a47ce4a43a0fe1cc7dc860418,0.9086089134216309
b6031a4a73c94a459b6d26c1d8829bd0,7c1126d46a934db6b951d1e98feae327,0.9077876806259155
b6031a4a73c94a459b6d26c1d8829bd0,434551fdf9e443ed91679a9557ae6fd5,0.9069675207138062
b6031a4a73c94a459b6d26c1d8829bd0,db620271348d404a9a0b978d96c63f29,0.9046017527580261
cade21dad7f74878b910ad5e0060d6e4,f532294d68604bc2aa9ad8804a8c6d5f,0.9932668209075928
cade21dad7f74878b910ad5e0060d6e4,0b57f893483647c3aed811775a4c4c04,0.9155044555664062
cade21dad7f74878b910ad5e0060d6e4,d695b7afdc3841a28a56df578e56afce,0.9115188121795654
cade21dad7f74878b910ad5e0060d6e4,7dd5e88dfdd24cafab2c765939757354,0.9098068475723267
cade21dad7f74878b910ad5e0060d6e4,f2cfa68a47ce4a43a0fe1cc7dc860418,0.9082069396972656
cade21dad7f74878b910ad5e0060d6e4,8987ceafff324f9599b842542e37eddd,0.907877504825592
cade21dad7f74878b910ad5e0060d6e4,f91157bb8fca4a8e98db33591a76be9a,0.9071407318115234
cade21dad7f74878b910ad5e0060d6e4,db620271348d404a9a0b978d96c63f29,0.906293511390686
cade21dad7f74878b910ad5e0060d6e4,71d4b4036e594d7399506e6fd9b88063,0.9041591882705688
cade21dad7f74878b910ad5e0060d6e4,d0e41bf891254ba0872f1641139f84f6,0.9040374159812927
21354b108cee4d5a8ea7b2d1459410d3,8c5f38853679436ba434b6a696e43168,0.9794030785560608
21354b108cee4d5a8ea7b2d1459410d3,b01fd4d037a84a7aa777e1fc345c73c5,0.9048788547515869
21354b108cee4d5a8ea7b2d1459410d3,a8904adcdd21495f890bc614bfdbf86f,0.9030213356018066
21354b108cee4d5a8ea7b2d1459410d3,50aa0f56e00d4c23ac78b3e63bc0f0e1,0.8981187343597412
21354b108cee4d5a8ea7b2d1459410d3,761a3a01495143f0a86beac4234cae3a,0.8953660726547241
21354b108cee4d5a8ea7b2d1459410d3,1d93c07de74c482ebf0a76ec564c3252,0.8938538432121277
21354b108cee4d5a8ea7b2d1459410d3,8af25c7ae8e14435a6e27a5671968f50,0.892414927482605
21354b108cee4d5a8ea7b2d1459410d3,26869cc099c44c4a86f6043476ab4890,0.8861837983131409
21354b108cee4d5a8ea7b2d1459410d3,d695b7afdc3841a28a56df578e56afce,0.8855859041213989
21354b108cee4d5a8ea7b2d1459410d3,8dfe01febd46475ab5aef97033716ce1,0.8853842616081238
e5265fd04dc84392b38bfe8ab07708b7,8c5f38853679436ba434b6a696e43168,0.9945424795150757
e5265fd04dc84392b38bfe8ab07708b7,b01fd4d037a84a7aa777e1fc345c73c5,0.9058743715286255
e5265fd04dc84392b38bfe8ab07708b7,761a3a01495143f0a86beac4234cae3a,0.9018523693084717
e5265fd04dc84392b38bfe8ab07708b7,a8904adcdd21495f890bc614bfdbf86f,0.8978713750839233
e5265fd04dc84392b38bfe8ab07708b7,50aa0f56e00d4c23ac78b3e63bc0f0e1,0.8931486010551453
e5265fd04dc84392b38bfe8ab07708b7,1d93c07de74c482ebf0a76ec564c3252,0.8928534388542175
e5265fd04dc84392b38bfe8ab07708b7,8af25c7ae8e14435a6e27a5671968f50,0.885043740272522
e5265fd04dc84392b38bfe8ab07708b7,d37bf09399d848df9a4d880fb097239c,0.8802759647369385
e5265fd04dc84392b38bfe8ab07708b7,f2cfa68a47ce4a43a0fe1cc7dc860418,0.8797126412391663
e5265fd04dc84392b38bfe8ab07708b7,86179aff3df24ff59b11e9a34974a3f4,0.8784428238868713
abaa87591059401aa7cacf5863a34f32,1a842f077119475794cc2de48e154374,0.9396711587905884
abaa87591059401aa7cacf5863a34f32,88f796c14d184ecfaa5b0109161db259,0.888363242149353
abaa87591059401aa7cacf5863a34f32,00e9d4081c2f45d1a818bfeab099863a,0.833533525466919
abaa87591059401aa7cacf5863a34f32,1c2b01416e3943e3b3c575e53c3f1d16,0.8335287570953369
abaa87591059401aa7cacf5863a34f32,acbf8eae7e064c11bab7adf66f216990,0.8239977359771729
abaa87591059401aa7cacf5863a34f32,597aab8bb15240f89fd1b24a8e38258d,0.8190968036651611
abaa87591059401aa7cacf5863a34f32,69ac8397e9624bfd8aee237b9f9ea3b5,0.8144549131393433
abaa87591059401aa7cacf5863a34f32,36ee1613abf245cdbe93fef69b5f981f,0.811516284942627
abaa87591059401aa7cacf5863a34f32,d9b70c4ed8bb4fc5957ecebf102528ee,0.8096837997436523
abaa87591059401aa7cacf5863a34f32,191b01e1728e4583a8ead5a86db27370,0.8070461750030518
f94a7e7419784d4ebda0ff5f8ef3c9f5,88f796c14d184ecfaa5b0109161db259,0.9492477178573608
f94a7e7419784d4ebda0ff5f8ef3c9f5,1a842f077119475794cc2de48e154374,0.8611230254173279
f94a7e7419784d4ebda0ff5f8ef3c9f5,89e983dca0a34b768e17b3871b9cea1e,0.821902871131897
f94a7e7419784d4ebda0ff5f8ef3c9f5,01930613ce7d4a5f90ccf78d1e92a55d,0.815047025680542
f94a7e7419784d4ebda0ff5f8ef3c9f5,74bd120b8f714d03bc9dd1a703fe4d7f,0.8127492666244507
f94a7e7419784d4ebda0ff5f8ef3c9f5,00e9d4081c2f45d1a818bfeab099863a,0.8116950988769531
f94a7e7419784d4ebda0ff5f8ef3c9f5,bf789f42ccfc42c5a330a3f6e30ddb83,0.8100730776786804
f94a7e7419784d4ebda0ff5f8ef3c9f5,1c2b01416e3943e3b3c575e53c3f1d16,0.8060457706451416
f94a7e7419784d4ebda0ff5f8ef3c9f5,9aca522158f443fd8a9caaec38ae5e2c,0.8017041683197021
f94a7e7419784d4ebda0ff5f8ef3c9f5,36ee1613abf245cdbe93fef69b5f981f,0.799328088760376
cecbc55e0fe942e186be8064a4ad80bf,1a842f077119475794cc2de48e154374,0.9485729932785034
cecbc55e0fe942e186be8064a4ad80bf,88f796c14d184ecfaa5b0109161db259,0.8893163800239563
cecbc55e0fe942e186be8064a4ad80bf,1c2b01416e3943e3b3c575e53c3f1d16,0.8421830534934998
cecbc55e0fe942e186be8064a4ad80bf,acbf8eae7e064c11bab7adf66f216990,0.83379727602005
cecbc55e0fe942e186be8064a4ad80bf,00e9d4081c2f45d1a818bfeab099863a,0.8323364853858948
cecbc55e0fe942e186be8064a4ad80bf,69ac8397e9624bfd8aee237b9f9ea3b5,0.8323285579681396
cecbc55e0fe942e186be8064a4ad80bf,36ee1613abf245cdbe93fef69b5f981f,0.8255976438522339
cecbc55e0fe942e186be8064a4ad80bf,9a500a20b1ff4694acc31339a8d1349e,0.8227263689041138
cecbc55e0fe942e186be8064a4ad80bf,74bd120b8f714d03bc9dd1a703fe4d7f,0.8218035697937012
cecbc55e0fe942e186be8064a4ad80bf,ec580ac6dd7149fb8a0a5a5d8b0f5b08,0.8210519552230835
80d47a70768e407bb5a1cd495387e011,1a842f077119475794cc2de48e154374,0.8646377921104431
80d47a70768e407bb5a1cd495387e011,88f796c14d184ecfaa5b0109161db259,0.8537238836288452
80d47a70768e407bb5a1cd495387e011,597aab8bb15240f89fd1b24a8e38258d,0.8394124507904053
80d47a70768e407bb5a1cd495387e011,acbf8eae7e064c11bab7adf66f216990,0.8260602951049805
80d47a70768e407bb5a1cd495387e011,74bd120b8f714d03bc9dd1a703fe4d7f,0.8201479911804199
80d47a70768e407bb5a1cd495387e011,00e9d4081c2f45d1a818bfeab099863a,0.8172487020492554
80d47a70768e407bb5a1cd495387e011,36ee1613abf245cdbe93fef69b5f981f,0.8164027333259583
80d47a70768e407bb5a1cd495387e011,27a67d3e76814297aebf64e03d14c336,0.8140851259231567
80d47a70768e407bb5a1cd495387e011,249c2d8d8d2345c6990b3c4d94385b5a,0.8100409507751465
80d47a70768e407bb5a1cd495387e011,cc243eebbb2b44a581745865a60c423a,0.8043442368507385
d1c3c4008d3a458ca5c2438615c3a113,5e0a2bc284cf4002914ae4e6aaef41e8,0.9642460346221924
d1c3c4008d3a458ca5c2438615c3a113,3e923b6e3ceb4901b77c9a18729546eb,0.9101167917251587
d1c3c4008d3a458ca5c2438615c3a113,72a7e2ce22d045efbdbbab9c68f5d026,0.8975728750228882
d1c3c4008d3a458ca5c2438615c3a113,434551fdf9e443ed91679a9557ae6fd5,0.8901619911193848
d1c3c4008d3a458ca5c2438615c3a113,174581fc299840e18e827432c0cce4dc,0.8876522779464722
d1c3c4008d3a458ca5c2438615c3a113,df0c94234d9d4890b5b4b95c441b3e9a,0.8821920156478882
d1c3c4008d3a458ca5c2438615c3a113,250d411ae270441085be3501b7b55d86,0.8820252418518066
d1c3c4008d3a458ca5c2438615c3a113,d87e5facd03b45f9829e8a1cd0fe0190,0.8816947937011719
d1c3c4008d3a458ca5c2438615c3a113,0bd1cce9370a461089e25393086800a8,0.8808528184890747
d1c3c4008d3a458ca5c2438615c3a113,8fdee0611965465eb45387b8c39f4136,0.8805559873580933
86bed733c05f41519f76576710fcce05,9bf3b77eb9874f5f9e006a9cff111ea9,0.8933864831924438
86bed733c05f41519f76576710fcce05,de1102228a324428989533278cd482f6,0.892701268196106
86bed733c05f41519f76576710fcce05,0bd1cce9370a461089e25393086800a8,0.8925143480300903
86bed733c05f41519f76576710fcce05,6bedb2d6ace34e18811b7f1206b2d1b0,0.8911901712417603
86bed733c05f41519f76576710fcce05,de6ac628a786435f9925c8cc1d707d6b,0.8909832239151001
86bed733c05f41519f76576710fcce05,64e74af099b0485f8b6e71ac73aa2cb8,0.885850727558136
86bed733c05f41519f76576710fcce05,baf841bad27c456c9de7227555ea3ef8,0.8848044276237488
86bed733c05f41519f76576710fcce05,ffc5805e29a74be0a55b40318aa321d7,0.8843554258346558
86bed733c05f41519f76576710fcce05,ffe2740eee8c49b39b2ce41f9983bcb4,0.8841785192489624
86bed733c05f41519f76576710fcce05,66690895454847fea5a000202fbfab2e,0.8840506076812744
cb1eb8a8b7594957b332dec5dc590436,66690895454847fea5a000202fbfab2e,0.9076600074768066
cb1eb8a8b7594957b332dec5dc590436,6bedb2d6ace34e18811b7f1206b2d1b0,0.9050474762916565
cb1eb8a8b7594957b332dec5dc590436,0bd1cce9370a461089e25393086800a8,0.9049994349479675
cb1eb8a8b7594957b332dec5dc590436,9bf3b77eb9874f5f9e006a9cff111ea9,0.9042226076126099
cb1eb8a8b7594957b332dec5dc590436,0b57f893483647c3aed811775a4c4c04,0.9027360677719116
cb1eb8a8b7594957b332dec5dc590436,64e74af099b0485f8b6e71ac73aa2cb8,0.9023441076278687
cb1eb8a8b7594957b332dec5dc590436,ad054da7e1704a53931a341173f0605f,0.9008506536483765
cb1eb8a8b7594957b332dec5dc590436,3c1b91a23b694da1973dbc5f75f2f3ed,0.9003314971923828
cb1eb8a8b7594957b332dec5dc590436,3e923b6e3ceb4901b77c9a18729546eb,0.9001110792160034
cb1eb8a8b7594957b332dec5dc590436,503d2f067a8a4f5798b1c64b07ab0bc5,0.899701714515686
7dfc06c380304101bd335775988b2fb2,5e0a2bc284cf4002914ae4e6aaef41e8,0.9674513339996338
7dfc06c380304101bd335775988b2fb2,3e923b6e3ceb4901b77c9a18729546eb,0.9002455472946167
7dfc06c380304101bd335775988b2fb2,72a7e2ce22d045efbdbbab9c68f5d026,0.8966900706291199
7dfc06c380304101bd335775988b2fb2,174581fc299840e18e827432c0cce4dc,0.8895930051803589
7dfc06c380304101bd335775988b2fb2,434551fdf9e443ed91679a9557ae6fd5,0.8892191648483276
7dfc06c380304101bd335775988b2fb2,d87e5facd03b45f9829e8a1cd0fe0190,0.8859224319458008
7dfc06c380304101bd335775988b2fb2,8fdee0611965465eb45387b8c39f4136,0.8846255540847778
7dfc06c380304101bd335775988b2fb2,df0c94234d9d4890b5b4b95c441b3e9a,0.8826214075088501
7dfc06c380304101bd335775988b2fb2,8350ea8cd6514c2c8d7b625abe7e895b,0.88243567943573
7dfc06c380304101bd335775988b2fb2,250d411ae270441085be3501b7b55d86,0.8818389177322388
999934829ec2429b967f27b051da6a53,c2b49382e2f34b1c90013236a5fbaef0,0.9497912526130676
999934829ec2429b967f27b051da6a53,d53fa54d5536463ab0d87648dfc5fd78,0.8435474634170532
999934829ec2429b967f27b051da6a53,268f8ec9f2734029a8e75857db56ccb3,0.8218878507614136
999934829ec2429b967f27b051da6a53,4152360a4bea4cbbbfbe45ff3bf7f62b,0.8080170154571533
999934829ec2429b967f27b051da6a53,f676e16c6a134bd5a7bbeee4590adcfe,0.800710916519165
999934829ec2429b967f27b051da6a53,5605fa1188974644937bbf92fec50e21,0.7860314249992371
999934829ec2429b967f27b051da6a53,563043f180e54e238ad4876974e5db4c,0.7844263315200806
999934829ec2429b967f27b051da6a53,c78547bdc2e64ac8935559f7de2efd41,0.7778031826019287
999934829ec2429b967f27b051da6a53,701ac1447f5a414e81156a56c3593a31,0.7772305011749268
999934829ec2429b967f27b051da6a53,7d3d751215194e649a03457226f599d7,0.7755237817764282
ed4102db144043b6952d6cb9acdcc007,022e16490d1949b9ab2fc1de5a837031,0.9974863529205322
ed4102db144043b6952d6cb9acdcc007,ca544e6629b14e8fab5f7cb40d1ac88e,0.8930070400238037
ed4102db144043b6952d6cb9acdcc007,3675c688960a4f3b9f82c4ccf4049e93,0.8829244375228882
ed4102db144043b6952d6cb9acdcc007,7c061d36393540b49e20d98086bdb5bd,0.8789438605308533
ed4102db144043b6952d6cb9acdcc007,feb980ae999948ce9be0266b4ddc048d,0.8779054880142212
ed4102db144043b6952d6cb9acdcc007,00614d60b3544ba790dfd23dd53992e0,0.8755043148994446
ed4102db144043b6952d6cb9acdcc007,521004289ebc4e6da6623381d40a5e73,0.8734833002090454
ed4102db144043b6952d6cb9acdcc007,295d0d40791245ff838c73a2aa27d065,0.8703489303588867
ed4102db144043b6952d6cb9acdcc007,3b7d56c26da14b3a9b1cd52b5b35891b,0.8700438737869263
ed4102db144043b6952d6cb9acdcc007,1027a336232c4454a9c4ae450a562788,0.8688400387763977
0020ab6d2078440b870ebf4a01c0351f,022e16490d1949b9ab2fc1de5a837031,0.9840092062950134
0020ab6d2078440b870ebf4a01c0351f,3675c688960a4f3b9f82c4ccf4049e93,0.8910444378852844
0020ab6d2078440b870ebf4a01c0351f,ca544e6629b14e8fab5f7cb40d1ac88e,0.890832781791687
0020ab6d2078440b870ebf4a01c0351f,feb980ae999948ce9be0266b4ddc048d,0.8852680921554565
0020ab6d2078440b870ebf4a01c0351f,f464960d2dbc43c0970c60600bd7f1cd,0.8795214891433716
0020ab6d2078440b870ebf4a01c0351f,8fca2e4873e946f7a788af2b846cebd7,0.8775705099105835
0020ab6d2078440b870ebf4a01c0351f,521004289ebc4e6da6623381d40a5e73,0.8768554329872131
0020ab6d2078440b870ebf4a01c0351f,00614d60b3544ba790dfd23dd53992e0,0.8766049146652222
0020ab6d2078440b870ebf4a01c0351f,7c061d36393540b49e20d98086bdb5bd,0.8753511905670166
0020ab6d2078440b870ebf4a01c0351f,b585a2970e9f421da236241f603883f2,0.8714295029640198
d3fc0aaff9224a678bb3210f1e8767ea,7c061d36393540b49e20d98086bdb5bd,0.9788498878479004
d3fc0aaff9224a678bb3210f1e8767ea,0228b1e9e3244da3a727930123ba7bda,0.8924880027770996
d3fc0aaff9224a678bb3210f1e8767ea,022e16490d1949b9ab2fc1de5a837031,0.8752350807189941
d3fc0aaff9224a678bb3210f1e8767ea,ca544e6629b14e8fab5f7cb40d1ac88e,0.8636358976364136
d3fc0aaff9224a678bb3210f1e8767ea,f91157bb8fca4a8e98db33591a76be9a,0.8631532192230225
d3fc0aaff9224a678bb3210f1e8767ea,da88fa5efc674368b593444ca950dff9,0.862457275390625
d3fc0aaff9224a678bb3210f1e8767ea,521004289ebc4e6da6623381d40a5e73,0.8621906042098999
d3fc0aaff9224a678bb3210f1e8767ea,7199f2fe77824236a392e1f00a5bdfc3,0.860771656036377
d3fc0aaff9224a678bb3210f1e8767ea,0971af4212484a958eb0f60f93d1dfe0,0.8593477010726929
d3fc0aaff9224a678bb3210f1e8767ea,9aca522158f443fd8a9caaec38ae5e2c,0.85907381772995
8b37e7b8f87749c48d81e99c8d376700,7c061d36393540b49e20d98086bdb5bd,0.9774653911590576
8b37e7b8f87749c48d81e99c8d376700,0228b1e9e3244da3a727930123ba7bda,0.8881192207336426
8b37e7b8f87749c48d81e99c8d376700,022e16490d1949b9ab2fc1de5a837031,0.8738728761672974
8b37e7b8f87749c48d81e99c8d376700,521004289ebc4e6da6623381d40a5e73,0.865883469581604
8b37e7b8f87749c48d81e99c8d376700,0971af4212484a958eb0f60f93d1dfe0,0.8627680540084839
8b37e7b8f87749c48d81e99c8d376700,ca544e6629b14e8fab5f7cb40d1ac88e,0.8620975017547607
8b37e7b8f87749c48d81e99c8d376700,c3a741d302d94ee294bb6e4090fd2da9,0.8612223863601685
8b37e7b8f87749c48d81e99c8d376700,cb75c6ef71cb4991805920f2894e0e96,0.860345721244812
8b37e7b8f87749c48d81e99c8d376700,b585a2970e9f421da236241f603883f2,0.8591640591621399
8b37e7b8f87749c48d81e99c8d376700,f91157bb8fca4a8e98db33591a76be9a,0.8574227690696716
2e9248c10d1044a2a090d3fa4aa29fe5,91f9f8576e5142a49926bd623b0bc19c,0.9678900241851807
2e9248c10d1044a2a090d3fa4aa29fe5,6c6de17135be4f8c9423be633eaefcd4,0.9119188189506531
2e9248c10d1044a2a090d3fa4aa29fe5,f8856799293e49feab6368e794eb8b00,0.884608268737793
2e9248c10d1044a2a090d3fa4aa29fe5,3766b26b53874893ae48693880e1942c,0.8777586817741394
2e9248c10d1044a2a090d3fa4aa29fe5,5605fa1188974644937bbf92fec50e21,0.8717181086540222
2e9248c10d1044a2a090d3fa4aa29fe5,bdb0d45caa2a4943959f8f501e51132b,0.8706068992614746
2e9248c10d1044a2a090d3fa4aa29fe5,6252aa87531748e5bac5f6c65fc87e14,0.8693020343780518
2e9248c10d1044a2a090d3fa4aa29fe5,a9573f188204436090fb4a5240e4eccd,0.8685245513916016
2e9248c10d1044a2a090d3fa4aa29fe5,b675be39e8ff421aa59811f146da945b,0.8684887290000916
2e9248c10d1044a2a090d3fa4aa29fe5,7d3d751215194e649a03457226f599d7,0.8655838966369629
8d4f78a13e3e4f569761273ba212d220,a9573f188204436090fb4a5240e4eccd,0.9166569709777832
8d4f78a13e3e4f569761273ba212d220,24c55bb5cd694770ba895c7401da2ba5,0.9030513167381287
8d4f78a13e3e4f569761273ba212d220,200f7fc78e4c403982f61b2894e50bad,0.889313817024231
8d4f78a13e3e4f569761273ba212d220,8dfe01febd46475ab5aef97033716ce1,0.888824462890625
8d4f78a13e3e4f569761273ba212d220,a9d82bb43410405ca21b44a5e82e22b6,0.8883013129234314
8d4f78a13e3e4f569761273ba212d220,1ad0cf33e96243888d5f970195a75586,0.8881312012672424
8d4f78a13e3e4f569761273ba212d220,a055f8188384479a8bad418f7dffd9a5,0.8871735334396362
8d4f78a13e3e4f569761273ba212d220,b90d74e80c37486eaee89b6fbab13671,0.8847474455833435
8d4f78a13e3e4f569761273ba212d220,5760084aabef4d8095b2d21902151f64,0.8833805918693542
8d4f78a13e3e4f569761273ba212d220,3f1c2bb09c4e4400b6ba19542fafce18,0.8829802870750427
5487b0f31d2343fea0caab9f145c7a40,41047823f2cb4194ba1e0709443c719a,0.934026837348938
5487b0f31d2343fea0caab9f145c7a40,99a52c93a3304ec18dab9206f98f2a8b,0.9181597232818604
5487b0f31d2343fea0caab9f145c7a40,bcfa4a4177d44d8b8cda17b7a23196b0,0.9170023202896118
5487b0f31d2343fea0caab9f145c7a40,97959d02a64f4a3fbbebe7cbece6c012,0.9159656763076782
5487b0f31d2343fea0caab9f145c7a40,b98519f97e424c1389f5553f0869b15a,0.9070627689361572
5487b0f31d2343fea0caab9f145c7a40,d361a9e414fb41c1a605200d9cbba496,0.9058045148849487
5487b0f31d2343fea0caab9f145c7a40,ff276acede2f4c14876ef47257758ae8,0.9057455062866211
5487b0f31d2343fea0caab9f145c7a40,90b560de76b149c09c7cd6efb3f12cfd,0.9047516584396362
5487b0f31d2343fea0caab9f145c7a40,17b5eb6fab65476f827dd355b4a20a55,0.904549241065979
5487b0f31d2343fea0caab9f145c7a40,7fe9e665bf41491c9788941aa2894a10,0.9044128656387329
678907f3b26242c9b3555311ee9dbf79,91f9f8576e5142a49926bd623b0bc19c,0.9663090109825134
678907f3b26242c9b3555311ee9dbf79,6c6de17135be4f8c9423be633eaefcd4,0.9024006128311157
678907f3b26242c9b3555311ee9dbf79,72a7e2ce22d045efbdbbab9c68f5d026,0.8719251155853271
678907f3b26242c9b3555311ee9dbf79,bdb0d45caa2a4943959f8f501e51132b,0.8717933297157288
678907f3b26242c9b3555311ee9dbf79,f8856799293e49feab6368e794eb8b00,0.8656558394432068
678907f3b26242c9b3555311ee9dbf79,0bd1cce9370a461089e25393086800a8,0.8649852275848389
678907f3b26242c9b3555311ee9dbf79,a9d82bb43410405ca21b44a5e82e22b6,0.8646161556243896
678907f3b26242c9b3555311ee9dbf79,3766b26b53874893ae48693880e1942c,0.8612048625946045
678907f3b26242c9b3555311ee9dbf79,8fdee0611965465eb45387b8c39f4136,0.8610294461250305
678907f3b26242c9b3555311ee9dbf79,99830b8da7c24f909914f7bb167f3ea6,0.8607354164123535
e69d128634c04bf0aebd7c02e123f5f6,119a6d7b4af3458b951fc1c5ab5e1738,0.9899793863296509
e69d128634c04bf0aebd7c02e123f5f6,c74557a980e2428a9ffcc245278df692,0.9158452153205872
e69d128634c04bf0aebd7c02e123f5f6,d658e3a743af41899183fecff6b2628d,0.9156135320663452
e69d128634c04bf0aebd7c02e123f5f6,9bf3b77eb9874f5f9e006a9cff111ea9,0.9135857820510864
e69d128634c04bf0aebd7c02e123f5f6,82d68ea370f8451aa16ea08f4601245c,0.9083855152130127
e69d128634c04bf0aebd7c02e123f5f6,a9573f188204436090fb4a5240e4eccd,0.9045875072479248
e69d128634c04bf0aebd7c02e123f5f6,c84deec0ecf843c39f52d4cb8e7300f8,0.9023394584655762
e69d128634c04bf0aebd7c02e123f5f6,9fd4c00672d84215b3e21812aef3d6ac,0.9023326635360718
e69d128634c04bf0aebd7c02e123f5f6,452d645d5bf4485185e996dcec9523e5,0.9014619588851929
e69d128634c04bf0aebd7c02e123f5f6,b277101390e1465685ef79bf3519f8d7,0.8998508453369141
2b8cd6d21f1d45bb8ae377278a33d5c6,d65e3a3657ae455e954b6d7221afc84c,0.8826466202735901
2b8cd6d21f1d45bb8ae377278a33d5c6,eee7f32249c5452ea36c8ed3a3540010,0.8820104598999023
2b8cd6d21f1d45bb8ae377278a33d5c6,c1d504dfeded4b8bb3c07777b7c7abde,0.8793357610702515
2b8cd6d21f1d45bb8ae377278a33d5c6,b69c17a10a55494d8caa56c33e8f4a56,0.8791444897651672
2b8cd6d21f1d45bb8ae377278a33d5c6,563043f180e54e238ad4876974e5db4c,0.8791167140007019
2b8cd6d21f1d45bb8ae377278a33d5c6,babbeca1f6a244a2a11ea77a3855e70f,0.8772305250167847
2b8cd6d21f1d45bb8ae377278a33d5c6,e96fae6d607246b18b8494aabe521036,0.873672366142273
2b8cd6d21f1d45bb8ae377278a33d5c6,f0084465b2e646c9a53d9dc766067d9b,0.873633623123169
2b8cd6d21f1d45bb8ae377278a33d5c6,6fc7a2cf0684475a82f6ff9be2c8e850,0.8727205395698547
2b8cd6d21f1d45bb8ae377278a33d5c6,5605fa1188974644937bbf92fec50e21,0.872607409954071
73fbb300f6aa425590b0e4d909f7a1ae,119a6d7b4af3458b951fc1c5ab5e1738,0.9600993394851685
73fbb300f6aa425590b0e4d909f7a1ae,d658e3a743af41899183fecff6b2628d,0.9264483451843262
73fbb300f6aa425590b0e4d909f7a1ae,c84deec0ecf843c39f52d4cb8e7300f8,0.9203076958656311
73fbb300f6aa425590b0e4d909f7a1ae,82d68ea370f8451aa16ea08f4601245c,0.9095216989517212
73fbb300f6aa425590b0e4d909f7a1ae,9bf3b77eb9874f5f9e006a9cff111ea9,0.909075140953064
73fbb300f6aa425590b0e4d909f7a1ae,9fd4c00672d84215b3e21812aef3d6ac,0.9088133573532104
73fbb300f6aa425590b0e4d909f7a1ae,452d645d5bf4485185e996dcec9523e5,0.9071701169013977
73fbb300f6aa425590b0e4d909f7a1ae,0092d1d820c64646b8bee9fd14f77acf,0.9067875742912292
73fbb300f6aa425590b0e4d909f7a1ae,e429a2e164a24919a12edcc8d4ea8f09,0.90495365858078
73fbb300f6aa425590b0e4d909f7a1ae,c74557a980e2428a9ffcc245278df692,0.9016683101654053
9d66c66d77b74f5da8cab53f98ae38b0,b69c17a10a55494d8caa56c33e8f4a56,0.8870323896408081
9d66c66d77b74f5da8cab53f98ae38b0,563043f180e54e238ad4876974e5db4c,0.8868032693862915
9d66c66d77b74f5da8cab53f98ae38b0,d65e3a3657ae455e954b6d7221afc84c,0.8851325511932373
9d66c66d77b74f5da8cab53f98ae38b0,5605fa1188974644937bbf92fec50e21,0.8833955526351929
9d66c66d77b74f5da8cab53f98ae38b0,f0084465b2e646c9a53d9dc766067d9b,0.8814566731452942
9d66c66d77b74f5da8cab53f98ae38b0,babbeca1f6a244a2a11ea77a3855e70f,0.8791412115097046
9d66c66d77b74f5da8cab53f98ae38b0,eee7f32249c5452ea36c8ed3a3540010,0.8765774965286255
9d66c66d77b74f5da8cab53f98ae38b0,43ee0103cba54b4e9d165717735ca0f6,0.8741755485534668
9d66c66d77b74f5da8cab53f98ae38b0,3766b26b53874893ae48693880e1942c,0.8732684850692749
9d66c66d77b74f5da8cab53f98ae38b0,7d0190486da540718e4dc4ca4bd1f573,0.872570276260376
56efccc089ce469697f14a0e2751fe90,be8953cc364d46cebbcc2c2da2c348ab,0.9543625712394714
56efccc089ce469697f14a0e2751fe90,68aefc97056440af874039a28497cf98,0.918630063533783
56efccc089ce469697f14a0e2751fe90,7584980704ae4617bb27ca162cc9c5db,0.9111049771308899
56efccc089ce469697f14a0e2751fe90,e06d08ff594a4acbac12edf579743fcf,0.905566394329071
56efccc089ce469697f14a0e2751fe90,f12e9e5805534d719f829332d1ea5d29,0.9050012826919556
56efccc089ce469697f14a0e2751fe90,8c7c9eaae41a44a3a4ebe39ce167d300,0.9039322137832642
56efccc089ce469697f14a0e2751fe90,d695b7afdc3841a28a56df578e56afce,0.9029794931411743
56efccc089ce469697f14a0e2751fe90,17b5eb6fab65476f827dd355b4a20a55,0.9017637968063354
56efccc089ce469697f14a0e2751fe90,ca5add3cbf044a95a5bec88a5841ce98,0.9008358716964722
56efccc089ce469697f14a0e2751fe90,e2e0c8c96aff4c00896ac6986bbb20c2,0.9005935192108154
e31088791958477299febc77d6975d33,7584980704ae4617bb27ca162cc9c5db,0.98823481798172
e31088791958477299febc77d6975d33,be8953cc364d46cebbcc2c2da2c348ab,0.9208728075027466
e31088791958477299febc77d6975d33,5e44915237fc4445b54b037e1c4e29a4,0.9205519556999207
e31088791958477299febc77d6975d33,f91157bb8fca4a8e98db33591a76be9a,0.9054354429244995
e31088791958477299febc77d6975d33,69ac8397e9624bfd8aee237b9f9ea3b5,0.900459885597229
e31088791958477299febc77d6975d33,00614d60b3544ba790dfd23dd53992e0,0.9003727436065674
e31088791958477299febc77d6975d33,e12ad1ce8e7940a999b9a4f91a95fab7,0.8988492488861084
e31088791958477299febc77d6975d33,4d0a737f396d4a95808085bd1306746c,0.8976579308509827
e31088791958477299febc77d6975d33,0c889c151e094b948c13b0275e660a9c,0.8928826451301575
e31088791958477299febc77d6975d33,249c2d8d8d2345c6990b3c4d94385b5a,0.8918982744216919
8dfe042169ed4a25b339fab1a8f0f16d,7584980704ae4617bb27ca162cc9c5db,0.9871186017990112
8dfe042169ed4a25b339fab1a8f0f16d,5e44915237fc4445b54b037e1c4e29a4,0.9184205532073975
8dfe042169ed4a25b339fab1a8f0f16d,be8953cc364d46cebbcc2c2da2c348ab,0.9172542095184326
8dfe042169ed4a25b339fab1a8f0f16d,ccb62901750b4d13a922fc161b607f83,0.9039131999015808
8dfe042169ed4a25b339fab1a8f0f16d,e12ad1ce8e7940a999b9a4f91a95fab7,0.9035199880599976
8dfe042169ed4a25b339fab1a8f0f16d,f91157bb8fca4a8e98db33591a76be9a,0.9019802808761597
8dfe042169ed4a25b339fab1a8f0f16d,bcfa4a4177d44d8b8cda17b7a23196b0,0.8982710242271423
8dfe042169ed4a25b339fab1a8f0f16d,4d0a737f396d4a95808085bd1306746c,0.8979418277740479
8dfe042169ed4a25b339fab1a8f0f16d,6b7b5d28293d4a5a8075f7f7dd231ddb,0.8970924615859985
8dfe042169ed4a25b339fab1a8f0f16d,0c889c151e094b948c13b0275e660a9c,0.8969544172286987
724bf6d6ea0d432996a6179d83a8742f,be8953cc364d46cebbcc2c2da2c348ab,0.9598492383956909
724bf6d6ea0d432996a6179d83a8742f,7584980704ae4617bb27ca162cc9c5db,0.9235379695892334
724bf6d6ea0d432996a6179d83a8742f,e06d08ff594a4acbac12edf579743fcf,0.9137923717498779
724bf6d6ea0d432996a6179d83a8742f,f2cfa68a47ce4a43a0fe1cc7dc860418,0.9081278443336487
724bf6d6ea0d432996a6179d83a8742f,68aefc97056440af874039a28497cf98,0.9071372747421265
724bf6d6ea0d432996a6179d83a8742f,f12e9e5805534d719f829332d1ea5d29,0.9071112871170044
724bf6d6ea0d432996a6179d83a8742f,d695b7afdc3841a28a56df578e56afce,0.9051684141159058
724bf6d6ea0d432996a6179d83a8742f,5e44915237fc4445b54b037e1c4e29a4,0.9036747217178345
724bf6d6ea0d432996a6179d83a8742f,8c7c9eaae41a44a3a4ebe39ce167d300,0.9027523994445801
724bf6d6ea0d432996a6179d83a8742f,00614d60b3544ba790dfd23dd53992e0,0.9016897678375244
5110e733136c4f9e9e3e0388147c41d3,bfd1d441da734aad88cfacdab3ee4059,0.9153826236724854
5110e733136c4f9e9e3e0388147c41d3,59f62d35b1ad451397b700b3dad25448,0.9136353135108948
5110e733136c4f9e9e3e0388147c41d3,6866efc8987a4ec8b04b7abd28fb5777,0.9134520292282104
5110e733136c4f9e9e3e0388147c41d3,57bcda73abab44ee930b20cdaee9d24b,0.911839485168457
5110e733136c4f9e9e3e0388147c41d3,bbdf9065122d499d9d8f80ad3e0ef6f3,0.909400463104248
5110e733136c4f9e9e3e0388147c41d3,26869cc099c44c4a86f6043476ab4890,0.9080241918563843
5110e733136c4f9e9e3e0388147c41d3,94ed54abfdc74b04b0dcb19c278e66f4,0.9080196022987366
5110e733136c4f9e9e3e0388147c41d3,b675be39e8ff421aa59811f146da945b,0.9067642688751221
5110e733136c4f9e9e3e0388147c41d3,5fc200cab89346658c9c91cce27e85fe,0.9053149819374084
5110e733136c4f9e9e3e0388147c41d3,e7ee85dd47ca43eeb2fdcd70b802f0ec,0.9051790833473206
d627c1b3e1d84eaf95b43f0b19887946,8987ceafff324f9599b842542e37eddd,0.9176303744316101
d627c1b3e1d84eaf95b43f0b19887946,57bcda73abab44ee930b20cdaee9d24b,0.9145565032958984
d627c1b3e1d84eaf95b43f0b19887946,6866efc8987a4ec8b04b7abd28fb5777,0.9143418669700623
d627c1b3e1d84eaf95b43f0b19887946,bfd1d441da734aad88cfacdab3ee4059,0.9126105904579163
d627c1b3e1d84eaf95b43f0b19887946,b675be39e8ff421aa59811f146da945b,0.9122164249420166
d627c1b3e1d84eaf95b43f0b19887946,e7ee85dd47ca43eeb2fdcd70b802f0ec,0.9081560373306274
d627c1b3e1d84eaf95b43f0b19887946,59f62d35b1ad451397b700b3dad25448,0.9075582027435303
d627c1b3e1d84eaf95b43f0b19887946,2d43cf91509846e29ab4febd7781919f,0.9052342772483826
d627c1b3e1d84eaf95b43f0b19887946,7dd5e88dfdd24cafab2c765939757354,0.9049519300460815
d627c1b3e1d84eaf95b43f0b19887946,94ed54abfdc74b04b0dcb19c278e66f4,0.904016375541687
62f80659cc834d849c6c533c0376e039,1ade4365590a4ac7865100d8c791e340,0.9822006225585938
62f80659cc834d849c6c533c0376e039,4c67cc7a1ccc496db132636e3f4853a2,0.9132826924324036
62f80659cc834d849c6c533c0376e039,94ed54abfdc74b04b0dcb19c278e66f4,0.9131863117218018
62f80659cc834d849c6c533c0376e039,82d68ea370f8451aa16ea08f4601245c,0.9107593297958374
62f80659cc834d849c6c533c0376e039,2b3ecf8be2b242f3b8a1e714390749fb,0.9090022444725037
62f80659cc834d849c6c533c0376e039,ee7c00877ae64dac87123a3d75251530,0.9085626006126404
62f80659cc834d849c6c533c0376e039,e0d8aee46b1d4d998858cd05027251b6,0.9081618785858154
62f80659cc834d849c6c533c0376e039,ca5add3cbf044a95a5bec88a5841ce98,0.9076489210128784
62f80659cc834d849c6c533c0376e039,cdd73e0289aa4e2b87cd14e6ff5bd75e,0.9047808647155762
62f80659cc834d849c6c533c0376e039,35c5a560ecdc4d6a9d20f057ed1fa0e6,0.9046421647071838
ed92bb218d234e48ac3d86b2aa76aab3,1ade4365590a4ac7865100d8c791e340,0.9771372079849243
ed92bb218d234e48ac3d86b2aa76aab3,94ed54abfdc74b04b0dcb19c278e66f4,0.9102652668952942
ed92bb218d234e48ac3d86b2aa76aab3,e0ff5d4ae0ec4871a49041d550cdcaa9,0.9048339128494263
ed92bb218d234e48ac3d86b2aa76aab3,ca5add3cbf044a95a5bec88a5841ce98,0.9010953903198242
ed92bb218d234e48ac3d86b2aa76aab3,74de04f31db94a99b757685c91779412,0.9008945822715759
ed92bb218d234e48ac3d86b2aa76aab3,ee7c00877ae64dac87123a3d75251530,0.900161862373352
ed92bb218d234e48ac3d86b2aa76aab3,4c67cc7a1ccc496db132636e3f4853a2,0.8998790383338928
ed92bb218d234e48ac3d86b2aa76aab3,82d68ea370f8451aa16ea08f4601245c,0.8996145725250244
ed92bb218d234e48ac3d86b2aa76aab3,cdd73e0289aa4e2b87cd14e6ff5bd75e,0.8991646766662598
ed92bb218d234e48ac3d86b2aa76aab3,57bcda73abab44ee930b20cdaee9d24b,0.8964534997940063
ff83f47b54ea45f188b7e4f0e1004b41,910827a15eac4e4b9005d8e46ad71f6e,0.9211097359657288
ff83f47b54ea45f188b7e4f0e1004b41,baf841bad27c456c9de7227555ea3ef8,0.8823542594909668
ff83f47b54ea45f188b7e4f0e1004b41,0ecfdd96e0054841883acba75e83b232,0.8757774829864502
ff83f47b54ea45f188b7e4f0e1004b41,1393dac7d34b4c34b1a8091a5bea3663,0.8708033561706543
ff83f47b54ea45f188b7e4f0e1004b41,de1102228a324428989533278cd482f6,0.8704726696014404
ff83f47b54ea45f188b7e4f0e1004b41,9bf3b77eb9874f5f9e006a9cff111ea9,0.8694801330566406
ff83f47b54ea45f188b7e4f0e1004b41,8dfd98bb97584157b207e1f4be471a8e,0.869475245475769
ff83f47b54ea45f188b7e4f0e1004b41,01ffceddb5b34406a08bb982b424b3cf,0.8683370351791382
ff83f47b54ea45f188b7e4f0e1004b41,4a3d4daed4b24a1898551f0fd1ba44f1,0.8678481578826904
ff83f47b54ea45f188b7e4f0e1004b41,0092d1d820c64646b8bee9fd14f77acf,0.8674484491348267
994020e88b914429981fbfe2cfa5e565,1393dac7d34b4c34b1a8091a5bea3663,0.8932121992111206
994020e88b914429981fbfe2cfa5e565,9bf3b77eb9874f5f9e006a9cff111ea9,0.8892017602920532
994020e88b914429981fbfe2cfa5e565,baf841bad27c456c9de7227555ea3ef8,0.8888200521469116
994020e88b914429981fbfe2cfa5e565,0092d1d820c64646b8bee9fd14f77acf,0.8872488737106323
994020e88b914429981fbfe2cfa5e565,23a16d69ffe848d593a4808907d8aa98,0.8860917091369629
994020e88b914429981fbfe2cfa5e565,910827a15eac4e4b9005d8e46ad71f6e,0.8817569017410278
994020e88b914429981fbfe2cfa5e565,29fb30a75c57451a85f310aa6423a662,0.8809241056442261
994020e88b914429981fbfe2cfa5e565,4a3d4daed4b24a1898551f0fd1ba44f1,0.8801604509353638
994020e88b914429981fbfe2cfa5e565,3f1c2bb09c4e4400b6ba19542fafce18,0.8801587820053101
994020e88b914429981fbfe2cfa5e565,b5f237fefb38465bb6a068c9cf75ba31,0.8801368474960327
be1d69a178cf4f6eb0dd17f1c8ddaeec,a865b8d581b44104afe7c8508e3486f5,0.9447369575500488
be1d69a178cf4f6eb0dd17f1c8ddaeec,cb2505b30d8a4dc086c353cf94424b6d,0.9013296365737915
be1d69a178cf4f6eb0dd17f1c8ddaeec,570f08ce2a1a47978eab16bf7ad16a68,0.8932000398635864
be1d69a178cf4f6eb0dd17f1c8ddaeec,9bf3b77eb9874f5f9e006a9cff111ea9,0.8885565996170044
be1d69a178cf4f6eb0dd17f1c8ddaeec,c84deec0ecf843c39f52d4cb8e7300f8,0.8869301080703735
be1d69a178cf4f6eb0dd17f1c8ddaeec,b0d2e6c4b2384950b3696c4414870282,0.8849278092384338
be1d69a178cf4f6eb0dd17f1c8ddaeec,8a464aa9e2ee45d0abc7ae6181cd1bda,0.8838005065917969
be1d69a178cf4f6eb0dd17f1c8ddaeec,b425f33c33ad4be89a12da266d131a86,0.8800650238990784
be1d69a178cf4f6eb0dd17f1c8ddaeec,22d9d5ad33e947fd857c5c4a8b7dfae1,0.8785393238067627
be1d69a178cf4f6eb0dd17f1c8ddaeec,d75a52d716984f318f976bbfc7bee787,0.8776683807373047
95430a01e9424f2fb85d7c054d48b095,a865b8d581b44104afe7c8508e3486f5,0.9479378461837769
95430a01e9424f2fb85d7c054d48b095,b425f33c33ad4be89a12da266d131a86,0.9052076935768127
95430a01e9424f2fb85d7c054d48b095,8a464aa9e2ee45d0abc7ae6181cd1bda,0.8970955610275269
95430a01e9424f2fb85d7c054d48b095,cb2505b30d8a4dc086c353cf94424b6d,0.8948643207550049
95430a01e9424f2fb85d7c054d48b095,77cecb221149474896d9b2eb848bf150,0.892363429069519
95430a01e9424f2fb85d7c054d48b095,71c1a8479b194efca65b44fb7f327afb,0.8920606374740601
95430a01e9424f2fb85d7c054d48b095,c84deec0ecf843c39f52d4cb8e7300f8,0.8888500928878784
95430a01e9424f2fb85d7c054d48b095,aa082284f9894b5aa210c179d59999b1,0.8887794017791748
95430a01e9424f2fb85d7c054d48b095,8dfe01febd46475ab5aef97033716ce1,0.8887121081352234
95430a01e9424f2fb85d7c054d48b095,211ef3181e524685866fb8574d9bf456,0.8881821036338806
2a4d82a3bc464739aa7001ddadab5941,82d68ea370f8451aa16ea08f4601245c,0.9759716391563416
2a4d82a3bc464739aa7001ddadab5941,a2612682d9854a30a7684c91c8619ec9,0.9234268665313721
2a4d82a3bc464739aa7001ddadab5941,26869cc099c44c4a86f6043476ab4890,0.9228445291519165
2a4d82a3bc464739aa7001ddadab5941,1d70bc69b2f84bef9aa5fb0d9917e38d,0.9216216802597046
2a4d82a3bc464739aa7001ddadab5941,43464ed6733f4642a0b90e7d995a5e40,0.9187250137329102
2a4d82a3bc464739aa7001ddadab5941,d695b7afdc3841a28a56df578e56afce,0.9142995476722717
2a4d82a3bc464739aa7001ddadab5941,6b4676aba2a746b3ab778315afc8ee82,0.9128519296646118
2a4d82a3bc464739aa7001ddadab5941,66cba49431224a3788f914d6a80165e1,0.9104527235031128
2a4d82a3bc464739aa7001ddadab5941,feb980ae999948ce9be0266b4ddc048d,0.9097899794578552
2a4d82a3bc464739aa7001ddadab5941,8dfe01febd46475ab5aef97033716ce1,0.9085598587989807
7edf2ee95e36433ab46c330e885c1d39,199647bd1328406c83c5a875154f97d9,0.9829545617103577
7edf2ee95e36433ab46c330e885c1d39,f91157bb8fca4a8e98db33591a76be9a,0.904358446598053
7edf2ee95e36433ab46c330e885c1d39,8d595c7da42545c88052e7b213b6c97c,0.901566743850708
7edf2ee95e36433ab46c330e885c1d39,be9e713988ba4bbba869885cad419259,0.8903002142906189
7edf2ee95e36433ab46c330e885c1d39,7dd5e88dfdd24cafab2c765939757354,0.8886666297912598
7edf2ee95e36433ab46c330e885c1d39,724a3f6551e74ad585bdeac9a75fd639,0.8884968757629395
7edf2ee95e36433ab46c330e885c1d39,17b5eb6fab65476f827dd355b4a20a55,0.8875653743743896
7edf2ee95e36433ab46c330e885c1d39,0cdb0f32850f4585a16de4886462bbe0,0.886093258857727
7edf2ee95e36433ab46c330e885c1d39,30f654c6e69e48888f9f42dd95ab3c77,0.8843603134155273
7edf2ee95e36433ab46c330e885c1d39,097f2ce3b88c4d008488b9908076497e,0.8841427564620972
c471650b1b634a97a2a0fa5c4c193821,82d68ea370f8451aa16ea08f4601245c,0.9581261873245239
c471650b1b634a97a2a0fa5c4c193821,a2612682d9854a30a7684c91c8619ec9,0.9252371788024902
c471650b1b634a97a2a0fa5c4c193821,1d70bc69b2f84bef9aa5fb0d9917e38d,0.9134912490844727
c471650b1b634a97a2a0fa5c4c193821,74de04f31db94a99b757685c91779412,0.9116599559783936
c471650b1b634a97a2a0fa5c4c193821,5363ae1c905d4879a63259de4954702e,0.9109756350517273
c471650b1b634a97a2a0fa5c4c193821,26869cc099c44c4a86f6043476ab4890,0.9097908735275269
c471650b1b634a97a2a0fa5c4c193821,41e657daa20545a588584578bdb4101c,0.9083410501480103
c471650b1b634a97a2a0fa5c4c193821,b277101390e1465685ef79bf3519f8d7,0.9081974625587463
c471650b1b634a97a2a0fa5c4c193821,be8953cc364d46cebbcc2c2da2c348ab,0.9076820611953735
c471650b1b634a97a2a0fa5c4c193821,a9573f188204436090fb4a5240e4eccd,0.9076084494590759
ea67a7776ad641bb96024eb085c8da08,268f8ec9f2734029a8e75857db56ccb3,0.8413944244384766
ea67a7776ad641bb96024eb085c8da08,78d0265d47df4f4cb7153da919763730,0.8401010036468506
ea67a7776ad641bb96024eb085c8da08,0cc5015848a044b59fa4b290813f859c,0.8394122123718262
ea67a7776ad641bb96024eb085c8da08,4e7ee74be72a461fa02fa61bee62bdcc,0.838742196559906
ea67a7776ad641bb96024eb085c8da08,e53dd6188816429ab915de6f9649a026,0.8307617902755737
ea67a7776ad641bb96024eb085c8da08,c78547bdc2e64ac8935559f7de2efd41,0.8284178376197815
ea67a7776ad641bb96024eb085c8da08,fa190e42ce5a47c99bcaa76138dbc615,0.8278330564498901
ea67a7776ad641bb96024eb085c8da08,7e8a4a43e2f84dbb88e41cb24b3fe79f,0.8266630172729492
ea67a7776ad641bb96024eb085c8da08,db0c3a952e454b90aa4a68feb6a50e87,0.8229498863220215
ea67a7776ad641bb96024eb085c8da08,6dc5832f0ac04df2bd99c6415b3ecf09,0.8204008340835571
86595c214b4d48e6bf56a1b3d810b7b4,64fc9fe3c8d5424ebc005e5cf4a608db,0.982255220413208
86595c214b4d48e6bf56a1b3d810b7b4,211ef3181e524685866fb8574d9bf456,0.8960726857185364
86595c214b4d48e6bf56a1b3d810b7b4,cc243eebbb2b44a581745865a60c423a,0.8897448778152466
86595c214b4d48e6bf56a1b3d810b7b4,31cf7db26a3249c5a6205b005662ddcf,0.8877773880958557
86595c214b4d48e6bf56a1b3d810b7b4,e8c8742459dc48a49080bf0e5b3fdee0,0.8866374492645264
86595c214b4d48e6bf56a1b3d810b7b4,e96fae6d607246b18b8494aabe521036,0.8854593634605408
86595c214b4d48e6bf56a1b3d810b7b4,1f9cd7f2b7a14e2f8d490a104a56edcd,0.8830034732818604
86595c214b4d48e6bf56a1b3d810b7b4,66cba49431224a3788f914d6a80165e1,0.8816967010498047
86595c214b4d48e6bf56a1b3d810b7b4,b277101390e1465685ef79bf3519f8d7,0.881047248840332
86595c214b4d48e6bf56a1b3d810b7b4,b0d2e6c4b2384950b3696c4414870282,0.8806328773498535
7e0717d2a2af4dd4ba5e3dd3d3f400a0,64fc9fe3c8d5424ebc005e5cf4a608db,0.9852097034454346
7e0717d2a2af4dd4ba5e3dd3d3f400a0,211ef3181e524685866fb8574d9bf456,0.8962382078170776
7e0717d2a2af4dd4ba5e3dd3d3f400a0,e8c8742459dc48a49080bf0e5b3fdee0,0.8952784538269043
7e0717d2a2af4dd4ba5e3dd3d3f400a0,31cf7db26a3249c5a6205b005662ddcf,0.8940466046333313
7e0717d2a2af4dd4ba5e3dd3d3f400a0,cc243eebbb2b44a581745865a60c423a,0.894038736820221
7e0717d2a2af4dd4ba5e3dd3d3f400a0,f6061b71031b4ddb9384f86c103690a4,0.8913372159004211
7e0717d2a2af4dd4ba5e3dd3d3f400a0,e96fae6d607246b18b8494aabe521036,0.8878970742225647
7e0717d2a2af4dd4ba5e3dd3d3f400a0,b77d8b7bb0114c379139d280a9210e83,0.8867706060409546
7e0717d2a2af4dd4ba5e3dd3d3f400a0,03df72bcf3504272a27f4bbaea89118a,0.8845223784446716
7e0717d2a2af4dd4ba5e3dd3d3f400a0,67dd23cfd20f46dc82acc82c108a1dc6,0.8839559555053711
5192a81fd8094f908c353ed7b3066200,fb8c2b83e46441c2aaa7c81d3642e2da,0.9471442103385925
5192a81fd8094f908c353ed7b3066200,249c2d8d8d2345c6990b3c4d94385b5a,0.9070339202880859
5192a81fd8094f908c353ed7b3066200,72a7e2ce22d045efbdbbab9c68f5d026,0.8983001708984375
5192a81fd8094f908c353ed7b3066200,f91157bb8fca4a8e98db33591a76be9a,0.8930778503417969
5192a81fd8094f908c353ed7b3066200,039f8e63b273472d8f1d99d9a5de5cf5,0.8907897472381592
5192a81fd8094f908c353ed7b3066200,434551fdf9e443ed91679a9557ae6fd5,0.8906160593032837
5192a81fd8094f908c353ed7b3066200,7daa434073604cb98a04fefb55468dda,0.8872487545013428
5192a81fd8094f908c353ed7b3066200,7dd5e88dfdd24cafab2c765939757354,0.8854299187660217
5192a81fd8094f908c353ed7b3066200,e7aaa514f6f64a258a640ea341aa1a18,0.8812552094459534
5192a81fd8094f908c353ed7b3066200,0568345606fa4a2c84ed4ea6c74639ee,0.8810207843780518
19526db7bf344d92961055ab7ef1879f,1aaf8edc37ea412b85e3d1b5c5317051,0.8788276314735413
19526db7bf344d92961055ab7ef1879f,511fe9c8b20b4fda94969745238c9474,0.8785176277160645
19526db7bf344d92961055ab7ef1879f,78d0265d47df4f4cb7153da919763730,0.8677334189414978
19526db7bf344d92961055ab7ef1879f,3766b26b53874893ae48693880e1942c,0.8659265637397766
19526db7bf344d92961055ab7ef1879f,e53dd6188816429ab915de6f9649a026,0.8654661178588867
19526db7bf344d92961055ab7ef1879f,b675be39e8ff421aa59811f146da945b,0.8652594089508057
19526db7bf344d92961055ab7ef1879f,b69c17a10a55494d8caa56c33e8f4a56,0.8641384243965149
19526db7bf344d92961055ab7ef1879f,039f8e63b273472d8f1d99d9a5de5cf5,0.8630057573318481
19526db7bf344d92961055ab7ef1879f,93dc50abd35349f7923100dca2f41002,0.8628603219985962
19526db7bf344d92961055ab7ef1879f,c14e45f5201b4038bdddddb238d888a3,0.8607842922210693
85d7d994d8a648c5a59c2973bb1bc507,75efe5ddef364f49865d9bb283492b48,0.9686084985733032
85d7d994d8a648c5a59c2973bb1bc507,9094e936e13641cc9bfcc7dc1408d86e,0.9010803699493408
85d7d994d8a648c5a59c2973bb1bc507,fadf133e0e684a24ac79b5fa9515bac2,0.9007831811904907
85d7d994d8a648c5a59c2973bb1bc507,19593c97fef0474dbe6051e28338f1e9,0.8979465961456299
85d7d994d8a648c5a59c2973bb1bc507,4a3d4daed4b24a1898551f0fd1ba44f1,0.8933846354484558
85d7d994d8a648c5a59c2973bb1bc507,79721c9bb6a54ecdb3d0a0f4011762c1,0.8905232548713684
85d7d994d8a648c5a59c2973bb1bc507,ad054da7e1704a53931a341173f0605f,0.8903317451477051
85d7d994d8a648c5a59c2973bb1bc507,1099cb6f4fac4eb8a1fb6db50e18296b,0.8899099826812744
85d7d994d8a648c5a59c2973bb1bc507,99830b8da7c24f909914f7bb167f3ea6,0.8894038200378418
85d7d994d8a648c5a59c2973bb1bc507,b3a022950e444682a113cec5a0537f6a,0.8879498243331909
2103b437c3c1452a96d8e7e1e5e20cc9,32aaca2a732f4272b237374d3cdeec90,0.9763225317001343
2103b437c3c1452a96d8e7e1e5e20cc9,476ce3ffff564a5aa985808e7d2cab17,0.8938002586364746
2103b437c3c1452a96d8e7e1e5e20cc9,cc243eebbb2b44a581745865a60c423a,0.8828427791595459
2103b437c3c1452a96d8e7e1e5e20cc9,da88fa5efc674368b593444ca950dff9,0.8807761669158936
2103b437c3c1452a96d8e7e1e5e20cc9,72a7e2ce22d045efbdbbab9c68f5d026,0.8785760402679443
2103b437c3c1452a96d8e7e1e5e20cc9,35d06fce2df446569702778e2250bd82,0.8769128322601318
2103b437c3c1452a96d8e7e1e5e20cc9,8fdee0611965465eb45387b8c39f4136,0.8767712116241455
2103b437c3c1452a96d8e7e1e5e20cc9,b585a2970e9f421da236241f603883f2,0.8760949373245239
2103b437c3c1452a96d8e7e1e5e20cc9,91f9f8576e5142a49926bd623b0bc19c,0.8733329772949219
2103b437c3c1452a96d8e7e1e5e20cc9,0b57f893483647c3aed811775a4c4c04,0.8728324174880981
21b1c7bbd46b4c41a0df6625bd007760,32aaca2a732f4272b237374d3cdeec90,0.8961260318756104
21b1c7bbd46b4c41a0df6625bd007760,da88fa5efc674368b593444ca950dff9,0.8737122416496277
21b1c7bbd46b4c41a0df6625bd007760,e5a3c8867e44498d9182e8be934e0fce,0.8677471876144409
21b1c7bbd46b4c41a0df6625bd007760,599feb1e512c43ad8c0a1845922acf78,0.8677442073822021
21b1c7bbd46b4c41a0df6625bd007760,4a3d4daed4b24a1898551f0fd1ba44f1,0.8655509948730469
21b1c7bbd46b4c41a0df6625bd007760,f91157bb8fca4a8e98db33591a76be9a,0.8644038438796997
21b1c7bbd46b4c41a0df6625bd007760,b585a2970e9f421da236241f603883f2,0.8629847764968872
21b1c7bbd46b4c41a0df6625bd007760,36ee1613abf245cdbe93fef69b5f981f,0.8621371984481812
21b1c7bbd46b4c41a0df6625bd007760,6732de8994744decbb3306c74aaa7882,0.8603590130805969
21b1c7bbd46b4c41a0df6625bd007760,35d06fce2df446569702778e2250bd82,0.8588778972625732
16176b85fa7d4eea8ca712599e1d734c,84ff5144597241bba5cbd3d0b21d220d,0.8801215291023254
16176b85fa7d4eea8ca712599e1d734c,1419b2c686f44896a0ae2a43e93b5402,0.875930666923523
16176b85fa7d4eea8ca712599e1d734c,bbdf9065122d499d9d8f80ad3e0ef6f3,0.8758043050765991
16176b85fa7d4eea8ca712599e1d734c,0842a796c09b4089933a4f27e4e5e3bc,0.875740110874176
16176b85fa7d4eea8ca712599e1d734c,65e30dd62cfa4dccb9ea4d908a9d6fab,0.8757050037384033
16176b85fa7d4eea8ca712599e1d734c,ca544e6629b14e8fab5f7cb40d1ac88e,0.8746577501296997
16176b85fa7d4eea8ca712599e1d734c,59f62d35b1ad451397b700b3dad25448,0.8709206581115723
16176b85fa7d4eea8ca712599e1d734c,88353d1136d24836816b073de62e5f50,0.8706730604171753
16176b85fa7d4eea8ca712599e1d734c,b4dadb3ea3a04cc3932094471debce13,0.8687642812728882
16176b85fa7d4eea8ca712599e1d734c,00614d60b3544ba790dfd23dd53992e0,0.8682615756988525
44a899ade12146e4b8343990c9980025,e7ee85dd47ca43eeb2fdcd70b802f0ec,0.89316725730896
44a899ade12146e4b8343990c9980025,b585a2970e9f421da236241f603883f2,0.8863441348075867
44a899ade12146e4b8343990c9980025,6732de8994744decbb3306c74aaa7882,0.8849526047706604
44a899ade12146e4b8343990c9980025,35d06fce2df446569702778e2250bd82,0.8839432597160339
44a899ade12146e4b8343990c9980025,6866efc8987a4ec8b04b7abd28fb5777,0.883095383644104
44a899ade12146e4b8343990c9980025,9bf3b77eb9874f5f9e006a9cff111ea9,0.8830264806747437
44a899ade12146e4b8343990c9980025,0bd1cce9370a461089e25393086800a8,0.8813731670379639
44a899ade12146e4b8343990c9980025,4a3d4daed4b24a1898551f0fd1ba44f1,0.8808416724205017
44a899ade12146e4b8343990c9980025,2471f23cb9b64d35a72deed09c9c8975,0.8783451914787292
44a899ade12146e4b8343990c9980025,72a7e2ce22d045efbdbbab9c68f5d026,0.8782474994659424
bf6b8d38a56c4b30b5e752bb54b78f62,84ff5144597241bba5cbd3d0b21d220d,0.9829254150390625
bf6b8d38a56c4b30b5e752bb54b78f62,d658e3a743af41899183fecff6b2628d,0.8967189192771912
bf6b8d38a56c4b30b5e752bb54b78f62,bbdf9065122d499d9d8f80ad3e0ef6f3,0.8905463814735413
bf6b8d38a56c4b30b5e752bb54b78f62,119a6d7b4af3458b951fc1c5ab5e1738,0.8886837959289551
bf6b8d38a56c4b30b5e752bb54b78f62,5537ddec608a4ec586ea068fa27547ca,0.8846611976623535
bf6b8d38a56c4b30b5e752bb54b78f62,b585a2970e9f421da236241f603883f2,0.8818163871765137
bf6b8d38a56c4b30b5e752bb54b78f62,02a3cd76ce534d188b4d5ac4778bd652,0.8796184062957764
bf6b8d38a56c4b30b5e752bb54b78f62,82d68ea370f8451aa16ea08f4601245c,0.8792346119880676
bf6b8d38a56c4b30b5e752bb54b78f62,26869cc099c44c4a86f6043476ab4890,0.8781591653823853
bf6b8d38a56c4b30b5e752bb54b78f62,f1c9c5051bdd4a11a064260bbb9d6d7b,0.8764274716377258
b18687f1960d4a13bbb6477d2e14af49,63ba014f9cc747ac87013da6be0ceab9,0.9819483757019043
b18687f1960d4a13bbb6477d2e14af49,0592b57e490d4206a3f12eb004a0afe0,0.8735496997833252
b18687f1960d4a13bbb6477d2e14af49,655a618282cd4fa39a26f0967c033f4b,0.8649099469184875
b18687f1960d4a13bbb6477d2e14af49,ff276acede2f4c14876ef47257758ae8,0.8618548512458801
b18687f1960d4a13bbb6477d2e14af49,19098957d8c24cab95daa30c2baefd8f,0.8563796281814575
b18687f1960d4a13bbb6477d2e14af49,d25e6f2fc8154dd7816f8f7a41bee12b,0.8562046885490417
b18687f1960d4a13bbb6477d2e14af49,93dc50abd35349f7923100dca2f41002,0.8554035425186157
b18687f1960d4a13bbb6477d2e14af49,34b736136487439389c10cc6bd4e9f4e,0.854110062122345
b18687f1960d4a13bbb6477d2e14af49,f1eecad10a61421eb16b1be7435d9c19,0.8540444374084473
b18687f1960d4a13bbb6477d2e14af49,c66c6f1449d44728a2ef72de53dd6d5e,0.8533740043640137
d40db3ad6f6e4cb6ade7fff2ae8e6902,01930613ce7d4a5f90ccf78d1e92a55d,0.982487678527832
d40db3ad6f6e4cb6ade7fff2ae8e6902,89e983dca0a34b768e17b3871b9cea1e,0.8984053134918213
d40db3ad6f6e4cb6ade7fff2ae8e6902,7aceed0dbea645b091207f4a53d879f2,0.8980480432510376
d40db3ad6f6e4cb6ade7fff2ae8e6902,1099cb6f4fac4eb8a1fb6db50e18296b,0.8936344981193542
d40db3ad6f6e4cb6ade7fff2ae8e6902,342aaa81ed004635bbf9cbc2592cd7b6,0.8915035128593445
d40db3ad6f6e4cb6ade7fff2ae8e6902,ffc5805e29a74be0a55b40318aa321d7,0.8913349509239197
d40db3ad6f6e4cb6ade7fff2ae8e6902,0bd1cce9370a461089e25393086800a8,0.8892648220062256
d40db3ad6f6e4cb6ade7fff2ae8e6902,5cf392f15360460bae6a6b0182bb99b9,0.8883674144744873
d40db3ad6f6e4cb6ade7fff2ae8e6902,ca0fe2dd97434e2ca7aecc38d4f1fcd9,0.8882188200950623
d40db3ad6f6e4cb6ade7fff2ae8e6902,9948a890ef25479e834f70944cb42eae,0.887782096862793
14ed0bcfd70f4e29b824ae027aa62fd7,01930613ce7d4a5f90ccf78d1e92a55d,0.9708773493766785
14ed0bcfd70f4e29b824ae027aa62fd7,7aceed0dbea645b091207f4a53d879f2,0.9032949209213257
14ed0bcfd70f4e29b824ae027aa62fd7,ca0fe2dd97434e2ca7aecc38d4f1fcd9,0.8958487510681152
14ed0bcfd70f4e29b824ae027aa62fd7,342aaa81ed004635bbf9cbc2592cd7b6,0.8929654359817505
14ed0bcfd70f4e29b824ae027aa62fd7,0ecfdd96e0054841883acba75e83b232,0.8929183483123779
14ed0bcfd70f4e29b824ae027aa62fd7,1099cb6f4fac4eb8a1fb6db50e18296b,0.8908808827400208
14ed0bcfd70f4e29b824ae027aa62fd7,baf841bad27c456c9de7227555ea3ef8,0.8868853449821472
14ed0bcfd70f4e29b824ae027aa62fd7,b3a022950e444682a113cec5a0537f6a,0.8861748576164246
14ed0bcfd70f4e29b824ae027aa62fd7,ffc5805e29a74be0a55b40318aa321d7,0.8844281435012817
14ed0bcfd70f4e29b824ae027aa62fd7,3f1c2bb09c4e4400b6ba19542fafce18,0.8834217190742493
67d233f58d224956a6992019e5ee4e52,be8953cc364d46cebbcc2c2da2c348ab,0.9142324924468994
67d233f58d224956a6992019e5ee4e52,23a16d69ffe848d593a4808907d8aa98,0.9104008674621582
67d233f58d224956a6992019e5ee4e52,d695b7afdc3841a28a56df578e56afce,0.9026045799255371
67d233f58d224956a6992019e5ee4e52,00614d60b3544ba790dfd23dd53992e0,0.8982124328613281
67d233f58d224956a6992019e5ee4e52,8dfe01febd46475ab5aef97033716ce1,0.8963188529014587
67d233f58d224956a6992019e5ee4e52,6c79712e67b54dd0a11d426a91207939,0.8900543451309204
67d233f58d224956a6992019e5ee4e52,5363ae1c905d4879a63259de4954702e,0.887641191482544
67d233f58d224956a6992019e5ee4e52,6866efc8987a4ec8b04b7abd28fb5777,0.8872264623641968
67d233f58d224956a6992019e5ee4e52,26e55eb4d910464497d700bfdf5a36ca,0.8866297006607056
67d233f58d224956a6992019e5ee4e52,444fa28d9ed54c82a522699041eae592,0.884415328502655
a3afbfc200e74247b56879592dfebb6b,23a16d69ffe848d593a4808907d8aa98,0.9125244617462158
a3afbfc200e74247b56879592dfebb6b,be8953cc364d46cebbcc2c2da2c348ab,0.911601185798645
a3afbfc200e74247b56879592dfebb6b,00614d60b3544ba790dfd23dd53992e0,0.9079697132110596
a3afbfc200e74247b56879592dfebb6b,d695b7afdc3841a28a56df578e56afce,0.9056527018547058
a3afbfc200e74247b56879592dfebb6b,8dfe01febd46475ab5aef97033716ce1,0.888458788394928
a3afbfc200e74247b56879592dfebb6b,6c79712e67b54dd0a11d426a91207939,0.8865257501602173
a3afbfc200e74247b56879592dfebb6b,5363ae1c905d4879a63259de4954702e,0.8860222101211548
a3afbfc200e74247b56879592dfebb6b,e06d08ff594a4acbac12edf579743fcf,0.8851702213287354
a3afbfc200e74247b56879592dfebb6b,26e55eb4d910464497d700bfdf5a36ca,0.8844480514526367
a3afbfc200e74247b56879592dfebb6b,0c889c151e094b948c13b0275e660a9c,0.8831503391265869
8d7604f278b740d4aeacdb8878c4346c,7e190e3c05d74e6b9f103e39142c1684,0.9801675081253052
8d7604f278b740d4aeacdb8878c4346c,feb980ae999948ce9be0266b4ddc048d,0.9066988229751587
8d7604f278b740d4aeacdb8878c4346c,8fca2e4873e946f7a788af2b846cebd7,0.9055901765823364
8d7604f278b740d4aeacdb8878c4346c,be8953cc364d46cebbcc2c2da2c348ab,0.8999911546707153
8d7604f278b740d4aeacdb8878c4346c,26b18153216b48d793b75598ddb54d77,0.8976376056671143
8d7604f278b740d4aeacdb8878c4346c,00614d60b3544ba790dfd23dd53992e0,0.8946309089660645
8d7604f278b740d4aeacdb8878c4346c,ca5add3cbf044a95a5bec88a5841ce98,0.894363522529602
8d7604f278b740d4aeacdb8878c4346c,41e657daa20545a588584578bdb4101c,0.8937205076217651
8d7604f278b740d4aeacdb8878c4346c,1d70bc69b2f84bef9aa5fb0d9917e38d,0.8930087089538574
8d7604f278b740d4aeacdb8878c4346c,e2e0c8c96aff4c00896ac6986bbb20c2,0.8923218846321106
8ec2127576a4485793b9d92153318d43,7e190e3c05d74e6b9f103e39142c1684,0.9364233016967773
8ec2127576a4485793b9d92153318d43,0f52f676197e4d4e92dec0a7bc4c4f7d,0.8976280093193054
8ec2127576a4485793b9d92153318d43,0433768f874042a5b2d2e37ad9deae13,0.8819206953048706
8ec2127576a4485793b9d92153318d43,97959d02a64f4a3fbbebe7cbece6c012,0.8816248178482056
8ec2127576a4485793b9d92153318d43,feb980ae999948ce9be0266b4ddc048d,0.8778121471405029
8ec2127576a4485793b9d92153318d43,097f2ce3b88c4d008488b9908076497e,0.8776568174362183
8ec2127576a4485793b9d92153318d43,2fcf4a04d3654ffb9a5c1dfa3799e4f0,0.8774682283401489
8ec2127576a4485793b9d92153318d43,0cdb0f32850f4585a16de4886462bbe0,0.8766956329345703
8ec2127576a4485793b9d92153318d43,26e55eb4d910464497d700bfdf5a36ca,0.875737190246582
8ec2127576a4485793b9d92153318d43,ca5add3cbf044a95a5bec88a5841ce98,0.8749424815177917
626cb3b50e974ad681234aa162f908dc,097c30a7f39a4a3abf6da2ca80cad3a5,0.9917589426040649
626cb3b50e974ad681234aa162f908dc,0f785440b29548e1a1968868262fd42e,0.8999074697494507
626cb3b50e974ad681234aa162f908dc,19098957d8c24cab95daa30c2baefd8f,0.8824284076690674
626cb3b50e974ad681234aa162f908dc,bb5c7d03a54647d08b8c62deeb803271,0.879349946975708
626cb3b50e974ad681234aa162f908dc,3574ab91c29940b3afc62354ae06b73b,0.8721623420715332
626cb3b50e974ad681234aa162f908dc,cb32ec9a538a4c0f8462771946ced93b,0.8693956732749939
626cb3b50e974ad681234aa162f908dc,6b4676aba2a746b3ab778315afc8ee82,0.8682365417480469
626cb3b50e974ad681234aa162f908dc,2639b6540bda414f8a9baa3b5cdb612a,0.8674013614654541
626cb3b50e974ad681234aa162f908dc,14ca42308d3141fba50b774042144343,0.867031455039978
626cb3b50e974ad681234aa162f908dc,04fa591263664fb0a6868552ebd3590b,0.8634904623031616
94f452ef32d5484fb3f57a09817b9f1d,009be1c3430743ff9b054bdfcd6228d6,0.9943883419036865
94f452ef32d5484fb3f57a09817b9f1d,18ab15fbf00f42f7a410ec75f7592bea,0.8925538659095764
94f452ef32d5484fb3f57a09817b9f1d,d60986f4025d443ea58adba0e3d224a1,0.8775330781936646
94f452ef32d5484fb3f57a09817b9f1d,00614d60b3544ba790dfd23dd53992e0,0.8550845384597778
94f452ef32d5484fb3f57a09817b9f1d,bce599075dfd4fac8dd78626106e3071,0.8456785678863525
94f452ef32d5484fb3f57a09817b9f1d,ca544e6629b14e8fab5f7cb40d1ac88e,0.835080087184906
94f452ef32d5484fb3f57a09817b9f1d,e9428816b054499298745b742f128f65,0.8286843299865723
94f452ef32d5484fb3f57a09817b9f1d,d2a03ea4b2d3439ca3dc6fe056ab0f04,0.8218040466308594
94f452ef32d5484fb3f57a09817b9f1d,7bbe3c76bcc04d73969f920d43fcc67d,0.8203982710838318
94f452ef32d5484fb3f57a09817b9f1d,acbf8eae7e064c11bab7adf66f216990,0.8202673196792603
535a28e902f348a580ea213312ceb00c,097c30a7f39a4a3abf6da2ca80cad3a5,0.9896625280380249
535a28e902f348a580ea213312ceb00c,0f785440b29548e1a1968868262fd42e,0.8969559669494629
535a28e902f348a580ea213312ceb00c,19098957d8c24cab95daa30c2baefd8f,0.8758395910263062
535a28e902f348a580ea213312ceb00c,3574ab91c29940b3afc62354ae06b73b,0.8751242160797119
535a28e902f348a580ea213312ceb00c,bb5c7d03a54647d08b8c62deeb803271,0.8740054368972778
535a28e902f348a580ea213312ceb00c,cb32ec9a538a4c0f8462771946ced93b,0.8735224008560181
535a28e902f348a580ea213312ceb00c,14ca42308d3141fba50b774042144343,0.8701012134552002
535a28e902f348a580ea213312ceb00c,6b4676aba2a746b3ab778315afc8ee82,0.8699016571044922
535a28e902f348a580ea213312ceb00c,1419b2c686f44896a0ae2a43e93b5402,0.8634663224220276
535a28e902f348a580ea213312ceb00c,51c6049a18b84ee381d0512e40b67c0e,0.862769603729248
e15e47a180cc428db81815b4d543f5b2,009be1c3430743ff9b054bdfcd6228d6,0.9978038668632507
e15e47a180cc428db81815b4d543f5b2,18ab15fbf00f42f7a410ec75f7592bea,0.8901141881942749
e15e47a180cc428db81815b4d543f5b2,d60986f4025d443ea58adba0e3d224a1,0.8770667314529419
e15e47a180cc428db81815b4d543f5b2,00614d60b3544ba790dfd23dd53992e0,0.8535309433937073
e15e47a180cc428db81815b4d543f5b2,bce599075dfd4fac8dd78626106e3071,0.8464110493659973
e15e47a180cc428db81815b4d543f5b2,ca544e6629b14e8fab5f7cb40d1ac88e,0.834255576133728
e15e47a180cc428db81815b4d543f5b2,e9428816b054499298745b742f128f65,0.8315143585205078
e15e47a180cc428db81815b4d543f5b2,d2a03ea4b2d3439ca3dc6fe056ab0f04,0.8226419687271118
e15e47a180cc428db81815b4d543f5b2,7bbe3c76bcc04d73969f920d43fcc67d,0.8214132189750671
e15e47a180cc428db81815b4d543f5b2,c4b9d7a8d5d342459d2282589b3af293,0.8178573846817017
da51bfb867844c51948b40b82c100086,da61e0de396149208c9ebd0fd6d7415d,0.9912684559822083
da51bfb867844c51948b40b82c100086,64e74af099b0485f8b6e71ac73aa2cb8,0.9236749410629272
da51bfb867844c51948b40b82c100086,87fc1d6a57ea488786caaec8599c3b8b,0.9217196106910706
da51bfb867844c51948b40b82c100086,0b57f893483647c3aed811775a4c4c04,0.9122345447540283
da51bfb867844c51948b40b82c100086,cb550e5ff4694fe9a19eaa6588cef250,0.9070209264755249
da51bfb867844c51948b40b82c100086,e7ee85dd47ca43eeb2fdcd70b802f0ec,0.9068011045455933
da51bfb867844c51948b40b82c100086,ef8c056ecb524439a48c881089537951,0.906215488910675
da51bfb867844c51948b40b82c100086,6866efc8987a4ec8b04b7abd28fb5777,0.901631236076355
da51bfb867844c51948b40b82c100086,4a3d4daed4b24a1898551f0fd1ba44f1,0.9012285470962524
da51bfb867844c51948b40b82c100086,66690895454847fea5a000202fbfab2e,0.8990908861160278
ac80730acb08455c893a3d869cfc6da4,da61e0de396149208c9ebd0fd6d7415d,0.9445667266845703
ac80730acb08455c893a3d869cfc6da4,64e74af099b0485f8b6e71ac73aa2cb8,0.9371641278266907
ac80730acb08455c893a3d869cfc6da4,26869cc099c44c4a86f6043476ab4890,0.9114235639572144
ac80730acb08455c893a3d869cfc6da4,cb550e5ff4694fe9a19eaa6588cef250,0.9113795161247253
ac80730acb08455c893a3d869cfc6da4,e4e12f4711fd41e39075e26cc274df45,0.9099216461181641
ac80730acb08455c893a3d869cfc6da4,87fc1d6a57ea488786caaec8599c3b8b,0.9075181484222412
ac80730acb08455c893a3d869cfc6da4,2d43cf91509846e29ab4febd7781919f,0.9066175222396851
ac80730acb08455c893a3d869cfc6da4,4a3d4daed4b24a1898551f0fd1ba44f1,0.9035583734512329
ac80730acb08455c893a3d869cfc6da4,0b57f893483647c3aed811775a4c4c04,0.9034472107887268
ac80730acb08455c893a3d869cfc6da4,4926607aafe749538c930e108275547e,0.9034209251403809
f9840dbad6f34d8dafdf0b5c3bf04cb8,530b37164090408dbab4e6da51111b8a,0.9395207166671753
f9840dbad6f34d8dafdf0b5c3bf04cb8,d658e3a743af41899183fecff6b2628d,0.9128987193107605
f9840dbad6f34d8dafdf0b5c3bf04cb8,59f62d35b1ad451397b700b3dad25448,0.8896399736404419
f9840dbad6f34d8dafdf0b5c3bf04cb8,434551fdf9e443ed91679a9557ae6fd5,0.8886570930480957
f9840dbad6f34d8dafdf0b5c3bf04cb8,1419b2c686f44896a0ae2a43e93b5402,0.8880450129508972
f9840dbad6f34d8dafdf0b5c3bf04cb8,c84deec0ecf843c39f52d4cb8e7300f8,0.8874226808547974
f9840dbad6f34d8dafdf0b5c3bf04cb8,bbdf9065122d499d9d8f80ad3e0ef6f3,0.8846246004104614
f9840dbad6f34d8dafdf0b5c3bf04cb8,88353d1136d24836816b073de62e5f50,0.8835830092430115
f9840dbad6f34d8dafdf0b5c3bf04cb8,84581d81d46d44bc99ffb8f871646a7a,0.8807082176208496
f9840dbad6f34d8dafdf0b5c3bf04cb8,23a16d69ffe848d593a4808907d8aa98,0.8788208961486816
b5a9253e400f4be2a770d5cc396a168d,291130c42a884be2800e026bab5ddf53,0.9676904082298279
b5a9253e400f4be2a770d5cc396a168d,e12ad1ce8e7940a999b9a4f91a95fab7,0.9186742305755615
b5a9253e400f4be2a770d5cc396a168d,be8953cc364d46cebbcc2c2da2c348ab,0.9060148596763611
b5a9253e400f4be2a770d5cc396a168d,fc430b7683934be2aba12468b2409bb8,0.8990882039070129
b5a9253e400f4be2a770d5cc396a168d,5e44915237fc4445b54b037e1c4e29a4,0.8966644406318665
b5a9253e400f4be2a770d5cc396a168d,ca5add3cbf044a95a5bec88a5841ce98,0.8959513902664185
b5a9253e400f4be2a770d5cc396a168d,e7ee85dd47ca43eeb2fdcd70b802f0ec,0.8950675129890442
b5a9253e400f4be2a770d5cc396a168d,b585a2970e9f421da236241f603883f2,0.8917357921600342
b5a9253e400f4be2a770d5cc396a168d,6866efc8987a4ec8b04b7abd28fb5777,0.8910824060440063
b5a9253e400f4be2a770d5cc396a168d,f91157bb8fca4a8e98db33591a76be9a,0.8888949155807495
7225852aa975430d8fdd288151e7f0b1,291130c42a884be2800e026bab5ddf53,0.9415735006332397
7225852aa975430d8fdd288151e7f0b1,5e44915237fc4445b54b037e1c4e29a4,0.8993210792541504
7225852aa975430d8fdd288151e7f0b1,e511c40ca6324803b5021e47b4e777f8,0.8853704929351807
7225852aa975430d8fdd288151e7f0b1,66690895454847fea5a000202fbfab2e,0.8843775987625122
7225852aa975430d8fdd288151e7f0b1,e12ad1ce8e7940a999b9a4f91a95fab7,0.883696436882019
7225852aa975430d8fdd288151e7f0b1,e7ee85dd47ca43eeb2fdcd70b802f0ec,0.8797135353088379
7225852aa975430d8fdd288151e7f0b1,6732de8994744decbb3306c74aaa7882,0.8793753385543823
7225852aa975430d8fdd288151e7f0b1,f1c9c5051bdd4a11a064260bbb9d6d7b,0.8789079189300537
7225852aa975430d8fdd288151e7f0b1,f91157bb8fca4a8e98db33591a76be9a,0.8776484727859497
7225852aa975430d8fdd288151e7f0b1,249c2d8d8d2345c6990b3c4d94385b5a,0.8759374618530273
a96d696a72654ee6b6dc50fd558310c7,c4e79c8992e54866b0c6f26c55b1a774,0.9631889462471008
a96d696a72654ee6b6dc50fd558310c7,444fa28d9ed54c82a522699041eae592,0.8848686218261719
a96d696a72654ee6b6dc50fd558310c7,c4b9d7a8d5d342459d2282589b3af293,0.8822005987167358
a96d696a72654ee6b6dc50fd558310c7,c2a665cec90e46db8d2a74389beb4649,0.8819354772567749
a96d696a72654ee6b6dc50fd558310c7,8228c9eb29a542ba98c8b9b854eadaa4,0.8809795379638672
a96d696a72654ee6b6dc50fd558310c7,52f20bd7eb50430c95f0916727880a1b,0.8787746429443359
a96d696a72654ee6b6dc50fd558310c7,342aaa81ed004635bbf9cbc2592cd7b6,0.8757896423339844
a96d696a72654ee6b6dc50fd558310c7,23a16d69ffe848d593a4808907d8aa98,0.8709708452224731
a96d696a72654ee6b6dc50fd558310c7,ca1a2a6308834baba3140b5ce8f81320,0.8709556460380554
a96d696a72654ee6b6dc50fd558310c7,89e983dca0a34b768e17b3871b9cea1e,0.869757354259491
37b367fa65f74351b74612f813c76536,c4e79c8992e54866b0c6f26c55b1a774,0.959479570388794
37b367fa65f74351b74612f813c76536,342aaa81ed004635bbf9cbc2592cd7b6,0.9050448536872864
37b367fa65f74351b74612f813c76536,01930613ce7d4a5f90ccf78d1e92a55d,0.8942208290100098
37b367fa65f74351b74612f813c76536,52f20bd7eb50430c95f0916727880a1b,0.8923553824424744
37b367fa65f74351b74612f813c76536,5cf392f15360460bae6a6b0182bb99b9,0.8901360034942627
37b367fa65f74351b74612f813c76536,c2a665cec90e46db8d2a74389beb4649,0.8898446559906006
37b367fa65f74351b74612f813c76536,8228c9eb29a542ba98c8b9b854eadaa4,0.8890068531036377
37b367fa65f74351b74612f813c76536,ca1a2a6308834baba3140b5ce8f81320,0.8889268636703491
37b367fa65f74351b74612f813c76536,23a16d69ffe848d593a4808907d8aa98,0.8885515332221985
37b367fa65f74351b74612f813c76536,8c5f38853679436ba434b6a696e43168,0.8875681161880493
08f68074e69745d0a65e386ce21fddc8,1d93c07de74c482ebf0a76ec564c3252,0.9487053155899048
08f68074e69745d0a65e386ce21fddc8,50aa0f56e00d4c23ac78b3e63bc0f0e1,0.9120995402336121
08f68074e69745d0a65e386ce21fddc8,a8904adcdd21495f890bc614bfdbf86f,0.904259443283081
08f68074e69745d0a65e386ce21fddc8,444fa28d9ed54c82a522699041eae592,0.9032099843025208
08f68074e69745d0a65e386ce21fddc8,93bf0b86be094f68a9d308ca5ecfb4e3,0.9001551866531372
08f68074e69745d0a65e386ce21fddc8,6866efc8987a4ec8b04b7abd28fb5777,0.8973946571350098
08f68074e69745d0a65e386ce21fddc8,f91157bb8fca4a8e98db33591a76be9a,0.8953895568847656
08f68074e69745d0a65e386ce21fddc8,2d43cf91509846e29ab4febd7781919f,0.8939837217330933
08f68074e69745d0a65e386ce21fddc8,be8953cc364d46cebbcc2c2da2c348ab,0.8929985761642456
08f68074e69745d0a65e386ce21fddc8,f4b7e6e902e344859cb041126b69ce3c,0.8917832970619202
68465053fe3d4c0bb46ce2dd5bd8a32b,86179aff3df24ff59b11e9a34974a3f4,0.9053609371185303
68465053fe3d4c0bb46ce2dd5bd8a32b,50aa0f56e00d4c23ac78b3e63bc0f0e1,0.9032731056213379
68465053fe3d4c0bb46ce2dd5bd8a32b,64e74af099b0485f8b6e71ac73aa2cb8,0.9010393619537354
68465053fe3d4c0bb46ce2dd5bd8a32b,07d869789eda4445a1ecfe59c331db0d,0.8945543766021729
68465053fe3d4c0bb46ce2dd5bd8a32b,59f62d35b1ad451397b700b3dad25448,0.8944507837295532
68465053fe3d4c0bb46ce2dd5bd8a32b,13aca0959cc948cabeee0d7255f55a65,0.8921042680740356
68465053fe3d4c0bb46ce2dd5bd8a32b,c713a0ca69864ee7b240069c98dc44dc,0.889657735824585
68465053fe3d4c0bb46ce2dd5bd8a32b,f69855cdf66d4f6887ecfd0ddb9014b5,0.8863111138343811
68465053fe3d4c0bb46ce2dd5bd8a32b,2d43cf91509846e29ab4febd7781919f,0.8851922750473022
68465053fe3d4c0bb46ce2dd5bd8a32b,b01fd4d037a84a7aa777e1fc345c73c5,0.8837754726409912
893596ad13e54f2daf6287092d79d6ae,86179aff3df24ff59b11e9a34974a3f4,0.9099196791648865
893596ad13e54f2daf6287092d79d6ae,50aa0f56e00d4c23ac78b3e63bc0f0e1,0.9068953990936279
893596ad13e54f2daf6287092d79d6ae,07d869789eda4445a1ecfe59c331db0d,0.8951138854026794
893596ad13e54f2daf6287092d79d6ae,64e74af099b0485f8b6e71ac73aa2cb8,0.8900852203369141
893596ad13e54f2daf6287092d79d6ae,59f62d35b1ad451397b700b3dad25448,0.884419322013855
893596ad13e54f2daf6287092d79d6ae,13aca0959cc948cabeee0d7255f55a65,0.884348452091217
893596ad13e54f2daf6287092d79d6ae,2d43cf91509846e29ab4febd7781919f,0.8829364776611328
893596ad13e54f2daf6287092d79d6ae,26869cc099c44c4a86f6043476ab4890,0.8789156675338745
893596ad13e54f2daf6287092d79d6ae,c713a0ca69864ee7b240069c98dc44dc,0.8753098249435425
893596ad13e54f2daf6287092d79d6ae,1027a336232c4454a9c4ae450a562788,0.8748976588249207
603dd3df1374474d9bb550bfa01147e6,1d93c07de74c482ebf0a76ec564c3252,0.8972375988960266
603dd3df1374474d9bb550bfa01147e6,c713a0ca69864ee7b240069c98dc44dc,0.8959137797355652
603dd3df1374474d9bb550bfa01147e6,1ade4365590a4ac7865100d8c791e340,0.895698070526123
603dd3df1374474d9bb550bfa01147e6,f69855cdf66d4f6887ecfd0ddb9014b5,0.8871515393257141
603dd3df1374474d9bb550bfa01147e6,74de04f31db94a99b757685c91779412,0.882783055305481
603dd3df1374474d9bb550bfa01147e6,5cfb876eeb4f410aa1282cc279f0e546,0.880617618560791
603dd3df1374474d9bb550bfa01147e6,0842a796c09b4089933a4f27e4e5e3bc,0.8801379799842834
603dd3df1374474d9bb550bfa01147e6,1027a336232c4454a9c4ae450a562788,0.8784835934638977
603dd3df1374474d9bb550bfa01147e6,4c67cc7a1ccc496db132636e3f4853a2,0.8765953779220581
603dd3df1374474d9bb550bfa01147e6,86179aff3df24ff59b11e9a34974a3f4,0.8737170100212097
02de17a638f94e98ac7dce22ddde14ee,5c644b51b1394a7b8fa0a9a6275c422d,0.9647457599639893
02de17a638f94e98ac7dce22ddde14ee,4a7fa5a1bafe4b6995e2920444ac07c4,0.90545254945755
02de17a638f94e98ac7dce22ddde14ee,0842a796c09b4089933a4f27e4e5e3bc,0.904353141784668
02de17a638f94e98ac7dce22ddde14ee,8fca2e4873e946f7a788af2b846cebd7,0.9024540185928345
02de17a638f94e98ac7dce22ddde14ee,26869cc099c44c4a86f6043476ab4890,0.9008471965789795
02de17a638f94e98ac7dce22ddde14ee,3aa003c1e31b476e999c3a808a1d5dc6,0.9004971981048584
02de17a638f94e98ac7dce22ddde14ee,e4e12f4711fd41e39075e26cc274df45,0.8997340202331543
02de17a638f94e98ac7dce22ddde14ee,bbdf9065122d499d9d8f80ad3e0ef6f3,0.8996811509132385
02de17a638f94e98ac7dce22ddde14ee,0b57f893483647c3aed811775a4c4c04,0.8971259593963623
02de17a638f94e98ac7dce22ddde14ee,d658e3a743af41899183fecff6b2628d,0.8970966339111328
902d22a8d96c4f0ab484d880bfc2e287,5c644b51b1394a7b8fa0a9a6275c422d,0.941062331199646
902d22a8d96c4f0ab484d880bfc2e287,e4e12f4711fd41e39075e26cc274df45,0.9145011901855469
902d22a8d96c4f0ab484d880bfc2e287,4a7fa5a1bafe4b6995e2920444ac07c4,0.9117231965065002
902d22a8d96c4f0ab484d880bfc2e287,cdd73e0289aa4e2b87cd14e6ff5bd75e,0.9080034494400024
902d22a8d96c4f0ab484d880bfc2e287,8fca2e4873e946f7a788af2b846cebd7,0.906561017036438
902d22a8d96c4f0ab484d880bfc2e287,26869cc099c44c4a86f6043476ab4890,0.9063700437545776
902d22a8d96c4f0ab484d880bfc2e287,1f9cd7f2b7a14e2f8d490a104a56edcd,0.9058362245559692
902d22a8d96c4f0ab484d880bfc2e287,82d68ea370f8451aa16ea08f4601245c,0.9040940999984741
902d22a8d96c4f0ab484d880bfc2e287,0eb119aabc884795a4768c6d3e677ea1,0.9035331606864929
902d22a8d96c4f0ab484d880bfc2e287,3aa003c1e31b476e999c3a808a1d5dc6,0.9029258489608765
ae7ab0c6a5a14d8e8586a9699557a7fd,a2612682d9854a30a7684c91c8619ec9,0.9844158887863159
ae7ab0c6a5a14d8e8586a9699557a7fd,5363ae1c905d4879a63259de4954702e,0.9251646995544434
ae7ab0c6a5a14d8e8586a9699557a7fd,82d68ea370f8451aa16ea08f4601245c,0.9199270009994507
ae7ab0c6a5a14d8e8586a9699557a7fd,50a2129b83404b94889a01f4688ebafd,0.9144883155822754
ae7ab0c6a5a14d8e8586a9699557a7fd,cd6ce920d00e4d17a6cf04f9f7e550b7,0.9052762389183044
ae7ab0c6a5a14d8e8586a9699557a7fd,be8953cc364d46cebbcc2c2da2c348ab,0.9035136699676514
ae7ab0c6a5a14d8e8586a9699557a7fd,00614d60b3544ba790dfd23dd53992e0,0.8999465703964233
ae7ab0c6a5a14d8e8586a9699557a7fd,d695b7afdc3841a28a56df578e56afce,0.8997321128845215
ae7ab0c6a5a14d8e8586a9699557a7fd,26e55eb4d910464497d700bfdf5a36ca,0.8985624313354492
ae7ab0c6a5a14d8e8586a9699557a7fd,d658e3a743af41899183fecff6b2628d,0.8983331322669983
b0bed57573cb454590995348d9c3451b,25afb6f7e9314af09008644bca5955b9,0.988487720489502
b0bed57573cb454590995348d9c3451b,e88ce4cd350f43398a5c0ab8629cee72,0.9123705625534058
b0bed57573cb454590995348d9c3451b,e2e0c8c96aff4c00896ac6986bbb20c2,0.9059309959411621
b0bed57573cb454590995348d9c3451b,33b5e2ae5ebe4f548bac3a00ab0a59eb,0.8975021839141846
b0bed57573cb454590995348d9c3451b,04d24d1cf42b4f7787d8d300cbad6d50,0.8953589200973511
b0bed57573cb454590995348d9c3451b,19098957d8c24cab95daa30c2baefd8f,0.8915586471557617
b0bed57573cb454590995348d9c3451b,724a3f6551e74ad585bdeac9a75fd639,0.8886420726776123
b0bed57573cb454590995348d9c3451b,1419b2c686f44896a0ae2a43e93b5402,0.8878774642944336
b0bed57573cb454590995348d9c3451b,39e2b00e1cbd471488cf56f31d2cec7f,0.886893630027771
b0bed57573cb454590995348d9c3451b,f12e9e5805534d719f829332d1ea5d29,0.8863164782524109
7599a56ef38f493d9ee1b47c9ae8fb02,25afb6f7e9314af09008644bca5955b9,0.9790624380111694
7599a56ef38f493d9ee1b47c9ae8fb02,e2e0c8c96aff4c00896ac6986bbb20c2,0.9118292331695557
7599a56ef38f493d9ee1b47c9ae8fb02,33b5e2ae5ebe4f548bac3a00ab0a59eb,0.9108824729919434
7599a56ef38f493d9ee1b47c9ae8fb02,e88ce4cd350f43398a5c0ab8629cee72,0.9090362191200256
7599a56ef38f493d9ee1b47c9ae8fb02,04d24d1cf42b4f7787d8d300cbad6d50,0.90293949842453
7599a56ef38f493d9ee1b47c9ae8fb02,19098957d8c24cab95daa30c2baefd8f,0.8977527618408203
7599a56ef38f493d9ee1b47c9ae8fb02,724a3f6551e74ad585bdeac9a75fd639,0.8917114734649658
7599a56ef38f493d9ee1b47c9ae8fb02,384b14b18c3c43b1a4dc1aa2f661e076,0.8872964382171631
7599a56ef38f493d9ee1b47c9ae8fb02,3d3e8565d2f84e0cad5ae622f2909765,0.8867824673652649
7599a56ef38f493d9ee1b47c9ae8fb02,04fa591263664fb0a6868552ebd3590b,0.8867801427841187
165c7dbc2b894793b9fb4752c3092399,1aaf8edc37ea412b85e3d1b5c5317051,0.8746086359024048
165c7dbc2b894793b9fb4752c3092399,d476be2399b7424a88d242b771c32041,0.872572124004364
165c7dbc2b894793b9fb4752c3092399,0971af4212484a958eb0f60f93d1dfe0,0.8628823757171631
165c7dbc2b894793b9fb4752c3092399,6732de8994744decbb3306c74aaa7882,0.8605756759643555
165c7dbc2b894793b9fb4752c3092399,31cf7db26a3249c5a6205b005662ddcf,0.8581407070159912
165c7dbc2b894793b9fb4752c3092399,f59a3ee5387440d981754b6595e8664c,0.8545272350311279
165c7dbc2b894793b9fb4752c3092399,57430214baf045cb92fa3b3b70a4ca3f,0.8542534708976746
165c7dbc2b894793b9fb4752c3092399,b0d2e6c4b2384950b3696c4414870282,0.853560745716095
165c7dbc2b894793b9fb4752c3092399,7d0190486da540718e4dc4ca4bd1f573,0.8517018556594849
165c7dbc2b894793b9fb4752c3092399,e5a3c8867e44498d9182e8be934e0fce,0.8508386611938477
5d809a0446e94ce08823b0be4c6e85f3,d476be2399b7424a88d242b771c32041,0.9278067350387573
5d809a0446e94ce08823b0be4c6e85f3,ad42c467d0fe43dbb328073f9a16bc4d,0.8891420364379883
5d809a0446e94ce08823b0be4c6e85f3,6732de8994744decbb3306c74aaa7882,0.8823662996292114
5d809a0446e94ce08823b0be4c6e85f3,5f481b07f9734f518a14853831233b78,0.8812704086303711
5d809a0446e94ce08823b0be4c6e85f3,22d9d5ad33e947fd857c5c4a8b7dfae1,0.8805321455001831
5d809a0446e94ce08823b0be4c6e85f3,30f654c6e69e48888f9f42dd95ab3c77,0.8804754018783569
5d809a0446e94ce08823b0be4c6e85f3,1aaf8edc37ea412b85e3d1b5c5317051,0.8787679672241211
5d809a0446e94ce08823b0be4c6e85f3,bcfa4a4177d44d8b8cda17b7a23196b0,0.8769798278808594
5d809a0446e94ce08823b0be4c6e85f3,0cc5015848a044b59fa4b290813f859c,0.8747543096542358
5d809a0446e94ce08823b0be4c6e85f3,1232f20e710b448e8c0538b9e84dab1c,0.8736052513122559
92568b35bd5b40c6860861e28db2deb2,9948a890ef25479e834f70944cb42eae,0.9306640625
92568b35bd5b40c6860861e28db2deb2,e343a998f4df4ac195c84e0fb571a393,0.9051690101623535
92568b35bd5b40c6860861e28db2deb2,ca0fe2dd97434e2ca7aecc38d4f1fcd9,0.9033495187759399
92568b35bd5b40c6860861e28db2deb2,200f7fc78e4c403982f61b2894e50bad,0.8952046036720276
92568b35bd5b40c6860861e28db2deb2,a9573f188204436090fb4a5240e4eccd,0.8924347162246704
92568b35bd5b40c6860861e28db2deb2,1ad0cf33e96243888d5f970195a75586,0.8822618722915649
92568b35bd5b40c6860861e28db2deb2,033f1514c78b49dd82148b94f6bcbeba,0.879581868648529
92568b35bd5b40c6860861e28db2deb2,0ecfdd96e0054841883acba75e83b232,0.8773545026779175
92568b35bd5b40c6860861e28db2deb2,42b6af4853fc465f83ec054f8f8289a4,0.8768260478973389
92568b35bd5b40c6860861e28db2deb2,f5b766ea6abe4b5fb27d49cc3bc06020,0.8750993013381958
158d18f87a6b42b483a70835afe005fe,9948a890ef25479e834f70944cb42eae,0.9730529189109802
158d18f87a6b42b483a70835afe005fe,e343a998f4df4ac195c84e0fb571a393,0.9092888832092285
158d18f87a6b42b483a70835afe005fe,b3a022950e444682a113cec5a0537f6a,0.8939439058303833
158d18f87a6b42b483a70835afe005fe,ca0fe2dd97434e2ca7aecc38d4f1fcd9,0.8902654647827148
158d18f87a6b42b483a70835afe005fe,9094e936e13641cc9bfcc7dc1408d86e,0.8899685740470886
158d18f87a6b42b483a70835afe005fe,3f1c2bb09c4e4400b6ba19542fafce18,0.8890146017074585
158d18f87a6b42b483a70835afe005fe,ed4449952a9e45339b76fc5f123cb917,0.8856579065322876
158d18f87a6b42b483a70835afe005fe,1ad0cf33e96243888d5f970195a75586,0.8854442834854126
158d18f87a6b42b483a70835afe005fe,7aceed0dbea645b091207f4a53d879f2,0.885155439376831
158d18f87a6b42b483a70835afe005fe,2b3ecf8be2b242f3b8a1e714390749fb,0.885093092918396
0c0e949f7e9b48398fe5eff0d7dd803e,26e55eb4d910464497d700bfdf5a36ca,0.9790544509887695
0c0e949f7e9b48398fe5eff0d7dd803e,6c79712e67b54dd0a11d426a91207939,0.9247149229049683
0c0e949f7e9b48398fe5eff0d7dd803e,57bcda73abab44ee930b20cdaee9d24b,0.9121830463409424
0c0e949f7e9b48398fe5eff0d7dd803e,452d645d5bf4485185e996dcec9523e5,0.9048748016357422
0c0e949f7e9b48398fe5eff0d7dd803e,fc430b7683934be2aba12468b2409bb8,0.9026447534561157
0c0e949f7e9b48398fe5eff0d7dd803e,d658e3a743af41899183fecff6b2628d,0.9013155102729797
0c0e949f7e9b48398fe5eff0d7dd803e,01ffceddb5b34406a08bb982b424b3cf,0.9009910225868225
0c0e949f7e9b48398fe5eff0d7dd803e,b702b2b61ce048c6bf5af3c4dca18b1a,0.8993268013000488
0c0e949f7e9b48398fe5eff0d7dd803e,5363ae1c905d4879a63259de4954702e,0.8991807103157043
0c0e949f7e9b48398fe5eff0d7dd803e,82d68ea370f8451aa16ea08f4601245c,0.8984520435333252
4ea8b345742042fd848e678d308fa183,092cb872c8724c7681c50da9c6cfa252,0.971470832824707
4ea8b345742042fd848e678d308fa183,5e44915237fc4445b54b037e1c4e29a4,0.8914312124252319
4ea8b345742042fd848e678d308fa183,57bcda73abab44ee930b20cdaee9d24b,0.8888480067253113
4ea8b345742042fd848e678d308fa183,636c21e19a5845e1b8d69a5fca928030,0.8822546601295471
4ea8b345742042fd848e678d308fa183,6b7b5d28293d4a5a8075f7f7dd231ddb,0.8790293335914612
4ea8b345742042fd848e678d308fa183,54e9bbd0093947a3bda5fef48ef7493d,0.871658205986023
4ea8b345742042fd848e678d308fa183,e7ee85dd47ca43eeb2fdcd70b802f0ec,0.8694639205932617
4ea8b345742042fd848e678d308fa183,b675be39e8ff421aa59811f146da945b,0.8684922456741333
4ea8b345742042fd848e678d308fa183,b8da01ceddcb45a491a288ddbc658e90,0.8669459819793701
4ea8b345742042fd848e678d308fa183,26e55eb4d910464497d700bfdf5a36ca,0.8655049800872803
37bffb22be1b4b25a409e630b58bb3a7,82d68ea370f8451aa16ea08f4601245c,0.9282481670379639
37bffb22be1b4b25a409e630b58bb3a7,1d70bc69b2f84bef9aa5fb0d9917e38d,0.9158352613449097
37bffb22be1b4b25a409e630b58bb3a7,aa082284f9894b5aa210c179d59999b1,0.9137639403343201
37bffb22be1b4b25a409e630b58bb3a7,26e55eb4d910464497d700bfdf5a36ca,0.9134994745254517
37bffb22be1b4b25a409e630b58bb3a7,ca5add3cbf044a95a5bec88a5841ce98,0.9126726984977722
37bffb22be1b4b25a409e630b58bb3a7,6bde760ad5d4485db9889b1bdc074005,0.9098265171051025
37bffb22be1b4b25a409e630b58bb3a7,f335a944a27a4504a82ecf70c2d4a5e4,0.9097720384597778
37bffb22be1b4b25a409e630b58bb3a7,43464ed6733f4642a0b90e7d995a5e40,0.9087920784950256
37bffb22be1b4b25a409e630b58bb3a7,a2612682d9854a30a7684c91c8619ec9,0.9080649614334106
37bffb22be1b4b25a409e630b58bb3a7,50a2129b83404b94889a01f4688ebafd,0.9075684547424316
fdff932278894d1885bfbc905009ea46,a5d5fb459a1844088e93ae557ab34afe,0.986865758895874
fdff932278894d1885bfbc905009ea46,2b3ecf8be2b242f3b8a1e714390749fb,0.923963725566864
fdff932278894d1885bfbc905009ea46,4a7fa5a1bafe4b6995e2920444ac07c4,0.9188964366912842
fdff932278894d1885bfbc905009ea46,0accd1d0138b49049d437c0d9b1c23c3,0.9156256914138794
fdff932278894d1885bfbc905009ea46,50a2129b83404b94889a01f4688ebafd,0.91336590051651
fdff932278894d1885bfbc905009ea46,d8b3ad3b5c4e474db41a671ab286424f,0.908779501914978
fdff932278894d1885bfbc905009ea46,a055f8188384479a8bad418f7dffd9a5,0.9067938923835754
fdff932278894d1885bfbc905009ea46,dd77b570036f40de9fdf49011bb9e2d8,0.9061276316642761
fdff932278894d1885bfbc905009ea46,5fc200cab89346658c9c91cce27e85fe,0.9044989347457886
fdff932278894d1885bfbc905009ea46,f69855cdf66d4f6887ecfd0ddb9014b5,0.9034639596939087
55c258651d4f46ba879ad04a408ca3f8,092cb872c8724c7681c50da9c6cfa252,0.9733012914657593
55c258651d4f46ba879ad04a408ca3f8,5e44915237fc4445b54b037e1c4e29a4,0.8927831649780273
55c258651d4f46ba879ad04a408ca3f8,1aaf8edc37ea412b85e3d1b5c5317051,0.8904215097427368
55c258651d4f46ba879ad04a408ca3f8,1232f20e710b448e8c0538b9e84dab1c,0.8898040652275085
55c258651d4f46ba879ad04a408ca3f8,6b7b5d28293d4a5a8075f7f7dd231ddb,0.8871195316314697
55c258651d4f46ba879ad04a408ca3f8,57bcda73abab44ee930b20cdaee9d24b,0.8839250802993774
55c258651d4f46ba879ad04a408ca3f8,636c21e19a5845e1b8d69a5fca928030,0.8821138739585876
55c258651d4f46ba879ad04a408ca3f8,6732de8994744decbb3306c74aaa7882,0.8805730938911438
55c258651d4f46ba879ad04a408ca3f8,d476be2399b7424a88d242b771c32041,0.8778420090675354
55c258651d4f46ba879ad04a408ca3f8,8d595c7da42545c88052e7b213b6c97c,0.873612642288208
173024800a4148a59d834a44d0998dbe,de1102228a324428989533278cd482f6,0.9891359806060791
173024800a4148a59d834a44d0998dbe,6bedb2d6ace34e18811b7f1206b2d1b0,0.8978192210197449
173024800a4148a59d834a44d0998dbe,6866efc8987a4ec8b04b7abd28fb5777,0.8921459913253784
173024800a4148a59d834a44d0998dbe,6bde760ad5d4485db9889b1bdc074005,0.8917495012283325
173024800a4148a59d834a44d0998dbe,2d43cf91509846e29ab4febd7781919f,0.8915072083473206
173024800a4148a59d834a44d0998dbe,26869cc099c44c4a86f6043476ab4890,0.8899334669113159
173024800a4148a59d834a44d0998dbe,f4b7e6e902e344859cb041126b69ce3c,0.8885507583618164
173024800a4148a59d834a44d0998dbe,8987ceafff324f9599b842542e37eddd,0.8880212306976318
173024800a4148a59d834a44d0998dbe,d695b7afdc3841a28a56df578e56afce,0.8872166275978088
173024800a4148a59d834a44d0998dbe,beccee3a988f48c1ad207e2380766fa4,0.885446310043335
04f607a8dfdb4e6f8c795634b207e615,06b7dd1b701544ac80dd7ca54ed707cf,0.9878000617027283
04f607a8dfdb4e6f8c795634b207e615,7199f2fe77824236a392e1f00a5bdfc3,0.9115681052207947
04f607a8dfdb4e6f8c795634b207e615,1f9cd7f2b7a14e2f8d490a104a56edcd,0.9068864583969116
04f607a8dfdb4e6f8c795634b207e615,c84deec0ecf843c39f52d4cb8e7300f8,0.9034296274185181
04f607a8dfdb4e6f8c795634b207e615,1419b2c686f44896a0ae2a43e93b5402,0.9027265310287476
04f607a8dfdb4e6f8c795634b207e615,f6507bae2aaa4785842167f8320428b3,0.9013221263885498
04f607a8dfdb4e6f8c795634b207e615,5fc200cab89346658c9c91cce27e85fe,0.9000638723373413
04f607a8dfdb4e6f8c795634b207e615,eff24b01b2f5428baa4c3fef6cb40d41,0.8976221084594727
04f607a8dfdb4e6f8c795634b207e615,77cecb221149474896d9b2eb848bf150,0.8966262340545654
04f607a8dfdb4e6f8c795634b207e615,64e74af099b0485f8b6e71ac73aa2cb8,0.8958773612976074
29b78bc662074f5abb91b5e7ee16deb6,7070715ef90743da8691dd4ad134eb0c,0.9160824418067932
29b78bc662074f5abb91b5e7ee16deb6,08ecf89bc10942a4bd894482f6fcdfa7,0.8882263898849487
29b78bc662074f5abb91b5e7ee16deb6,06b7dd1b701544ac80dd7ca54ed707cf,0.8834148645401001
29b78bc662074f5abb91b5e7ee16deb6,3aaea7fa41fd43cdb88f8ef59062c5df,0.8798431158065796
29b78bc662074f5abb91b5e7ee16deb6,eb21a4e2b7bd43efbdf0c365415e7fef,0.8782210350036621
29b78bc662074f5abb91b5e7ee16deb6,595e438d2b394bb3a3259f47efd37ae8,0.875946044921875
29b78bc662074f5abb91b5e7ee16deb6,ff276acede2f4c14876ef47257758ae8,0.8750011920928955
29b78bc662074f5abb91b5e7ee16deb6,d756970269e9443fb9bbf645a96aa84e,0.8732354640960693
29b78bc662074f5abb91b5e7ee16deb6,82d68ea370f8451aa16ea08f4601245c,0.8710357546806335
29b78bc662074f5abb91b5e7ee16deb6,6b4676aba2a746b3ab778315afc8ee82,0.870354950428009
bf6af233a7fb4678bde3bcd210972057,06b7dd1b701544ac80dd7ca54ed707cf,0.9913077354431152
bf6af233a7fb4678bde3bcd210972057,7199f2fe77824236a392e1f00a5bdfc3,0.9144339561462402
bf6af233a7fb4678bde3bcd210972057,1f9cd7f2b7a14e2f8d490a104a56edcd,0.9102430939674377
bf6af233a7fb4678bde3bcd210972057,1419b2c686f44896a0ae2a43e93b5402,0.904932975769043
bf6af233a7fb4678bde3bcd210972057,c84deec0ecf843c39f52d4cb8e7300f8,0.9045192003250122
bf6af233a7fb4678bde3bcd210972057,f6507bae2aaa4785842167f8320428b3,0.9019046425819397
bf6af233a7fb4678bde3bcd210972057,77cecb221149474896d9b2eb848bf150,0.8992927074432373
bf6af233a7fb4678bde3bcd210972057,5fc200cab89346658c9c91cce27e85fe,0.8984471559524536
bf6af233a7fb4678bde3bcd210972057,6bedb2d6ace34e18811b7f1206b2d1b0,0.8981107473373413
bf6af233a7fb4678bde3bcd210972057,898eabaaa1a047e18aecbb1c5a8decbf,0.8975127935409546
3444cb452c4d4832b75091f5da7012db,7070715ef90743da8691dd4ad134eb0c,0.9104365110397339
3444cb452c4d4832b75091f5da7012db,08ecf89bc10942a4bd894482f6fcdfa7,0.8903014659881592
3444cb452c4d4832b75091f5da7012db,06b7dd1b701544ac80dd7ca54ed707cf,0.8886585235595703
3444cb452c4d4832b75091f5da7012db,eb21a4e2b7bd43efbdf0c365415e7fef,0.881151020526886
3444cb452c4d4832b75091f5da7012db,d445ccdb4cda497e9f0343a3298022d2,0.8774752020835876
3444cb452c4d4832b75091f5da7012db,d756970269e9443fb9bbf645a96aa84e,0.875870943069458
3444cb452c4d4832b75091f5da7012db,6b4676aba2a746b3ab778315afc8ee82,0.8732647895812988
3444cb452c4d4832b75091f5da7012db,595e438d2b394bb3a3259f47efd37ae8,0.8695709109306335
3444cb452c4d4832b75091f5da7012db,3aaea7fa41fd43cdb88f8ef59062c5df,0.8685079216957092
3444cb452c4d4832b75091f5da7012db,ff276acede2f4c14876ef47257758ae8,0.8679341077804565
8f00737911424dcdbc5360702808b86e,d65e3a3657ae455e954b6d7221afc84c,0.8688207864761353
8f00737911424dcdbc5360702808b86e,82d68ea370f8451aa16ea08f4601245c,0.868818998336792
8f00737911424dcdbc5360702808b86e,f0084465b2e646c9a53d9dc766067d9b,0.8685946464538574
8f00737911424dcdbc5360702808b86e,d445ccdb4cda497e9f0343a3298022d2,0.8673886060714722
8f00737911424dcdbc5360702808b86e,0971af4212484a958eb0f60f93d1dfe0,0.8662331104278564
8f00737911424dcdbc5360702808b86e,98fbdf945d0c4206a48a4f7260e56017,0.8655346632003784
8f00737911424dcdbc5360702808b86e,570f08ce2a1a47978eab16bf7ad16a68,0.8637130856513977
8f00737911424dcdbc5360702808b86e,e4fcd30261804b089efa940359057ba2,0.8609918355941772
8f00737911424dcdbc5360702808b86e,eabdd2813a954f9aa01f0eb8212ee387,0.8607701063156128
8f00737911424dcdbc5360702808b86e,6fc7a2cf0684475a82f6ff9be2c8e850,0.8593553900718689
084019a95c9f43539a52748e0ee608d3,5605fa1188974644937bbf92fec50e21,0.8863759636878967
084019a95c9f43539a52748e0ee608d3,b425f33c33ad4be89a12da266d131a86,0.8858393430709839
084019a95c9f43539a52748e0ee608d3,7d3d751215194e649a03457226f599d7,0.8847323656082153
084019a95c9f43539a52748e0ee608d3,563043f180e54e238ad4876974e5db4c,0.8820075988769531
084019a95c9f43539a52748e0ee608d3,e22e1ad3c1fc4493bcb7c9b923566ff7,0.8796369433403015
084019a95c9f43539a52748e0ee608d3,7e8a4a43e2f84dbb88e41cb24b3fe79f,0.8723458647727966
084019a95c9f43539a52748e0ee608d3,3766b26b53874893ae48693880e1942c,0.8709444999694824
084019a95c9f43539a52748e0ee608d3,9bf3b77eb9874f5f9e006a9cff111ea9,0.8695251941680908
084019a95c9f43539a52748e0ee608d3,6c6de17135be4f8c9423be633eaefcd4,0.8692585229873657
084019a95c9f43539a52748e0ee608d3,b69c17a10a55494d8caa56c33e8f4a56,0.8687388896942139
d7fcb70c976c46d3a977d1bd3acaa7b4,d7c9dafddaf547159d366dacf7b68a7e,0.9369254112243652
d7fcb70c976c46d3a977d1bd3acaa7b4,7960902edf4b47d686f704441aa56b0e,0.8761907815933228
d7fcb70c976c46d3a977d1bd3acaa7b4,f5d09519cf7647f8a107cd8fadd322e5,0.8682868480682373
d7fcb70c976c46d3a977d1bd3acaa7b4,f8856799293e49feab6368e794eb8b00,0.8660485744476318
d7fcb70c976c46d3a977d1bd3acaa7b4,75801225047a4c019100660c13f1e0f1,0.8657207489013672
d7fcb70c976c46d3a977d1bd3acaa7b4,563043f180e54e238ad4876974e5db4c,0.8613406419754028
d7fcb70c976c46d3a977d1bd3acaa7b4,9fd4c00672d84215b3e21812aef3d6ac,0.8588572144508362
d7fcb70c976c46d3a977d1bd3acaa7b4,3f1c2bb09c4e4400b6ba19542fafce18,0.853628396987915
d7fcb70c976c46d3a977d1bd3acaa7b4,1ad0cf33e96243888d5f970195a75586,0.8534645438194275
d7fcb70c976c46d3a977d1bd3acaa7b4,7862a63720b34104abf5bfa44bc8178d,0.8531098961830139
a44ce941098b4f6b948eb8588bd09fa7,11e1e3cdfe214385a2c24d0f957dde9b,0.8975462913513184
a44ce941098b4f6b948eb8588bd09fa7,4c36aafaf38f4e9e9e09991737196fe1,0.8811637163162231
a44ce941098b4f6b948eb8588bd09fa7,039f8e63b273472d8f1d99d9a5de5cf5,0.8762484192848206
a44ce941098b4f6b948eb8588bd09fa7,174581fc299840e18e827432c0cce4dc,0.8745923042297363
a44ce941098b4f6b948eb8588bd09fa7,e53dd6188816429ab915de6f9649a026,0.8727107048034668
a44ce941098b4f6b948eb8588bd09fa7,1232f20e710b448e8c0538b9e84dab1c,0.8717652559280396
a44ce941098b4f6b948eb8588bd09fa7,77cecb221149474896d9b2eb848bf150,0.8708585500717163
a44ce941098b4f6b948eb8588bd09fa7,6dc5832f0ac04df2bd99c6415b3ecf09,0.8708052635192871
a44ce941098b4f6b948eb8588bd09fa7,e429a2e164a24919a12edcc8d4ea8f09,0.8705424070358276
a44ce941098b4f6b948eb8588bd09fa7,7d0190486da540718e4dc4ca4bd1f573,0.8696933388710022
1778aabe52c7435187be3eb1461b918a,d7c9dafddaf547159d366dacf7b68a7e,0.9337077140808105
1778aabe52c7435187be3eb1461b918a,f5d09519cf7647f8a107cd8fadd322e5,0.8763468265533447
1778aabe52c7435187be3eb1461b918a,7960902edf4b47d686f704441aa56b0e,0.8747618198394775
1778aabe52c7435187be3eb1461b918a,7d0190486da540718e4dc4ca4bd1f573,0.8709676265716553
1778aabe52c7435187be3eb1461b918a,75801225047a4c019100660c13f1e0f1,0.8708610534667969
1778aabe52c7435187be3eb1461b918a,563043f180e54e238ad4876974e5db4c,0.8697893619537354
1778aabe52c7435187be3eb1461b918a,f8856799293e49feab6368e794eb8b00,0.8688530921936035
1778aabe52c7435187be3eb1461b918a,9fd4c00672d84215b3e21812aef3d6ac,0.8683260083198547
1778aabe52c7435187be3eb1461b918a,3f1c2bb09c4e4400b6ba19542fafce18,0.8628528714179993
1778aabe52c7435187be3eb1461b918a,7862a63720b34104abf5bfa44bc8178d,0.860938549041748
172e27e7700f4ca399b42d88a4f1c140,1c2b01416e3943e3b3c575e53c3f1d16,0.9442050457000732
172e27e7700f4ca399b42d88a4f1c140,da88fa5efc674368b593444ca950dff9,0.867995023727417
172e27e7700f4ca399b42d88a4f1c140,eafb3480db704d7baa8216ce857d1610,0.8649857044219971
172e27e7700f4ca399b42d88a4f1c140,199647bd1328406c83c5a875154f97d9,0.8648645281791687
172e27e7700f4ca399b42d88a4f1c140,097f2ce3b88c4d008488b9908076497e,0.8642470836639404
172e27e7700f4ca399b42d88a4f1c140,be42a43f5186434db4f2815f768a9991,0.8638495206832886
172e27e7700f4ca399b42d88a4f1c140,7584980704ae4617bb27ca162cc9c5db,0.862817645072937
172e27e7700f4ca399b42d88a4f1c140,84581d81d46d44bc99ffb8f871646a7a,0.862744927406311
172e27e7700f4ca399b42d88a4f1c140,9a500a20b1ff4694acc31339a8d1349e,0.8622719049453735
172e27e7700f4ca399b42d88a4f1c140,5537ddec608a4ec586ea068fa27547ca,0.8588520288467407
7790838dcafa4412a5fc14b1cf3e7e95,1c2b01416e3943e3b3c575e53c3f1d16,0.9355832934379578
7790838dcafa4412a5fc14b1cf3e7e95,d60986f4025d443ea58adba0e3d224a1,0.8752027153968811
7790838dcafa4412a5fc14b1cf3e7e95,be42a43f5186434db4f2815f768a9991,0.8628069162368774
7790838dcafa4412a5fc14b1cf3e7e95,daed5458403e49e3aea72f4bcc6dd224,0.8600870370864868
7790838dcafa4412a5fc14b1cf3e7e95,eafb3480db704d7baa8216ce857d1610,0.8596175909042358
7790838dcafa4412a5fc14b1cf3e7e95,84581d81d46d44bc99ffb8f871646a7a,0.8593673706054688
7790838dcafa4412a5fc14b1cf3e7e95,199647bd1328406c83c5a875154f97d9,0.8589614629745483
7790838dcafa4412a5fc14b1cf3e7e95,0f52f676197e4d4e92dec0a7bc4c4f7d,0.8586667776107788
7790838dcafa4412a5fc14b1cf3e7e95,7584980704ae4617bb27ca162cc9c5db,0.8576885461807251
7790838dcafa4412a5fc14b1cf3e7e95,9a500a20b1ff4694acc31339a8d1349e,0.8572266101837158
3106ad6941604756bf3bd61f1cd9709b,18ab15fbf00f42f7a410ec75f7592bea,0.9784358739852905
3106ad6941604756bf3bd61f1cd9709b,009be1c3430743ff9b054bdfcd6228d6,0.8910784125328064
3106ad6941604756bf3bd61f1cd9709b,d60986f4025d443ea58adba0e3d224a1,0.8783925771713257
3106ad6941604756bf3bd61f1cd9709b,00614d60b3544ba790dfd23dd53992e0,0.8700804710388184
3106ad6941604756bf3bd61f1cd9709b,ca544e6629b14e8fab5f7cb40d1ac88e,0.8677006959915161
3106ad6941604756bf3bd61f1cd9709b,bce599075dfd4fac8dd78626106e3071,0.8653261661529541
3106ad6941604756bf3bd61f1cd9709b,022e16490d1949b9ab2fc1de5a837031,0.8527463674545288
3106ad6941604756bf3bd61f1cd9709b,e9428816b054499298745b742f128f65,0.8484407663345337
3106ad6941604756bf3bd61f1cd9709b,b7f5c165ea2242709a2fb71f3a3f1bcb,0.8456600308418274
3106ad6941604756bf3bd61f1cd9709b,b4dadb3ea3a04cc3932094471debce13,0.8428827524185181
a2efa66a925344b8b896a8a0cfbb2661,f464960d2dbc43c0970c60600bd7f1cd,0.968879222869873
a2efa66a925344b8b896a8a0cfbb2661,3574ab91c29940b3afc62354ae06b73b,0.8982852101325989
a2efa66a925344b8b896a8a0cfbb2661,8fca2e4873e946f7a788af2b846cebd7,0.8838822841644287
a2efa66a925344b8b896a8a0cfbb2661,022e16490d1949b9ab2fc1de5a837031,0.8777636289596558
a2efa66a925344b8b896a8a0cfbb2661,acbf8eae7e064c11bab7adf66f216990,0.8742337226867676
a2efa66a925344b8b896a8a0cfbb2661,7e190e3c05d74e6b9f103e39142c1684,0.8742291927337646
a2efa66a925344b8b896a8a0cfbb2661,26b18153216b48d793b75598ddb54d77,0.8718981742858887
a2efa66a925344b8b896a8a0cfbb2661,bb5c7d03a54647d08b8c62deeb803271,0.8716899752616882
a2efa66a925344b8b896a8a0cfbb2661,00614d60b3544ba790dfd23dd53992e0,0.8713712692260742
a2efa66a925344b8b896a8a0cfbb2661,be8953cc364d46cebbcc2c2da2c348ab,0.8711130023002625
e4c0fba56e824b5cb4b6aeb4700f2d76,8f0e477fc779414e9b47995c0b25a87d,0.9771621823310852
e4c0fba56e824b5cb4b6aeb4700f2d76,938147b72e9540da8513910871e0830a,0.9173234701156616
e4c0fba56e824b5cb4b6aeb4700f2d76,feb980ae999948ce9be0266b4ddc048d,0.9035615921020508
e4c0fba56e824b5cb4b6aeb4700f2d76,daed5458403e49e3aea72f4bcc6dd224,0.9011598825454712
e4c0fba56e824b5cb4b6aeb4700f2d76,70558882c04e46bd99d15e9786468418,0.9003714919090271
e4c0fba56e824b5cb4b6aeb4700f2d76,41e657daa20545a588584578bdb4101c,0.8993644714355469
e4c0fba56e824b5cb4b6aeb4700f2d76,1f3cf50fe1f947d8a56e02ebca441c4c,0.8971630334854126
e4c0fba56e824b5cb4b6aeb4700f2d76,d9096650c434432c871effeca9acd5c6,0.8967567682266235
e4c0fba56e824b5cb4b6aeb4700f2d76,0cdb0f32850f4585a16de4886462bbe0,0.8964242935180664
e4c0fba56e824b5cb4b6aeb4700f2d76,02a3cd76ce534d188b4d5ac4778bd652,0.89597487449646
6242d18df5cd4f5cb63a1105ffbd971e,8f0e477fc779414e9b47995c0b25a87d,0.9808462858200073
6242d18df5cd4f5cb63a1105ffbd971e,938147b72e9540da8513910871e0830a,0.9161460399627686
6242d18df5cd4f5cb63a1105ffbd971e,feb980ae999948ce9be0266b4ddc048d,0.9097678661346436
6242d18df5cd4f5cb63a1105ffbd971e,d9096650c434432c871effeca9acd5c6,0.9023797512054443
6242d18df5cd4f5cb63a1105ffbd971e,0cdb0f32850f4585a16de4886462bbe0,0.898143470287323
6242d18df5cd4f5cb63a1105ffbd971e,70558882c04e46bd99d15e9786468418,0.8961507678031921
6242d18df5cd4f5cb63a1105ffbd971e,daed5458403e49e3aea72f4bcc6dd224,0.8950326442718506
6242d18df5cd4f5cb63a1105ffbd971e,dd36cc0867b94d55a43b82c1c9a0e95c,0.8950228095054626
6242d18df5cd4f5cb63a1105ffbd971e,74de04f31db94a99b757685c91779412,0.8936989307403564
6242d18df5cd4f5cb63a1105ffbd971e,41e657daa20545a588584578bdb4101c,0.8936858773231506
dc46278e6e01447e8c262d2884fdd9bb,f1c9c5051bdd4a11a064260bbb9d6d7b,0.8973757028579712
dc46278e6e01447e8c262d2884fdd9bb,8dfe01febd46475ab5aef97033716ce1,0.897258460521698
dc46278e6e01447e8c262d2884fdd9bb,e12ad1ce8e7940a999b9a4f91a95fab7,0.8891973495483398
dc46278e6e01447e8c262d2884fdd9bb,119a6d7b4af3458b951fc1c5ab5e1738,0.8874619603157043
dc46278e6e01447e8c262d2884fdd9bb,dd36cc0867b94d55a43b82c1c9a0e95c,0.8850009441375732
dc46278e6e01447e8c262d2884fdd9bb,8f0e477fc779414e9b47995c0b25a87d,0.8847011923789978
dc46278e6e01447e8c262d2884fdd9bb,a9573f188204436090fb4a5240e4eccd,0.8837364912033081
dc46278e6e01447e8c262d2884fdd9bb,0c889c151e094b948c13b0275e660a9c,0.8823692798614502
dc46278e6e01447e8c262d2884fdd9bb,b277101390e1465685ef79bf3519f8d7,0.8816770911216736
dc46278e6e01447e8c262d2884fdd9bb,076e2669c305401fb3afcfafdd6c79c7,0.88033527135849
8ba5ddc596414a9695e18a68ace669d5,f1c9c5051bdd4a11a064260bbb9d6d7b,0.9032860994338989
8ba5ddc596414a9695e18a68ace669d5,8dfe01febd46475ab5aef97033716ce1,0.9006818532943726
8ba5ddc596414a9695e18a68ace669d5,0c889c151e094b948c13b0275e660a9c,0.8953543305397034
8ba5ddc596414a9695e18a68ace669d5,e12ad1ce8e7940a999b9a4f91a95fab7,0.8932420015335083
8ba5ddc596414a9695e18a68ace669d5,dd36cc0867b94d55a43b82c1c9a0e95c,0.8887192606925964
8ba5ddc596414a9695e18a68ace669d5,19a124c6dad14a4fa7864463b081009c,0.8869752883911133
8ba5ddc596414a9695e18a68ace669d5,5e44915237fc4445b54b037e1c4e29a4,0.886139988899231
8ba5ddc596414a9695e18a68ace669d5,764b8280445d4023aecaa53cf7758932,0.8828153610229492
8ba5ddc596414a9695e18a68ace669d5,7584980704ae4617bb27ca162cc9c5db,0.8827439546585083
8ba5ddc596414a9695e18a68ace669d5,119a6d7b4af3458b951fc1c5ab5e1738,0.8819990158081055
bc709d8a81a346b5aca36d4ffb49d234,1419b2c686f44896a0ae2a43e93b5402,0.8835203647613525
bc709d8a81a346b5aca36d4ffb49d234,1ad0cf33e96243888d5f970195a75586,0.8824801445007324
bc709d8a81a346b5aca36d4ffb49d234,b425f33c33ad4be89a12da266d131a86,0.8812644481658936
bc709d8a81a346b5aca36d4ffb49d234,52ee59901f3b4de884d7a6720538aed6,0.878472089767456
bc709d8a81a346b5aca36d4ffb49d234,7d6122daabe442ffb5e57ece1882e714,0.8733013272285461
bc709d8a81a346b5aca36d4ffb49d234,2c3599a1611644f4908562f8fb8870d3,0.8731224536895752
bc709d8a81a346b5aca36d4ffb49d234,5d5baf5ce88b4b529e28ab9c7c114148,0.8708820343017578
bc709d8a81a346b5aca36d4ffb49d234,1e376f9d0945477983c8d851e4b2cf5e,0.870783805847168
bc709d8a81a346b5aca36d4ffb49d234,42b6af4853fc465f83ec054f8f8289a4,0.8700314164161682
bc709d8a81a346b5aca36d4ffb49d234,13cda6e8f2d948eeb5508288a172e76f,0.8693483471870422
93bbe46e371c44f284f4487aa854a903,20297482a5014732a843c9fdafba548e,0.939610481262207
93bbe46e371c44f284f4487aa854a903,01bbbf1caa554d94b5decb69cc1add41,0.8738241195678711
93bbe46e371c44f284f4487aa854a903,9460474d89704a68aaa6ccb62310ae3d,0.8575142025947571
93bbe46e371c44f284f4487aa854a903,4285b02dc9164cb9bae36b0566bb42f0,0.8521959781646729
93bbe46e371c44f284f4487aa854a903,ff51ca928cd54f4da620c27983e221f8,0.8517827987670898
93bbe46e371c44f284f4487aa854a903,b834c0b0c10b471b87ad3f11468de619,0.8517271876335144
93bbe46e371c44f284f4487aa854a903,d65e3a3657ae455e954b6d7221afc84c,0.850072979927063
93bbe46e371c44f284f4487aa854a903,191b01e1728e4583a8ead5a86db27370,0.8499220013618469
93bbe46e371c44f284f4487aa854a903,90b560de76b149c09c7cd6efb3f12cfd,0.8496018648147583
93bbe46e371c44f284f4487aa854a903,bf789f42ccfc42c5a330a3f6e30ddb83,0.8471598029136658
cd3c7eb34f6f4d45bcd3a71dd304f187,20297482a5014732a843c9fdafba548e,0.9169186353683472
cd3c7eb34f6f4d45bcd3a71dd304f187,01bbbf1caa554d94b5decb69cc1add41,0.8812059164047241
cd3c7eb34f6f4d45bcd3a71dd304f187,30f654c6e69e48888f9f42dd95ab3c77,0.877840518951416
cd3c7eb34f6f4d45bcd3a71dd304f187,97959d02a64f4a3fbbebe7cbece6c012,0.8753560781478882
cd3c7eb34f6f4d45bcd3a71dd304f187,26b18153216b48d793b75598ddb54d77,0.8728075623512268
cd3c7eb34f6f4d45bcd3a71dd304f187,4285b02dc9164cb9bae36b0566bb42f0,0.8718030452728271
cd3c7eb34f6f4d45bcd3a71dd304f187,86f59bd78b424260b0cf356f2f9ae734,0.8707770705223083
cd3c7eb34f6f4d45bcd3a71dd304f187,0a61f52258f643b6a6436a1ec234e197,0.8683986663818359
cd3c7eb34f6f4d45bcd3a71dd304f187,f65c7f50929f431dbf31b441d87616d0,0.8678436279296875
cd3c7eb34f6f4d45bcd3a71dd304f187,63eab812f3254cccb9631b09725aec3d,0.8654550313949585
c900c56e641f49749087f609b8ab6f4b,13cda6e8f2d948eeb5508288a172e76f,0.907239556312561
c900c56e641f49749087f609b8ab6f4b,1419b2c686f44896a0ae2a43e93b5402,0.8956676721572876
c900c56e641f49749087f609b8ab6f4b,7d6122daabe442ffb5e57ece1882e714,0.8946515917778015
c900c56e641f49749087f609b8ab6f4b,93dc50abd35349f7923100dca2f41002,0.8877557516098022
c900c56e641f49749087f609b8ab6f4b,c713a0ca69864ee7b240069c98dc44dc,0.8852616548538208
c900c56e641f49749087f609b8ab6f4b,ee89670285c74e27aa174dadf39fbca7,0.8842516541481018
c900c56e641f49749087f609b8ab6f4b,52ee59901f3b4de884d7a6720538aed6,0.8825008273124695
c900c56e641f49749087f609b8ab6f4b,1ad0cf33e96243888d5f970195a75586,0.8819807767868042
c900c56e641f49749087f609b8ab6f4b,0842a796c09b4089933a4f27e4e5e3bc,0.8816025257110596
c900c56e641f49749087f609b8ab6f4b,0ecfdd96e0054841883acba75e83b232,0.8806412220001221
f747d567755a4d7a83b918fcff6e4b5c,db69f22fe72246ea85d33991961a649a,0.9626806974411011
f747d567755a4d7a83b918fcff6e4b5c,eeb3b60f34af40de850e065b475d8180,0.8877872228622437
f747d567755a4d7a83b918fcff6e4b5c,e59dba65749140f4a1bdaf2695de2fc6,0.8825342655181885
f747d567755a4d7a83b918fcff6e4b5c,54e9bbd0093947a3bda5fef48ef7493d,0.8802138566970825
f747d567755a4d7a83b918fcff6e4b5c,673aee19895b4d339ada93213d8874ac,0.8780734539031982
f747d567755a4d7a83b918fcff6e4b5c,17b5eb6fab65476f827dd355b4a20a55,0.8776605129241943
f747d567755a4d7a83b918fcff6e4b5c,85d4175b563d48e5bc6a991b23662f24,0.8740994930267334
f747d567755a4d7a83b918fcff6e4b5c,86f59bd78b424260b0cf356f2f9ae734,0.8734509944915771
f747d567755a4d7a83b918fcff6e4b5c,04fa591263664fb0a6868552ebd3590b,0.8715320229530334
f747d567755a4d7a83b918fcff6e4b5c,8c7c9eaae41a44a3a4ebe39ce167d300,0.8714308738708496
b52c282983934e3699bf0c6b64dc8d7c,db69f22fe72246ea85d33991961a649a,0.9479266405105591
b52c282983934e3699bf0c6b64dc8d7c,eeb3b60f34af40de850e065b475d8180,0.8943935632705688
b52c282983934e3699bf0c6b64dc8d7c,54e9bbd0093947a3bda5fef48ef7493d,0.8872004747390747
b52c282983934e3699bf0c6b64dc8d7c,86f59bd78b424260b0cf356f2f9ae734,0.881377100944519
b52c282983934e3699bf0c6b64dc8d7c,e2e0c8c96aff4c00896ac6986bbb20c2,0.873552680015564
b52c282983934e3699bf0c6b64dc8d7c,e59dba65749140f4a1bdaf2695de2fc6,0.872663140296936
b52c282983934e3699bf0c6b64dc8d7c,8c7c9eaae41a44a3a4ebe39ce167d300,0.8717348575592041
b52c282983934e3699bf0c6b64dc8d7c,e88ce4cd350f43398a5c0ab8629cee72,0.8715965747833252
b52c282983934e3699bf0c6b64dc8d7c,85d4175b563d48e5bc6a991b23662f24,0.8708320260047913
b52c282983934e3699bf0c6b64dc8d7c,39e2b00e1cbd471488cf56f31d2cec7f,0.867550253868103
cb43fab6f1b147acbb71f39df054f667,9094e936e13641cc9bfcc7dc1408d86e,0.8848266005516052
cb43fab6f1b147acbb71f39df054f667,a9573f188204436090fb4a5240e4eccd,0.8827746510505676
cb43fab6f1b147acbb71f39df054f667,5760084aabef4d8095b2d21902151f64,0.8822715282440186
cb43fab6f1b147acbb71f39df054f667,9dd98c9126c44642a20711729f2e731e,0.8817588686943054
cb43fab6f1b147acbb71f39df054f667,a9d82bb43410405ca21b44a5e82e22b6,0.8798297643661499
cb43fab6f1b147acbb71f39df054f667,24c55bb5cd694770ba895c7401da2ba5,0.8744622468948364
cb43fab6f1b147acbb71f39df054f667,9bf3b77eb9874f5f9e006a9cff111ea9,0.872326135635376
cb43fab6f1b147acbb71f39df054f667,de1102228a324428989533278cd482f6,0.8712692260742188
cb43fab6f1b147acbb71f39df054f667,6bedb2d6ace34e18811b7f1206b2d1b0,0.8711819648742676
cb43fab6f1b147acbb71f39df054f667,3b37a4c34b6e4ca89a04da864e141422,0.8702070713043213
c0ca3c37cd574f37a90afbcab9554fb9,3b37a4c34b6e4ca89a04da864e141422,0.9493148326873779
c0ca3c37cd574f37a90afbcab9554fb9,9094e936e13641cc9bfcc7dc1408d86e,0.8938567042350769
c0ca3c37cd574f37a90afbcab9554fb9,f65b6fb5b40a49d1896de7a115469d40,0.8938314318656921
c0ca3c37cd574f37a90afbcab9554fb9,7ef653f7e5f64e1b8bba73b9518b87b7,0.884616494178772
c0ca3c37cd574f37a90afbcab9554fb9,41e657daa20545a588584578bdb4101c,0.878199577331543
c0ca3c37cd574f37a90afbcab9554fb9,cf290994a83e4909aec30077477b9d04,0.8769167065620422
c0ca3c37cd574f37a90afbcab9554fb9,b6c493a3666c4db193e86c79faf099ab,0.8757200241088867
c0ca3c37cd574f37a90afbcab9554fb9,9bf3b77eb9874f5f9e006a9cff111ea9,0.8735159635543823
c0ca3c37cd574f37a90afbcab9554fb9,e343a998f4df4ac195c84e0fb571a393,0.8721418380737305
c0ca3c37cd574f37a90afbcab9554fb9,c3502ff31ce6459a96164c934f297562,0.8717941045761108
0520b04de7b946fb84e99b6ae1269a1f,bbdf9065122d499d9d8f80ad3e0ef6f3,0.9030616879463196
0520b04de7b946fb84e99b6ae1269a1f,b6c493a3666c4db193e86c79faf099ab,0.8996738195419312
0520b04de7b946fb84e99b6ae1269a1f,434551fdf9e443ed91679a9557ae6fd5,0.8985581994056702
0520b04de7b946fb84e99b6ae1269a1f,1419b2c686f44896a0ae2a43e93b5402,0.8967539072036743
0520b04de7b946fb84e99b6ae1269a1f,d658e3a743af41899183fecff6b2628d,0.8933462500572205
0520b04de7b946fb84e99b6ae1269a1f,ee89670285c74e27aa174dadf39fbca7,0.8907202482223511
0520b04de7b946fb84e99b6ae1269a1f,0b57f893483647c3aed811775a4c4c04,0.8890957236289978
0520b04de7b946fb84e99b6ae1269a1f,3b37a4c34b6e4ca89a04da864e141422,0.8868762254714966
0520b04de7b946fb84e99b6ae1269a1f,c713a0ca69864ee7b240069c98dc44dc,0.8863627314567566
0520b04de7b946fb84e99b6ae1269a1f,26869cc099c44c4a86f6043476ab4890,0.8860905766487122
c7dcc094c48b40fd94db148562b6f0e9,0a2c24dead204be9ae36be358e1223f9,0.9233245849609375
c7dcc094c48b40fd94db148562b6f0e9,eb21a4e2b7bd43efbdf0c365415e7fef,0.9074253439903259
c7dcc094c48b40fd94db148562b6f0e9,1419b2c686f44896a0ae2a43e93b5402,0.8987690806388855
c7dcc094c48b40fd94db148562b6f0e9,8fca2e4873e946f7a788af2b846cebd7,0.8960407972335815
c7dcc094c48b40fd94db148562b6f0e9,b6c493a3666c4db193e86c79faf099ab,0.8945282697677612
c7dcc094c48b40fd94db148562b6f0e9,d756970269e9443fb9bbf645a96aa84e,0.891497015953064
c7dcc094c48b40fd94db148562b6f0e9,7d6122daabe442ffb5e57ece1882e714,0.8877747654914856
c7dcc094c48b40fd94db148562b6f0e9,6c79712e67b54dd0a11d426a91207939,0.8855152726173401
c7dcc094c48b40fd94db148562b6f0e9,434551fdf9e443ed91679a9557ae6fd5,0.8851670026779175
c7dcc094c48b40fd94db148562b6f0e9,f6507bae2aaa4785842167f8320428b3,0.8850656747817993
ddd81e0cf0bf473caeae21db037c05f3,476ce3ffff564a5aa985808e7d2cab17,0.9515202045440674
ddd81e0cf0bf473caeae21db037c05f3,35d06fce2df446569702778e2250bd82,0.8972193598747253
ddd81e0cf0bf473caeae21db037c05f3,434551fdf9e443ed91679a9557ae6fd5,0.8916473388671875
ddd81e0cf0bf473caeae21db037c05f3,66690895454847fea5a000202fbfab2e,0.8914405107498169
ddd81e0cf0bf473caeae21db037c05f3,32aaca2a732f4272b237374d3cdeec90,0.8903429508209229
ddd81e0cf0bf473caeae21db037c05f3,3c1b91a23b694da1973dbc5f75f2f3ed,0.8886537551879883
ddd81e0cf0bf473caeae21db037c05f3,bdb0d45caa2a4943959f8f501e51132b,0.8866652250289917
ddd81e0cf0bf473caeae21db037c05f3,b585a2970e9f421da236241f603883f2,0.884909451007843
ddd81e0cf0bf473caeae21db037c05f3,f91157bb8fca4a8e98db33591a76be9a,0.882508397102356
ddd81e0cf0bf473caeae21db037c05f3,4a3d4daed4b24a1898551f0fd1ba44f1,0.8823328018188477
c7a7fb2ef38346cab2c63eb4b30f835b,243dbbcdc67c42bfa6f32c47477adf6d,0.9225271940231323
c7a7fb2ef38346cab2c63eb4b30f835b,e4e12f4711fd41e39075e26cc274df45,0.9203732013702393
c7a7fb2ef38346cab2c63eb4b30f835b,3aa003c1e31b476e999c3a808a1d5dc6,0.9104018807411194
c7a7fb2ef38346cab2c63eb4b30f835b,b6c493a3666c4db193e86c79faf099ab,0.9099951982498169
c7a7fb2ef38346cab2c63eb4b30f835b,f69855cdf66d4f6887ecfd0ddb9014b5,0.9090018272399902
c7a7fb2ef38346cab2c63eb4b30f835b,5cfb876eeb4f410aa1282cc279f0e546,0.9074428081512451
c7a7fb2ef38346cab2c63eb4b30f835b,2b3ecf8be2b242f3b8a1e714390749fb,0.9065298438072205
c7a7fb2ef38346cab2c63eb4b30f835b,64e74af099b0485f8b6e71ac73aa2cb8,0.9029828310012817
c7a7fb2ef38346cab2c63eb4b30f835b,f65b6fb5b40a49d1896de7a115469d40,0.9017224311828613
c7a7fb2ef38346cab2c63eb4b30f835b,7e17bbd109dc486c8f0a76f913782180,0.8997174501419067
53bb342b2fbb403cbc5546f80ef1cf70,476ce3ffff564a5aa985808e7d2cab17,0.9067938923835754
53bb342b2fbb403cbc5546f80ef1cf70,ef8c056ecb524439a48c881089537951,0.9025115966796875
53bb342b2fbb403cbc5546f80ef1cf70,da88fa5efc674368b593444ca950dff9,0.889792799949646
53bb342b2fbb403cbc5546f80ef1cf70,434551fdf9e443ed91679a9557ae6fd5,0.8896632790565491
53bb342b2fbb403cbc5546f80ef1cf70,f5bcc6f48ed2447581b401d453039866,0.887830376625061
53bb342b2fbb403cbc5546f80ef1cf70,b585a2970e9f421da236241f603883f2,0.8857522010803223
53bb342b2fbb403cbc5546f80ef1cf70,8350ea8cd6514c2c8d7b625abe7e895b,0.8840045928955078
53bb342b2fbb403cbc5546f80ef1cf70,f91157bb8fca4a8e98db33591a76be9a,0.8827944993972778
53bb342b2fbb403cbc5546f80ef1cf70,8c674a7b65e24114a45dd3c861a7ccfc,0.8784085512161255
53bb342b2fbb403cbc5546f80ef1cf70,199647bd1328406c83c5a875154f97d9,0.8781592845916748
320e73d1bf40458380ad0ac60af40a94,e4e12f4711fd41e39075e26cc274df45,0.9305984973907471
320e73d1bf40458380ad0ac60af40a94,243dbbcdc67c42bfa6f32c47477adf6d,0.9292657375335693
320e73d1bf40458380ad0ac60af40a94,2b3ecf8be2b242f3b8a1e714390749fb,0.917076587677002
320e73d1bf40458380ad0ac60af40a94,65e52d14d4d64d4fbad3de6ad319e745,0.9155898094177246
320e73d1bf40458380ad0ac60af40a94,9094e936e13641cc9bfcc7dc1408d86e,0.9155259132385254
320e73d1bf40458380ad0ac60af40a94,5cfb876eeb4f410aa1282cc279f0e546,0.9144139289855957
320e73d1bf40458380ad0ac60af40a94,3aa003c1e31b476e999c3a808a1d5dc6,0.9130035638809204
320e73d1bf40458380ad0ac60af40a94,7ef653f7e5f64e1b8bba73b9518b87b7,0.9119759798049927
320e73d1bf40458380ad0ac60af40a94,b6c493a3666c4db193e86c79faf099ab,0.9116367697715759
320e73d1bf40458380ad0ac60af40a94,6400e3f6a14c492ba399bd414faca075,0.909721314907074
4a790fe3c73f4c1f9565d50067722fbf,eabdd2813a954f9aa01f0eb8212ee387,0.9403376579284668
4a790fe3c73f4c1f9565d50067722fbf,0cdb0f32850f4585a16de4886462bbe0,0.9263837337493896
4a790fe3c73f4c1f9565d50067722fbf,3574ab91c29940b3afc62354ae06b73b,0.9236699342727661
4a790fe3c73f4c1f9565d50067722fbf,82d68ea370f8451aa16ea08f4601245c,0.914069414138794
4a790fe3c73f4c1f9565d50067722fbf,43464ed6733f4642a0b90e7d995a5e40,0.9134196043014526
4a790fe3c73f4c1f9565d50067722fbf,724a3f6551e74ad585bdeac9a75fd639,0.9125475883483887
4a790fe3c73f4c1f9565d50067722fbf,71c1a8479b194efca65b44fb7f327afb,0.9116549491882324
4a790fe3c73f4c1f9565d50067722fbf,6b4676aba2a746b3ab778315afc8ee82,0.9113619327545166
4a790fe3c73f4c1f9565d50067722fbf,e2e0c8c96aff4c00896ac6986bbb20c2,0.9108768701553345
4a790fe3c73f4c1f9565d50067722fbf,f335a944a27a4504a82ecf70c2d4a5e4,0.9099328517913818
b374c835abb74519904d89a6f4367ea2,d0e41bf891254ba0872f1641139f84f6,0.9314708709716797
b374c835abb74519904d89a6f4367ea2,0b57f893483647c3aed811775a4c4c04,0.9108383655548096
b374c835abb74519904d89a6f4367ea2,be8953cc364d46cebbcc2c2da2c348ab,0.9053467512130737
b374c835abb74519904d89a6f4367ea2,cd6ce920d00e4d17a6cf04f9f7e550b7,0.900932788848877
b374c835abb74519904d89a6f4367ea2,076e2669c305401fb3afcfafdd6c79c7,0.8979993462562561
b374c835abb74519904d89a6f4367ea2,78809cb3c6b841a9b8b132133dd6bb96,0.8960254192352295
b374c835abb74519904d89a6f4367ea2,f1c9c5051bdd4a11a064260bbb9d6d7b,0.8956207036972046
b374c835abb74519904d89a6f4367ea2,e735729c80d84f76a6133c065d5380f8,0.8953295946121216
b374c835abb74519904d89a6f4367ea2,8889c114b071429cbe2418f5b0f2024b,0.8946940302848816
b374c835abb74519904d89a6f4367ea2,0c889c151e094b948c13b0275e660a9c,0.8920692801475525
358dc33d74d3427697ddadedc1d2a83e,5fc200cab89346658c9c91cce27e85fe,0.9747989177703857
358dc33d74d3427697ddadedc1d2a83e,da14e9dc2c3d4963b725de8102de5028,0.9145678281784058
358dc33d74d3427697ddadedc1d2a83e,ba8d0208e32e42969bd4349cf24f6ed1,0.912309467792511
358dc33d74d3427697ddadedc1d2a83e,87fc1d6a57ea488786caaec8599c3b8b,0.9120460748672485
358dc33d74d3427697ddadedc1d2a83e,2471f23cb9b64d35a72deed09c9c8975,0.9083794355392456
358dc33d74d3427697ddadedc1d2a83e,eeca68825e2a4bbdaa5ae962998fc33b,0.907782793045044
358dc33d74d3427697ddadedc1d2a83e,0b57f893483647c3aed811775a4c4c04,0.9067226648330688
358dc33d74d3427697ddadedc1d2a83e,64e74af099b0485f8b6e71ac73aa2cb8,0.9036335349082947
358dc33d74d3427697ddadedc1d2a83e,e4e12f4711fd41e39075e26cc274df45,0.9009073972702026
358dc33d74d3427697ddadedc1d2a83e,01ffceddb5b34406a08bb982b424b3cf,0.9000619649887085
1840d3d379eb48cc97d68a3c7ece76a0,ef511457ee7c490c8e10eccf6e18fef6,0.9585933685302734
1840d3d379eb48cc97d68a3c7ece76a0,2d43cf91509846e29ab4febd7781919f,0.9090924263000488
1840d3d379eb48cc97d68a3c7ece76a0,d0e41bf891254ba0872f1641139f84f6,0.9077675342559814
1840d3d379eb48cc97d68a3c7ece76a0,076e2669c305401fb3afcfafdd6c79c7,0.9034507274627686
1840d3d379eb48cc97d68a3c7ece76a0,0b57f893483647c3aed811775a4c4c04,0.901123046875
1840d3d379eb48cc97d68a3c7ece76a0,59f62d35b1ad451397b700b3dad25448,0.9008958339691162
1840d3d379eb48cc97d68a3c7ece76a0,b64cef9df31c4e92a7b7ecd42f74f396,0.898608922958374
1840d3d379eb48cc97d68a3c7ece76a0,8af25c7ae8e14435a6e27a5671968f50,0.8976229429244995
1840d3d379eb48cc97d68a3c7ece76a0,6866efc8987a4ec8b04b7abd28fb5777,0.8963872194290161
1840d3d379eb48cc97d68a3c7ece76a0,b0236c76ae244fd8aacbea7da10e55ca,0.8960674405097961
11c35b811aae4a88b9417172320999bb,74de04f31db94a99b757685c91779412,0.9493304491043091
11c35b811aae4a88b9417172320999bb,1ade4365590a4ac7865100d8c791e340,0.9186304807662964
11c35b811aae4a88b9417172320999bb,82d68ea370f8451aa16ea08f4601245c,0.9127473831176758
11c35b811aae4a88b9417172320999bb,d9096650c434432c871effeca9acd5c6,0.9118877649307251
11c35b811aae4a88b9417172320999bb,ca5add3cbf044a95a5bec88a5841ce98,0.9100926518440247
11c35b811aae4a88b9417172320999bb,feb980ae999948ce9be0266b4ddc048d,0.9089888334274292
11c35b811aae4a88b9417172320999bb,938147b72e9540da8513910871e0830a,0.9085142016410828
11c35b811aae4a88b9417172320999bb,94ed54abfdc74b04b0dcb19c278e66f4,0.9079805612564087
11c35b811aae4a88b9417172320999bb,0971af4212484a958eb0f60f93d1dfe0,0.9057157039642334
11c35b811aae4a88b9417172320999bb,57bcda73abab44ee930b20cdaee9d24b,0.903190553188324
6dbd11275bf1493ca16a6492ba2f511c,ef511457ee7c490c8e10eccf6e18fef6,0.9601145386695862
6dbd11275bf1493ca16a6492ba2f511c,076e2669c305401fb3afcfafdd6c79c7,0.9047712087631226
6dbd11275bf1493ca16a6492ba2f511c,b0236c76ae244fd8aacbea7da10e55ca,0.9045423865318298
6dbd11275bf1493ca16a6492ba2f511c,b64cef9df31c4e92a7b7ecd42f74f396,0.899803876876831
6dbd11275bf1493ca16a6492ba2f511c,8350ea8cd6514c2c8d7b625abe7e895b,0.8989270925521851
6dbd11275bf1493ca16a6492ba2f511c,d0e41bf891254ba0872f1641139f84f6,0.8983373641967773
6dbd11275bf1493ca16a6492ba2f511c,8af25c7ae8e14435a6e27a5671968f50,0.8958119750022888
6dbd11275bf1493ca16a6492ba2f511c,2d43cf91509846e29ab4febd7781919f,0.894942045211792
6dbd11275bf1493ca16a6492ba2f511c,59f62d35b1ad451397b700b3dad25448,0.8941004276275635
6dbd11275bf1493ca16a6492ba2f511c,0b57f893483647c3aed811775a4c4c04,0.8922852277755737
26f693acd01d492bae2384f853a7924a,74de04f31db94a99b757685c91779412,0.9585683345794678
26f693acd01d492bae2384f853a7924a,d9096650c434432c871effeca9acd5c6,0.9184333086013794
26f693acd01d492bae2384f853a7924a,feb980ae999948ce9be0266b4ddc048d,0.9180376529693604
26f693acd01d492bae2384f853a7924a,0971af4212484a958eb0f60f93d1dfe0,0.9144887924194336
26f693acd01d492bae2384f853a7924a,1ade4365590a4ac7865100d8c791e340,0.9136378765106201
26f693acd01d492bae2384f853a7924a,82d68ea370f8451aa16ea08f4601245c,0.9131695032119751
26f693acd01d492bae2384f853a7924a,938147b72e9540da8513910871e0830a,0.9122726321220398
26f693acd01d492bae2384f853a7924a,94ed54abfdc74b04b0dcb19c278e66f4,0.9119508266448975
26f693acd01d492bae2384f853a7924a,0cdb0f32850f4585a16de4886462bbe0,0.9116744995117188
26f693acd01d492bae2384f853a7924a,02a3cd76ce534d188b4d5ac4778bd652,0.9106572866439819
9ec6567a98fa4b3bb0c40f6580f8688e,7199f2fe77824236a392e1f00a5bdfc3,0.940876841545105
9ec6567a98fa4b3bb0c40f6580f8688e,3aaea7fa41fd43cdb88f8ef59062c5df,0.9199623465538025
9ec6567a98fa4b3bb0c40f6580f8688e,ff276acede2f4c14876ef47257758ae8,0.911923885345459
9ec6567a98fa4b3bb0c40f6580f8688e,434551fdf9e443ed91679a9557ae6fd5,0.9111877679824829
9ec6567a98fa4b3bb0c40f6580f8688e,f91157bb8fca4a8e98db33591a76be9a,0.9090549349784851
9ec6567a98fa4b3bb0c40f6580f8688e,3356a8a8c6ee4f30bc2b028e360d4471,0.9035686254501343
9ec6567a98fa4b3bb0c40f6580f8688e,444fa28d9ed54c82a522699041eae592,0.9031305909156799
9ec6567a98fa4b3bb0c40f6580f8688e,eb21a4e2b7bd43efbdf0c365415e7fef,0.9027064442634583
9ec6567a98fa4b3bb0c40f6580f8688e,77cecb221149474896d9b2eb848bf150,0.9010686874389648
9ec6567a98fa4b3bb0c40f6580f8688e,1232f20e710b448e8c0538b9e84dab1c,0.9003580212593079
d16732c065604317b9457f0f53b9e356,3aaea7fa41fd43cdb88f8ef59062c5df,0.9712026715278625
d16732c065604317b9457f0f53b9e356,d756970269e9443fb9bbf645a96aa84e,0.9211101531982422
d16732c065604317b9457f0f53b9e356,b98519f97e424c1389f5553f0869b15a,0.9162302017211914
d16732c065604317b9457f0f53b9e356,44f41e6e6faa4facb0bb9a72205229f8,0.9151097536087036
d16732c065604317b9457f0f53b9e356,7199f2fe77824236a392e1f00a5bdfc3,0.9120738506317139
d16732c065604317b9457f0f53b9e356,99a52c93a3304ec18dab9206f98f2a8b,0.9105322957038879
d16732c065604317b9457f0f53b9e356,ff276acede2f4c14876ef47257758ae8,0.9098790884017944
d16732c065604317b9457f0f53b9e356,00fb3a55134242769182c520d55681a2,0.9087432622909546
d16732c065604317b9457f0f53b9e356,6c874292dbcc49ff8bb8bbe5643593a5,0.9055479764938354
d16732c065604317b9457f0f53b9e356,babbeca1f6a244a2a11ea77a3855e70f,0.9036716818809509
805041534e3944d4bf48b927f4e971e1,ff276acede2f4c14876ef47257758ae8,0.9500035047531128
805041534e3944d4bf48b927f4e971e1,bcfa4a4177d44d8b8cda17b7a23196b0,0.9035719037055969
805041534e3944d4bf48b927f4e971e1,b40d3c588ad647ff85e397a6bc5f9d8b,0.8961141109466553
805041534e3944d4bf48b927f4e971e1,3aaea7fa41fd43cdb88f8ef59062c5df,0.8941558599472046
805041534e3944d4bf48b927f4e971e1,b98519f97e424c1389f5553f0869b15a,0.8923438787460327
805041534e3944d4bf48b927f4e971e1,eb21a4e2b7bd43efbdf0c365415e7fef,0.8906710147857666
805041534e3944d4bf48b927f4e971e1,41047823f2cb4194ba1e0709443c719a,0.889133870601654
805041534e3944d4bf48b927f4e971e1,c1def54262224e23acf67a9870725ce5,0.8890388011932373
805041534e3944d4bf48b927f4e971e1,c66c6f1449d44728a2ef72de53dd6d5e,0.8876948356628418
805041534e3944d4bf48b927f4e971e1,34b736136487439389c10cc6bd4e9f4e,0.8862624168395996
f25d93d4fff845dbba58d34a9ba4da56,7199f2fe77824236a392e1f00a5bdfc3,0.9590754508972168
f25d93d4fff845dbba58d34a9ba4da56,3aaea7fa41fd43cdb88f8ef59062c5df,0.9164384007453918
f25d93d4fff845dbba58d34a9ba4da56,434551fdf9e443ed91679a9557ae6fd5,0.9134119749069214
f25d93d4fff845dbba58d34a9ba4da56,ff276acede2f4c14876ef47257758ae8,0.9119477272033691
f25d93d4fff845dbba58d34a9ba4da56,f91157bb8fca4a8e98db33591a76be9a,0.9098018407821655
f25d93d4fff845dbba58d34a9ba4da56,7dd5e88dfdd24cafab2c765939757354,0.9077444076538086
f25d93d4fff845dbba58d34a9ba4da56,8fdee0611965465eb45387b8c39f4136,0.9060847759246826
f25d93d4fff845dbba58d34a9ba4da56,d445ccdb4cda497e9f0343a3298022d2,0.9034109711647034
f25d93d4fff845dbba58d34a9ba4da56,06b7dd1b701544ac80dd7ca54ed707cf,0.9018665552139282
f25d93d4fff845dbba58d34a9ba4da56,99a52c93a3304ec18dab9206f98f2a8b,0.9018613696098328
ae2ef12666344157a4a58eb1012bea10,7ef653f7e5f64e1b8bba73b9518b87b7,0.9590144157409668
ae2ef12666344157a4a58eb1012bea10,878e5c41be5c477e9f660ca361fdd727,0.91986083984375
ae2ef12666344157a4a58eb1012bea10,4a7fa5a1bafe4b6995e2920444ac07c4,0.9123740196228027
ae2ef12666344157a4a58eb1012bea10,2471f23cb9b64d35a72deed09c9c8975,0.909720242023468
ae2ef12666344157a4a58eb1012bea10,3aa003c1e31b476e999c3a808a1d5dc6,0.9064903259277344
ae2ef12666344157a4a58eb1012bea10,f3fddb55448a46778b5d807642cceb71,0.9058672189712524
ae2ef12666344157a4a58eb1012bea10,c3502ff31ce6459a96164c934f297562,0.9054247736930847
ae2ef12666344157a4a58eb1012bea10,cb550e5ff4694fe9a19eaa6588cef250,0.9046295285224915
ae2ef12666344157a4a58eb1012bea10,14f4db886cca4104877ac7d1d7a64133,0.9035112857818604
ae2ef12666344157a4a58eb1012bea10,cdd73e0289aa4e2b87cd14e6ff5bd75e,0.900467574596405
c007e0935fe7472a9ef764a15c2bae1a,d658e3a743af41899183fecff6b2628d,0.8201359510421753
c007e0935fe7472a9ef764a15c2bae1a,02a3cd76ce534d188b4d5ac4778bd652,0.8191700577735901
c007e0935fe7472a9ef764a15c2bae1a,67984873125e4a0f9562179c906d1b0f,0.8181020021438599
c007e0935fe7472a9ef764a15c2bae1a,7ef653f7e5f64e1b8bba73b9518b87b7,0.8170893788337708
c007e0935fe7472a9ef764a15c2bae1a,cf290994a83e4909aec30077477b9d04,0.8119409084320068
c007e0935fe7472a9ef764a15c2bae1a,84ff5144597241bba5cbd3d0b21d220d,0.8111536502838135
c007e0935fe7472a9ef764a15c2bae1a,c713a0ca69864ee7b240069c98dc44dc,0.8107235431671143
c007e0935fe7472a9ef764a15c2bae1a,bbdf9065122d499d9d8f80ad3e0ef6f3,0.8089504241943359
c007e0935fe7472a9ef764a15c2bae1a,26e55eb4d910464497d700bfdf5a36ca,0.8070241212844849
c007e0935fe7472a9ef764a15c2bae1a,8f0e477fc779414e9b47995c0b25a87d,0.8055214881896973
ca758fdcdecf418c8193105975e32b5a,0cdb0f32850f4585a16de4886462bbe0,0.8964394330978394
ca758fdcdecf418c8193105975e32b5a,e2e0c8c96aff4c00896ac6986bbb20c2,0.8963245153427124
ca758fdcdecf418c8193105975e32b5a,e96fae6d607246b18b8494aabe521036,0.8950843811035156
ca758fdcdecf418c8193105975e32b5a,2639b6540bda414f8a9baa3b5cdb612a,0.8894150257110596
ca758fdcdecf418c8193105975e32b5a,82d68ea370f8451aa16ea08f4601245c,0.8869458436965942
ca758fdcdecf418c8193105975e32b5a,f335a944a27a4504a82ecf70c2d4a5e4,0.8851418495178223
ca758fdcdecf418c8193105975e32b5a,98fbdf945d0c4206a48a4f7260e56017,0.8839425444602966
ca758fdcdecf418c8193105975e32b5a,eabdd2813a954f9aa01f0eb8212ee387,0.8837093710899353
ca758fdcdecf418c8193105975e32b5a,5d5baf5ce88b4b529e28ab9c7c114148,0.8831769227981567
ca758fdcdecf418c8193105975e32b5a,51c6049a18b84ee381d0512e40b67c0e,0.8823939561843872
62d4e090de42404b884cdf0aeea36d2d,cf290994a83e4909aec30077477b9d04,0.9403904676437378
62d4e090de42404b884cdf0aeea36d2d,3b37a4c34b6e4ca89a04da864e141422,0.8973498940467834
62d4e090de42404b884cdf0aeea36d2d,30578712823948b086e3781343982938,0.8786096572875977
62d4e090de42404b884cdf0aeea36d2d,7ef653f7e5f64e1b8bba73b9518b87b7,0.8735533952713013
62d4e090de42404b884cdf0aeea36d2d,02a3cd76ce534d188b4d5ac4778bd652,0.8731135129928589
62d4e090de42404b884cdf0aeea36d2d,7d6122daabe442ffb5e57ece1882e714,0.8717451691627502
62d4e090de42404b884cdf0aeea36d2d,33e2a95109e647cbb4ba2687631b169a,0.8716391324996948
62d4e090de42404b884cdf0aeea36d2d,5d5baf5ce88b4b529e28ab9c7c114148,0.8683999180793762
62d4e090de42404b884cdf0aeea36d2d,e5a3c8867e44498d9182e8be934e0fce,0.8632032871246338
62d4e090de42404b884cdf0aeea36d2d,119a6d7b4af3458b951fc1c5ab5e1738,0.8615210056304932
4a90414f82f14268928f92849227e3e4,8c674a7b65e24114a45dd3c861a7ccfc,0.9665197134017944
4a90414f82f14268928f92849227e3e4,4a3d4daed4b24a1898551f0fd1ba44f1,0.9064691066741943
4a90414f82f14268928f92849227e3e4,df0c94234d9d4890b5b4b95c441b3e9a,0.90207839012146
4a90414f82f14268928f92849227e3e4,434551fdf9e443ed91679a9557ae6fd5,0.8988929390907288
4a90414f82f14268928f92849227e3e4,66690895454847fea5a000202fbfab2e,0.8974689841270447
4a90414f82f14268928f92849227e3e4,476ce3ffff564a5aa985808e7d2cab17,0.8963573575019836
4a90414f82f14268928f92849227e3e4,19a124c6dad14a4fa7864463b081009c,0.8960083723068237
4a90414f82f14268928f92849227e3e4,0b57f893483647c3aed811775a4c4c04,0.8941980600357056
4a90414f82f14268928f92849227e3e4,b6c493a3666c4db193e86c79faf099ab,0.8939684629440308
4a90414f82f14268928f92849227e3e4,4926607aafe749538c930e108275547e,0.8934697508811951
8b1b59a271e64b7d92225d1479ab0fa0,8c674a7b65e24114a45dd3c861a7ccfc,0.9758063554763794
8b1b59a271e64b7d92225d1479ab0fa0,e79ae27b52fa4d54aa37735fd275c66e,0.9075197577476501
8b1b59a271e64b7d92225d1479ab0fa0,476ce3ffff564a5aa985808e7d2cab17,0.9063880443572998
8b1b59a271e64b7d92225d1479ab0fa0,4a3d4daed4b24a1898551f0fd1ba44f1,0.906130313873291
8b1b59a271e64b7d92225d1479ab0fa0,434551fdf9e443ed91679a9557ae6fd5,0.9050958752632141
8b1b59a271e64b7d92225d1479ab0fa0,df0c94234d9d4890b5b4b95c441b3e9a,0.9043135643005371
8b1b59a271e64b7d92225d1479ab0fa0,fadf133e0e684a24ac79b5fa9515bac2,0.9031432867050171
8b1b59a271e64b7d92225d1479ab0fa0,c713a0ca69864ee7b240069c98dc44dc,0.9006321430206299
8b1b59a271e64b7d92225d1479ab0fa0,66690895454847fea5a000202fbfab2e,0.9001503586769104
8b1b59a271e64b7d92225d1479ab0fa0,f5bcc6f48ed2447581b401d453039866,0.9000622034072876
31555c3dbb51459eb52da0ce111a5382,cf290994a83e4909aec30077477b9d04,0.9722515940666199
31555c3dbb51459eb52da0ce111a5382,3b37a4c34b6e4ca89a04da864e141422,0.8932003974914551
31555c3dbb51459eb52da0ce111a5382,02a3cd76ce534d188b4d5ac4778bd652,0.8792006969451904
31555c3dbb51459eb52da0ce111a5382,7d6122daabe442ffb5e57ece1882e714,0.8693315982818604
31555c3dbb51459eb52da0ce111a5382,30578712823948b086e3781343982938,0.8686839938163757
31555c3dbb51459eb52da0ce111a5382,7ef653f7e5f64e1b8bba73b9518b87b7,0.8672507405281067
31555c3dbb51459eb52da0ce111a5382,5d5baf5ce88b4b529e28ab9c7c114148,0.8660600185394287
31555c3dbb51459eb52da0ce111a5382,33e2a95109e647cbb4ba2687631b169a,0.864006757736206
31555c3dbb51459eb52da0ce111a5382,c3a741d302d94ee294bb6e4090fd2da9,0.8637354373931885
31555c3dbb51459eb52da0ce111a5382,d9b97376c5e44d8786f861a5788af644,0.8632487058639526
bb7eb4ba9b5943b6a61ff124ef6239b4,403835bbf2f1447188bcc78e062b0028,0.8417197465896606
bb7eb4ba9b5943b6a61ff124ef6239b4,fc70a4c2c4834e0eba1a14470f563b03,0.8365350365638733
bb7eb4ba9b5943b6a61ff124ef6239b4,a8904adcdd21495f890bc614bfdbf86f,0.8331538438796997
bb7eb4ba9b5943b6a61ff124ef6239b4,b2b22c673e554db39c8acdbe42687a6d,0.8310061097145081
bb7eb4ba9b5943b6a61ff124ef6239b4,887e323cc38f4cf8adc5970617f1c286,0.8299999833106995
bb7eb4ba9b5943b6a61ff124ef6239b4,77d8e01a914d4f4a8b87d407e0d741aa,0.8299669623374939
bb7eb4ba9b5943b6a61ff124ef6239b4,33e2a95109e647cbb4ba2687631b169a,0.828250527381897
bb7eb4ba9b5943b6a61ff124ef6239b4,8c5f38853679436ba434b6a696e43168,0.8245548605918884
bb7eb4ba9b5943b6a61ff124ef6239b4,dd9e8283197b473d8ffd502561bdaaec,0.8211448192596436
bb7eb4ba9b5943b6a61ff124ef6239b4,2acbd3ec289a47f7b4108896ec632585,0.8191741108894348
e1d35002bf604e59a1a055673b110d7b,64d9091426f9461c97c98a5428856bcf,0.9646021127700806
e1d35002bf604e59a1a055673b110d7b,69ac8397e9624bfd8aee237b9f9ea3b5,0.8937394618988037
e1d35002bf604e59a1a055673b110d7b,5e44915237fc4445b54b037e1c4e29a4,0.8839549422264099
e1d35002bf604e59a1a055673b110d7b,ad42c467d0fe43dbb328073f9a16bc4d,0.880176305770874
e1d35002bf604e59a1a055673b110d7b,b3f8b4bec0164d0e81997b4f5a277e8f,0.8800218105316162
e1d35002bf604e59a1a055673b110d7b,42805d29975b400ea7c570fc45ec4938,0.8719046115875244
e1d35002bf604e59a1a055673b110d7b,9a500a20b1ff4694acc31339a8d1349e,0.8716545104980469
e1d35002bf604e59a1a055673b110d7b,e5a3c8867e44498d9182e8be934e0fce,0.8699697852134705
e1d35002bf604e59a1a055673b110d7b,07958f43551e459eb30638b632e3cd64,0.8669440746307373
e1d35002bf604e59a1a055673b110d7b,643fbbdd6b764ba9904a4ee67a86b9fd,0.8663661479949951
409ee169523c45b0935d17521c001655,06b7dd1b701544ac80dd7ca54ed707cf,0.9099793434143066
409ee169523c45b0935d17521c001655,de1102228a324428989533278cd482f6,0.9017478227615356
409ee169523c45b0935d17521c001655,5fc200cab89346658c9c91cce27e85fe,0.8930026292800903
409ee169523c45b0935d17521c001655,0b57f893483647c3aed811775a4c4c04,0.8897619247436523
409ee169523c45b0935d17521c001655,a055f8188384479a8bad418f7dffd9a5,0.8855674266815186
409ee169523c45b0935d17521c001655,eeca68825e2a4bbdaa5ae962998fc33b,0.8852881193161011
409ee169523c45b0935d17521c001655,d9096650c434432c871effeca9acd5c6,0.8838605880737305
409ee169523c45b0935d17521c001655,39a08a87897f47d3bdbbdc5ed8c9cd7f,0.8816916346549988
409ee169523c45b0935d17521c001655,f2cfa68a47ce4a43a0fe1cc7dc860418,0.8805966377258301
409ee169523c45b0935d17521c001655,6400e3f6a14c492ba399bd414faca075,0.8796366453170776
3c0da2e0535d4efab77b6201db1866d3,5760084aabef4d8095b2d21902151f64,0.9530392289161682
3c0da2e0535d4efab77b6201db1866d3,1ad0cf33e96243888d5f970195a75586,0.9115707874298096
3c0da2e0535d4efab77b6201db1866d3,f5b766ea6abe4b5fb27d49cc3bc06020,0.9025800824165344
3c0da2e0535d4efab77b6201db1866d3,3f1c2bb09c4e4400b6ba19542fafce18,0.8954237699508667
3c0da2e0535d4efab77b6201db1866d3,a055f8188384479a8bad418f7dffd9a5,0.8939357399940491
3c0da2e0535d4efab77b6201db1866d3,52ee59901f3b4de884d7a6720538aed6,0.8895644545555115
3c0da2e0535d4efab77b6201db1866d3,7d6122daabe442ffb5e57ece1882e714,0.8890824913978577
3c0da2e0535d4efab77b6201db1866d3,0bd1cce9370a461089e25393086800a8,0.8875301480293274
3c0da2e0535d4efab77b6201db1866d3,0ecfdd96e0054841883acba75e83b232,0.8872382044792175
3c0da2e0535d4efab77b6201db1866d3,200f7fc78e4c403982f61b2894e50bad,0.8848994374275208
1693abbd511b40648b18f87e485be585,19b81e71e7f04ebcbfade9daa899ed3d,0.940198540687561
1693abbd511b40648b18f87e485be585,01bbbf1caa554d94b5decb69cc1add41,0.8922867774963379
1693abbd511b40648b18f87e485be585,51c6049a18b84ee381d0512e40b67c0e,0.8824481964111328
1693abbd511b40648b18f87e485be585,d9b70c4ed8bb4fc5957ecebf102528ee,0.8815912008285522
1693abbd511b40648b18f87e485be585,e86a0aae846a4e44bf967ab4972c977c,0.8791466951370239
1693abbd511b40648b18f87e485be585,9909a671f7414c19b2727e7d4d4dcf1b,0.8762110471725464
1693abbd511b40648b18f87e485be585,e96fae6d607246b18b8494aabe521036,0.8739397525787354
1693abbd511b40648b18f87e485be585,cb32ec9a538a4c0f8462771946ced93b,0.8734076023101807
1693abbd511b40648b18f87e485be585,b425f33c33ad4be89a12da266d131a86,0.8719972968101501
1693abbd511b40648b18f87e485be585,d65e3a3657ae455e954b6d7221afc84c,0.8713384866714478
220c7fef1fe54586b4f4c4ac80924512,97959d02a64f4a3fbbebe7cbece6c012,0.9312267899513245
220c7fef1fe54586b4f4c4ac80924512,f91157bb8fca4a8e98db33591a76be9a,0.924471914768219
220c7fef1fe54586b4f4c4ac80924512,8d595c7da42545c88052e7b213b6c97c,0.9203541278839111
220c7fef1fe54586b4f4c4ac80924512,bcfa4a4177d44d8b8cda17b7a23196b0,0.919661819934845
220c7fef1fe54586b4f4c4ac80924512,feb980ae999948ce9be0266b4ddc048d,0.9175949096679688
220c7fef1fe54586b4f4c4ac80924512,bf789f42ccfc42c5a330a3f6e30ddb83,0.9174319505691528
220c7fef1fe54586b4f4c4ac80924512,a94cb58f1ca8456b96e39b5b1ebfb7ea,0.9167884588241577
220c7fef1fe54586b4f4c4ac80924512,b77d8b7bb0114c379139d280a9210e83,0.9129754304885864
220c7fef1fe54586b4f4c4ac80924512,19a124c6dad14a4fa7864463b081009c,0.9127185344696045
220c7fef1fe54586b4f4c4ac80924512,724a3f6551e74ad585bdeac9a75fd639,0.9118609428405762
995e4d102a3b41e3b4c81d2e30253554,66690895454847fea5a000202fbfab2e,0.9243499040603638
995e4d102a3b41e3b4c81d2e30253554,98b2022b2cb84af09ee8b789db928b13,0.9192990064620972
995e4d102a3b41e3b4c81d2e30253554,f2ef424352f14dda92691047ee9f15fa,0.9190590977668762
995e4d102a3b41e3b4c81d2e30253554,ffc5805e29a74be0a55b40318aa321d7,0.9171772003173828
995e4d102a3b41e3b4c81d2e30253554,9bf3b77eb9874f5f9e006a9cff111ea9,0.9074360132217407
995e4d102a3b41e3b4c81d2e30253554,99ba4cc9355f4d79a68bc69ac12a716f,0.9056988954544067
995e4d102a3b41e3b4c81d2e30253554,f91157bb8fca4a8e98db33591a76be9a,0.9050224423408508
995e4d102a3b41e3b4c81d2e30253554,e511c40ca6324803b5021e47b4e777f8,0.9013209342956543
995e4d102a3b41e3b4c81d2e30253554,e5a3c8867e44498d9182e8be934e0fce,0.9011222124099731
995e4d102a3b41e3b4c81d2e30253554,5cf392f15360460bae6a6b0182bb99b9,0.9003769755363464
32b2409ee0304c6f8c633cf2838fc107,d9b70c4ed8bb4fc5957ecebf102528ee,0.9266912937164307
32b2409ee0304c6f8c633cf2838fc107,c1d504dfeded4b8bb3c07777b7c7abde,0.8999689817428589
32b2409ee0304c6f8c633cf2838fc107,e96fae6d607246b18b8494aabe521036,0.8886076807975769
32b2409ee0304c6f8c633cf2838fc107,3d3e8565d2f84e0cad5ae622f2909765,0.8846088647842407
32b2409ee0304c6f8c633cf2838fc107,29088685e31a4d86b60b514e98117361,0.8835229873657227
32b2409ee0304c6f8c633cf2838fc107,ff276acede2f4c14876ef47257758ae8,0.8807006478309631
32b2409ee0304c6f8c633cf2838fc107,097f2ce3b88c4d008488b9908076497e,0.8789039850234985
32b2409ee0304c6f8c633cf2838fc107,9460474d89704a68aaa6ccb62310ae3d,0.8781471252441406
32b2409ee0304c6f8c633cf2838fc107,3aaea7fa41fd43cdb88f8ef59062c5df,0.8757263422012329
32b2409ee0304c6f8c633cf2838fc107,7627d5e28ba74cbeaf9225e88a7a44cc,0.8746825456619263
38393c2659214de8b744a8747b3060da,0a61f52258f643b6a6436a1ec234e197,0.9372223615646362
38393c2659214de8b744a8747b3060da,8683a3ad55d84a78834fabe20cde5269,0.8790184259414673
38393c2659214de8b744a8747b3060da,54e9bbd0093947a3bda5fef48ef7493d,0.8764785528182983
38393c2659214de8b744a8747b3060da,2ece45504eff42469c104dc2a2d03caf,0.8756928443908691
38393c2659214de8b744a8747b3060da,9a500a20b1ff4694acc31339a8d1349e,0.8670268058776855
38393c2659214de8b744a8747b3060da,e53dd6188816429ab915de6f9649a026,0.8653463125228882
38393c2659214de8b744a8747b3060da,211ef3181e524685866fb8574d9bf456,0.8633573055267334
38393c2659214de8b744a8747b3060da,77c8b175ca9d411b8d28d1ed0dc40304,0.8632317185401917
38393c2659214de8b744a8747b3060da,86f59bd78b424260b0cf356f2f9ae734,0.8628362417221069
38393c2659214de8b744a8747b3060da,be9e713988ba4bbba869885cad419259,0.85982346534729
b1fb22cca72c471fbf933b076b3ba471,0a61f52258f643b6a6436a1ec234e197,0.9448906183242798
b1fb22cca72c471fbf933b076b3ba471,2ece45504eff42469c104dc2a2d03caf,0.9092895984649658
b1fb22cca72c471fbf933b076b3ba471,5e2f1a45f7174f1aa39a194179985876,0.8611879348754883
b1fb22cca72c471fbf933b076b3ba471,df7ea50171af48df81584ab7e8107d15,0.860802173614502
b1fb22cca72c471fbf933b076b3ba471,e53dd6188816429ab915de6f9649a026,0.8582806587219238
b1fb22cca72c471fbf933b076b3ba471,fa190e42ce5a47c99bcaa76138dbc615,0.8499434590339661
b1fb22cca72c471fbf933b076b3ba471,d476be2399b7424a88d242b771c32041,0.8498703241348267
b1fb22cca72c471fbf933b076b3ba471,8683a3ad55d84a78834fabe20cde5269,0.8496209979057312
b1fb22cca72c471fbf933b076b3ba471,54e9bbd0093947a3bda5fef48ef7493d,0.8482648134231567
b1fb22cca72c471fbf933b076b3ba471,86f59bd78b424260b0cf356f2f9ae734,0.8473060131072998
c425735cc2d645f89ae700274561ff76,fadf133e0e684a24ac79b5fa9515bac2,0.9555141925811768
c425735cc2d645f89ae700274561ff76,eff24b01b2f5428baa4c3fef6cb40d41,0.9228879809379578
c425735cc2d645f89ae700274561ff76,64e74af099b0485f8b6e71ac73aa2cb8,0.9150853753089905
c425735cc2d645f89ae700274561ff76,4a3d4daed4b24a1898551f0fd1ba44f1,0.9149563312530518
c425735cc2d645f89ae700274561ff76,1027a336232c4454a9c4ae450a562788,0.913549542427063
c425735cc2d645f89ae700274561ff76,0bd1cce9370a461089e25393086800a8,0.9131051898002625
c425735cc2d645f89ae700274561ff76,e79ae27b52fa4d54aa37735fd275c66e,0.9114664793014526
c425735cc2d645f89ae700274561ff76,66690895454847fea5a000202fbfab2e,0.9103963971138
c425735cc2d645f89ae700274561ff76,79721c9bb6a54ecdb3d0a0f4011762c1,0.9095785021781921
c425735cc2d645f89ae700274561ff76,99ba4cc9355f4d79a68bc69ac12a716f,0.907228946685791
d37fad90466d41fb99cc1281af258b44,d9ac372330a4446886fa19bac0d19877,0.9017444849014282
d37fad90466d41fb99cc1281af258b44,3b7d56c26da14b3a9b1cd52b5b35891b,0.8993898630142212
d37fad90466d41fb99cc1281af258b44,097c30a7f39a4a3abf6da2ca80cad3a5,0.8976824879646301
d37fad90466d41fb99cc1281af258b44,6b4676aba2a746b3ab778315afc8ee82,0.89467453956604
d37fad90466d41fb99cc1281af258b44,cc243eebbb2b44a581745865a60c423a,0.8874366283416748
d37fad90466d41fb99cc1281af258b44,1f9cd7f2b7a14e2f8d490a104a56edcd,0.8856977224349976
d37fad90466d41fb99cc1281af258b44,56272326c7e94e419ea8c69fb634f610,0.8852223753929138
d37fad90466d41fb99cc1281af258b44,d75a52d716984f318f976bbfc7bee787,0.8844866156578064
d37fad90466d41fb99cc1281af258b44,97959d02a64f4a3fbbebe7cbece6c012,0.8838598132133484
d37fad90466d41fb99cc1281af258b44,b277101390e1465685ef79bf3519f8d7,0.8836535811424255
8f59b2636caf43f29362aad398734e84,fadf133e0e684a24ac79b5fa9515bac2,0.9784837961196899
8f59b2636caf43f29362aad398734e84,eff24b01b2f5428baa4c3fef6cb40d41,0.9301340579986572
8f59b2636caf43f29362aad398734e84,0bd1cce9370a461089e25393086800a8,0.9279820919036865
8f59b2636caf43f29362aad398734e84,4a3d4daed4b24a1898551f0fd1ba44f1,0.912816047668457
8f59b2636caf43f29362aad398734e84,ffe2740eee8c49b39b2ce41f9983bcb4,0.9119398593902588
8f59b2636caf43f29362aad398734e84,79721c9bb6a54ecdb3d0a0f4011762c1,0.9090820550918579
8f59b2636caf43f29362aad398734e84,e79ae27b52fa4d54aa37735fd275c66e,0.908909261226654
8f59b2636caf43f29362aad398734e84,1027a336232c4454a9c4ae450a562788,0.9088759422302246
8f59b2636caf43f29362aad398734e84,cb75c6ef71cb4991805920f2894e0e96,0.907194197177887
8f59b2636caf43f29362aad398734e84,3138244ae91040948d5bd6772e4075ea,0.9057227969169617
92e239ee1c9942eda10a987e5a192aad,d9ac372330a4446886fa19bac0d19877,0.9641367793083191
92e239ee1c9942eda10a987e5a192aad,eb21a4e2b7bd43efbdf0c365415e7fef,0.8970181345939636
92e239ee1c9942eda10a987e5a192aad,6c874292dbcc49ff8bb8bbe5643593a5,0.8935278654098511
92e239ee1c9942eda10a987e5a192aad,a0b4d283f12a407286dbeaa3a4d128a5,0.8917495012283325
92e239ee1c9942eda10a987e5a192aad,daed5458403e49e3aea72f4bcc6dd224,0.8914037942886353
92e239ee1c9942eda10a987e5a192aad,b77d8b7bb0114c379139d280a9210e83,0.8910477161407471
92e239ee1c9942eda10a987e5a192aad,66f4c650b7ca48f1bc27f9daff8d312a,0.889059841632843
92e239ee1c9942eda10a987e5a192aad,e96fae6d607246b18b8494aabe521036,0.8890284299850464
92e239ee1c9942eda10a987e5a192aad,3d3e8565d2f84e0cad5ae622f2909765,0.8881158828735352
92e239ee1c9942eda10a987e5a192aad,34b736136487439389c10cc6bd4e9f4e,0.8877124786376953
6ca76ef7aa7d4121a75374b29ba7d263,3b7d56c26da14b3a9b1cd52b5b35891b,0.9018571376800537
6ca76ef7aa7d4121a75374b29ba7d263,d9ac372330a4446886fa19bac0d19877,0.9016510248184204
6ca76ef7aa7d4121a75374b29ba7d263,56272326c7e94e419ea8c69fb634f610,0.8935086727142334
6ca76ef7aa7d4121a75374b29ba7d263,bf789f42ccfc42c5a330a3f6e30ddb83,0.8861159682273865
6ca76ef7aa7d4121a75374b29ba7d263,d75a52d716984f318f976bbfc7bee787,0.8825591802597046
6ca76ef7aa7d4121a75374b29ba7d263,c84deec0ecf843c39f52d4cb8e7300f8,0.8819925785064697
6ca76ef7aa7d4121a75374b29ba7d263,0a2c24dead204be9ae36be358e1223f9,0.8803224563598633
6ca76ef7aa7d4121a75374b29ba7d263,97959d02a64f4a3fbbebe7cbece6c012,0.8779467940330505
6ca76ef7aa7d4121a75374b29ba7d263,097c30a7f39a4a3abf6da2ca80cad3a5,0.8773876428604126
6ca76ef7aa7d4121a75374b29ba7d263,ff51ca928cd54f4da620c27983e221f8,0.8759195804595947
2cdba5196ffe4c8797018ef98b7a52c4,3d3e8565d2f84e0cad5ae622f2909765,0.9876738786697388
2cdba5196ffe4c8797018ef98b7a52c4,724a3f6551e74ad585bdeac9a75fd639,0.9304125308990479
2cdba5196ffe4c8797018ef98b7a52c4,097f2ce3b88c4d008488b9908076497e,0.9275193214416504
2cdba5196ffe4c8797018ef98b7a52c4,17b5eb6fab65476f827dd355b4a20a55,0.9242910146713257
2cdba5196ffe4c8797018ef98b7a52c4,39e2b00e1cbd471488cf56f31d2cec7f,0.9209288358688354
2cdba5196ffe4c8797018ef98b7a52c4,19098957d8c24cab95daa30c2baefd8f,0.9206138253211975
2cdba5196ffe4c8797018ef98b7a52c4,1d70bc69b2f84bef9aa5fb0d9917e38d,0.9204618334770203
2cdba5196ffe4c8797018ef98b7a52c4,b702b2b61ce048c6bf5af3c4dca18b1a,0.9191006422042847
2cdba5196ffe4c8797018ef98b7a52c4,b77d8b7bb0114c379139d280a9210e83,0.9160537719726562
2cdba5196ffe4c8797018ef98b7a52c4,eb21a4e2b7bd43efbdf0c365415e7fef,0.9150895476341248
8e69932dfcf247039202e839e2e4ad92,2471f23cb9b64d35a72deed09c9c8975,0.9755268096923828
8e69932dfcf247039202e839e2e4ad92,5fc200cab89346658c9c91cce27e85fe,0.9250619411468506
8e69932dfcf247039202e839e2e4ad92,4a7fa5a1bafe4b6995e2920444ac07c4,0.9181971549987793
8e69932dfcf247039202e839e2e4ad92,2b3ecf8be2b242f3b8a1e714390749fb,0.9021446704864502
8e69932dfcf247039202e839e2e4ad92,5455e62f52ae4e03b2a5d0e8b9899506,0.9014572501182556
8e69932dfcf247039202e839e2e4ad92,f69855cdf66d4f6887ecfd0ddb9014b5,0.8999706506729126
8e69932dfcf247039202e839e2e4ad92,5cfb876eeb4f410aa1282cc279f0e546,0.8998489379882812
8e69932dfcf247039202e839e2e4ad92,35c5a560ecdc4d6a9d20f057ed1fa0e6,0.8982669115066528
8e69932dfcf247039202e839e2e4ad92,f3fddb55448a46778b5d807642cceb71,0.8979958295822144
8e69932dfcf247039202e839e2e4ad92,26869cc099c44c4a86f6043476ab4890,0.8979438543319702
c876e09aeff84624b8a01d61b99fed1f,3d3e8565d2f84e0cad5ae622f2909765,0.9799270629882812
c876e09aeff84624b8a01d61b99fed1f,04d24d1cf42b4f7787d8d300cbad6d50,0.918170690536499
c876e09aeff84624b8a01d61b99fed1f,17b5eb6fab65476f827dd355b4a20a55,0.9147270321846008
c876e09aeff84624b8a01d61b99fed1f,19098957d8c24cab95daa30c2baefd8f,0.9134340286254883
c876e09aeff84624b8a01d61b99fed1f,b77d8b7bb0114c379139d280a9210e83,0.9132574796676636
c876e09aeff84624b8a01d61b99fed1f,39e2b00e1cbd471488cf56f31d2cec7f,0.910570502281189
c876e09aeff84624b8a01d61b99fed1f,e2e0c8c96aff4c00896ac6986bbb20c2,0.9093016386032104
c876e09aeff84624b8a01d61b99fed1f,724a3f6551e74ad585bdeac9a75fd639,0.9071685075759888
c876e09aeff84624b8a01d61b99fed1f,097f2ce3b88c4d008488b9908076497e,0.9071682691574097
c876e09aeff84624b8a01d61b99fed1f,e96fae6d607246b18b8494aabe521036,0.904143214225769
660e576505194cfbb8e673b09a078b98,2471f23cb9b64d35a72deed09c9c8975,0.9772534370422363
660e576505194cfbb8e673b09a078b98,5fc200cab89346658c9c91cce27e85fe,0.9250866174697876
660e576505194cfbb8e673b09a078b98,4a7fa5a1bafe4b6995e2920444ac07c4,0.9161537885665894
660e576505194cfbb8e673b09a078b98,2b3ecf8be2b242f3b8a1e714390749fb,0.9140890836715698
660e576505194cfbb8e673b09a078b98,7ef653f7e5f64e1b8bba73b9518b87b7,0.9129180312156677
660e576505194cfbb8e673b09a078b98,e4e12f4711fd41e39075e26cc274df45,0.9124900102615356
660e576505194cfbb8e673b09a078b98,da14e9dc2c3d4963b725de8102de5028,0.910873293876648
660e576505194cfbb8e673b09a078b98,f3fddb55448a46778b5d807642cceb71,0.9085111618041992
660e576505194cfbb8e673b09a078b98,24c55bb5cd694770ba895c7401da2ba5,0.9082460403442383
660e576505194cfbb8e673b09a078b98,26869cc099c44c4a86f6043476ab4890,0.9060794115066528
795efbe9c2fe4b3dbc173c89167f9163,3c0f3b44c0844df49b5898406fe9195a,0.9709475040435791
795efbe9c2fe4b3dbc173c89167f9163,0092d1d820c64646b8bee9fd14f77acf,0.9186561107635498
795efbe9c2fe4b3dbc173c89167f9163,c84deec0ecf843c39f52d4cb8e7300f8,0.9104622602462769
795efbe9c2fe4b3dbc173c89167f9163,bf789f42ccfc42c5a330a3f6e30ddb83,0.9048442840576172
795efbe9c2fe4b3dbc173c89167f9163,250d411ae270441085be3501b7b55d86,0.9039974808692932
795efbe9c2fe4b3dbc173c89167f9163,ff51ca928cd54f4da620c27983e221f8,0.8986653685569763
795efbe9c2fe4b3dbc173c89167f9163,db0c3a952e454b90aa4a68feb6a50e87,0.8985463380813599
795efbe9c2fe4b3dbc173c89167f9163,59e4dcf2794943b18fb902a6eb475ff8,0.8979977369308472
795efbe9c2fe4b3dbc173c89167f9163,b8995466f0eb4e7ba141e23216e8b974,0.8970358967781067
795efbe9c2fe4b3dbc173c89167f9163,34b736136487439389c10cc6bd4e9f4e,0.896523118019104
2be3682989f94c34b19ee0da04571f91,3c0f3b44c0844df49b5898406fe9195a,0.9864137172698975
2be3682989f94c34b19ee0da04571f91,c84deec0ecf843c39f52d4cb8e7300f8,0.9077075719833374
2be3682989f94c34b19ee0da04571f91,0092d1d820c64646b8bee9fd14f77acf,0.9035590887069702
2be3682989f94c34b19ee0da04571f91,59e4dcf2794943b18fb902a6eb475ff8,0.8999245166778564
2be3682989f94c34b19ee0da04571f91,6bedb2d6ace34e18811b7f1206b2d1b0,0.8968433141708374
2be3682989f94c34b19ee0da04571f91,bf789f42ccfc42c5a330a3f6e30ddb83,0.8960907459259033
2be3682989f94c34b19ee0da04571f91,250d411ae270441085be3501b7b55d86,0.8955357074737549
2be3682989f94c34b19ee0da04571f91,b8995466f0eb4e7ba141e23216e8b974,0.8900322914123535
2be3682989f94c34b19ee0da04571f91,c74557a980e2428a9ffcc245278df692,0.8883395195007324
2be3682989f94c34b19ee0da04571f91,22d9d5ad33e947fd857c5c4a8b7dfae1,0.8867201209068298
68215d17cd25495b93f219bc1621c8aa,7d0190486da540718e4dc4ca4bd1f573,0.9913462400436401
68215d17cd25495b93f219bc1621c8aa,250d411ae270441085be3501b7b55d86,0.9023871421813965
68215d17cd25495b93f219bc1621c8aa,563043f180e54e238ad4876974e5db4c,0.8997670412063599
68215d17cd25495b93f219bc1621c8aa,5605fa1188974644937bbf92fec50e21,0.8945298194885254
68215d17cd25495b93f219bc1621c8aa,3766b26b53874893ae48693880e1942c,0.8920129537582397
68215d17cd25495b93f219bc1621c8aa,8228c9eb29a542ba98c8b9b854eadaa4,0.8912932276725769
68215d17cd25495b93f219bc1621c8aa,f5d09519cf7647f8a107cd8fadd322e5,0.8889032602310181
68215d17cd25495b93f219bc1621c8aa,b69c17a10a55494d8caa56c33e8f4a56,0.887910008430481
68215d17cd25495b93f219bc1621c8aa,174581fc299840e18e827432c0cce4dc,0.8875631093978882
68215d17cd25495b93f219bc1621c8aa,eee7f32249c5452ea36c8ed3a3540010,0.8851974606513977
701794a02e204afbbbd3a8689e7eb5f0,7d0190486da540718e4dc4ca4bd1f573,0.9927504062652588
701794a02e204afbbbd3a8689e7eb5f0,250d411ae270441085be3501b7b55d86,0.9023634195327759
701794a02e204afbbbd3a8689e7eb5f0,563043f180e54e238ad4876974e5db4c,0.8997202515602112
701794a02e204afbbbd3a8689e7eb5f0,5605fa1188974644937bbf92fec50e21,0.8958916664123535
701794a02e204afbbbd3a8689e7eb5f0,8228c9eb29a542ba98c8b9b854eadaa4,0.8885654211044312
701794a02e204afbbbd3a8689e7eb5f0,3766b26b53874893ae48693880e1942c,0.8882012367248535
701794a02e204afbbbd3a8689e7eb5f0,7862a63720b34104abf5bfa44bc8178d,0.8857969641685486
701794a02e204afbbbd3a8689e7eb5f0,f5d09519cf7647f8a107cd8fadd322e5,0.8852471709251404
701794a02e204afbbbd3a8689e7eb5f0,174581fc299840e18e827432c0cce4dc,0.884742796421051
701794a02e204afbbbd3a8689e7eb5f0,db0c3a952e454b90aa4a68feb6a50e87,0.8831517696380615
fc791f8358f54a66be0e95f809bc8e2d,84581d81d46d44bc99ffb8f871646a7a,0.9805641770362854
fc791f8358f54a66be0e95f809bc8e2d,f91157bb8fca4a8e98db33591a76be9a,0.9064804315567017
fc791f8358f54a66be0e95f809bc8e2d,c84deec0ecf843c39f52d4cb8e7300f8,0.9060646891593933
fc791f8358f54a66be0e95f809bc8e2d,b77d8b7bb0114c379139d280a9210e83,0.9026058316230774
fc791f8358f54a66be0e95f809bc8e2d,039f8e63b273472d8f1d99d9a5de5cf5,0.9025266170501709
fc791f8358f54a66be0e95f809bc8e2d,bf789f42ccfc42c5a330a3f6e30ddb83,0.9023422002792358
fc791f8358f54a66be0e95f809bc8e2d,c750a2994555414790abb3281572bb42,0.9009567499160767
fc791f8358f54a66be0e95f809bc8e2d,452d645d5bf4485185e996dcec9523e5,0.9001814126968384
fc791f8358f54a66be0e95f809bc8e2d,7dd5e88dfdd24cafab2c765939757354,0.899164080619812
fc791f8358f54a66be0e95f809bc8e2d,f1c9c5051bdd4a11a064260bbb9d6d7b,0.8986287117004395
24729e6784174289859f89243ee3228c,db13ed5446be46269dff3de3c1bf2660,0.9767968058586121
24729e6784174289859f89243ee3228c,5537ddec608a4ec586ea068fa27547ca,0.8888436555862427
24729e6784174289859f89243ee3228c,84581d81d46d44bc99ffb8f871646a7a,0.8875686526298523
24729e6784174289859f89243ee3228c,643fbbdd6b764ba9904a4ee67a86b9fd,0.8816460967063904
24729e6784174289859f89243ee3228c,7dd5e88dfdd24cafab2c765939757354,0.8809669017791748
24729e6784174289859f89243ee3228c,342aaa81ed004635bbf9cbc2592cd7b6,0.8785592317581177
24729e6784174289859f89243ee3228c,b834c0b0c10b471b87ad3f11468de619,0.8785363435745239
24729e6784174289859f89243ee3228c,0f52f676197e4d4e92dec0a7bc4c4f7d,0.8783371448516846
24729e6784174289859f89243ee3228c,1232f20e710b448e8c0538b9e84dab1c,0.8772613406181335
24729e6784174289859f89243ee3228c,baf841bad27c456c9de7227555ea3ef8,0.8764382600784302
ca6805db708f46198fe4e47abb975231,e59dba65749140f4a1bdaf2695de2fc6,0.9016762375831604
ca6805db708f46198fe4e47abb975231,17b5eb6fab65476f827dd355b4a20a55,0.8998715877532959
ca6805db708f46198fe4e47abb975231,8c7c9eaae41a44a3a4ebe39ce167d300,0.8998364210128784
ca6805db708f46198fe4e47abb975231,e06d08ff594a4acbac12edf579743fcf,0.8992284536361694
ca6805db708f46198fe4e47abb975231,673aee19895b4d339ada93213d8874ac,0.8970921635627747
ca6805db708f46198fe4e47abb975231,f12e9e5805534d719f829332d1ea5d29,0.896465539932251
ca6805db708f46198fe4e47abb975231,98fbdf945d0c4206a48a4f7260e56017,0.8937852382659912
ca6805db708f46198fe4e47abb975231,c1def54262224e23acf67a9870725ce5,0.891777515411377
ca6805db708f46198fe4e47abb975231,7627d5e28ba74cbeaf9225e88a7a44cc,0.8890431523323059
ca6805db708f46198fe4e47abb975231,7f0b453cc8c14156802497f5cbae9d62,0.8885416984558105
98ab5e0cc5f8413e993869c9729b464d,8987ceafff324f9599b842542e37eddd,0.9961567521095276
98ab5e0cc5f8413e993869c9729b464d,d695b7afdc3841a28a56df578e56afce,0.9241713285446167
98ab5e0cc5f8413e993869c9729b464d,f2cfa68a47ce4a43a0fe1cc7dc860418,0.9123246073722839
98ab5e0cc5f8413e993869c9729b464d,f4b7e6e902e344859cb041126b69ce3c,0.9107961654663086
98ab5e0cc5f8413e993869c9729b464d,f91157bb8fca4a8e98db33591a76be9a,0.9105944633483887
98ab5e0cc5f8413e993869c9729b464d,ca5add3cbf044a95a5bec88a5841ce98,0.9098119735717773
98ab5e0cc5f8413e993869c9729b464d,57bcda73abab44ee930b20cdaee9d24b,0.9090512990951538
98ab5e0cc5f8413e993869c9729b464d,7dd5e88dfdd24cafab2c765939757354,0.9089488983154297
98ab5e0cc5f8413e993869c9729b464d,26869cc099c44c4a86f6043476ab4890,0.9083343744277954
98ab5e0cc5f8413e993869c9729b464d,94ed54abfdc74b04b0dcb19c278e66f4,0.9077970385551453
6cd0e8707bc64b2a808ed3479ee223ab,acbf8eae7e064c11bab7adf66f216990,0.9575005769729614
6cd0e8707bc64b2a808ed3479ee223ab,597aab8bb15240f89fd1b24a8e38258d,0.9028385877609253
6cd0e8707bc64b2a808ed3479ee223ab,6af17cec494c4373a95865d270a29171,0.8852983713150024
6cd0e8707bc64b2a808ed3479ee223ab,f464960d2dbc43c0970c60600bd7f1cd,0.8678021430969238
6cd0e8707bc64b2a808ed3479ee223ab,be8953cc364d46cebbcc2c2da2c348ab,0.8623864054679871
6cd0e8707bc64b2a808ed3479ee223ab,249c2d8d8d2345c6990b3c4d94385b5a,0.8559211492538452
6cd0e8707bc64b2a808ed3479ee223ab,444fa28d9ed54c82a522699041eae592,0.852914571762085
6cd0e8707bc64b2a808ed3479ee223ab,3574ab91c29940b3afc62354ae06b73b,0.8525277972221375
6cd0e8707bc64b2a808ed3479ee223ab,bf789f42ccfc42c5a330a3f6e30ddb83,0.8451446294784546
6cd0e8707bc64b2a808ed3479ee223ab,23a16d69ffe848d593a4808907d8aa98,0.8450989723205566
dbec5198890f4c209fd8ef08d73c40ce,597aab8bb15240f89fd1b24a8e38258d,0.9442915916442871
dbec5198890f4c209fd8ef08d73c40ce,acbf8eae7e064c11bab7adf66f216990,0.9436079263687134
dbec5198890f4c209fd8ef08d73c40ce,e06d08ff594a4acbac12edf579743fcf,0.8912433981895447
dbec5198890f4c209fd8ef08d73c40ce,6af17cec494c4373a95865d270a29171,0.8867548704147339
dbec5198890f4c209fd8ef08d73c40ce,be8953cc364d46cebbcc2c2da2c348ab,0.8618220090866089
dbec5198890f4c209fd8ef08d73c40ce,673aee19895b4d339ada93213d8874ac,0.8606784343719482
dbec5198890f4c209fd8ef08d73c40ce,f464960d2dbc43c0970c60600bd7f1cd,0.8546823263168335
dbec5198890f4c209fd8ef08d73c40ce,33b5e2ae5ebe4f548bac3a00ab0a59eb,0.8534991145133972
dbec5198890f4c209fd8ef08d73c40ce,71c1a8479b194efca65b44fb7f327afb,0.8480104804039001
dbec5198890f4c209fd8ef08d73c40ce,403835bbf2f1447188bcc78e062b0028,0.843565821647644
ee7c4fd5b21848a380cf4e90f9f5cdca,acbf8eae7e064c11bab7adf66f216990,0.9321173429489136
ee7c4fd5b21848a380cf4e90f9f5cdca,597aab8bb15240f89fd1b24a8e38258d,0.9063253998756409
ee7c4fd5b21848a380cf4e90f9f5cdca,6af17cec494c4373a95865d270a29171,0.9003823399543762
ee7c4fd5b21848a380cf4e90f9f5cdca,e06d08ff594a4acbac12edf579743fcf,0.8615967631340027
ee7c4fd5b21848a380cf4e90f9f5cdca,71c1a8479b194efca65b44fb7f327afb,0.8582541942596436
ee7c4fd5b21848a380cf4e90f9f5cdca,be8953cc364d46cebbcc2c2da2c348ab,0.8547518253326416
ee7c4fd5b21848a380cf4e90f9f5cdca,673aee19895b4d339ada93213d8874ac,0.8534060716629028
ee7c4fd5b21848a380cf4e90f9f5cdca,f31e9fdffaa642ed98e91b07a30f3a8c,0.8521299958229065
ee7c4fd5b21848a380cf4e90f9f5cdca,04fa591263664fb0a6868552ebd3590b,0.8492339253425598
ee7c4fd5b21848a380cf4e90f9f5cdca,33b5e2ae5ebe4f548bac3a00ab0a59eb,0.848227322101593
b0a8fa5a4b474306b97fd69abcdc245f,6af17cec494c4373a95865d270a29171,0.9439753890037537
b0a8fa5a4b474306b97fd69abcdc245f,acbf8eae7e064c11bab7adf66f216990,0.9005759954452515
b0a8fa5a4b474306b97fd69abcdc245f,597aab8bb15240f89fd1b24a8e38258d,0.8554224967956543
b0a8fa5a4b474306b97fd69abcdc245f,f464960d2dbc43c0970c60600bd7f1cd,0.8485387563705444
b0a8fa5a4b474306b97fd69abcdc245f,3574ab91c29940b3afc62354ae06b73b,0.8459345102310181
b0a8fa5a4b474306b97fd69abcdc245f,097c30a7f39a4a3abf6da2ca80cad3a5,0.8458459377288818
b0a8fa5a4b474306b97fd69abcdc245f,e06d08ff594a4acbac12edf579743fcf,0.8439772129058838
b0a8fa5a4b474306b97fd69abcdc245f,bb5c7d03a54647d08b8c62deeb803271,0.8439303636550903
b0a8fa5a4b474306b97fd69abcdc245f,673aee19895b4d339ada93213d8874ac,0.8436247706413269
b0a8fa5a4b474306b97fd69abcdc245f,be8953cc364d46cebbcc2c2da2c348ab,0.8432745337486267
2c22ed57d17c4aa097b37805a50b9294,2c82919b038847fabbf5d13ca5ac55a7,0.9897691011428833
2c22ed57d17c4aa097b37805a50b9294,66f4c650b7ca48f1bc27f9daff8d312a,0.8931256532669067
2c22ed57d17c4aa097b37805a50b9294,b702b2b61ce048c6bf5af3c4dca18b1a,0.8871012926101685
2c22ed57d17c4aa097b37805a50b9294,1d70bc69b2f84bef9aa5fb0d9917e38d,0.8838703632354736
2c22ed57d17c4aa097b37805a50b9294,3d3e8565d2f84e0cad5ae622f2909765,0.8805819153785706
2c22ed57d17c4aa097b37805a50b9294,43464ed6733f4642a0b90e7d995a5e40,0.8789814710617065
2c22ed57d17c4aa097b37805a50b9294,097f2ce3b88c4d008488b9908076497e,0.8777670860290527
2c22ed57d17c4aa097b37805a50b9294,384b14b18c3c43b1a4dc1aa2f661e076,0.8770760297775269
2c22ed57d17c4aa097b37805a50b9294,70aa10580bfe4069bdaa5721ae2d29db,0.8758335113525391
2c22ed57d17c4aa097b37805a50b9294,e2769c67dadd4c988f7ccf249a998a56,0.8749679923057556
ee0bdf8b7e3142509f97816c8fae19bd,09f4970dfe684b809bc0959fb62f41bf,0.9838591814041138
ee0bdf8b7e3142509f97816c8fae19bd,d0b6e9c1cc5341faba9e03c17767bc2e,0.8704546689987183
ee0bdf8b7e3142509f97816c8fae19bd,4d5cbe57c3094d01843e4f950a280b50,0.8662872910499573
ee0bdf8b7e3142509f97816c8fae19bd,df0c94234d9d4890b5b4b95c441b3e9a,0.8585858345031738
ee0bdf8b7e3142509f97816c8fae19bd,521004289ebc4e6da6623381d40a5e73,0.8549151420593262
ee0bdf8b7e3142509f97816c8fae19bd,f91157bb8fca4a8e98db33591a76be9a,0.8545695543289185
ee0bdf8b7e3142509f97816c8fae19bd,74de04f31db94a99b757685c91779412,0.8545435667037964
ee0bdf8b7e3142509f97816c8fae19bd,13aca0959cc948cabeee0d7255f55a65,0.8532226085662842
ee0bdf8b7e3142509f97816c8fae19bd,0842a796c09b4089933a4f27e4e5e3bc,0.8530869483947754
ee0bdf8b7e3142509f97816c8fae19bd,86f59bd78b424260b0cf356f2f9ae734,0.8527399301528931
a0b880f475f147f08f11e0a27dc48fde,2b039224b54142d185a406b31fe01de2,0.9790208339691162
a0b880f475f147f08f11e0a27dc48fde,7ab9086baf99475d8c93862a7dd36344,0.9186797142028809
a0b880f475f147f08f11e0a27dc48fde,8228c9eb29a542ba98c8b9b854eadaa4,0.9049540758132935
a0b880f475f147f08f11e0a27dc48fde,98b2022b2cb84af09ee8b789db928b13,0.8971424102783203
a0b880f475f147f08f11e0a27dc48fde,57430214baf045cb92fa3b3b70a4ca3f,0.8952972888946533
a0b880f475f147f08f11e0a27dc48fde,174581fc299840e18e827432c0cce4dc,0.8952175974845886
a0b880f475f147f08f11e0a27dc48fde,250d411ae270441085be3501b7b55d86,0.8951135873794556
a0b880f475f147f08f11e0a27dc48fde,ffc5805e29a74be0a55b40318aa321d7,0.8944871425628662
a0b880f475f147f08f11e0a27dc48fde,342aaa81ed004635bbf9cbc2592cd7b6,0.893018364906311
a0b880f475f147f08f11e0a27dc48fde,6dc5832f0ac04df2bd99c6415b3ecf09,0.8906770944595337
fad484e776d145428e5c2ae92aec4908,342aaa81ed004635bbf9cbc2592cd7b6,0.9715777039527893
fad484e776d145428e5c2ae92aec4908,7ab9086baf99475d8c93862a7dd36344,0.9217901229858398
fad484e776d145428e5c2ae92aec4908,baf841bad27c456c9de7227555ea3ef8,0.9030643701553345
fad484e776d145428e5c2ae92aec4908,2b039224b54142d185a406b31fe01de2,0.902802050113678
fad484e776d145428e5c2ae92aec4908,89e983dca0a34b768e17b3871b9cea1e,0.9010971784591675
fad484e776d145428e5c2ae92aec4908,52f20bd7eb50430c95f0916727880a1b,0.898807168006897
fad484e776d145428e5c2ae92aec4908,ffc5805e29a74be0a55b40318aa321d7,0.8987959623336792
fad484e776d145428e5c2ae92aec4908,c4e79c8992e54866b0c6f26c55b1a774,0.8977025747299194
fad484e776d145428e5c2ae92aec4908,da61d9bc8f024a4aba18d5c3072b7838,0.8975218534469604
fad484e776d145428e5c2ae92aec4908,c84deec0ecf843c39f52d4cb8e7300f8,0.897307276725769
f2b99340a8304f42a058a44fd793927c,2b039224b54142d185a406b31fe01de2,0.9717544317245483
f2b99340a8304f42a058a44fd793927c,7ab9086baf99475d8c93862a7dd36344,0.9193772077560425
f2b99340a8304f42a058a44fd793927c,8228c9eb29a542ba98c8b9b854eadaa4,0.8984623551368713
f2b99340a8304f42a058a44fd793927c,174581fc299840e18e827432c0cce4dc,0.8928128480911255
f2b99340a8304f42a058a44fd793927c,ffc5805e29a74be0a55b40318aa321d7,0.8922168612480164
f2b99340a8304f42a058a44fd793927c,98b2022b2cb84af09ee8b789db928b13,0.8906112909317017
f2b99340a8304f42a058a44fd793927c,342aaa81ed004635bbf9cbc2592cd7b6,0.8873329758644104
f2b99340a8304f42a058a44fd793927c,57430214baf045cb92fa3b3b70a4ca3f,0.8869115114212036
f2b99340a8304f42a058a44fd793927c,250d411ae270441085be3501b7b55d86,0.8868551850318909
f2b99340a8304f42a058a44fd793927c,52ee59901f3b4de884d7a6720538aed6,0.8841565251350403
9ad1273ff93d4e9fb7ade33dd8e0ed98,342aaa81ed004635bbf9cbc2592cd7b6,0.940955638885498
9ad1273ff93d4e9fb7ade33dd8e0ed98,0092d1d820c64646b8bee9fd14f77acf,0.8964470624923706
9ad1273ff93d4e9fb7ade33dd8e0ed98,444fa28d9ed54c82a522699041eae592,0.8960601687431335
9ad1273ff93d4e9fb7ade33dd8e0ed98,7ab9086baf99475d8c93862a7dd36344,0.8927784562110901
9ad1273ff93d4e9fb7ade33dd8e0ed98,23a16d69ffe848d593a4808907d8aa98,0.8895885348320007
9ad1273ff93d4e9fb7ade33dd8e0ed98,52f20bd7eb50430c95f0916727880a1b,0.8878214359283447
9ad1273ff93d4e9fb7ade33dd8e0ed98,f1eecad10a61421eb16b1be7435d9c19,0.8872701525688171
9ad1273ff93d4e9fb7ade33dd8e0ed98,a9573f188204436090fb4a5240e4eccd,0.8870224952697754
9ad1273ff93d4e9fb7ade33dd8e0ed98,5537ddec608a4ec586ea068fa27547ca,0.8853261470794678
9ad1273ff93d4e9fb7ade33dd8e0ed98,ffc5805e29a74be0a55b40318aa321d7,0.8846006393432617
50cb33eef1b94f6c82103b39c1b98881,36ee1613abf245cdbe93fef69b5f981f,0.9582164287567139
50cb33eef1b94f6c82103b39c1b98881,9db7d32d79024ba6a73c55fde6f55968,0.8875309824943542
50cb33eef1b94f6c82103b39c1b98881,47eb17da319d440aa52da8008c26327a,0.8727675676345825
50cb33eef1b94f6c82103b39c1b98881,236c362d8b664c93b41882c119df9706,0.8708047866821289
50cb33eef1b94f6c82103b39c1b98881,e5a3c8867e44498d9182e8be934e0fce,0.8657379746437073
50cb33eef1b94f6c82103b39c1b98881,e22e1ad3c1fc4493bcb7c9b923566ff7,0.8609871864318848
50cb33eef1b94f6c82103b39c1b98881,0592b57e490d4206a3f12eb004a0afe0,0.8571052551269531
50cb33eef1b94f6c82103b39c1b98881,0a2c24dead204be9ae36be358e1223f9,0.8532920479774475
50cb33eef1b94f6c82103b39c1b98881,00e9d4081c2f45d1a818bfeab099863a,0.8524985313415527
50cb33eef1b94f6c82103b39c1b98881,e9428816b054499298745b742f128f65,0.8505098223686218
7990224cfabd448689a4ce3026d9fe41,47eb17da319d440aa52da8008c26327a,0.9206183552742004
7990224cfabd448689a4ce3026d9fe41,36ee1613abf245cdbe93fef69b5f981f,0.8693825006484985
7990224cfabd448689a4ce3026d9fe41,e22e1ad3c1fc4493bcb7c9b923566ff7,0.8659399747848511
7990224cfabd448689a4ce3026d9fe41,f5d09519cf7647f8a107cd8fadd322e5,0.8655877709388733
7990224cfabd448689a4ce3026d9fe41,31f80e4c87164e2893375ec7e73b372e,0.8599737882614136
7990224cfabd448689a4ce3026d9fe41,7d3d751215194e649a03457226f599d7,0.8534987568855286
7990224cfabd448689a4ce3026d9fe41,d9b70c4ed8bb4fc5957ecebf102528ee,0.8530675172805786
7990224cfabd448689a4ce3026d9fe41,597aab8bb15240f89fd1b24a8e38258d,0.8508059978485107
7990224cfabd448689a4ce3026d9fe41,57430214baf045cb92fa3b3b70a4ca3f,0.850339949131012
7990224cfabd448689a4ce3026d9fe41,9909a671f7414c19b2727e7d4d4dcf1b,0.8502249717712402
fde89e1ecf8840fdbb45c55139eec70f,47eb17da319d440aa52da8008c26327a,0.9273132681846619
fde89e1ecf8840fdbb45c55139eec70f,e22e1ad3c1fc4493bcb7c9b923566ff7,0.876637876033783
fde89e1ecf8840fdbb45c55139eec70f,36ee1613abf245cdbe93fef69b5f981f,0.8741977214813232
fde89e1ecf8840fdbb45c55139eec70f,d9b70c4ed8bb4fc5957ecebf102528ee,0.8719269037246704
fde89e1ecf8840fdbb45c55139eec70f,31f80e4c87164e2893375ec7e73b372e,0.8662754893302917
fde89e1ecf8840fdbb45c55139eec70f,597aab8bb15240f89fd1b24a8e38258d,0.8657920360565186
fde89e1ecf8840fdbb45c55139eec70f,31cf7db26a3249c5a6205b005662ddcf,0.8625160455703735
fde89e1ecf8840fdbb45c55139eec70f,f5d09519cf7647f8a107cd8fadd322e5,0.8600118160247803
fde89e1ecf8840fdbb45c55139eec70f,191b01e1728e4583a8ead5a86db27370,0.8599803447723389
fde89e1ecf8840fdbb45c55139eec70f,eabdd2813a954f9aa01f0eb8212ee387,0.859472393989563
7141972968b840058e50af9c047f1975,36ee1613abf245cdbe93fef69b5f981f,0.9861938953399658
7141972968b840058e50af9c047f1975,236c362d8b664c93b41882c119df9706,0.896679162979126
7141972968b840058e50af9c047f1975,47eb17da319d440aa52da8008c26327a,0.8907815217971802
7141972968b840058e50af9c047f1975,9db7d32d79024ba6a73c55fde6f55968,0.875356912612915
7141972968b840058e50af9c047f1975,e22e1ad3c1fc4493bcb7c9b923566ff7,0.868376612663269
7141972968b840058e50af9c047f1975,e5a3c8867e44498d9182e8be934e0fce,0.8657310009002686
7141972968b840058e50af9c047f1975,c3a741d302d94ee294bb6e4090fd2da9,0.8652214407920837
7141972968b840058e50af9c047f1975,e9428816b054499298745b742f128f65,0.8646655082702637
7141972968b840058e50af9c047f1975,57430214baf045cb92fa3b3b70a4ca3f,0.8622971773147583
7141972968b840058e50af9c047f1975,0592b57e490d4206a3f12eb004a0afe0,0.8621029853820801
978ff949184e4cfcaa6168bf5ec8b635,ca5add3cbf044a95a5bec88a5841ce98,0.9711698293685913
978ff949184e4cfcaa6168bf5ec8b635,94ed54abfdc74b04b0dcb19c278e66f4,0.907783567905426
978ff949184e4cfcaa6168bf5ec8b635,57bcda73abab44ee930b20cdaee9d24b,0.9060394763946533
978ff949184e4cfcaa6168bf5ec8b635,1d70bc69b2f84bef9aa5fb0d9917e38d,0.9053499698638916
978ff949184e4cfcaa6168bf5ec8b635,82d68ea370f8451aa16ea08f4601245c,0.9042111039161682
978ff949184e4cfcaa6168bf5ec8b635,b277101390e1465685ef79bf3519f8d7,0.8996959328651428
978ff949184e4cfcaa6168bf5ec8b635,7e190e3c05d74e6b9f103e39142c1684,0.8976439237594604
978ff949184e4cfcaa6168bf5ec8b635,a055f8188384479a8bad418f7dffd9a5,0.8971291184425354
978ff949184e4cfcaa6168bf5ec8b635,9bf3b77eb9874f5f9e006a9cff111ea9,0.8968952894210815
978ff949184e4cfcaa6168bf5ec8b635,4e4495962a9b4864882397042f1a2b3e,0.8943935632705688
e8d5f4039a4c41ca879ab577cb031ff6,8dfd98bb97584157b207e1f4be471a8e,0.9773373603820801
e8d5f4039a4c41ca879ab577cb031ff6,c2a665cec90e46db8d2a74389beb4649,0.8946974873542786
e8d5f4039a4c41ca879ab577cb031ff6,23a16d69ffe848d593a4808907d8aa98,0.8904043436050415
e8d5f4039a4c41ca879ab577cb031ff6,9bf3b77eb9874f5f9e006a9cff111ea9,0.8872742652893066
e8d5f4039a4c41ca879ab577cb031ff6,27a67d3e76814297aebf64e03d14c336,0.8848644495010376
e8d5f4039a4c41ca879ab577cb031ff6,e511c40ca6324803b5021e47b4e777f8,0.8824353218078613
e8d5f4039a4c41ca879ab577cb031ff6,77cecb221149474896d9b2eb848bf150,0.8797919750213623
e8d5f4039a4c41ca879ab577cb031ff6,f4474150010f4021a4620372062f3797,0.8780204057693481
e8d5f4039a4c41ca879ab577cb031ff6,c750a2994555414790abb3281572bb42,0.8767557144165039
e8d5f4039a4c41ca879ab577cb031ff6,baf841bad27c456c9de7227555ea3ef8,0.8754622340202332
652ddece31c14123bb00ca0f797d5627,c3502ff31ce6459a96164c934f297562,0.9145020246505737
652ddece31c14123bb00ca0f797d5627,0c889c151e094b948c13b0275e660a9c,0.9016729593276978
652ddece31c14123bb00ca0f797d5627,8889c114b071429cbe2418f5b0f2024b,0.9005641937255859
652ddece31c14123bb00ca0f797d5627,bbdf9065122d499d9d8f80ad3e0ef6f3,0.8999652862548828
652ddece31c14123bb00ca0f797d5627,26e55eb4d910464497d700bfdf5a36ca,0.8972083330154419
652ddece31c14123bb00ca0f797d5627,7dd5e88dfdd24cafab2c765939757354,0.8950852155685425
652ddece31c14123bb00ca0f797d5627,7c1126d46a934db6b951d1e98feae327,0.8916058540344238
652ddece31c14123bb00ca0f797d5627,f91157bb8fca4a8e98db33591a76be9a,0.8909927606582642
652ddece31c14123bb00ca0f797d5627,f3fddb55448a46778b5d807642cceb71,0.8890048861503601
652ddece31c14123bb00ca0f797d5627,d658e3a743af41899183fecff6b2628d,0.8871957063674927
35b575c8f0a94d4691d7fa9a39e399be,ca5add3cbf044a95a5bec88a5841ce98,0.9798876047134399
35b575c8f0a94d4691d7fa9a39e399be,57bcda73abab44ee930b20cdaee9d24b,0.9143764972686768
35b575c8f0a94d4691d7fa9a39e399be,94ed54abfdc74b04b0dcb19c278e66f4,0.9141907691955566
35b575c8f0a94d4691d7fa9a39e399be,82d68ea370f8451aa16ea08f4601245c,0.9080324172973633
35b575c8f0a94d4691d7fa9a39e399be,d695b7afdc3841a28a56df578e56afce,0.905159592628479
35b575c8f0a94d4691d7fa9a39e399be,9bf3b77eb9874f5f9e006a9cff111ea9,0.9051340818405151
35b575c8f0a94d4691d7fa9a39e399be,4c67cc7a1ccc496db132636e3f4853a2,0.904954195022583
35b575c8f0a94d4691d7fa9a39e399be,1d70bc69b2f84bef9aa5fb0d9917e38d,0.9040902256965637
35b575c8f0a94d4691d7fa9a39e399be,a2612682d9854a30a7684c91c8619ec9,0.9034126996994019
35b575c8f0a94d4691d7fa9a39e399be,8987ceafff324f9599b842542e37eddd,0.9027069211006165
9137d9f3709b476a856868040dd81177,2c8eafa0ff26437a862dc2224ab57073,0.9712902307510376
9137d9f3709b476a856868040dd81177,5e44915237fc4445b54b037e1c4e29a4,0.8856579661369324
9137d9f3709b476a856868040dd81177,b2bcb4d9456c4763a0159ffd1f3660bb,0.8747803568840027
9137d9f3709b476a856868040dd81177,6f8d80f8673144dfa7a4e09190442ab3,0.8706296682357788
9137d9f3709b476a856868040dd81177,b3f8b4bec0164d0e81997b4f5a277e8f,0.8659738898277283
9137d9f3709b476a856868040dd81177,dbf0926f9f344f1d88b114660db4d2eb,0.8659412860870361
9137d9f3709b476a856868040dd81177,75bf181ea5dc490e95d364a5f5c7af1d,0.8632996082305908
9137d9f3709b476a856868040dd81177,7226603f024c45c6a6e44b00e52e8aad,0.8629356622695923
9137d9f3709b476a856868040dd81177,361f2b7f3f044907b3a331872fb18755,0.8627830147743225
9137d9f3709b476a856868040dd81177,e12ad1ce8e7940a999b9a4f91a95fab7,0.8608976602554321
19e0f2444bd641bb81c4b9604f3c5b79,2c8eafa0ff26437a862dc2224ab57073,0.874396800994873
19e0f2444bd641bb81c4b9604f3c5b79,be9e713988ba4bbba869885cad419259,0.8715295791625977
19e0f2444bd641bb81c4b9604f3c5b79,5e44915237fc4445b54b037e1c4e29a4,0.8673211336135864
19e0f2444bd641bb81c4b9604f3c5b79,54e9bbd0093947a3bda5fef48ef7493d,0.8558613657951355
19e0f2444bd641bb81c4b9604f3c5b79,6f8d80f8673144dfa7a4e09190442ab3,0.8544567227363586
19e0f2444bd641bb81c4b9604f3c5b79,b00b2395b49949508fade89bb3eac98b,0.8538562059402466
19e0f2444bd641bb81c4b9604f3c5b79,30f654c6e69e48888f9f42dd95ab3c77,0.8518723249435425
19e0f2444bd641bb81c4b9604f3c5b79,fbfaa119f55a477984e42d80498f54d3,0.8514503240585327
19e0f2444bd641bb81c4b9604f3c5b79,361f2b7f3f044907b3a331872fb18755,0.8513118624687195
19e0f2444bd641bb81c4b9604f3c5b79,5537ddec608a4ec586ea068fa27547ca,0.8502313494682312
f8922388774b4a008a6c8d856099d30f,a2612682d9854a30a7684c91c8619ec9,0.9188442826271057
f8922388774b4a008a6c8d856099d30f,5363ae1c905d4879a63259de4954702e,0.9145451784133911
f8922388774b4a008a6c8d856099d30f,a5d5fb459a1844088e93ae557ab34afe,0.911164402961731
f8922388774b4a008a6c8d856099d30f,50a2129b83404b94889a01f4688ebafd,0.9107455015182495
f8922388774b4a008a6c8d856099d30f,82d68ea370f8451aa16ea08f4601245c,0.9036779403686523
f8922388774b4a008a6c8d856099d30f,b277101390e1465685ef79bf3519f8d7,0.9030660390853882
f8922388774b4a008a6c8d856099d30f,6bde760ad5d4485db9889b1bdc074005,0.902046799659729
f8922388774b4a008a6c8d856099d30f,eeca68825e2a4bbdaa5ae962998fc33b,0.9008605480194092
f8922388774b4a008a6c8d856099d30f,8dfe01febd46475ab5aef97033716ce1,0.8979889154434204
f8922388774b4a008a6c8d856099d30f,da14e9dc2c3d4963b725de8102de5028,0.8961681127548218
d6305586e401475b931a4998caeab35e,6bde760ad5d4485db9889b1bdc074005,0.8961029052734375
d6305586e401475b931a4998caeab35e,24c55bb5cd694770ba895c7401da2ba5,0.8822160959243774
d6305586e401475b931a4998caeab35e,0ecfdd96e0054841883acba75e83b232,0.880669116973877
d6305586e401475b931a4998caeab35e,ae3f42d57b3046a3821026173286a43e,0.8802498579025269
d6305586e401475b931a4998caeab35e,a2612682d9854a30a7684c91c8619ec9,0.8794814944267273
d6305586e401475b931a4998caeab35e,f69855cdf66d4f6887ecfd0ddb9014b5,0.8789588212966919
d6305586e401475b931a4998caeab35e,5cfb876eeb4f410aa1282cc279f0e546,0.8760222792625427
d6305586e401475b931a4998caeab35e,d695b7afdc3841a28a56df578e56afce,0.8751873970031738
d6305586e401475b931a4998caeab35e,eeca68825e2a4bbdaa5ae962998fc33b,0.8749227523803711
d6305586e401475b931a4998caeab35e,50a2129b83404b94889a01f4688ebafd,0.8737392425537109
b1b3c914d57442e687d0d798f678582d,3f28365e18244eb28cc7d23de8895956,0.9833147525787354
b1b3c914d57442e687d0d798f678582d,415641aa43724ed9bc4710302b77edc3,0.8953327536582947
b1b3c914d57442e687d0d798f678582d,5537ddec608a4ec586ea068fa27547ca,0.8925491571426392
b1b3c914d57442e687d0d798f678582d,8dfe01febd46475ab5aef97033716ce1,0.8815645575523376
b1b3c914d57442e687d0d798f678582d,c235728f290a44d6a5fc2e14111ae02e,0.8788056373596191
b1b3c914d57442e687d0d798f678582d,f1eecad10a61421eb16b1be7435d9c19,0.8765594363212585
b1b3c914d57442e687d0d798f678582d,4d0a737f396d4a95808085bd1306746c,0.8741607666015625
b1b3c914d57442e687d0d798f678582d,69ac8397e9624bfd8aee237b9f9ea3b5,0.8739995956420898
b1b3c914d57442e687d0d798f678582d,f91157bb8fca4a8e98db33591a76be9a,0.8732994794845581
b1b3c914d57442e687d0d798f678582d,e5a3c8867e44498d9182e8be934e0fce,0.8731153011322021
1e71c6d2af1b4a24867e8235df8f68be,0e8487b2e6a2439b9e6623a1e2e5e19d,0.9903969168663025
1e71c6d2af1b4a24867e8235df8f68be,503d2f067a8a4f5798b1c64b07ab0bc5,0.9069803357124329
1e71c6d2af1b4a24867e8235df8f68be,f4b7e6e902e344859cb041126b69ce3c,0.9065078496932983
1e71c6d2af1b4a24867e8235df8f68be,48c31b1e2ce94de8968fab433813fa91,0.9024618864059448
1e71c6d2af1b4a24867e8235df8f68be,db620271348d404a9a0b978d96c63f29,0.8928886651992798
1e71c6d2af1b4a24867e8235df8f68be,0b57f893483647c3aed811775a4c4c04,0.887424111366272
1e71c6d2af1b4a24867e8235df8f68be,cf7476d6c96b4dcdb6f025b9291eb62b,0.8872231245040894
1e71c6d2af1b4a24867e8235df8f68be,66690895454847fea5a000202fbfab2e,0.883554220199585
1e71c6d2af1b4a24867e8235df8f68be,f532294d68604bc2aa9ad8804a8c6d5f,0.878545880317688
1e71c6d2af1b4a24867e8235df8f68be,93bf0b86be094f68a9d308ca5ecfb4e3,0.8783915638923645
10a5c96cf3974eb4a43ee1190f555041,0e8487b2e6a2439b9e6623a1e2e5e19d,0.9384458065032959
10a5c96cf3974eb4a43ee1190f555041,66690895454847fea5a000202fbfab2e,0.8837263584136963
10a5c96cf3974eb4a43ee1190f555041,f4b7e6e902e344859cb041126b69ce3c,0.8826026916503906
10a5c96cf3974eb4a43ee1190f555041,c713a0ca69864ee7b240069c98dc44dc,0.8807114362716675
10a5c96cf3974eb4a43ee1190f555041,48c31b1e2ce94de8968fab433813fa91,0.8797053694725037
10a5c96cf3974eb4a43ee1190f555041,4a3d4daed4b24a1898551f0fd1ba44f1,0.8796786665916443
10a5c96cf3974eb4a43ee1190f555041,c750a2994555414790abb3281572bb42,0.8780643939971924
10a5c96cf3974eb4a43ee1190f555041,93bf0b86be094f68a9d308ca5ecfb4e3,0.8760944604873657
10a5c96cf3974eb4a43ee1190f555041,a8904adcdd21495f890bc614bfdbf86f,0.8738410472869873
10a5c96cf3974eb4a43ee1190f555041,249c2d8d8d2345c6990b3c4d94385b5a,0.8735931515693665
e06807ddbe0f47fbb2131d40df566c5d,3f28365e18244eb28cc7d23de8895956,0.9765732884407043
e06807ddbe0f47fbb2131d40df566c5d,5537ddec608a4ec586ea068fa27547ca,0.8941066265106201
e06807ddbe0f47fbb2131d40df566c5d,415641aa43724ed9bc4710302b77edc3,0.8896956443786621
e06807ddbe0f47fbb2131d40df566c5d,4d0a737f396d4a95808085bd1306746c,0.8800175189971924
e06807ddbe0f47fbb2131d40df566c5d,69ac8397e9624bfd8aee237b9f9ea3b5,0.8781023621559143
e06807ddbe0f47fbb2131d40df566c5d,f1eecad10a61421eb16b1be7435d9c19,0.8779351711273193
e06807ddbe0f47fbb2131d40df566c5d,e5a3c8867e44498d9182e8be934e0fce,0.8776021003723145
e06807ddbe0f47fbb2131d40df566c5d,c235728f290a44d6a5fc2e14111ae02e,0.8766874074935913
e06807ddbe0f47fbb2131d40df566c5d,8dfe01febd46475ab5aef97033716ce1,0.875662624835968
e06807ddbe0f47fbb2131d40df566c5d,f91157bb8fca4a8e98db33591a76be9a,0.8751169443130493
f191bbfff07e4252b111e35c94ed290e,40a95697730046dcbb0d7ba1fe2109a6,0.9759748578071594
f191bbfff07e4252b111e35c94ed290e,384f94503bcd4f4c863056ad69f45b43,0.8716425895690918
f191bbfff07e4252b111e35c94ed290e,19098957d8c24cab95daa30c2baefd8f,0.8577062487602234
f191bbfff07e4252b111e35c94ed290e,d43b0f94627d45918e18a80be127aa2c,0.857214093208313
f191bbfff07e4252b111e35c94ed290e,e2e0c8c96aff4c00896ac6986bbb20c2,0.8544764518737793
f191bbfff07e4252b111e35c94ed290e,25afb6f7e9314af09008644bca5955b9,0.8507848978042603
f191bbfff07e4252b111e35c94ed290e,e88ce4cd350f43398a5c0ab8629cee72,0.8413881063461304
f191bbfff07e4252b111e35c94ed290e,2c82919b038847fabbf5d13ca5ac55a7,0.8360891342163086
f191bbfff07e4252b111e35c94ed290e,8b038cd0dafd45d8b1ce75177ca3a76b,0.8355545997619629
f191bbfff07e4252b111e35c94ed290e,0f785440b29548e1a1968868262fd42e,0.8314501643180847
3933d083cd9e45fdb173f91329f16538,40a95697730046dcbb0d7ba1fe2109a6,0.9726417064666748
3933d083cd9e45fdb173f91329f16538,d43b0f94627d45918e18a80be127aa2c,0.8605222702026367
3933d083cd9e45fdb173f91329f16538,19098957d8c24cab95daa30c2baefd8f,0.8520513772964478
3933d083cd9e45fdb173f91329f16538,384f94503bcd4f4c863056ad69f45b43,0.8489482402801514
3933d083cd9e45fdb173f91329f16538,25afb6f7e9314af09008644bca5955b9,0.8433339595794678
3933d083cd9e45fdb173f91329f16538,e2e0c8c96aff4c00896ac6986bbb20c2,0.8413763046264648
3933d083cd9e45fdb173f91329f16538,e88ce4cd350f43398a5c0ab8629cee72,0.8351032733917236
3933d083cd9e45fdb173f91329f16538,04fa591263664fb0a6868552ebd3590b,0.8308740854263306
3933d083cd9e45fdb173f91329f16538,8b038cd0dafd45d8b1ce75177ca3a76b,0.829008936882019
3933d083cd9e45fdb173f91329f16538,33b5e2ae5ebe4f548bac3a00ab0a59eb,0.8194785118103027
643c0eec1efd4728b8264ce4fed0d3d8,3ec67e948e15423fac23fdd38a7d4cca,0.9860987663269043
643c0eec1efd4728b8264ce4fed0d3d8,98fbdf945d0c4206a48a4f7260e56017,0.8962653279304504
643c0eec1efd4728b8264ce4fed0d3d8,8683a3ad55d84a78834fabe20cde5269,0.8906386494636536
643c0eec1efd4728b8264ce4fed0d3d8,b834c0b0c10b471b87ad3f11468de619,0.8857561349868774
643c0eec1efd4728b8264ce4fed0d3d8,8c7c9eaae41a44a3a4ebe39ce167d300,0.8813788890838623
643c0eec1efd4728b8264ce4fed0d3d8,c1def54262224e23acf67a9870725ce5,0.8789047002792358
643c0eec1efd4728b8264ce4fed0d3d8,be9e713988ba4bbba869885cad419259,0.8786195516586304
643c0eec1efd4728b8264ce4fed0d3d8,17b5eb6fab65476f827dd355b4a20a55,0.8774762749671936
643c0eec1efd4728b8264ce4fed0d3d8,7dd5e88dfdd24cafab2c765939757354,0.8762896656990051
643c0eec1efd4728b8264ce4fed0d3d8,8d595c7da42545c88052e7b213b6c97c,0.8757857084274292
effe6696627f429091a6dd53f02eefb5,a35fecee62a9432da0c413f65e895e8c,0.9904567003250122
effe6696627f429091a6dd53f02eefb5,3827ad869b3740278b98db4e65c40e0c,0.8269802331924438
effe6696627f429091a6dd53f02eefb5,384f94503bcd4f4c863056ad69f45b43,0.8246217966079712
effe6696627f429091a6dd53f02eefb5,097f2ce3b88c4d008488b9908076497e,0.8154487609863281
effe6696627f429091a6dd53f02eefb5,384b14b18c3c43b1a4dc1aa2f661e076,0.8126042485237122
effe6696627f429091a6dd53f02eefb5,ae3f42d57b3046a3821026173286a43e,0.8125261068344116
effe6696627f429091a6dd53f02eefb5,8b038cd0dafd45d8b1ce75177ca3a76b,0.8087916970252991
effe6696627f429091a6dd53f02eefb5,7627d5e28ba74cbeaf9225e88a7a44cc,0.8087403774261475
effe6696627f429091a6dd53f02eefb5,40a95697730046dcbb0d7ba1fe2109a6,0.8078650832176208
effe6696627f429091a6dd53f02eefb5,e96fae6d607246b18b8494aabe521036,0.8075206875801086
8fb15d3cacbd407bb226320c3829b9d1,3827ad869b3740278b98db4e65c40e0c,0.9881401062011719
8fb15d3cacbd407bb226320c3829b9d1,7627d5e28ba74cbeaf9225e88a7a44cc,0.9028033018112183
8fb15d3cacbd407bb226320c3829b9d1,724a3f6551e74ad585bdeac9a75fd639,0.886573076248169
8fb15d3cacbd407bb226320c3829b9d1,04d24d1cf42b4f7787d8d300cbad6d50,0.8848375678062439
8fb15d3cacbd407bb226320c3829b9d1,e2e0c8c96aff4c00896ac6986bbb20c2,0.8843555450439453
8fb15d3cacbd407bb226320c3829b9d1,4e4495962a9b4864882397042f1a2b3e,0.8823535442352295
8fb15d3cacbd407bb226320c3829b9d1,f12e9e5805534d719f829332d1ea5d29,0.8780907392501831
8fb15d3cacbd407bb226320c3829b9d1,17b5eb6fab65476f827dd355b4a20a55,0.874595046043396
8fb15d3cacbd407bb226320c3829b9d1,097f2ce3b88c4d008488b9908076497e,0.8742375373840332
8fb15d3cacbd407bb226320c3829b9d1,e59dba65749140f4a1bdaf2695de2fc6,0.8737877607345581
9c535651e4904df1a59b82bd2baf303f,aaab880f032a4e00904cf50566164044,0.9945682883262634
9c535651e4904df1a59b82bd2baf303f,40f040fd5c824c8e8e710af1fdf70b5f,0.9370802640914917
9c535651e4904df1a59b82bd2baf303f,beccee3a988f48c1ad207e2380766fa4,0.8958830237388611
9c535651e4904df1a59b82bd2baf303f,f91157bb8fca4a8e98db33591a76be9a,0.8709597587585449
9c535651e4904df1a59b82bd2baf303f,c14e45f5201b4038bdddddb238d888a3,0.8657854199409485
9c535651e4904df1a59b82bd2baf303f,225818abe99e45a0bf5b0b3ec30db76b,0.8569554090499878
9c535651e4904df1a59b82bd2baf303f,30f654c6e69e48888f9f42dd95ab3c77,0.8555134534835815
9c535651e4904df1a59b82bd2baf303f,7bbe3c76bcc04d73969f920d43fcc67d,0.8539726734161377
9c535651e4904df1a59b82bd2baf303f,da88fa5efc674368b593444ca950dff9,0.8532991409301758
9c535651e4904df1a59b82bd2baf303f,9a500a20b1ff4694acc31339a8d1349e,0.8527882099151611
aa2f3a01706344a289a355c547d3ba1f,aaab880f032a4e00904cf50566164044,0.9926971197128296
aa2f3a01706344a289a355c547d3ba1f,40f040fd5c824c8e8e710af1fdf70b5f,0.9371427297592163
aa2f3a01706344a289a355c547d3ba1f,beccee3a988f48c1ad207e2380766fa4,0.8963587880134583
aa2f3a01706344a289a355c547d3ba1f,f91157bb8fca4a8e98db33591a76be9a,0.8762052655220032
aa2f3a01706344a289a355c547d3ba1f,c14e45f5201b4038bdddddb238d888a3,0.8646241426467896
aa2f3a01706344a289a355c547d3ba1f,30f654c6e69e48888f9f42dd95ab3c77,0.8620911836624146
aa2f3a01706344a289a355c547d3ba1f,da88fa5efc674368b593444ca950dff9,0.8610715866088867
aa2f3a01706344a289a355c547d3ba1f,7bbe3c76bcc04d73969f920d43fcc67d,0.860810399055481
aa2f3a01706344a289a355c547d3ba1f,b626eb67c2e14afeae2846bb150976f3,0.8589388132095337
aa2f3a01706344a289a355c547d3ba1f,225818abe99e45a0bf5b0b3ec30db76b,0.8574445843696594
67c8a3a3a76f47dca5dffc57df701923,40f040fd5c824c8e8e710af1fdf70b5f,0.9854109287261963
67c8a3a3a76f47dca5dffc57df701923,aaab880f032a4e00904cf50566164044,0.9379101991653442
67c8a3a3a76f47dca5dffc57df701923,beccee3a988f48c1ad207e2380766fa4,0.8812788724899292
67c8a3a3a76f47dca5dffc57df701923,3aaea7fa41fd43cdb88f8ef59062c5df,0.877856969833374
67c8a3a3a76f47dca5dffc57df701923,4a6eba10a02a4ecdbb6b25e8651c3789,0.8734701871871948
67c8a3a3a76f47dca5dffc57df701923,e59dba65749140f4a1bdaf2695de2fc6,0.8731197118759155
67c8a3a3a76f47dca5dffc57df701923,4230775a9d51448396cacb9061f0e5f9,0.8723095655441284
67c8a3a3a76f47dca5dffc57df701923,f91157bb8fca4a8e98db33591a76be9a,0.8696593642234802
67c8a3a3a76f47dca5dffc57df701923,ff276acede2f4c14876ef47257758ae8,0.8696208596229553
67c8a3a3a76f47dca5dffc57df701923,4285b02dc9164cb9bae36b0566bb42f0,0.8687782287597656
517a4c8e0e5e4627b780d2ab38493bcc,d9b97376c5e44d8786f861a5788af644,0.9922981262207031
517a4c8e0e5e4627b780d2ab38493bcc,9094e936e13641cc9bfcc7dc1408d86e,0.9120351076126099
517a4c8e0e5e4627b780d2ab38493bcc,b3a022950e444682a113cec5a0537f6a,0.8943314552307129
517a4c8e0e5e4627b780d2ab38493bcc,c84deec0ecf843c39f52d4cb8e7300f8,0.8891634345054626
517a4c8e0e5e4627b780d2ab38493bcc,0ecfdd96e0054841883acba75e83b232,0.8868220448493958
517a4c8e0e5e4627b780d2ab38493bcc,e343a998f4df4ac195c84e0fb571a393,0.8860939145088196
517a4c8e0e5e4627b780d2ab38493bcc,1099cb6f4fac4eb8a1fb6db50e18296b,0.885550856590271
517a4c8e0e5e4627b780d2ab38493bcc,3b37a4c34b6e4ca89a04da864e141422,0.8843192458152771
517a4c8e0e5e4627b780d2ab38493bcc,5cfb876eeb4f410aa1282cc279f0e546,0.8835788369178772
517a4c8e0e5e4627b780d2ab38493bcc,2471f23cb9b64d35a72deed09c9c8975,0.8821418285369873
80e36297d12e404b9094dc65f4ffd3d4,b69c17a10a55494d8caa56c33e8f4a56,0.8936027884483337
80e36297d12e404b9094dc65f4ffd3d4,8683a3ad55d84a78834fabe20cde5269,0.8831092119216919
80e36297d12e404b9094dc65f4ffd3d4,9bf3b77eb9874f5f9e006a9cff111ea9,0.8788293600082397
80e36297d12e404b9094dc65f4ffd3d4,cd764fbfae774d068af7549c648a02c9,0.8785243034362793
80e36297d12e404b9094dc65f4ffd3d4,cb2505b30d8a4dc086c353cf94424b6d,0.8769143223762512
80e36297d12e404b9094dc65f4ffd3d4,7862a63720b34104abf5bfa44bc8178d,0.874629020690918
80e36297d12e404b9094dc65f4ffd3d4,22d9d5ad33e947fd857c5c4a8b7dfae1,0.8740198612213135
80e36297d12e404b9094dc65f4ffd3d4,9909a671f7414c19b2727e7d4d4dcf1b,0.8738707304000854
80e36297d12e404b9094dc65f4ffd3d4,7d0190486da540718e4dc4ca4bd1f573,0.870355486869812
80e36297d12e404b9094dc65f4ffd3d4,db0c3a952e454b90aa4a68feb6a50e87,0.8679618835449219
b5f4062f90b440998365198d9656fe97,b69c17a10a55494d8caa56c33e8f4a56,0.8816492557525635
b5f4062f90b440998365198d9656fe97,cb2505b30d8a4dc086c353cf94424b6d,0.8759381771087646
b5f4062f90b440998365198d9656fe97,cd764fbfae774d068af7549c648a02c9,0.8751959800720215
b5f4062f90b440998365198d9656fe97,7862a63720b34104abf5bfa44bc8178d,0.8751053810119629
b5f4062f90b440998365198d9656fe97,9bf3b77eb9874f5f9e006a9cff111ea9,0.8744223713874817
b5f4062f90b440998365198d9656fe97,8683a3ad55d84a78834fabe20cde5269,0.8726555705070496
b5f4062f90b440998365198d9656fe97,7d0190486da540718e4dc4ca4bd1f573,0.8714118599891663
b5f4062f90b440998365198d9656fe97,22d9d5ad33e947fd857c5c4a8b7dfae1,0.8681221604347229
b5f4062f90b440998365198d9656fe97,9909a671f7414c19b2727e7d4d4dcf1b,0.8678791522979736
b5f4062f90b440998365198d9656fe97,db0c3a952e454b90aa4a68feb6a50e87,0.8641026020050049
0471ac805c4b456db243f0805797f2dc,595e438d2b394bb3a3259f47efd37ae8,0.9947680830955505
0471ac805c4b456db243f0805797f2dc,eb21a4e2b7bd43efbdf0c365415e7fef,0.9015654921531677
0471ac805c4b456db243f0805797f2dc,daed5458403e49e3aea72f4bcc6dd224,0.8956406116485596
0471ac805c4b456db243f0805797f2dc,77cecb221149474896d9b2eb848bf150,0.8942583799362183
0471ac805c4b456db243f0805797f2dc,b277101390e1465685ef79bf3519f8d7,0.8907583951950073
0471ac805c4b456db243f0805797f2dc,a0b4d283f12a407286dbeaa3a4d128a5,0.889806866645813
0471ac805c4b456db243f0805797f2dc,444fa28d9ed54c82a522699041eae592,0.8866409063339233
0471ac805c4b456db243f0805797f2dc,d75a52d716984f318f976bbfc7bee787,0.8855630159378052
0471ac805c4b456db243f0805797f2dc,97959d02a64f4a3fbbebe7cbece6c012,0.8852697610855103
0471ac805c4b456db243f0805797f2dc,f12e9e5805534d719f829332d1ea5d29,0.8843141794204712
72d5e8cd4b71425f86534cb71655d3a0,595e438d2b394bb3a3259f47efd37ae8,0.9585909247398376
72d5e8cd4b71425f86534cb71655d3a0,daed5458403e49e3aea72f4bcc6dd224,0.904068112373352
72d5e8cd4b71425f86534cb71655d3a0,77cecb221149474896d9b2eb848bf150,0.9030693769454956
72d5e8cd4b71425f86534cb71655d3a0,eb21a4e2b7bd43efbdf0c365415e7fef,0.9014247059822083
72d5e8cd4b71425f86534cb71655d3a0,b277101390e1465685ef79bf3519f8d7,0.8985850811004639
72d5e8cd4b71425f86534cb71655d3a0,a0b4d283f12a407286dbeaa3a4d128a5,0.8985252380371094
72d5e8cd4b71425f86534cb71655d3a0,d9ac372330a4446886fa19bac0d19877,0.8931725025177002
72d5e8cd4b71425f86534cb71655d3a0,b702b2b61ce048c6bf5af3c4dca18b1a,0.8921465873718262
72d5e8cd4b71425f86534cb71655d3a0,19593c97fef0474dbe6051e28338f1e9,0.8903067708015442
72d5e8cd4b71425f86534cb71655d3a0,e0d8aee46b1d4d998858cd05027251b6,0.8901232481002808
7c6759369d574b4cadfde359fe6eb481,e0d8aee46b1d4d998858cd05027251b6,0.9941040277481079
7c6759369d574b4cadfde359fe6eb481,02a3cd76ce534d188b4d5ac4778bd652,0.9310564994812012
7c6759369d574b4cadfde359fe6eb481,3e59b61eb70146308db2308b988b54cf,0.9238721132278442
7c6759369d574b4cadfde359fe6eb481,43464ed6733f4642a0b90e7d995a5e40,0.9151178598403931
7c6759369d574b4cadfde359fe6eb481,41e657daa20545a588584578bdb4101c,0.9097819328308105
7c6759369d574b4cadfde359fe6eb481,82d68ea370f8451aa16ea08f4601245c,0.9094047546386719
7c6759369d574b4cadfde359fe6eb481,ee7c00877ae64dac87123a3d75251530,0.9082316160202026
7c6759369d574b4cadfde359fe6eb481,67dd23cfd20f46dc82acc82c108a1dc6,0.9077633619308472
7c6759369d574b4cadfde359fe6eb481,daed5458403e49e3aea72f4bcc6dd224,0.9053815007209778
7c6759369d574b4cadfde359fe6eb481,1ade4365590a4ac7865100d8c791e340,0.9045827388763428
bba1dbc4ebc4401eb489ace7cdfe3d62,e0d8aee46b1d4d998858cd05027251b6,0.9762849807739258
bba1dbc4ebc4401eb489ace7cdfe3d62,02a3cd76ce534d188b4d5ac4778bd652,0.922511875629425
bba1dbc4ebc4401eb489ace7cdfe3d62,43464ed6733f4642a0b90e7d995a5e40,0.90870201587677
bba1dbc4ebc4401eb489ace7cdfe3d62,3e59b61eb70146308db2308b988b54cf,0.90576171875
bba1dbc4ebc4401eb489ace7cdfe3d62,41e657daa20545a588584578bdb4101c,0.9021042585372925
bba1dbc4ebc4401eb489ace7cdfe3d62,82d68ea370f8451aa16ea08f4601245c,0.9016534686088562
bba1dbc4ebc4401eb489ace7cdfe3d62,daed5458403e49e3aea72f4bcc6dd224,0.901531457901001
bba1dbc4ebc4401eb489ace7cdfe3d62,67dd23cfd20f46dc82acc82c108a1dc6,0.8979177474975586
bba1dbc4ebc4401eb489ace7cdfe3d62,1f9cd7f2b7a14e2f8d490a104a56edcd,0.8970937728881836
bba1dbc4ebc4401eb489ace7cdfe3d62,ee7c00877ae64dac87123a3d75251530,0.8961336612701416
fb8a64be87ed4691b554bac222e157ab,6ae72ad649c54129b992d321f8f29122,0.9753707051277161
fb8a64be87ed4691b554bac222e157ab,f2cfa68a47ce4a43a0fe1cc7dc860418,0.9007124900817871
fb8a64be87ed4691b554bac222e157ab,8fdee0611965465eb45387b8c39f4136,0.8996614217758179
fb8a64be87ed4691b554bac222e157ab,f91157bb8fca4a8e98db33591a76be9a,0.893824577331543
fb8a64be87ed4691b554bac222e157ab,f8e7f9688fd546829da579434180ffee,0.8899460434913635
fb8a64be87ed4691b554bac222e157ab,4d0a737f396d4a95808085bd1306746c,0.887376606464386
fb8a64be87ed4691b554bac222e157ab,35d06fce2df446569702778e2250bd82,0.8863639235496521
fb8a64be87ed4691b554bac222e157ab,5e44915237fc4445b54b037e1c4e29a4,0.8857466578483582
fb8a64be87ed4691b554bac222e157ab,636c21e19a5845e1b8d69a5fca928030,0.884813666343689
fb8a64be87ed4691b554bac222e157ab,cf7476d6c96b4dcdb6f025b9291eb62b,0.8840174674987793
af9351fd1bff4f5bb9e89603c818f703,503d2f067a8a4f5798b1c64b07ab0bc5,0.9116230010986328
af9351fd1bff4f5bb9e89603c818f703,23a16d69ffe848d593a4808907d8aa98,0.9103856086730957
af9351fd1bff4f5bb9e89603c818f703,d695b7afdc3841a28a56df578e56afce,0.9102727770805359
af9351fd1bff4f5bb9e89603c818f703,f91157bb8fca4a8e98db33591a76be9a,0.9087145924568176
af9351fd1bff4f5bb9e89603c818f703,5537ddec608a4ec586ea068fa27547ca,0.9084386229515076
af9351fd1bff4f5bb9e89603c818f703,249c2d8d8d2345c6990b3c4d94385b5a,0.9059156775474548
af9351fd1bff4f5bb9e89603c818f703,c2a665cec90e46db8d2a74389beb4649,0.902009129524231
af9351fd1bff4f5bb9e89603c818f703,0c889c151e094b948c13b0275e660a9c,0.9019805788993835
af9351fd1bff4f5bb9e89603c818f703,26869cc099c44c4a86f6043476ab4890,0.9016361236572266
af9351fd1bff4f5bb9e89603c818f703,f1c9c5051bdd4a11a064260bbb9d6d7b,0.9010627269744873
9a2ba0ba753c40439a29734968bde279,503d2f067a8a4f5798b1c64b07ab0bc5,0.9190551042556763
9a2ba0ba753c40439a29734968bde279,ee89670285c74e27aa174dadf39fbca7,0.9075406193733215
9a2ba0ba753c40439a29734968bde279,0c889c151e094b948c13b0275e660a9c,0.906021237373352
9a2ba0ba753c40439a29734968bde279,249c2d8d8d2345c6990b3c4d94385b5a,0.9047800302505493
9a2ba0ba753c40439a29734968bde279,4d5cbe57c3094d01843e4f950a280b50,0.9045995473861694
9a2ba0ba753c40439a29734968bde279,26869cc099c44c4a86f6043476ab4890,0.9023922681808472
9a2ba0ba753c40439a29734968bde279,f1c9c5051bdd4a11a064260bbb9d6d7b,0.9016774296760559
9a2ba0ba753c40439a29734968bde279,0b57f893483647c3aed811775a4c4c04,0.9015151858329773
9a2ba0ba753c40439a29734968bde279,7dd5e88dfdd24cafab2c765939757354,0.9009501338005066
9a2ba0ba753c40439a29734968bde279,434551fdf9e443ed91679a9557ae6fd5,0.8993973731994629
b92407443bc54ed2805842ca07219659,6ae72ad649c54129b992d321f8f29122,0.952571451663971
b92407443bc54ed2805842ca07219659,cf7476d6c96b4dcdb6f025b9291eb62b,0.9118295907974243
b92407443bc54ed2805842ca07219659,e7ee85dd47ca43eeb2fdcd70b802f0ec,0.9050244688987732
b92407443bc54ed2805842ca07219659,f8e7f9688fd546829da579434180ffee,0.9003163576126099
b92407443bc54ed2805842ca07219659,f2cfa68a47ce4a43a0fe1cc7dc860418,0.8989766836166382
b92407443bc54ed2805842ca07219659,64e74af099b0485f8b6e71ac73aa2cb8,0.897858738899231
b92407443bc54ed2805842ca07219659,9bf3b77eb9874f5f9e006a9cff111ea9,0.8933616876602173
b92407443bc54ed2805842ca07219659,503d2f067a8a4f5798b1c64b07ab0bc5,0.8889832496643066
b92407443bc54ed2805842ca07219659,3cb231e1167e45f9bf5771a4e0074092,0.8888400793075562
b92407443bc54ed2805842ca07219659,0b57f893483647c3aed811775a4c4c04,0.8882522583007812
79f37cf5db664eceb1acbe56e59fdba2,c756409435634fc48c643a64e73c93ce,0.9624879360198975
79f37cf5db664eceb1acbe56e59fdba2,ffe2740eee8c49b39b2ce41f9983bcb4,0.9238154888153076
79f37cf5db664eceb1acbe56e59fdba2,fadf133e0e684a24ac79b5fa9515bac2,0.9140682220458984
79f37cf5db664eceb1acbe56e59fdba2,eff24b01b2f5428baa4c3fef6cb40d41,0.912102997303009
79f37cf5db664eceb1acbe56e59fdba2,225818abe99e45a0bf5b0b3ec30db76b,0.9105765223503113
79f37cf5db664eceb1acbe56e59fdba2,0bd1cce9370a461089e25393086800a8,0.904380202293396
79f37cf5db664eceb1acbe56e59fdba2,342aaa81ed004635bbf9cbc2592cd7b6,0.9011768102645874
79f37cf5db664eceb1acbe56e59fdba2,e79ae27b52fa4d54aa37735fd275c66e,0.89845871925354
79f37cf5db664eceb1acbe56e59fdba2,df0c94234d9d4890b5b4b95c441b3e9a,0.8983372449874878
79f37cf5db664eceb1acbe56e59fdba2,1393dac7d34b4c34b1a8091a5bea3663,0.8959993720054626
8d3b90a569d64372a82d9a26b511d43b,b9228fdb5f0c413d81cffb51829d95c6,0.9578200578689575
8d3b90a569d64372a82d9a26b511d43b,df5ca61304074da1bec8f536ab50baf3,0.8983378410339355
8d3b90a569d64372a82d9a26b511d43b,b3f8b4bec0164d0e81997b4f5a277e8f,0.8731167316436768
8d3b90a569d64372a82d9a26b511d43b,c756409435634fc48c643a64e73c93ce,0.8703532814979553
8d3b90a569d64372a82d9a26b511d43b,c65af18670ea437c8986884645b3afe9,0.8690288066864014
8d3b90a569d64372a82d9a26b511d43b,e53dd6188816429ab915de6f9649a026,0.8673536777496338
8d3b90a569d64372a82d9a26b511d43b,93dc50abd35349f7923100dca2f41002,0.864617109298706
8d3b90a569d64372a82d9a26b511d43b,69ac8397e9624bfd8aee237b9f9ea3b5,0.8637081384658813
8d3b90a569d64372a82d9a26b511d43b,c24e3823376b436c8eb46eaeebbc7718,0.862819254398346
8d3b90a569d64372a82d9a26b511d43b,d25e6f2fc8154dd7816f8f7a41bee12b,0.861090898513794
9203f26b661c4f00976012cebd86ad3e,b9228fdb5f0c413d81cffb51829d95c6,0.9689624905586243
9203f26b661c4f00976012cebd86ad3e,df5ca61304074da1bec8f536ab50baf3,0.8957104682922363
9203f26b661c4f00976012cebd86ad3e,c65af18670ea437c8986884645b3afe9,0.88725745677948
9203f26b661c4f00976012cebd86ad3e,ec580ac6dd7149fb8a0a5a5d8b0f5b08,0.882360577583313
9203f26b661c4f00976012cebd86ad3e,93dc50abd35349f7923100dca2f41002,0.8822375535964966
9203f26b661c4f00976012cebd86ad3e,4a6eba10a02a4ecdbb6b25e8651c3789,0.8807803988456726
9203f26b661c4f00976012cebd86ad3e,b8995466f0eb4e7ba141e23216e8b974,0.8794525861740112
9203f26b661c4f00976012cebd86ad3e,eafb3480db704d7baa8216ce857d1610,0.8765708208084106
9203f26b661c4f00976012cebd86ad3e,69ac8397e9624bfd8aee237b9f9ea3b5,0.876125693321228
9203f26b661c4f00976012cebd86ad3e,c756409435634fc48c643a64e73c93ce,0.8758333921432495
bbfbeffe205f44cd8c5bd867f70dc0cf,c756409435634fc48c643a64e73c93ce,0.9687636494636536
bbfbeffe205f44cd8c5bd867f70dc0cf,ffe2740eee8c49b39b2ce41f9983bcb4,0.9275387525558472
bbfbeffe205f44cd8c5bd867f70dc0cf,fadf133e0e684a24ac79b5fa9515bac2,0.9196214079856873
bbfbeffe205f44cd8c5bd867f70dc0cf,eff24b01b2f5428baa4c3fef6cb40d41,0.9135718941688538
bbfbeffe205f44cd8c5bd867f70dc0cf,0bd1cce9370a461089e25393086800a8,0.9116982817649841
bbfbeffe205f44cd8c5bd867f70dc0cf,1393dac7d34b4c34b1a8091a5bea3663,0.9068698287010193
bbfbeffe205f44cd8c5bd867f70dc0cf,342aaa81ed004635bbf9cbc2592cd7b6,0.9042915105819702
bbfbeffe205f44cd8c5bd867f70dc0cf,da61d9bc8f024a4aba18d5c3072b7838,0.9037274718284607
bbfbeffe205f44cd8c5bd867f70dc0cf,79721c9bb6a54ecdb3d0a0f4011762c1,0.9037187695503235
bbfbeffe205f44cd8c5bd867f70dc0cf,225818abe99e45a0bf5b0b3ec30db76b,0.9028836488723755
24b76ac90a84462d903374be9d0b2c6f,7d6cdff8c9ac434196df803628fe9f62,0.9297015070915222
24b76ac90a84462d903374be9d0b2c6f,c1def54262224e23acf67a9870725ce5,0.8859922289848328
24b76ac90a84462d903374be9d0b2c6f,105ad424733e4cffa7c474b51e3980aa,0.8767896890640259
24b76ac90a84462d903374be9d0b2c6f,772cb9726861451d9972604da6f65c55,0.8766725063323975
24b76ac90a84462d903374be9d0b2c6f,8683a3ad55d84a78834fabe20cde5269,0.8729267716407776
24b76ac90a84462d903374be9d0b2c6f,9909a671f7414c19b2727e7d4d4dcf1b,0.8665531873703003
24b76ac90a84462d903374be9d0b2c6f,bcfa4a4177d44d8b8cda17b7a23196b0,0.8655803203582764
24b76ac90a84462d903374be9d0b2c6f,3c0f3b44c0844df49b5898406fe9195a,0.8635967969894409
24b76ac90a84462d903374be9d0b2c6f,5e2f1a45f7174f1aa39a194179985876,0.8629649877548218
24b76ac90a84462d903374be9d0b2c6f,98fbdf945d0c4206a48a4f7260e56017,0.8606494665145874
eeabc5200c23495e9decc640bc81697b,7d6cdff8c9ac434196df803628fe9f62,0.8999063372612
eeabc5200c23495e9decc640bc81697b,bcfa4a4177d44d8b8cda17b7a23196b0,0.8831706047058105
eeabc5200c23495e9decc640bc81697b,772cb9726861451d9972604da6f65c55,0.8804049491882324
eeabc5200c23495e9decc640bc81697b,c1def54262224e23acf67a9870725ce5,0.8796849250793457
eeabc5200c23495e9decc640bc81697b,1232f20e710b448e8c0538b9e84dab1c,0.8736878633499146
eeabc5200c23495e9decc640bc81697b,71c1a8479b194efca65b44fb7f327afb,0.866175651550293
eeabc5200c23495e9decc640bc81697b,f37d285ad0de42f0b1546d0d1acfb221,0.8658061623573303
eeabc5200c23495e9decc640bc81697b,105ad424733e4cffa7c474b51e3980aa,0.8649344444274902
eeabc5200c23495e9decc640bc81697b,99a52c93a3304ec18dab9206f98f2a8b,0.8648563623428345
eeabc5200c23495e9decc640bc81697b,6b7b5d28293d4a5a8075f7f7dd231ddb,0.864395260810852
f7df9ff1967f4b5aad8cb6deb163fa95,b425f33c33ad4be89a12da266d131a86,0.8882312774658203
f7df9ff1967f4b5aad8cb6deb163fa95,9948a890ef25479e834f70944cb42eae,0.8825438022613525
f7df9ff1967f4b5aad8cb6deb163fa95,033f1514c78b49dd82148b94f6bcbeba,0.8820327520370483
f7df9ff1967f4b5aad8cb6deb163fa95,2d812431f07c44f1a56a71c72766e0b0,0.8804372549057007
f7df9ff1967f4b5aad8cb6deb163fa95,babbeca1f6a244a2a11ea77a3855e70f,0.8792762756347656
f7df9ff1967f4b5aad8cb6deb163fa95,211ef3181e524685866fb8574d9bf456,0.8770090341567993
f7df9ff1967f4b5aad8cb6deb163fa95,570f08ce2a1a47978eab16bf7ad16a68,0.8756271004676819
f7df9ff1967f4b5aad8cb6deb163fa95,8a9dc60359ba49cd8ac170cfb4ac3913,0.8755803108215332
f7df9ff1967f4b5aad8cb6deb163fa95,200f7fc78e4c403982f61b2894e50bad,0.8730188608169556
f7df9ff1967f4b5aad8cb6deb163fa95,e8c8742459dc48a49080bf0e5b3fdee0,0.8715251088142395
aa188e907acd4beab124f5f8ad0694d1,5760084aabef4d8095b2d21902151f64,0.861557126045227
aa188e907acd4beab124f5f8ad0694d1,2d812431f07c44f1a56a71c72766e0b0,0.8588948249816895
aa188e907acd4beab124f5f8ad0694d1,033f1514c78b49dd82148b94f6bcbeba,0.8569869995117188
aa188e907acd4beab124f5f8ad0694d1,dcfb738ebbc24f09bb680fe3a52b702e,0.8550626039505005
aa188e907acd4beab124f5f8ad0694d1,b425f33c33ad4be89a12da266d131a86,0.8550382852554321
aa188e907acd4beab124f5f8ad0694d1,3f1c2bb09c4e4400b6ba19542fafce18,0.8542366027832031
aa188e907acd4beab124f5f8ad0694d1,1ad0cf33e96243888d5f970195a75586,0.8541095852851868
aa188e907acd4beab124f5f8ad0694d1,8a9dc60359ba49cd8ac170cfb4ac3913,0.8541019558906555
aa188e907acd4beab124f5f8ad0694d1,6bde760ad5d4485db9889b1bdc074005,0.8512189388275146
aa188e907acd4beab124f5f8ad0694d1,a865b8d581b44104afe7c8508e3486f5,0.8508976697921753
dcab7d1f66534e95aab82c2040294de9,ac5a760b45c146ec840193371cfb2d30,0.9768275022506714
dcab7d1f66534e95aab82c2040294de9,eff24b01b2f5428baa4c3fef6cb40d41,0.9046517610549927
dcab7d1f66534e95aab82c2040294de9,3356a8a8c6ee4f30bc2b028e360d4471,0.9036539196968079
dcab7d1f66534e95aab82c2040294de9,0092d1d820c64646b8bee9fd14f77acf,0.9034253358840942
dcab7d1f66534e95aab82c2040294de9,250d411ae270441085be3501b7b55d86,0.9007292985916138
dcab7d1f66534e95aab82c2040294de9,c84deec0ecf843c39f52d4cb8e7300f8,0.8975707292556763
dcab7d1f66534e95aab82c2040294de9,fadf133e0e684a24ac79b5fa9515bac2,0.896228551864624
dcab7d1f66534e95aab82c2040294de9,9bf3b77eb9874f5f9e006a9cff111ea9,0.8945663571357727
dcab7d1f66534e95aab82c2040294de9,79721c9bb6a54ecdb3d0a0f4011762c1,0.8937400579452515
dcab7d1f66534e95aab82c2040294de9,df0c94234d9d4890b5b4b95c441b3e9a,0.8927072286605835
432081bba65f4c408b3f3783b0d361dc,ac5a760b45c146ec840193371cfb2d30,0.9474285840988159
432081bba65f4c408b3f3783b0d361dc,3356a8a8c6ee4f30bc2b028e360d4471,0.9186150431632996
432081bba65f4c408b3f3783b0d361dc,9bf3b77eb9874f5f9e006a9cff111ea9,0.9182486534118652
432081bba65f4c408b3f3783b0d361dc,7199f2fe77824236a392e1f00a5bdfc3,0.9169315099716187
432081bba65f4c408b3f3783b0d361dc,f91157bb8fca4a8e98db33591a76be9a,0.9141536951065063
432081bba65f4c408b3f3783b0d361dc,0bd1cce9370a461089e25393086800a8,0.9128881692886353
432081bba65f4c408b3f3783b0d361dc,434551fdf9e443ed91679a9557ae6fd5,0.9126030206680298
432081bba65f4c408b3f3783b0d361dc,0092d1d820c64646b8bee9fd14f77acf,0.9125199913978577
432081bba65f4c408b3f3783b0d361dc,c84deec0ecf843c39f52d4cb8e7300f8,0.9119621515274048
432081bba65f4c408b3f3783b0d361dc,df0c94234d9d4890b5b4b95c441b3e9a,0.9094449281692505
c385a042fa734b73b1bcbec2e14a9dd0,9bf3b77eb9874f5f9e006a9cff111ea9,0.9699043035507202
c385a042fa734b73b1bcbec2e14a9dd0,c84deec0ecf843c39f52d4cb8e7300f8,0.9227620363235474
c385a042fa734b73b1bcbec2e14a9dd0,ad054da7e1704a53931a341173f0605f,0.9155411124229431
c385a042fa734b73b1bcbec2e14a9dd0,52ee59901f3b4de884d7a6720538aed6,0.9115892648696899
c385a042fa734b73b1bcbec2e14a9dd0,eff24b01b2f5428baa4c3fef6cb40d41,0.9094860553741455
c385a042fa734b73b1bcbec2e14a9dd0,66690895454847fea5a000202fbfab2e,0.9085633754730225
c385a042fa734b73b1bcbec2e14a9dd0,6bedb2d6ace34e18811b7f1206b2d1b0,0.9085259437561035
c385a042fa734b73b1bcbec2e14a9dd0,77cecb221149474896d9b2eb848bf150,0.9074617028236389
c385a042fa734b73b1bcbec2e14a9dd0,79721c9bb6a54ecdb3d0a0f4011762c1,0.9059104323387146
c385a042fa734b73b1bcbec2e14a9dd0,250d411ae270441085be3501b7b55d86,0.9051369428634644
0b33aed54f7445caadc031f47ad62603,9bf3b77eb9874f5f9e006a9cff111ea9,0.9806122779846191
0b33aed54f7445caadc031f47ad62603,ad054da7e1704a53931a341173f0605f,0.9202084541320801
0b33aed54f7445caadc031f47ad62603,66690895454847fea5a000202fbfab2e,0.9179568290710449
0b33aed54f7445caadc031f47ad62603,6bedb2d6ace34e18811b7f1206b2d1b0,0.9163643717765808
0b33aed54f7445caadc031f47ad62603,c84deec0ecf843c39f52d4cb8e7300f8,0.9159324765205383
0b33aed54f7445caadc031f47ad62603,77cecb221149474896d9b2eb848bf150,0.9137807488441467
0b33aed54f7445caadc031f47ad62603,52ee59901f3b4de884d7a6720538aed6,0.9131019115447998
0b33aed54f7445caadc031f47ad62603,4a3d4daed4b24a1898551f0fd1ba44f1,0.9093129634857178
0b33aed54f7445caadc031f47ad62603,e7ee85dd47ca43eeb2fdcd70b802f0ec,0.9087859392166138
0b33aed54f7445caadc031f47ad62603,3356a8a8c6ee4f30bc2b028e360d4471,0.9085264801979065
8954e57cd5544eba8d9fec1e8cc5ea3c,1578afd6ce694d46ab6e24f965f51fd6,0.9517951011657715
8954e57cd5544eba8d9fec1e8cc5ea3c,de6ac628a786435f9925c8cc1d707d6b,0.8885921835899353
8954e57cd5544eba8d9fec1e8cc5ea3c,9dd98c9126c44642a20711729f2e731e,0.8803795576095581
8954e57cd5544eba8d9fec1e8cc5ea3c,7d5c0a2bfccf4255a43d9bd0f84a6d3a,0.8749449253082275
8954e57cd5544eba8d9fec1e8cc5ea3c,48c31b1e2ce94de8968fab433813fa91,0.8747711181640625
8954e57cd5544eba8d9fec1e8cc5ea3c,1393dac7d34b4c34b1a8091a5bea3663,0.8727430105209351
8954e57cd5544eba8d9fec1e8cc5ea3c,2c3599a1611644f4908562f8fb8870d3,0.8725413680076599
8954e57cd5544eba8d9fec1e8cc5ea3c,b9228fdb5f0c413d81cffb51829d95c6,0.8702329397201538
8954e57cd5544eba8d9fec1e8cc5ea3c,ffc5805e29a74be0a55b40318aa321d7,0.8686964511871338
8954e57cd5544eba8d9fec1e8cc5ea3c,c756409435634fc48c643a64e73c93ce,0.867546796798706
285ed58a8d154d748bba60ef4ef0123d,b8995466f0eb4e7ba141e23216e8b974,0.8686014413833618
285ed58a8d154d748bba60ef4ef0123d,0092d1d820c64646b8bee9fd14f77acf,0.8606055974960327
285ed58a8d154d748bba60ef4ef0123d,b40d3c588ad647ff85e397a6bc5f9d8b,0.8587504029273987
285ed58a8d154d748bba60ef4ef0123d,bf789f42ccfc42c5a330a3f6e30ddb83,0.8556880950927734
285ed58a8d154d748bba60ef4ef0123d,059a284910e849efbbc7073b8681409f,0.8555108904838562
285ed58a8d154d748bba60ef4ef0123d,fbfaa119f55a477984e42d80498f54d3,0.8546372056007385
285ed58a8d154d748bba60ef4ef0123d,a9573f188204436090fb4a5240e4eccd,0.8527466058731079
285ed58a8d154d748bba60ef4ef0123d,e86a0aae846a4e44bf967ab4972c977c,0.8506090641021729
285ed58a8d154d748bba60ef4ef0123d,9bf3b77eb9874f5f9e006a9cff111ea9,0.848136842250824
285ed58a8d154d748bba60ef4ef0123d,444fa28d9ed54c82a522699041eae592,0.8472787141799927
9a11a8c9bd5f451c8babd3c4dde3d9ba,c78547bdc2e64ac8935559f7de2efd41,0.9847229719161987
9a11a8c9bd5f451c8babd3c4dde3d9ba,2939ef012c5c4a1b94b49df9469dfb3c,0.8699941635131836
9a11a8c9bd5f451c8babd3c4dde3d9ba,fb8c2b83e46441c2aaa7c81d3642e2da,0.8581122159957886
9a11a8c9bd5f451c8babd3c4dde3d9ba,d2bcc978e7aa49908919d9fc40138b27,0.85728919506073
9a11a8c9bd5f451c8babd3c4dde3d9ba,7f23e27e5652406784fdc2dea3918125,0.8540483713150024
9a11a8c9bd5f451c8babd3c4dde3d9ba,174581fc299840e18e827432c0cce4dc,0.8514020442962646
9a11a8c9bd5f451c8babd3c4dde3d9ba,e22e1ad3c1fc4493bcb7c9b923566ff7,0.8512367606163025
9a11a8c9bd5f451c8babd3c4dde3d9ba,57430214baf045cb92fa3b3b70a4ca3f,0.8499456644058228
9a11a8c9bd5f451c8babd3c4dde3d9ba,72a7e2ce22d045efbdbbab9c68f5d026,0.8493409156799316
9a11a8c9bd5f451c8babd3c4dde3d9ba,31f80e4c87164e2893375ec7e73b372e,0.8473076820373535
68931fb463ea43e2b4aaebfa95817d2c,c78547bdc2e64ac8935559f7de2efd41,0.9866621494293213
68931fb463ea43e2b4aaebfa95817d2c,2939ef012c5c4a1b94b49df9469dfb3c,0.8745481371879578
68931fb463ea43e2b4aaebfa95817d2c,7f23e27e5652406784fdc2dea3918125,0.872400164604187
68931fb463ea43e2b4aaebfa95817d2c,d2bcc978e7aa49908919d9fc40138b27,0.8697085380554199
68931fb463ea43e2b4aaebfa95817d2c,e22e1ad3c1fc4493bcb7c9b923566ff7,0.8632141947746277
68931fb463ea43e2b4aaebfa95817d2c,bdb0d45caa2a4943959f8f501e51132b,0.8597757816314697
68931fb463ea43e2b4aaebfa95817d2c,7d3d751215194e649a03457226f599d7,0.8593553900718689
68931fb463ea43e2b4aaebfa95817d2c,fb8c2b83e46441c2aaa7c81d3642e2da,0.8570203185081482
68931fb463ea43e2b4aaebfa95817d2c,57430214baf045cb92fa3b3b70a4ca3f,0.85617995262146
68931fb463ea43e2b4aaebfa95817d2c,31f80e4c87164e2893375ec7e73b372e,0.8546208739280701
ee38dd3bcc4543afa6668b1cb7f04db9,191b01e1728e4583a8ead5a86db27370,0.986903190612793
ee38dd3bcc4543afa6668b1cb7f04db9,eee7f32249c5452ea36c8ed3a3540010,0.901558518409729
ee38dd3bcc4543afa6668b1cb7f04db9,0592b57e490d4206a3f12eb004a0afe0,0.8907952308654785
ee38dd3bcc4543afa6668b1cb7f04db9,d9b70c4ed8bb4fc5957ecebf102528ee,0.8869553208351135
ee38dd3bcc4543afa6668b1cb7f04db9,655a618282cd4fa39a26f0967c033f4b,0.8862243890762329
ee38dd3bcc4543afa6668b1cb7f04db9,ff276acede2f4c14876ef47257758ae8,0.8812962770462036
ee38dd3bcc4543afa6668b1cb7f04db9,93dc50abd35349f7923100dca2f41002,0.8759811520576477
ee38dd3bcc4543afa6668b1cb7f04db9,6dc5832f0ac04df2bd99c6415b3ecf09,0.8757202625274658
ee38dd3bcc4543afa6668b1cb7f04db9,e86a0aae846a4e44bf967ab4972c977c,0.8748118877410889
ee38dd3bcc4543afa6668b1cb7f04db9,3574ab91c29940b3afc62354ae06b73b,0.8736823797225952
0c11c50aaac54a2c8cc725ff6073ce3c,e903085a3f944ad2a41c37306b4e6ab4,0.9340939521789551
0c11c50aaac54a2c8cc725ff6073ce3c,45e440d874a54bb591862ff441114cd3,0.8625328540802002
0c11c50aaac54a2c8cc725ff6073ce3c,4e7ee74be72a461fa02fa61bee62bdcc,0.8476637601852417
0c11c50aaac54a2c8cc725ff6073ce3c,e43d8e7bc32f406b9a692e2604f5b45a,0.825386643409729
0c11c50aaac54a2c8cc725ff6073ce3c,31cf7db26a3249c5a6205b005662ddcf,0.815616250038147
0c11c50aaac54a2c8cc725ff6073ce3c,df7ea50171af48df81584ab7e8107d15,0.813714861869812
0c11c50aaac54a2c8cc725ff6073ce3c,c36ef11228124c438ed3256c9822b03d,0.8106616735458374
0c11c50aaac54a2c8cc725ff6073ce3c,7627d5e28ba74cbeaf9225e88a7a44cc,0.8084734678268433
0c11c50aaac54a2c8cc725ff6073ce3c,c3f66637872c4141ab3898296739457d,0.8022866249084473
0c11c50aaac54a2c8cc725ff6073ce3c,2ece45504eff42469c104dc2a2d03caf,0.8007603883743286
b092fbf434e14ff3911418a406a68bd4,e903085a3f944ad2a41c37306b4e6ab4,0.8881672620773315
b092fbf434e14ff3911418a406a68bd4,590df34aa41f46e9ad13ffc6a98da3b7,0.847918689250946
b092fbf434e14ff3911418a406a68bd4,5e2f1a45f7174f1aa39a194179985876,0.8443476557731628
b092fbf434e14ff3911418a406a68bd4,eafb3480db704d7baa8216ce857d1610,0.8424522876739502
b092fbf434e14ff3911418a406a68bd4,7627d5e28ba74cbeaf9225e88a7a44cc,0.8388878703117371
b092fbf434e14ff3911418a406a68bd4,2ece45504eff42469c104dc2a2d03caf,0.8382584452629089
b092fbf434e14ff3911418a406a68bd4,86f59bd78b424260b0cf356f2f9ae734,0.8380499482154846
b092fbf434e14ff3911418a406a68bd4,0a61f52258f643b6a6436a1ec234e197,0.8372434377670288
b092fbf434e14ff3911418a406a68bd4,1c2b01416e3943e3b3c575e53c3f1d16,0.836135745048523
b092fbf434e14ff3911418a406a68bd4,c1d504dfeded4b8bb3c07777b7c7abde,0.8360397815704346
76d9f443399e491c9b01f4bb0f487d6c,7e17bbd109dc486c8f0a76f913782180,0.9867483377456665
76d9f443399e491c9b01f4bb0f487d6c,b6c493a3666c4db193e86c79faf099ab,0.9319912791252136
76d9f443399e491c9b01f4bb0f487d6c,bbdf9065122d499d9d8f80ad3e0ef6f3,0.9183065295219421
76d9f443399e491c9b01f4bb0f487d6c,4a7fa5a1bafe4b6995e2920444ac07c4,0.917928159236908
76d9f443399e491c9b01f4bb0f487d6c,26869cc099c44c4a86f6043476ab4890,0.9094113111495972
76d9f443399e491c9b01f4bb0f487d6c,3aa003c1e31b476e999c3a808a1d5dc6,0.9090374112129211
76d9f443399e491c9b01f4bb0f487d6c,5455e62f52ae4e03b2a5d0e8b9899506,0.9088549613952637
76d9f443399e491c9b01f4bb0f487d6c,1027a336232c4454a9c4ae450a562788,0.9067838191986084
76d9f443399e491c9b01f4bb0f487d6c,59f62d35b1ad451397b700b3dad25448,0.9052793383598328
76d9f443399e491c9b01f4bb0f487d6c,295d0d40791245ff838c73a2aa27d065,0.9050984382629395
1479ab485d6f4065a6b3679d81d7e6a8,7e17bbd109dc486c8f0a76f913782180,0.9864047169685364
1479ab485d6f4065a6b3679d81d7e6a8,bbdf9065122d499d9d8f80ad3e0ef6f3,0.9123830795288086
1479ab485d6f4065a6b3679d81d7e6a8,b6c493a3666c4db193e86c79faf099ab,0.9093131422996521
1479ab485d6f4065a6b3679d81d7e6a8,4a7fa5a1bafe4b6995e2920444ac07c4,0.9014744758605957
1479ab485d6f4065a6b3679d81d7e6a8,66cba49431224a3788f914d6a80165e1,0.8970754742622375
1479ab485d6f4065a6b3679d81d7e6a8,26869cc099c44c4a86f6043476ab4890,0.895052969455719
1479ab485d6f4065a6b3679d81d7e6a8,f5a9583711fc4ff4a46e85c24886b234,0.894051194190979
1479ab485d6f4065a6b3679d81d7e6a8,1027a336232c4454a9c4ae450a562788,0.8940355181694031
1479ab485d6f4065a6b3679d81d7e6a8,5455e62f52ae4e03b2a5d0e8b9899506,0.8938112854957581
1479ab485d6f4065a6b3679d81d7e6a8,295d0d40791245ff838c73a2aa27d065,0.8936758041381836
ff9cb85ab2634f23a327ccaa9cf1e87f,0a61f52258f643b6a6436a1ec234e197,0.841830849647522
ff9cb85ab2634f23a327ccaa9cf1e87f,86f59bd78b424260b0cf356f2f9ae734,0.8384063839912415
ff9cb85ab2634f23a327ccaa9cf1e87f,af532d6e5090478ba520505d5f9107f2,0.8333167433738708
ff9cb85ab2634f23a327ccaa9cf1e87f,64fc9fe3c8d5424ebc005e5cf4a608db,0.832974910736084
ff9cb85ab2634f23a327ccaa9cf1e87f,baf841bad27c456c9de7227555ea3ef8,0.8306031227111816
ff9cb85ab2634f23a327ccaa9cf1e87f,c84deec0ecf843c39f52d4cb8e7300f8,0.8300586342811584
ff9cb85ab2634f23a327ccaa9cf1e87f,74bd120b8f714d03bc9dd1a703fe4d7f,0.8296421766281128
ff9cb85ab2634f23a327ccaa9cf1e87f,25109e3a7df549e5b380aae716d71366,0.8294435143470764
ff9cb85ab2634f23a327ccaa9cf1e87f,2ece45504eff42469c104dc2a2d03caf,0.8281574845314026
ff9cb85ab2634f23a327ccaa9cf1e87f,0092d1d820c64646b8bee9fd14f77acf,0.8269474506378174
041fe9a0e0e3466eaee94e0c5058d4dd,ad054da7e1704a53931a341173f0605f,0.9760029315948486
041fe9a0e0e3466eaee94e0c5058d4dd,48c31b1e2ce94de8968fab433813fa91,0.9329261779785156
041fe9a0e0e3466eaee94e0c5058d4dd,4926607aafe749538c930e108275547e,0.9249181151390076
041fe9a0e0e3466eaee94e0c5058d4dd,66690895454847fea5a000202fbfab2e,0.9234580993652344
041fe9a0e0e3466eaee94e0c5058d4dd,64e74af099b0485f8b6e71ac73aa2cb8,0.9203828573226929
041fe9a0e0e3466eaee94e0c5058d4dd,4a3d4daed4b24a1898551f0fd1ba44f1,0.9145891666412354
041fe9a0e0e3466eaee94e0c5058d4dd,1393dac7d34b4c34b1a8091a5bea3663,0.9144734144210815
041fe9a0e0e3466eaee94e0c5058d4dd,1027a336232c4454a9c4ae450a562788,0.9110057950019836
041fe9a0e0e3466eaee94e0c5058d4dd,26869cc099c44c4a86f6043476ab4890,0.907272458076477
041fe9a0e0e3466eaee94e0c5058d4dd,79721c9bb6a54ecdb3d0a0f4011762c1,0.9056574702262878
63ce6205810547c2adaa5dc2398e9bf7,eb21a4e2b7bd43efbdf0c365415e7fef,0.9038088321685791
63ce6205810547c2adaa5dc2398e9bf7,34b736136487439389c10cc6bd4e9f4e,0.8902519345283508
63ce6205810547c2adaa5dc2398e9bf7,93dc50abd35349f7923100dca2f41002,0.8899759650230408
63ce6205810547c2adaa5dc2398e9bf7,b9228fdb5f0c413d81cffb51829d95c6,0.8883084654808044
63ce6205810547c2adaa5dc2398e9bf7,ffc5805e29a74be0a55b40318aa321d7,0.8878229856491089
63ce6205810547c2adaa5dc2398e9bf7,c4b9d7a8d5d342459d2282589b3af293,0.8860891461372375
63ce6205810547c2adaa5dc2398e9bf7,e1c63000ace94c1d9381d82389fe6afd,0.8847494125366211
63ce6205810547c2adaa5dc2398e9bf7,1232f20e710b448e8c0538b9e84dab1c,0.8831573724746704
63ce6205810547c2adaa5dc2398e9bf7,b8995466f0eb4e7ba141e23216e8b974,0.8820860981941223
63ce6205810547c2adaa5dc2398e9bf7,d361a9e414fb41c1a605200d9cbba496,0.8814597129821777
701bc8401f56437f823f5613549de41d,33e2a95109e647cbb4ba2687631b169a,0.898036539554596
701bc8401f56437f823f5613549de41d,0971af4212484a958eb0f60f93d1dfe0,0.8888275027275085
701bc8401f56437f823f5613549de41d,8f0e477fc779414e9b47995c0b25a87d,0.8871052265167236
701bc8401f56437f823f5613549de41d,dd36cc0867b94d55a43b82c1c9a0e95c,0.876674473285675
701bc8401f56437f823f5613549de41d,5e44915237fc4445b54b037e1c4e29a4,0.8702441453933716
701bc8401f56437f823f5613549de41d,fc70a4c2c4834e0eba1a14470f563b03,0.8700662851333618
701bc8401f56437f823f5613549de41d,b0d2e6c4b2384950b3696c4414870282,0.8679724931716919
701bc8401f56437f823f5613549de41d,9452a2f21f7d4feeb2605d9b6647fc13,0.8678463697433472
701bc8401f56437f823f5613549de41d,4e22dc65beb7450b9260cf27e50919e4,0.866513192653656
701bc8401f56437f823f5613549de41d,6732de8994744decbb3306c74aaa7882,0.8664904832839966
f9d2d9f3c3fb4720ba92d227f72aeef0,25109e3a7df549e5b380aae716d71366,0.9583865404129028
f9d2d9f3c3fb4720ba92d227f72aeef0,6f57d1175ad243edada61643d01fcd54,0.9033229947090149
f9d2d9f3c3fb4720ba92d227f72aeef0,1232f20e710b448e8c0538b9e84dab1c,0.89992356300354
f9d2d9f3c3fb4720ba92d227f72aeef0,19a124c6dad14a4fa7864463b081009c,0.8979786038398743
f9d2d9f3c3fb4720ba92d227f72aeef0,4a6eba10a02a4ecdbb6b25e8651c3789,0.8974008560180664
f9d2d9f3c3fb4720ba92d227f72aeef0,b3209c60460a437294e2b30a9e9d3f53,0.8965930938720703
f9d2d9f3c3fb4720ba92d227f72aeef0,b9228fdb5f0c413d81cffb51829d95c6,0.8960587978363037
f9d2d9f3c3fb4720ba92d227f72aeef0,fbfaa119f55a477984e42d80498f54d3,0.893742024898529
f9d2d9f3c3fb4720ba92d227f72aeef0,93dc50abd35349f7923100dca2f41002,0.8927023410797119
f9d2d9f3c3fb4720ba92d227f72aeef0,eb21a4e2b7bd43efbdf0c365415e7fef,0.8925685882568359
127069977daa41d78cd4642f658c4171,0971af4212484a958eb0f60f93d1dfe0,0.961011528968811
127069977daa41d78cd4642f658c4171,41e657daa20545a588584578bdb4101c,0.9042690396308899
127069977daa41d78cd4642f658c4171,5abf57d57d84440e94d0d2e2ffb37575,0.9020558595657349
127069977daa41d78cd4642f658c4171,cc243eebbb2b44a581745865a60c423a,0.9009073972702026
127069977daa41d78cd4642f658c4171,f439b5616ba24b7f82eccfa095a0eff8,0.8921250104904175
127069977daa41d78cd4642f658c4171,590df34aa41f46e9ad13ffc6a98da3b7,0.8905572295188904
127069977daa41d78cd4642f658c4171,b277101390e1465685ef79bf3519f8d7,0.888984203338623
127069977daa41d78cd4642f658c4171,1f3cf50fe1f947d8a56e02ebca441c4c,0.8855283260345459
127069977daa41d78cd4642f658c4171,cb75c6ef71cb4991805920f2894e0e96,0.8843494653701782
127069977daa41d78cd4642f658c4171,d9096650c434432c871effeca9acd5c6,0.8837851881980896
11d8ba0cbe2c48568a2d0196a1573e16,25109e3a7df549e5b380aae716d71366,0.95051109790802
11d8ba0cbe2c48568a2d0196a1573e16,19a124c6dad14a4fa7864463b081009c,0.9093897342681885
11d8ba0cbe2c48568a2d0196a1573e16,b3209c60460a437294e2b30a9e9d3f53,0.9000399112701416
11d8ba0cbe2c48568a2d0196a1573e16,b9228fdb5f0c413d81cffb51829d95c6,0.8978374600410461
11d8ba0cbe2c48568a2d0196a1573e16,d756970269e9443fb9bbf645a96aa84e,0.8970967531204224
11d8ba0cbe2c48568a2d0196a1573e16,6f57d1175ad243edada61643d01fcd54,0.8969852924346924
11d8ba0cbe2c48568a2d0196a1573e16,4a6eba10a02a4ecdbb6b25e8651c3789,0.8960279226303101
11d8ba0cbe2c48568a2d0196a1573e16,1232f20e710b448e8c0538b9e84dab1c,0.8950552344322205
11d8ba0cbe2c48568a2d0196a1573e16,5537ddec608a4ec586ea068fa27547ca,0.8949285745620728
11d8ba0cbe2c48568a2d0196a1573e16,93dc50abd35349f7923100dca2f41002,0.8948626518249512
e1b3f03ec240460c895264f738a709ec,6fc7a2cf0684475a82f6ff9be2c8e850,0.9177162647247314
e1b3f03ec240460c895264f738a709ec,e4fcd30261804b089efa940359057ba2,0.8939913511276245
e1b3f03ec240460c895264f738a709ec,ff51ca928cd54f4da620c27983e221f8,0.885941743850708
e1b3f03ec240460c895264f738a709ec,8a464aa9e2ee45d0abc7ae6181cd1bda,0.8804598450660706
e1b3f03ec240460c895264f738a709ec,a0b4d283f12a407286dbeaa3a4d128a5,0.8793399930000305
e1b3f03ec240460c895264f738a709ec,570f08ce2a1a47978eab16bf7ad16a68,0.8760924935340881
e1b3f03ec240460c895264f738a709ec,9460474d89704a68aaa6ccb62310ae3d,0.8752949237823486
e1b3f03ec240460c895264f738a709ec,29088685e31a4d86b60b514e98117361,0.871807873249054
e1b3f03ec240460c895264f738a709ec,f0084465b2e646c9a53d9dc766067d9b,0.8717943429946899
e1b3f03ec240460c895264f738a709ec,01bbbf1caa554d94b5decb69cc1add41,0.8717655539512634
e8ef2c2c7af746118efa2021eab8a25a,eee7f32249c5452ea36c8ed3a3540010,0.9090193510055542
e8ef2c2c7af746118efa2021eab8a25a,191b01e1728e4583a8ead5a86db27370,0.9037756323814392
e8ef2c2c7af746118efa2021eab8a25a,72a7e2ce22d045efbdbbab9c68f5d026,0.8874865770339966
e8ef2c2c7af746118efa2021eab8a25a,93dc50abd35349f7923100dca2f41002,0.886669397354126
e8ef2c2c7af746118efa2021eab8a25a,e43d8e7bc32f406b9a692e2604f5b45a,0.8775484561920166
e8ef2c2c7af746118efa2021eab8a25a,1419b2c686f44896a0ae2a43e93b5402,0.8743983507156372
e8ef2c2c7af746118efa2021eab8a25a,ff276acede2f4c14876ef47257758ae8,0.8736993670463562
e8ef2c2c7af746118efa2021eab8a25a,e86a0aae846a4e44bf967ab4972c977c,0.8729450106620789
e8ef2c2c7af746118efa2021eab8a25a,444fa28d9ed54c82a522699041eae592,0.8727086782455444
e8ef2c2c7af746118efa2021eab8a25a,d7c9dafddaf547159d366dacf7b68a7e,0.8714404106140137
eeb2317fd71541c38fd867e246a9ff44,eee7f32249c5452ea36c8ed3a3540010,0.9870970845222473
eeb2317fd71541c38fd867e246a9ff44,ab57f83304bc4005998bbd6bc063fb4f,0.9080418348312378
eeb2317fd71541c38fd867e246a9ff44,9909a671f7414c19b2727e7d4d4dcf1b,0.9062525629997253
eeb2317fd71541c38fd867e246a9ff44,250d411ae270441085be3501b7b55d86,0.903303861618042
eeb2317fd71541c38fd867e246a9ff44,db0c3a952e454b90aa4a68feb6a50e87,0.9007580280303955
eeb2317fd71541c38fd867e246a9ff44,bf789f42ccfc42c5a330a3f6e30ddb83,0.8952186703681946
eeb2317fd71541c38fd867e246a9ff44,e86a0aae846a4e44bf967ab4972c977c,0.8934378027915955
eeb2317fd71541c38fd867e246a9ff44,5605fa1188974644937bbf92fec50e21,0.8931269645690918
eeb2317fd71541c38fd867e246a9ff44,ff276acede2f4c14876ef47257758ae8,0.8924809694290161
eeb2317fd71541c38fd867e246a9ff44,f5d09519cf7647f8a107cd8fadd322e5,0.8911097645759583
842dd9ced22a40a896de94a19a1d2d4c,6fc7a2cf0684475a82f6ff9be2c8e850,0.9809985160827637
842dd9ced22a40a896de94a19a1d2d4c,f0084465b2e646c9a53d9dc766067d9b,0.9154080152511597
842dd9ced22a40a896de94a19a1d2d4c,e4fcd30261804b089efa940359057ba2,0.9035256505012512
842dd9ced22a40a896de94a19a1d2d4c,22d9d5ad33e947fd857c5c4a8b7dfae1,0.9024361371994019
842dd9ced22a40a896de94a19a1d2d4c,ff51ca928cd54f4da620c27983e221f8,0.8993192911148071
842dd9ced22a40a896de94a19a1d2d4c,8a464aa9e2ee45d0abc7ae6181cd1bda,0.8927844166755676
842dd9ced22a40a896de94a19a1d2d4c,01bbbf1caa554d94b5decb69cc1add41,0.8913344740867615
842dd9ced22a40a896de94a19a1d2d4c,cb2505b30d8a4dc086c353cf94424b6d,0.8912829160690308
842dd9ced22a40a896de94a19a1d2d4c,8a9dc60359ba49cd8ac170cfb4ac3913,0.8907433748245239
842dd9ced22a40a896de94a19a1d2d4c,15b7b988bba143989cfd98d5c6c4d203,0.8905595541000366
eb6b0705f8744b46a462efa41f20a89a,fe363cef357840fcb35f320fe7c27e4e,0.9621063470840454
eb6b0705f8744b46a462efa41f20a89a,8ad1f345ca194b29bde0a924f27b2de5,0.9353876113891602
eb6b0705f8744b46a462efa41f20a89a,4230775a9d51448396cacb9061f0e5f9,0.9025797843933105
eb6b0705f8744b46a462efa41f20a89a,a297e08effdf4a69a6c4d79a34a0c6ad,0.896877646446228
eb6b0705f8744b46a462efa41f20a89a,f12e9e5805534d719f829332d1ea5d29,0.892451286315918
eb6b0705f8744b46a462efa41f20a89a,116f6c1f0cb54312986a0a729508a33e,0.8923119306564331
eb6b0705f8744b46a462efa41f20a89a,1c6bbf19b3d2498696a5baf0f53a0f18,0.8900872468948364
eb6b0705f8744b46a462efa41f20a89a,3d3e8565d2f84e0cad5ae622f2909765,0.8876534700393677
eb6b0705f8744b46a462efa41f20a89a,19098957d8c24cab95daa30c2baefd8f,0.8864301443099976
eb6b0705f8744b46a462efa41f20a89a,4285b02dc9164cb9bae36b0566bb42f0,0.8856539726257324
482dd5c933c94587b3946517c235aea3,13aca0959cc948cabeee0d7255f55a65,0.9863621592521667
482dd5c933c94587b3946517c235aea3,761a3a01495143f0a86beac4234cae3a,0.8953899145126343
482dd5c933c94587b3946517c235aea3,b6c493a3666c4db193e86c79faf099ab,0.8921880722045898
482dd5c933c94587b3946517c235aea3,b01fd4d037a84a7aa777e1fc345c73c5,0.8897619247436523
482dd5c933c94587b3946517c235aea3,af648fa7ac6c4c50a246de470329cd83,0.8878293037414551
482dd5c933c94587b3946517c235aea3,0842a796c09b4089933a4f27e4e5e3bc,0.8825907707214355
482dd5c933c94587b3946517c235aea3,ef511457ee7c490c8e10eccf6e18fef6,0.8802257776260376
482dd5c933c94587b3946517c235aea3,0b57f893483647c3aed811775a4c4c04,0.8789594173431396
482dd5c933c94587b3946517c235aea3,74de04f31db94a99b757685c91779412,0.8788689374923706
482dd5c933c94587b3946517c235aea3,8af25c7ae8e14435a6e27a5671968f50,0.8777139782905579
714cfd813314481cb74ce1598ae2d695,13aca0959cc948cabeee0d7255f55a65,0.9845513701438904
714cfd813314481cb74ce1598ae2d695,761a3a01495143f0a86beac4234cae3a,0.8900881409645081
714cfd813314481cb74ce1598ae2d695,b01fd4d037a84a7aa777e1fc345c73c5,0.8898347616195679
714cfd813314481cb74ce1598ae2d695,8c5f38853679436ba434b6a696e43168,0.8814914226531982
714cfd813314481cb74ce1598ae2d695,af648fa7ac6c4c50a246de470329cd83,0.8813266754150391
714cfd813314481cb74ce1598ae2d695,4c67cc7a1ccc496db132636e3f4853a2,0.8799247741699219
714cfd813314481cb74ce1598ae2d695,b6c493a3666c4db193e86c79faf099ab,0.878993809223175
714cfd813314481cb74ce1598ae2d695,0b57f893483647c3aed811775a4c4c04,0.8758388161659241
714cfd813314481cb74ce1598ae2d695,8af25c7ae8e14435a6e27a5671968f50,0.8757810592651367
714cfd813314481cb74ce1598ae2d695,ef511457ee7c490c8e10eccf6e18fef6,0.8753443956375122
1905289530434d1ea5a686725d2aa4a7,200f7fc78e4c403982f61b2894e50bad,0.9646763205528259
1905289530434d1ea5a686725d2aa4a7,0ecfdd96e0054841883acba75e83b232,0.8968661427497864
1905289530434d1ea5a686725d2aa4a7,24c55bb5cd694770ba895c7401da2ba5,0.8901677131652832
1905289530434d1ea5a686725d2aa4a7,a055f8188384479a8bad418f7dffd9a5,0.8886725306510925
1905289530434d1ea5a686725d2aa4a7,f5b766ea6abe4b5fb27d49cc3bc06020,0.8866016268730164
1905289530434d1ea5a686725d2aa4a7,82d68ea370f8451aa16ea08f4601245c,0.8852994441986084
1905289530434d1ea5a686725d2aa4a7,de6ac628a786435f9925c8cc1d707d6b,0.8852367997169495
1905289530434d1ea5a686725d2aa4a7,d8b3ad3b5c4e474db41a671ab286424f,0.8848943710327148
1905289530434d1ea5a686725d2aa4a7,eeca68825e2a4bbdaa5ae962998fc33b,0.8846737146377563
1905289530434d1ea5a686725d2aa4a7,1ad0cf33e96243888d5f970195a75586,0.8833059072494507
c939d86a19284f6485029452c1dd5906,200f7fc78e4c403982f61b2894e50bad,0.9665303826332092
c939d86a19284f6485029452c1dd5906,a9573f188204436090fb4a5240e4eccd,0.8979169130325317
c939d86a19284f6485029452c1dd5906,033f1514c78b49dd82148b94f6bcbeba,0.8971981406211853
c939d86a19284f6485029452c1dd5906,de1102228a324428989533278cd482f6,0.8955166339874268
c939d86a19284f6485029452c1dd5906,f5b766ea6abe4b5fb27d49cc3bc06020,0.8917768001556396
c939d86a19284f6485029452c1dd5906,de6ac628a786435f9925c8cc1d707d6b,0.8914983868598938
c939d86a19284f6485029452c1dd5906,6bedb2d6ace34e18811b7f1206b2d1b0,0.8914880752563477
c939d86a19284f6485029452c1dd5906,1ad0cf33e96243888d5f970195a75586,0.8912762403488159
c939d86a19284f6485029452c1dd5906,82d68ea370f8451aa16ea08f4601245c,0.8891681432723999
c939d86a19284f6485029452c1dd5906,9bf3b77eb9874f5f9e006a9cff111ea9,0.8888790607452393
14683a06fc90460097ce4e4db0e55f16,44b3bc5953364d72a53edcf9fc4f1fed,0.9734776020050049
14683a06fc90460097ce4e4db0e55f16,7d0190486da540718e4dc4ca4bd1f573,0.8653826117515564
14683a06fc90460097ce4e4db0e55f16,cb2505b30d8a4dc086c353cf94424b6d,0.8637562990188599
14683a06fc90460097ce4e4db0e55f16,cd764fbfae774d068af7549c648a02c9,0.8581148386001587
14683a06fc90460097ce4e4db0e55f16,dcfb738ebbc24f09bb680fe3a52b702e,0.8474582433700562
14683a06fc90460097ce4e4db0e55f16,b2992fe473124dd0b895cf81f59f6db6,0.8474303483963013
14683a06fc90460097ce4e4db0e55f16,14ca42308d3141fba50b774042144343,0.8444993495941162
14683a06fc90460097ce4e4db0e55f16,655a618282cd4fa39a26f0967c033f4b,0.8435239195823669
14683a06fc90460097ce4e4db0e55f16,f5b766ea6abe4b5fb27d49cc3bc06020,0.8415995836257935
14683a06fc90460097ce4e4db0e55f16,563043f180e54e238ad4876974e5db4c,0.8405139446258545
ba76e2fc0cc240a293e65f918ef3f29b,b40d3c588ad647ff85e397a6bc5f9d8b,0.8927069902420044
ba76e2fc0cc240a293e65f918ef3f29b,44b3bc5953364d72a53edcf9fc4f1fed,0.8802571296691895
ba76e2fc0cc240a293e65f918ef3f29b,ff276acede2f4c14876ef47257758ae8,0.8792374730110168
ba76e2fc0cc240a293e65f918ef3f29b,b98519f97e424c1389f5553f0869b15a,0.8666261434555054
ba76e2fc0cc240a293e65f918ef3f29b,eee7f32249c5452ea36c8ed3a3540010,0.8652058839797974
ba76e2fc0cc240a293e65f918ef3f29b,655a618282cd4fa39a26f0967c033f4b,0.8628284335136414
ba76e2fc0cc240a293e65f918ef3f29b,cd764fbfae774d068af7549c648a02c9,0.8620924353599548
ba76e2fc0cc240a293e65f918ef3f29b,e86a0aae846a4e44bf967ab4972c977c,0.8618400692939758
ba76e2fc0cc240a293e65f918ef3f29b,90b560de76b149c09c7cd6efb3f12cfd,0.8611716628074646
ba76e2fc0cc240a293e65f918ef3f29b,9909a671f7414c19b2727e7d4d4dcf1b,0.8607468605041504
56178bece80e4c44a6a45d630a70742c,1b827db6f6cf4ecb850928c2f9e41de2,0.9855362772941589
56178bece80e4c44a6a45d630a70742c,434551fdf9e443ed91679a9557ae6fd5,0.892562747001648
56178bece80e4c44a6a45d630a70742c,ee7c00877ae64dac87123a3d75251530,0.8909397125244141
56178bece80e4c44a6a45d630a70742c,7199f2fe77824236a392e1f00a5bdfc3,0.8858506679534912
56178bece80e4c44a6a45d630a70742c,67dd23cfd20f46dc82acc82c108a1dc6,0.8856644630432129
56178bece80e4c44a6a45d630a70742c,c3502ff31ce6459a96164c934f297562,0.8855769634246826
56178bece80e4c44a6a45d630a70742c,cc243eebbb2b44a581745865a60c423a,0.8853863477706909
56178bece80e4c44a6a45d630a70742c,7bbe3c76bcc04d73969f920d43fcc67d,0.8852784633636475
56178bece80e4c44a6a45d630a70742c,6b4676aba2a746b3ab778315afc8ee82,0.8837501406669617
56178bece80e4c44a6a45d630a70742c,452d645d5bf4485185e996dcec9523e5,0.8827252388000488
60ae797aa8bb4341829f83d0b771ab36,1b827db6f6cf4ecb850928c2f9e41de2,0.984978437423706
60ae797aa8bb4341829f83d0b771ab36,8a464aa9e2ee45d0abc7ae6181cd1bda,0.8881815671920776
60ae797aa8bb4341829f83d0b771ab36,434551fdf9e443ed91679a9557ae6fd5,0.8873864412307739
60ae797aa8bb4341829f83d0b771ab36,29088685e31a4d86b60b514e98117361,0.8866920471191406
60ae797aa8bb4341829f83d0b771ab36,cc243eebbb2b44a581745865a60c423a,0.8858357667922974
60ae797aa8bb4341829f83d0b771ab36,7199f2fe77824236a392e1f00a5bdfc3,0.8856523036956787
60ae797aa8bb4341829f83d0b771ab36,6b4676aba2a746b3ab778315afc8ee82,0.8849149942398071
60ae797aa8bb4341829f83d0b771ab36,ee7c00877ae64dac87123a3d75251530,0.88468998670578
60ae797aa8bb4341829f83d0b771ab36,5f65785004054c67a618fe43b6a30f56,0.8838137984275818
60ae797aa8bb4341829f83d0b771ab36,1419b2c686f44896a0ae2a43e93b5402,0.8817965388298035
539bac7dd76e434db2fec777565e0d2e,0a61f52258f643b6a6436a1ec234e197,0.8898824453353882
539bac7dd76e434db2fec777565e0d2e,7226603f024c45c6a6e44b00e52e8aad,0.8895260095596313
539bac7dd76e434db2fec777565e0d2e,211ef3181e524685866fb8574d9bf456,0.8840430378913879
539bac7dd76e434db2fec777565e0d2e,cb2505b30d8a4dc086c353cf94424b6d,0.8828965425491333
539bac7dd76e434db2fec777565e0d2e,2c3599a1611644f4908562f8fb8870d3,0.8828415870666504
539bac7dd76e434db2fec777565e0d2e,e5a3c8867e44498d9182e8be934e0fce,0.8827551603317261
539bac7dd76e434db2fec777565e0d2e,98b2022b2cb84af09ee8b789db928b13,0.8809710144996643
539bac7dd76e434db2fec777565e0d2e,b77d8b7bb0114c379139d280a9210e83,0.8805980682373047
539bac7dd76e434db2fec777565e0d2e,1232f20e710b448e8c0538b9e84dab1c,0.8800960779190063
539bac7dd76e434db2fec777565e0d2e,7d0190486da540718e4dc4ca4bd1f573,0.879923939704895
5305b4e53d154b1890d851d40a749099,b77d8b7bb0114c379139d280a9210e83,0.9061594009399414
5305b4e53d154b1890d851d40a749099,7627d5e28ba74cbeaf9225e88a7a44cc,0.9013429284095764
5305b4e53d154b1890d851d40a749099,34b736136487439389c10cc6bd4e9f4e,0.9012526273727417
5305b4e53d154b1890d851d40a749099,90b560de76b149c09c7cd6efb3f12cfd,0.8971769213676453
5305b4e53d154b1890d851d40a749099,dee9eddb2eac41bfaf36d3279d43674a,0.8946222066879272
5305b4e53d154b1890d851d40a749099,17b5eb6fab65476f827dd355b4a20a55,0.8933027386665344
5305b4e53d154b1890d851d40a749099,211ef3181e524685866fb8574d9bf456,0.8930519819259644
5305b4e53d154b1890d851d40a749099,6c874292dbcc49ff8bb8bbe5643593a5,0.8925986289978027
5305b4e53d154b1890d851d40a749099,41047823f2cb4194ba1e0709443c719a,0.8906232118606567
5305b4e53d154b1890d851d40a749099,3d3e8565d2f84e0cad5ae622f2909765,0.8871843218803406
a7570f9b55c24fb0bac3c9e4edf6d60e,41047823f2cb4194ba1e0709443c719a,0.9773653745651245
a7570f9b55c24fb0bac3c9e4edf6d60e,ff276acede2f4c14876ef47257758ae8,0.9157215356826782
a7570f9b55c24fb0bac3c9e4edf6d60e,3aaea7fa41fd43cdb88f8ef59062c5df,0.9142445921897888
a7570f9b55c24fb0bac3c9e4edf6d60e,b98519f97e424c1389f5553f0869b15a,0.9126851558685303
a7570f9b55c24fb0bac3c9e4edf6d60e,f92d16d3a970487094292439c3e00923,0.9116816520690918
a7570f9b55c24fb0bac3c9e4edf6d60e,6c874292dbcc49ff8bb8bbe5643593a5,0.9096003770828247
a7570f9b55c24fb0bac3c9e4edf6d60e,90b560de76b149c09c7cd6efb3f12cfd,0.9087634682655334
a7570f9b55c24fb0bac3c9e4edf6d60e,1232f20e710b448e8c0538b9e84dab1c,0.906680703163147
a7570f9b55c24fb0bac3c9e4edf6d60e,99a52c93a3304ec18dab9206f98f2a8b,0.9058550596237183
a7570f9b55c24fb0bac3c9e4edf6d60e,c1def54262224e23acf67a9870725ce5,0.9054546356201172
5ad1f88ed9ed488dafbdf8181733f084,41047823f2cb4194ba1e0709443c719a,0.9257534742355347
5ad1f88ed9ed488dafbdf8181733f084,ff276acede2f4c14876ef47257758ae8,0.877748966217041
5ad1f88ed9ed488dafbdf8181733f084,3aaea7fa41fd43cdb88f8ef59062c5df,0.8770015835762024
5ad1f88ed9ed488dafbdf8181733f084,8a464aa9e2ee45d0abc7ae6181cd1bda,0.8758180141448975
5ad1f88ed9ed488dafbdf8181733f084,77cecb221149474896d9b2eb848bf150,0.8736162185668945
5ad1f88ed9ed488dafbdf8181733f084,6c874292dbcc49ff8bb8bbe5643593a5,0.8730928301811218
5ad1f88ed9ed488dafbdf8181733f084,bcfa4a4177d44d8b8cda17b7a23196b0,0.8707257509231567
5ad1f88ed9ed488dafbdf8181733f084,b3f8b4bec0164d0e81997b4f5a277e8f,0.8705183267593384
5ad1f88ed9ed488dafbdf8181733f084,c1def54262224e23acf67a9870725ce5,0.8702179193496704
5ad1f88ed9ed488dafbdf8181733f084,b98519f97e424c1389f5553f0869b15a,0.8692423105239868
0e302f85dcbe44f1bc67317ce56268d8,f4474150010f4021a4620372062f3797,0.9752948880195618
0e302f85dcbe44f1bc67317ce56268d8,9bf3b77eb9874f5f9e006a9cff111ea9,0.9133090972900391
0e302f85dcbe44f1bc67317ce56268d8,c84deec0ecf843c39f52d4cb8e7300f8,0.899301290512085
0e302f85dcbe44f1bc67317ce56268d8,de6ac628a786435f9925c8cc1d707d6b,0.8984280228614807
0e302f85dcbe44f1bc67317ce56268d8,77cecb221149474896d9b2eb848bf150,0.8984043002128601
0e302f85dcbe44f1bc67317ce56268d8,baf841bad27c456c9de7227555ea3ef8,0.8947005867958069
0e302f85dcbe44f1bc67317ce56268d8,4a3d4daed4b24a1898551f0fd1ba44f1,0.8946565389633179
0e302f85dcbe44f1bc67317ce56268d8,ad054da7e1704a53931a341173f0605f,0.8929522037506104
0e302f85dcbe44f1bc67317ce56268d8,c713a0ca69864ee7b240069c98dc44dc,0.8927836418151855
0e302f85dcbe44f1bc67317ce56268d8,342aaa81ed004635bbf9cbc2592cd7b6,0.8925732374191284
392705089c6b4b8cbcde900d0fff9622,f4474150010f4021a4620372062f3797,0.9773432016372681
392705089c6b4b8cbcde900d0fff9622,9bf3b77eb9874f5f9e006a9cff111ea9,0.9194024205207825
392705089c6b4b8cbcde900d0fff9622,de6ac628a786435f9925c8cc1d707d6b,0.906754195690155
392705089c6b4b8cbcde900d0fff9622,c84deec0ecf843c39f52d4cb8e7300f8,0.9040374755859375
392705089c6b4b8cbcde900d0fff9622,4926607aafe749538c930e108275547e,0.9033999443054199
392705089c6b4b8cbcde900d0fff9622,01ffceddb5b34406a08bb982b424b3cf,0.8995586633682251
392705089c6b4b8cbcde900d0fff9622,0ecfdd96e0054841883acba75e83b232,0.8990159034729004
392705089c6b4b8cbcde900d0fff9622,984058b7165d4c6385bec3c94afa9fb2,0.8985748887062073
392705089c6b4b8cbcde900d0fff9622,a9d82bb43410405ca21b44a5e82e22b6,0.8974506855010986
392705089c6b4b8cbcde900d0fff9622,9094e936e13641cc9bfcc7dc1408d86e,0.8969622850418091
3d450234080f488aa71b15f195d1b4f1,d75a52d716984f318f976bbfc7bee787,0.9288101196289062
3d450234080f488aa71b15f195d1b4f1,feb980ae999948ce9be0266b4ddc048d,0.9086390733718872
3d450234080f488aa71b15f195d1b4f1,97959d02a64f4a3fbbebe7cbece6c012,0.9031362533569336
3d450234080f488aa71b15f195d1b4f1,570f08ce2a1a47978eab16bf7ad16a68,0.9022384881973267
3d450234080f488aa71b15f195d1b4f1,0971af4212484a958eb0f60f93d1dfe0,0.9002735614776611
3d450234080f488aa71b15f195d1b4f1,a0b4d283f12a407286dbeaa3a4d128a5,0.8994777202606201
3d450234080f488aa71b15f195d1b4f1,f0084465b2e646c9a53d9dc766067d9b,0.8981451988220215
3d450234080f488aa71b15f195d1b4f1,211ef3181e524685866fb8574d9bf456,0.8977484107017517
3d450234080f488aa71b15f195d1b4f1,d87e5facd03b45f9829e8a1cd0fe0190,0.8974838852882385
3d450234080f488aa71b15f195d1b4f1,c1d504dfeded4b8bb3c07777b7c7abde,0.8965725302696228
7adb641772574f79bca7f5c97071108e,00614d60b3544ba790dfd23dd53992e0,0.9965450167655945
7adb641772574f79bca7f5c97071108e,7bbe3c76bcc04d73969f920d43fcc67d,0.9152413606643677
7adb641772574f79bca7f5c97071108e,1d93c07de74c482ebf0a76ec564c3252,0.9127146005630493
7adb641772574f79bca7f5c97071108e,d695b7afdc3841a28a56df578e56afce,0.9121389389038086
7adb641772574f79bca7f5c97071108e,be8953cc364d46cebbcc2c2da2c348ab,0.9117318391799927
7adb641772574f79bca7f5c97071108e,59f62d35b1ad451397b700b3dad25448,0.90659099817276
7adb641772574f79bca7f5c97071108e,f91157bb8fca4a8e98db33591a76be9a,0.9052453637123108
7adb641772574f79bca7f5c97071108e,0eb119aabc884795a4768c6d3e677ea1,0.9040775299072266
7adb641772574f79bca7f5c97071108e,9500823cb050427696343b1ea5cf8881,0.9039103984832764
7adb641772574f79bca7f5c97071108e,6866efc8987a4ec8b04b7abd28fb5777,0.9020172357559204
470a0e2305e5411f992154553c12bfcd,59f62d35b1ad451397b700b3dad25448,0.9288092851638794
470a0e2305e5411f992154553c12bfcd,00614d60b3544ba790dfd23dd53992e0,0.9181331396102905
470a0e2305e5411f992154553c12bfcd,b01fd4d037a84a7aa777e1fc345c73c5,0.9085829854011536
470a0e2305e5411f992154553c12bfcd,4d5cbe57c3094d01843e4f950a280b50,0.9085046052932739
470a0e2305e5411f992154553c12bfcd,761a3a01495143f0a86beac4234cae3a,0.905750572681427
470a0e2305e5411f992154553c12bfcd,86179aff3df24ff59b11e9a34974a3f4,0.9038688540458679
470a0e2305e5411f992154553c12bfcd,b7f5c165ea2242709a2fb71f3a3f1bcb,0.9014905691146851
470a0e2305e5411f992154553c12bfcd,1d93c07de74c482ebf0a76ec564c3252,0.9000129103660583
470a0e2305e5411f992154553c12bfcd,1ade4365590a4ac7865100d8c791e340,0.8981963396072388
470a0e2305e5411f992154553c12bfcd,b4dadb3ea3a04cc3932094471debce13,0.8976954221725464
f82f3fa0a3af48208d53dbf813b19b11,00614d60b3544ba790dfd23dd53992e0,0.9946381449699402
f82f3fa0a3af48208d53dbf813b19b11,be8953cc364d46cebbcc2c2da2c348ab,0.9121309518814087
f82f3fa0a3af48208d53dbf813b19b11,7bbe3c76bcc04d73969f920d43fcc67d,0.9065748453140259
f82f3fa0a3af48208d53dbf813b19b11,d695b7afdc3841a28a56df578e56afce,0.9055566191673279
f82f3fa0a3af48208d53dbf813b19b11,59f62d35b1ad451397b700b3dad25448,0.9052382111549377
f82f3fa0a3af48208d53dbf813b19b11,1d93c07de74c482ebf0a76ec564c3252,0.9031606912612915
f82f3fa0a3af48208d53dbf813b19b11,f91157bb8fca4a8e98db33591a76be9a,0.9024174213409424
f82f3fa0a3af48208d53dbf813b19b11,0eb119aabc884795a4768c6d3e677ea1,0.8985495567321777
f82f3fa0a3af48208d53dbf813b19b11,9500823cb050427696343b1ea5cf8881,0.8985282182693481
f82f3fa0a3af48208d53dbf813b19b11,b7f5c165ea2242709a2fb71f3a3f1bcb,0.8963896036148071
cbd2d2ff355d4f0399b9fc51697c9fd7,8ebbcf8e4e6f400ba1839e9d75806274,0.9929593801498413
cbd2d2ff355d4f0399b9fc51697c9fd7,0c889c151e094b948c13b0275e660a9c,0.8752554655075073
cbd2d2ff355d4f0399b9fc51697c9fd7,00614d60b3544ba790dfd23dd53992e0,0.8673700094223022
cbd2d2ff355d4f0399b9fc51697c9fd7,7daa434073604cb98a04fefb55468dda,0.863105058670044
cbd2d2ff355d4f0399b9fc51697c9fd7,f91157bb8fca4a8e98db33591a76be9a,0.857841432094574
cbd2d2ff355d4f0399b9fc51697c9fd7,be9e713988ba4bbba869885cad419259,0.8559480905532837
cbd2d2ff355d4f0399b9fc51697c9fd7,5537ddec608a4ec586ea068fa27547ca,0.8553719520568848
cbd2d2ff355d4f0399b9fc51697c9fd7,be8953cc364d46cebbcc2c2da2c348ab,0.8551937341690063
cbd2d2ff355d4f0399b9fc51697c9fd7,7bbe3c76bcc04d73969f920d43fcc67d,0.8489779233932495
cbd2d2ff355d4f0399b9fc51697c9fd7,7dd5e88dfdd24cafab2c765939757354,0.8482966423034668
355a18bf4bbe449086bfbd70b9b66961,59f62d35b1ad451397b700b3dad25448,0.9272937178611755
355a18bf4bbe449086bfbd70b9b66961,00614d60b3544ba790dfd23dd53992e0,0.9236930012702942
355a18bf4bbe449086bfbd70b9b66961,4d5cbe57c3094d01843e4f950a280b50,0.9064223766326904
355a18bf4bbe449086bfbd70b9b66961,bbdf9065122d499d9d8f80ad3e0ef6f3,0.8998990058898926
355a18bf4bbe449086bfbd70b9b66961,8350ea8cd6514c2c8d7b625abe7e895b,0.8977991938591003
355a18bf4bbe449086bfbd70b9b66961,b7f5c165ea2242709a2fb71f3a3f1bcb,0.897455096244812
355a18bf4bbe449086bfbd70b9b66961,0b57f893483647c3aed811775a4c4c04,0.8971088528633118
355a18bf4bbe449086bfbd70b9b66961,9500823cb050427696343b1ea5cf8881,0.8970009684562683
355a18bf4bbe449086bfbd70b9b66961,b01fd4d037a84a7aa777e1fc345c73c5,0.8966855406761169
355a18bf4bbe449086bfbd70b9b66961,1ade4365590a4ac7865100d8c791e340,0.8952029943466187
8801a0c028fe4b9b9621b539d7950e08,4c8476482736459881e2a3b0509ee103,0.8777285814285278
8801a0c028fe4b9b9621b539d7950e08,f69bf682935e47e1b4c72d237becd13a,0.8163913488388062
8801a0c028fe4b9b9621b539d7950e08,597aab8bb15240f89fd1b24a8e38258d,0.812293291091919
8801a0c028fe4b9b9621b539d7950e08,86f59bd78b424260b0cf356f2f9ae734,0.8121633529663086
8801a0c028fe4b9b9621b539d7950e08,0d0973762130427eaa2ce9a7a34517db,0.809838056564331
8801a0c028fe4b9b9621b539d7950e08,36ee1613abf245cdbe93fef69b5f981f,0.8089629411697388
8801a0c028fe4b9b9621b539d7950e08,acbf8eae7e064c11bab7adf66f216990,0.8036130666732788
8801a0c028fe4b9b9621b539d7950e08,64d9091426f9461c97c98a5428856bcf,0.801164984703064
8801a0c028fe4b9b9621b539d7950e08,ad42c467d0fe43dbb328073f9a16bc4d,0.7988402843475342
8801a0c028fe4b9b9621b539d7950e08,47eb17da319d440aa52da8008c26327a,0.7941902875900269
ce2ca433804e44b4be720751273b782a,4c8476482736459881e2a3b0509ee103,0.9235458374023438
ce2ca433804e44b4be720751273b782a,4d0a737f396d4a95808085bd1306746c,0.831857442855835
ce2ca433804e44b4be720751273b782a,5e44915237fc4445b54b037e1c4e29a4,0.8281338214874268
ce2ca433804e44b4be720751273b782a,7f0b453cc8c14156802497f5cbae9d62,0.8268584609031677
ce2ca433804e44b4be720751273b782a,36ee1613abf245cdbe93fef69b5f981f,0.8257864117622375
ce2ca433804e44b4be720751273b782a,9db7d32d79024ba6a73c55fde6f55968,0.8252907395362854
ce2ca433804e44b4be720751273b782a,039f8e63b273472d8f1d99d9a5de5cf5,0.8244343996047974
ce2ca433804e44b4be720751273b782a,133bfbe9a7c741fcb638ecf1b0088213,0.8241821527481079
ce2ca433804e44b4be720751273b782a,07958f43551e459eb30638b632e3cd64,0.8241653442382812
ce2ca433804e44b4be720751273b782a,dbf0926f9f344f1d88b114660db4d2eb,0.8230535984039307
4ea609e9602a4aaa8629b2aa624b0175,133bfbe9a7c741fcb638ecf1b0088213,0.8959227800369263
4ea609e9602a4aaa8629b2aa624b0175,ee337b5c1ef3431e9c120250bfec4cac,0.8505667448043823
4ea609e9602a4aaa8629b2aa624b0175,f1c9c5051bdd4a11a064260bbb9d6d7b,0.8482053279876709
4ea609e9602a4aaa8629b2aa624b0175,022e16490d1949b9ab2fc1de5a837031,0.8472910523414612
4ea609e9602a4aaa8629b2aa624b0175,887e323cc38f4cf8adc5970617f1c286,0.8416330814361572
4ea609e9602a4aaa8629b2aa624b0175,f2cfa68a47ce4a43a0fe1cc7dc860418,0.8393495082855225
4ea609e9602a4aaa8629b2aa624b0175,0228b1e9e3244da3a727930123ba7bda,0.8391072750091553
4ea609e9602a4aaa8629b2aa624b0175,249c2d8d8d2345c6990b3c4d94385b5a,0.8377768993377686
4ea609e9602a4aaa8629b2aa624b0175,4c8476482736459881e2a3b0509ee103,0.8342652916908264
4ea609e9602a4aaa8629b2aa624b0175,8c5f38853679436ba434b6a696e43168,0.8331574201583862
cfb9a2cee2044f5e9cab9a1ec0394c33,133bfbe9a7c741fcb638ecf1b0088213,0.9118114113807678
cfb9a2cee2044f5e9cab9a1ec0394c33,ee337b5c1ef3431e9c120250bfec4cac,0.8522822856903076
cfb9a2cee2044f5e9cab9a1ec0394c33,0228b1e9e3244da3a727930123ba7bda,0.8461869955062866
cfb9a2cee2044f5e9cab9a1ec0394c33,a8904adcdd21495f890bc614bfdbf86f,0.8392844200134277
cfb9a2cee2044f5e9cab9a1ec0394c33,93bf0b86be094f68a9d308ca5ecfb4e3,0.8302597999572754
cfb9a2cee2044f5e9cab9a1ec0394c33,f2cfa68a47ce4a43a0fe1cc7dc860418,0.8296219110488892
cfb9a2cee2044f5e9cab9a1ec0394c33,f1c9c5051bdd4a11a064260bbb9d6d7b,0.8291752338409424
cfb9a2cee2044f5e9cab9a1ec0394c33,022e16490d1949b9ab2fc1de5a837031,0.8248503804206848
cfb9a2cee2044f5e9cab9a1ec0394c33,1d93c07de74c482ebf0a76ec564c3252,0.824165940284729
cfb9a2cee2044f5e9cab9a1ec0394c33,f7f600880b064920ab59b907d26aedc6,0.8214223384857178
91753f317b7d415d93dfbb79291ce529,f37d285ad0de42f0b1546d0d1acfb221,0.9133301377296448
91753f317b7d415d93dfbb79291ce529,b8da01ceddcb45a491a288ddbc658e90,0.9097220301628113
91753f317b7d415d93dfbb79291ce529,39e2b00e1cbd471488cf56f31d2cec7f,0.9085162878036499
91753f317b7d415d93dfbb79291ce529,97959d02a64f4a3fbbebe7cbece6c012,0.900763988494873
91753f317b7d415d93dfbb79291ce529,99a52c93a3304ec18dab9206f98f2a8b,0.8971849679946899
91753f317b7d415d93dfbb79291ce529,71c1a8479b194efca65b44fb7f327afb,0.8968008756637573
91753f317b7d415d93dfbb79291ce529,1232f20e710b448e8c0538b9e84dab1c,0.8959379196166992
91753f317b7d415d93dfbb79291ce529,bcfa4a4177d44d8b8cda17b7a23196b0,0.8930819034576416
91753f317b7d415d93dfbb79291ce529,b98519f97e424c1389f5553f0869b15a,0.8927584886550903
91753f317b7d415d93dfbb79291ce529,17b5eb6fab65476f827dd355b4a20a55,0.892559289932251
0f94a6fec9304d4991a954ceb031f5ae,d65e3a3657ae455e954b6d7221afc84c,0.9659221172332764
0f94a6fec9304d4991a954ceb031f5ae,e4fcd30261804b089efa940359057ba2,0.9085320830345154
0f94a6fec9304d4991a954ceb031f5ae,babbeca1f6a244a2a11ea77a3855e70f,0.9027241468429565
0f94a6fec9304d4991a954ceb031f5ae,c1d504dfeded4b8bb3c07777b7c7abde,0.896381139755249
0f94a6fec9304d4991a954ceb031f5ae,230b9ef63ea240e9b61a18f41473f942,0.8957430124282837
0f94a6fec9304d4991a954ceb031f5ae,31cf7db26a3249c5a6205b005662ddcf,0.8938109874725342
0f94a6fec9304d4991a954ceb031f5ae,563043f180e54e238ad4876974e5db4c,0.8925581574440002
0f94a6fec9304d4991a954ceb031f5ae,a0b4d283f12a407286dbeaa3a4d128a5,0.8924891352653503
0f94a6fec9304d4991a954ceb031f5ae,e96fae6d607246b18b8494aabe521036,0.892142653465271
0f94a6fec9304d4991a954ceb031f5ae,f0084465b2e646c9a53d9dc766067d9b,0.8917765617370605
15a8c430cba44785961873a3dd5bc77f,d65e3a3657ae455e954b6d7221afc84c,0.9623327851295471
15a8c430cba44785961873a3dd5bc77f,e4fcd30261804b089efa940359057ba2,0.9147754907608032
15a8c430cba44785961873a3dd5bc77f,c1d504dfeded4b8bb3c07777b7c7abde,0.9076730012893677
15a8c430cba44785961873a3dd5bc77f,a0b4d283f12a407286dbeaa3a4d128a5,0.9021086692810059
15a8c430cba44785961873a3dd5bc77f,f0084465b2e646c9a53d9dc766067d9b,0.9017785787582397
15a8c430cba44785961873a3dd5bc77f,6fc7a2cf0684475a82f6ff9be2c8e850,0.8970327377319336
15a8c430cba44785961873a3dd5bc77f,7862a63720b34104abf5bfa44bc8178d,0.8970270752906799
15a8c430cba44785961873a3dd5bc77f,babbeca1f6a244a2a11ea77a3855e70f,0.8959752321243286
15a8c430cba44785961873a3dd5bc77f,b0d2e6c4b2384950b3696c4414870282,0.8934510350227356
15a8c430cba44785961873a3dd5bc77f,15b7b988bba143989cfd98d5c6c4d203,0.893385112285614
fd824af093e04ae187700d37404ce512,b8da01ceddcb45a491a288ddbc658e90,0.9794487953186035
fd824af093e04ae187700d37404ce512,f91157bb8fca4a8e98db33591a76be9a,0.9002718329429626
fd824af093e04ae187700d37404ce512,54e9bbd0093947a3bda5fef48ef7493d,0.899689793586731
fd824af093e04ae187700d37404ce512,75bf181ea5dc490e95d364a5f5c7af1d,0.892479419708252
fd824af093e04ae187700d37404ce512,ad42c467d0fe43dbb328073f9a16bc4d,0.8901370763778687
fd824af093e04ae187700d37404ce512,2639b6540bda414f8a9baa3b5cdb612a,0.8854445815086365
fd824af093e04ae187700d37404ce512,097f2ce3b88c4d008488b9908076497e,0.8830041289329529
fd824af093e04ae187700d37404ce512,71c1a8479b194efca65b44fb7f327afb,0.881720781326294
fd824af093e04ae187700d37404ce512,c1def54262224e23acf67a9870725ce5,0.880301833152771
fd824af093e04ae187700d37404ce512,724a3f6551e74ad585bdeac9a75fd639,0.880016028881073
c9d75d71736c41ca808c70e38aff6b5a,85d4175b563d48e5bc6a991b23662f24,0.969749927520752
c9d75d71736c41ca808c70e38aff6b5a,4e4495962a9b4864882397042f1a2b3e,0.9138667583465576
c9d75d71736c41ca808c70e38aff6b5a,04d24d1cf42b4f7787d8d300cbad6d50,0.907231867313385
c9d75d71736c41ca808c70e38aff6b5a,17b5eb6fab65476f827dd355b4a20a55,0.8997283577919006
c9d75d71736c41ca808c70e38aff6b5a,e735729c80d84f76a6133c065d5380f8,0.8996162414550781
c9d75d71736c41ca808c70e38aff6b5a,8c7c9eaae41a44a3a4ebe39ce167d300,0.8965448141098022
c9d75d71736c41ca808c70e38aff6b5a,da88fa5efc674368b593444ca950dff9,0.8944236636161804
c9d75d71736c41ca808c70e38aff6b5a,7dd5e88dfdd24cafab2c765939757354,0.8915895223617554
c9d75d71736c41ca808c70e38aff6b5a,e2e0c8c96aff4c00896ac6986bbb20c2,0.8914895057678223
c9d75d71736c41ca808c70e38aff6b5a,30c71719aed84c07ae21d0eff0deed72,0.8905858993530273
743f1b2f252548d7910b99d0870f6c67,da88fa5efc674368b593444ca950dff9,0.9817589521408081
743f1b2f252548d7910b99d0870f6c67,7bbe3c76bcc04d73969f920d43fcc67d,0.9046586751937866
743f1b2f252548d7910b99d0870f6c67,9500823cb050427696343b1ea5cf8881,0.89951092004776
743f1b2f252548d7910b99d0870f6c67,f91157bb8fca4a8e98db33591a76be9a,0.8987870812416077
743f1b2f252548d7910b99d0870f6c67,b585a2970e9f421da236241f603883f2,0.8986151218414307
743f1b2f252548d7910b99d0870f6c67,00614d60b3544ba790dfd23dd53992e0,0.897445559501648
743f1b2f252548d7910b99d0870f6c67,249c2d8d8d2345c6990b3c4d94385b5a,0.896392285823822
743f1b2f252548d7910b99d0870f6c67,e735729c80d84f76a6133c065d5380f8,0.8963040113449097
743f1b2f252548d7910b99d0870f6c67,32aaca2a732f4272b237374d3cdeec90,0.8954564929008484
743f1b2f252548d7910b99d0870f6c67,85d4175b563d48e5bc6a991b23662f24,0.8941470384597778
27bcdf10465e4c54869c9ceb59013b81,3574ab91c29940b3afc62354ae06b73b,0.9735802412033081
27bcdf10465e4c54869c9ceb59013b81,eabdd2813a954f9aa01f0eb8212ee387,0.9142767190933228
27bcdf10465e4c54869c9ceb59013b81,eb21a4e2b7bd43efbdf0c365415e7fef,0.9088656902313232
27bcdf10465e4c54869c9ceb59013b81,82d68ea370f8451aa16ea08f4601245c,0.907295823097229
27bcdf10465e4c54869c9ceb59013b81,63eab812f3254cccb9631b09725aec3d,0.9060571193695068
27bcdf10465e4c54869c9ceb59013b81,04d24d1cf42b4f7787d8d300cbad6d50,0.9024937748908997
27bcdf10465e4c54869c9ceb59013b81,30f654c6e69e48888f9f42dd95ab3c77,0.9007261991500854
27bcdf10465e4c54869c9ceb59013b81,6b4676aba2a746b3ab778315afc8ee82,0.9003981947898865
27bcdf10465e4c54869c9ceb59013b81,9460474d89704a68aaa6ccb62310ae3d,0.8994864821434021
27bcdf10465e4c54869c9ceb59013b81,724a3f6551e74ad585bdeac9a75fd639,0.8980766534805298
52cd37fed829421d91356a3fb87f1ae3,da88fa5efc674368b593444ca950dff9,0.9865031242370605
52cd37fed829421d91356a3fb87f1ae3,7bbe3c76bcc04d73969f920d43fcc67d,0.9134149551391602
52cd37fed829421d91356a3fb87f1ae3,f91157bb8fca4a8e98db33591a76be9a,0.8940579295158386
52cd37fed829421d91356a3fb87f1ae3,b585a2970e9f421da236241f603883f2,0.8882523775100708
52cd37fed829421d91356a3fb87f1ae3,249c2d8d8d2345c6990b3c4d94385b5a,0.8880714178085327
52cd37fed829421d91356a3fb87f1ae3,5c8a8b7a59c54b9aa7b7136fd91b5869,0.887980580329895
52cd37fed829421d91356a3fb87f1ae3,e9428816b054499298745b742f128f65,0.8877217769622803
52cd37fed829421d91356a3fb87f1ae3,32aaca2a732f4272b237374d3cdeec90,0.8875609636306763
52cd37fed829421d91356a3fb87f1ae3,7dd5e88dfdd24cafab2c765939757354,0.8861057758331299
52cd37fed829421d91356a3fb87f1ae3,00614d60b3544ba790dfd23dd53992e0,0.8847492933273315
f3cba92d050b4d8e9432cb0cc14c3d63,3574ab91c29940b3afc62354ae06b73b,0.9706534147262573
f3cba92d050b4d8e9432cb0cc14c3d63,eabdd2813a954f9aa01f0eb8212ee387,0.9116458296775818
f3cba92d050b4d8e9432cb0cc14c3d63,63eab812f3254cccb9631b09725aec3d,0.9094208478927612
f3cba92d050b4d8e9432cb0cc14c3d63,eb21a4e2b7bd43efbdf0c365415e7fef,0.9051263332366943
f3cba92d050b4d8e9432cb0cc14c3d63,30f654c6e69e48888f9f42dd95ab3c77,0.9047156572341919
f3cba92d050b4d8e9432cb0cc14c3d63,d9ac372330a4446886fa19bac0d19877,0.8983421325683594
f3cba92d050b4d8e9432cb0cc14c3d63,82d68ea370f8451aa16ea08f4601245c,0.8982153534889221
f3cba92d050b4d8e9432cb0cc14c3d63,9460474d89704a68aaa6ccb62310ae3d,0.8968537449836731
f3cba92d050b4d8e9432cb0cc14c3d63,6b4676aba2a746b3ab778315afc8ee82,0.8959344625473022
f3cba92d050b4d8e9432cb0cc14c3d63,04d24d1cf42b4f7787d8d300cbad6d50,0.8956859111785889
e0ffc5f5610740569aedc8c74ed17c47,5abf57d57d84440e94d0d2e2ffb37575,0.947616457939148
e0ffc5f5610740569aedc8c74ed17c47,0971af4212484a958eb0f60f93d1dfe0,0.9132702946662903
e0ffc5f5610740569aedc8c74ed17c47,41e657daa20545a588584578bdb4101c,0.9068189263343811
e0ffc5f5610740569aedc8c74ed17c47,cb75c6ef71cb4991805920f2894e0e96,0.9058679342269897
e0ffc5f5610740569aedc8c74ed17c47,d9096650c434432c871effeca9acd5c6,0.9057800769805908
e0ffc5f5610740569aedc8c74ed17c47,b0d2e6c4b2384950b3696c4414870282,0.9040961265563965
e0ffc5f5610740569aedc8c74ed17c47,19593c97fef0474dbe6051e28338f1e9,0.9034281969070435
e0ffc5f5610740569aedc8c74ed17c47,70558882c04e46bd99d15e9786468418,0.9032608866691589
e0ffc5f5610740569aedc8c74ed17c47,b277101390e1465685ef79bf3519f8d7,0.9024018049240112
e0ffc5f5610740569aedc8c74ed17c47,02a3cd76ce534d188b4d5ac4778bd652,0.8988043069839478
fd29df6e377f40b981cba18434381065,5abf57d57d84440e94d0d2e2ffb37575,0.9799272418022156
fd29df6e377f40b981cba18434381065,41e657daa20545a588584578bdb4101c,0.9216160774230957
fd29df6e377f40b981cba18434381065,0971af4212484a958eb0f60f93d1dfe0,0.9128007888793945
fd29df6e377f40b981cba18434381065,b277101390e1465685ef79bf3519f8d7,0.9076720476150513
fd29df6e377f40b981cba18434381065,cc243eebbb2b44a581745865a60c423a,0.9070683717727661
fd29df6e377f40b981cba18434381065,d9096650c434432c871effeca9acd5c6,0.9063010811805725
fd29df6e377f40b981cba18434381065,19593c97fef0474dbe6051e28338f1e9,0.9038372039794922
fd29df6e377f40b981cba18434381065,1f9cd7f2b7a14e2f8d490a104a56edcd,0.903570294380188
fd29df6e377f40b981cba18434381065,66cba49431224a3788f914d6a80165e1,0.9029158353805542
fd29df6e377f40b981cba18434381065,cb75c6ef71cb4991805920f2894e0e96,0.9004137516021729
f5ff08722abb413e9e24fa4eee6d5b60,3c1b91a23b694da1973dbc5f75f2f3ed,0.9146378040313721
f5ff08722abb413e9e24fa4eee6d5b60,434551fdf9e443ed91679a9557ae6fd5,0.9120046496391296
f5ff08722abb413e9e24fa4eee6d5b60,66690895454847fea5a000202fbfab2e,0.9090877771377563
f5ff08722abb413e9e24fa4eee6d5b60,4a3d4daed4b24a1898551f0fd1ba44f1,0.9019043445587158
f5ff08722abb413e9e24fa4eee6d5b60,225818abe99e45a0bf5b0b3ec30db76b,0.8998482823371887
f5ff08722abb413e9e24fa4eee6d5b60,99ba4cc9355f4d79a68bc69ac12a716f,0.8979415893554688
f5ff08722abb413e9e24fa4eee6d5b60,e79ae27b52fa4d54aa37735fd275c66e,0.8975830078125
f5ff08722abb413e9e24fa4eee6d5b60,249c2d8d8d2345c6990b3c4d94385b5a,0.8973067998886108
f5ff08722abb413e9e24fa4eee6d5b60,99830b8da7c24f909914f7bb167f3ea6,0.897037148475647
f5ff08722abb413e9e24fa4eee6d5b60,72a7e2ce22d045efbdbbab9c68f5d026,0.8969723582267761
574036f38fb84293ae0fbe592c3c6f3a,cf293392122347a180cf2126f4589acb,0.9844932556152344
574036f38fb84293ae0fbe592c3c6f3a,1099cb6f4fac4eb8a1fb6db50e18296b,0.9083044528961182
574036f38fb84293ae0fbe592c3c6f3a,7aceed0dbea645b091207f4a53d879f2,0.9035347700119019
574036f38fb84293ae0fbe592c3c6f3a,530b37164090408dbab4e6da51111b8a,0.894553542137146
574036f38fb84293ae0fbe592c3c6f3a,19593c97fef0474dbe6051e28338f1e9,0.8928748369216919
574036f38fb84293ae0fbe592c3c6f3a,9094e936e13641cc9bfcc7dc1408d86e,0.8917751312255859
574036f38fb84293ae0fbe592c3c6f3a,e4e12f4711fd41e39075e26cc274df45,0.8912259936332703
574036f38fb84293ae0fbe592c3c6f3a,64e74af099b0485f8b6e71ac73aa2cb8,0.8899075984954834
574036f38fb84293ae0fbe592c3c6f3a,2b3ecf8be2b242f3b8a1e714390749fb,0.889228343963623
574036f38fb84293ae0fbe592c3c6f3a,c3a741d302d94ee294bb6e4090fd2da9,0.8889825344085693
35f36e3994484147bfac89ac7f1ef8ef,cf293392122347a180cf2126f4589acb,0.9282131195068359
35f36e3994484147bfac89ac7f1ef8ef,19593c97fef0474dbe6051e28338f1e9,0.9063195586204529
35f36e3994484147bfac89ac7f1ef8ef,13e659415ac84c7a81fc769111d43417,0.8959997892379761
35f36e3994484147bfac89ac7f1ef8ef,521004289ebc4e6da6623381d40a5e73,0.8928709030151367
35f36e3994484147bfac89ac7f1ef8ef,0971af4212484a958eb0f60f93d1dfe0,0.8916041254997253
35f36e3994484147bfac89ac7f1ef8ef,41e657daa20545a588584578bdb4101c,0.8911406397819519
35f36e3994484147bfac89ac7f1ef8ef,c3a741d302d94ee294bb6e4090fd2da9,0.8901986479759216
35f36e3994484147bfac89ac7f1ef8ef,e4e12f4711fd41e39075e26cc274df45,0.8873435258865356
35f36e3994484147bfac89ac7f1ef8ef,295d0d40791245ff838c73a2aa27d065,0.886155366897583
35f36e3994484147bfac89ac7f1ef8ef,cb75c6ef71cb4991805920f2894e0e96,0.8850110769271851
84ef3ef2feb84347bac472fb9e9d5906,c84deec0ecf843c39f52d4cb8e7300f8,0.9511245489120483
84ef3ef2feb84347bac472fb9e9d5906,77cecb221149474896d9b2eb848bf150,0.9233156442642212
84ef3ef2feb84347bac472fb9e9d5906,e7aaa514f6f64a258a640ea341aa1a18,0.9216933846473694
84ef3ef2feb84347bac472fb9e9d5906,250d411ae270441085be3501b7b55d86,0.9194601774215698
84ef3ef2feb84347bac472fb9e9d5906,34b736136487439389c10cc6bd4e9f4e,0.9170169830322266
84ef3ef2feb84347bac472fb9e9d5906,0092d1d820c64646b8bee9fd14f77acf,0.9114770293235779
84ef3ef2feb84347bac472fb9e9d5906,07958f43551e459eb30638b632e3cd64,0.9081906080245972
84ef3ef2feb84347bac472fb9e9d5906,b834c0b0c10b471b87ad3f11468de619,0.907762885093689
84ef3ef2feb84347bac472fb9e9d5906,9bf3b77eb9874f5f9e006a9cff111ea9,0.9075833559036255
84ef3ef2feb84347bac472fb9e9d5906,434551fdf9e443ed91679a9557ae6fd5,0.906991720199585
398defcf45ad43ed8e2633186eaa33ba,4e7ee74be72a461fa02fa61bee62bdcc,0.8577746152877808
398defcf45ad43ed8e2633186eaa33ba,91f9f8576e5142a49926bd623b0bc19c,0.8505274653434753
398defcf45ad43ed8e2633186eaa33ba,de72d25d08da4b03ac6f6411ce30e07c,0.8502509593963623
398defcf45ad43ed8e2633186eaa33ba,e43d8e7bc32f406b9a692e2604f5b45a,0.8438202142715454
398defcf45ad43ed8e2633186eaa33ba,e903085a3f944ad2a41c37306b4e6ab4,0.8355270624160767
398defcf45ad43ed8e2633186eaa33ba,df7ea50171af48df81584ab7e8107d15,0.8339803218841553
398defcf45ad43ed8e2633186eaa33ba,45e440d874a54bb591862ff441114cd3,0.8317981362342834
398defcf45ad43ed8e2633186eaa33ba,e22e1ad3c1fc4493bcb7c9b923566ff7,0.8239599466323853
398defcf45ad43ed8e2633186eaa33ba,0d0973762130427eaa2ce9a7a34517db,0.819119930267334
398defcf45ad43ed8e2633186eaa33ba,3e6a4b65a1004c08a6f3f570cf986c2f,0.8160881996154785
ea57953406604eb083a4fecc3606c662,baf841bad27c456c9de7227555ea3ef8,0.9644081592559814
ea57953406604eb083a4fecc3606c662,342aaa81ed004635bbf9cbc2592cd7b6,0.9065226912498474
ea57953406604eb083a4fecc3606c662,23a16d69ffe848d593a4808907d8aa98,0.8992584943771362
ea57953406604eb083a4fecc3606c662,5537ddec608a4ec586ea068fa27547ca,0.894243597984314
ea57953406604eb083a4fecc3606c662,1393dac7d34b4c34b1a8091a5bea3663,0.8912250995635986
ea57953406604eb083a4fecc3606c662,2c3599a1611644f4908562f8fb8870d3,0.8910164833068848
ea57953406604eb083a4fecc3606c662,9bf3b77eb9874f5f9e006a9cff111ea9,0.8908745050430298
ea57953406604eb083a4fecc3606c662,434551fdf9e443ed91679a9557ae6fd5,0.890852689743042
ea57953406604eb083a4fecc3606c662,ffc5805e29a74be0a55b40318aa321d7,0.890844464302063
ea57953406604eb083a4fecc3606c662,48c31b1e2ce94de8968fab433813fa91,0.8902106285095215
6d7cfa2d06f64b22aeffa8b5f5294bdb,4e7ee74be72a461fa02fa61bee62bdcc,0.8572004437446594
6d7cfa2d06f64b22aeffa8b5f5294bdb,e903085a3f944ad2a41c37306b4e6ab4,0.838397741317749
6d7cfa2d06f64b22aeffa8b5f5294bdb,de72d25d08da4b03ac6f6411ce30e07c,0.8372634649276733
6d7cfa2d06f64b22aeffa8b5f5294bdb,91f9f8576e5142a49926bd623b0bc19c,0.8265617489814758
6d7cfa2d06f64b22aeffa8b5f5294bdb,e43d8e7bc32f406b9a692e2604f5b45a,0.8226994276046753
6d7cfa2d06f64b22aeffa8b5f5294bdb,df7ea50171af48df81584ab7e8107d15,0.8208158016204834
6d7cfa2d06f64b22aeffa8b5f5294bdb,45e440d874a54bb591862ff441114cd3,0.8176051378250122
6d7cfa2d06f64b22aeffa8b5f5294bdb,0d0973762130427eaa2ce9a7a34517db,0.8089213371276855
6d7cfa2d06f64b22aeffa8b5f5294bdb,fa190e42ce5a47c99bcaa76138dbc615,0.8077828884124756
6d7cfa2d06f64b22aeffa8b5f5294bdb,7879fa4d4db046a2a8d195311b6e5789,0.80776047706604
b81d6cfb08b3460182252d604820144b,baf841bad27c456c9de7227555ea3ef8,0.9410941004753113
b81d6cfb08b3460182252d604820144b,342aaa81ed004635bbf9cbc2592cd7b6,0.9017213582992554
b81d6cfb08b3460182252d604820144b,da61d9bc8f024a4aba18d5c3072b7838,0.8923028111457825
b81d6cfb08b3460182252d604820144b,c2a665cec90e46db8d2a74389beb4649,0.8872115612030029
b81d6cfb08b3460182252d604820144b,5cf392f15360460bae6a6b0182bb99b9,0.8831185102462769
b81d6cfb08b3460182252d604820144b,f4474150010f4021a4620372062f3797,0.8795400857925415
b81d6cfb08b3460182252d604820144b,e79ae27b52fa4d54aa37735fd275c66e,0.8787893652915955
b81d6cfb08b3460182252d604820144b,c74557a980e2428a9ffcc245278df692,0.8775932788848877
b81d6cfb08b3460182252d604820144b,0092d1d820c64646b8bee9fd14f77acf,0.8771727681159973
b81d6cfb08b3460182252d604820144b,c84deec0ecf843c39f52d4cb8e7300f8,0.8770934343338013
d9348c713e8144f791dd2fc990a3cbb6,30578712823948b086e3781343982938,0.9780769944190979
d9348c713e8144f791dd2fc990a3cbb6,19593c97fef0474dbe6051e28338f1e9,0.8811893463134766
d9348c713e8144f791dd2fc990a3cbb6,2471f23cb9b64d35a72deed09c9c8975,0.8788405656814575
d9348c713e8144f791dd2fc990a3cbb6,245212a659504b9b9cdbaf1ab1d040ff,0.8770201206207275
d9348c713e8144f791dd2fc990a3cbb6,c3a741d302d94ee294bb6e4090fd2da9,0.8761815428733826
d9348c713e8144f791dd2fc990a3cbb6,5a9a716f53364389864a4018d9e9c6c0,0.8728200197219849
d9348c713e8144f791dd2fc990a3cbb6,a9573f188204436090fb4a5240e4eccd,0.870880126953125
d9348c713e8144f791dd2fc990a3cbb6,f69dcaceb6074ddebfe1dc7e5978fcff,0.8705498576164246
d9348c713e8144f791dd2fc990a3cbb6,82d68ea370f8451aa16ea08f4601245c,0.8703025579452515
d9348c713e8144f791dd2fc990a3cbb6,7d3d751215194e649a03457226f599d7,0.868201732635498
961885b72b8b4073afa543195a48050c,250d411ae270441085be3501b7b55d86,0.9296001195907593
961885b72b8b4073afa543195a48050c,174581fc299840e18e827432c0cce4dc,0.9066804647445679
961885b72b8b4073afa543195a48050c,5605fa1188974644937bbf92fec50e21,0.8994653224945068
961885b72b8b4073afa543195a48050c,8228c9eb29a542ba98c8b9b854eadaa4,0.8950610160827637
961885b72b8b4073afa543195a48050c,c84deec0ecf843c39f52d4cb8e7300f8,0.893511176109314
961885b72b8b4073afa543195a48050c,ffc5805e29a74be0a55b40318aa321d7,0.8928278088569641
961885b72b8b4073afa543195a48050c,34b736136487439389c10cc6bd4e9f4e,0.8893250823020935
961885b72b8b4073afa543195a48050c,e7aaa514f6f64a258a640ea341aa1a18,0.8892375826835632
961885b72b8b4073afa543195a48050c,7d0190486da540718e4dc4ca4bd1f573,0.8890917301177979
961885b72b8b4073afa543195a48050c,eee7f32249c5452ea36c8ed3a3540010,0.8888037800788879
06e690975e524b9089b8d4f9317a1558,bcfa4a4177d44d8b8cda17b7a23196b0,0.9210813045501709
06e690975e524b9089b8d4f9317a1558,db0c3a952e454b90aa4a68feb6a50e87,0.9210137128829956
06e690975e524b9089b8d4f9317a1558,99a52c93a3304ec18dab9206f98f2a8b,0.9144957065582275
06e690975e524b9089b8d4f9317a1558,ff276acede2f4c14876ef47257758ae8,0.9106106758117676
06e690975e524b9089b8d4f9317a1558,c1def54262224e23acf67a9870725ce5,0.9042857885360718
06e690975e524b9089b8d4f9317a1558,eb21a4e2b7bd43efbdf0c365415e7fef,0.9028823375701904
06e690975e524b9089b8d4f9317a1558,3aaea7fa41fd43cdb88f8ef59062c5df,0.9028662443161011
06e690975e524b9089b8d4f9317a1558,1232f20e710b448e8c0538b9e84dab1c,0.9006342887878418
06e690975e524b9089b8d4f9317a1558,97959d02a64f4a3fbbebe7cbece6c012,0.8978044986724854
06e690975e524b9089b8d4f9317a1558,93dc50abd35349f7923100dca2f41002,0.8977097272872925
a5bc160edec74fb7a50b0debceb4ff1d,1aef014473b84ef9a0f799114fe516c9,0.9852472543716431
a5bc160edec74fb7a50b0debceb4ff1d,7dd5e88dfdd24cafab2c765939757354,0.8870751857757568
a5bc160edec74fb7a50b0debceb4ff1d,f91157bb8fca4a8e98db33591a76be9a,0.8832359313964844
a5bc160edec74fb7a50b0debceb4ff1d,3356a8a8c6ee4f30bc2b028e360d4471,0.8818202018737793
a5bc160edec74fb7a50b0debceb4ff1d,e7aaa514f6f64a258a640ea341aa1a18,0.8791075348854065
a5bc160edec74fb7a50b0debceb4ff1d,19a124c6dad14a4fa7864463b081009c,0.8775992393493652
a5bc160edec74fb7a50b0debceb4ff1d,5a6f4a2f7f6a4b1fa146493472e6d721,0.8768118619918823
a5bc160edec74fb7a50b0debceb4ff1d,8d595c7da42545c88052e7b213b6c97c,0.8767579793930054
a5bc160edec74fb7a50b0debceb4ff1d,66690895454847fea5a000202fbfab2e,0.8759113550186157
a5bc160edec74fb7a50b0debceb4ff1d,df0c94234d9d4890b5b4b95c441b3e9a,0.8744252920150757
77a31fe5e10e44c38270d85e569068f5,30578712823948b086e3781343982938,0.988776683807373
77a31fe5e10e44c38270d85e569068f5,19593c97fef0474dbe6051e28338f1e9,0.8900404572486877
77a31fe5e10e44c38270d85e569068f5,c3a741d302d94ee294bb6e4090fd2da9,0.8797701001167297
77a31fe5e10e44c38270d85e569068f5,cf290994a83e4909aec30077477b9d04,0.8786715269088745
77a31fe5e10e44c38270d85e569068f5,82d68ea370f8451aa16ea08f4601245c,0.8782181143760681
77a31fe5e10e44c38270d85e569068f5,2471f23cb9b64d35a72deed09c9c8975,0.8773313164710999
77a31fe5e10e44c38270d85e569068f5,5d5baf5ce88b4b529e28ab9c7c114148,0.8765933513641357
77a31fe5e10e44c38270d85e569068f5,a9573f188204436090fb4a5240e4eccd,0.875838041305542
77a31fe5e10e44c38270d85e569068f5,f69dcaceb6074ddebfe1dc7e5978fcff,0.8754836320877075
77a31fe5e10e44c38270d85e569068f5,d9096650c434432c871effeca9acd5c6,0.8741263151168823
a508b4ed8aa64d2c8930b9e0f5588144,9db7d32d79024ba6a73c55fde6f55968,0.9572622776031494
a508b4ed8aa64d2c8930b9e0f5588144,7326afe68eb64b63993b3dae022c645d,0.8703768253326416
a508b4ed8aa64d2c8930b9e0f5588144,36ee1613abf245cdbe93fef69b5f981f,0.8692129850387573
a508b4ed8aa64d2c8930b9e0f5588144,00e9d4081c2f45d1a818bfeab099863a,0.8649003505706787
a508b4ed8aa64d2c8930b9e0f5588144,e9428816b054499298745b742f128f65,0.8638243675231934
a508b4ed8aa64d2c8930b9e0f5588144,acbf8eae7e064c11bab7adf66f216990,0.8637763261795044
a508b4ed8aa64d2c8930b9e0f5588144,0a2c24dead204be9ae36be358e1223f9,0.8625778555870056
a508b4ed8aa64d2c8930b9e0f5588144,0592b57e490d4206a3f12eb004a0afe0,0.8509902954101562
a508b4ed8aa64d2c8930b9e0f5588144,23a16d69ffe848d593a4808907d8aa98,0.848559558391571
a508b4ed8aa64d2c8930b9e0f5588144,da88fa5efc674368b593444ca950dff9,0.8472970724105835
58f407c23b424ad7858fe02688d1f729,00e9d4081c2f45d1a818bfeab099863a,0.9755203127861023
58f407c23b424ad7858fe02688d1f729,36ee1613abf245cdbe93fef69b5f981f,0.8457958698272705
58f407c23b424ad7858fe02688d1f729,9db7d32d79024ba6a73c55fde6f55968,0.8365212678909302
58f407c23b424ad7858fe02688d1f729,597aab8bb15240f89fd1b24a8e38258d,0.8307982683181763
58f407c23b424ad7858fe02688d1f729,be42a43f5186434db4f2815f768a9991,0.8281733989715576
58f407c23b424ad7858fe02688d1f729,13cda6e8f2d948eeb5508288a172e76f,0.8220382928848267
58f407c23b424ad7858fe02688d1f729,ca544e6629b14e8fab5f7cb40d1ac88e,0.8213646411895752
58f407c23b424ad7858fe02688d1f729,acbf8eae7e064c11bab7adf66f216990,0.8210229873657227
58f407c23b424ad7858fe02688d1f729,86f59bd78b424260b0cf356f2f9ae734,0.8155993819236755
58f407c23b424ad7858fe02688d1f729,84ff5144597241bba5cbd3d0b21d220d,0.8133013248443604
6a195a5109304e06ae0423987650f0e5,9db7d32d79024ba6a73c55fde6f55968,0.9215700626373291
6a195a5109304e06ae0423987650f0e5,00e9d4081c2f45d1a818bfeab099863a,0.8639229536056519
6a195a5109304e06ae0423987650f0e5,36ee1613abf245cdbe93fef69b5f981f,0.8519483804702759
6a195a5109304e06ae0423987650f0e5,acbf8eae7e064c11bab7adf66f216990,0.8421279191970825
6a195a5109304e06ae0423987650f0e5,23a16d69ffe848d593a4808907d8aa98,0.8386684060096741
6a195a5109304e06ae0423987650f0e5,0592b57e490d4206a3f12eb004a0afe0,0.8339143991470337
6a195a5109304e06ae0423987650f0e5,e8f18e4bdf054390a1768978dca8e430,0.8309752345085144
6a195a5109304e06ae0423987650f0e5,da88fa5efc674368b593444ca950dff9,0.8303056955337524
6a195a5109304e06ae0423987650f0e5,291130c42a884be2800e026bab5ddf53,0.8302967548370361
6a195a5109304e06ae0423987650f0e5,4a3d4daed4b24a1898551f0fd1ba44f1,0.8302663564682007
df7a3b9a04ad4297aadb288feabf0c50,3fce01bbc56d49d39f61cba3d17648f2,0.9208770990371704
df7a3b9a04ad4297aadb288feabf0c50,4e4495962a9b4864882397042f1a2b3e,0.9123824834823608
df7a3b9a04ad4297aadb288feabf0c50,7226603f024c45c6a6e44b00e52e8aad,0.9078397750854492
df7a3b9a04ad4297aadb288feabf0c50,17b5eb6fab65476f827dd355b4a20a55,0.9072097539901733
df7a3b9a04ad4297aadb288feabf0c50,e59dba65749140f4a1bdaf2695de2fc6,0.9068045616149902
df7a3b9a04ad4297aadb288feabf0c50,75bf181ea5dc490e95d364a5f5c7af1d,0.9054669141769409
df7a3b9a04ad4297aadb288feabf0c50,5e44915237fc4445b54b037e1c4e29a4,0.9029644727706909
df7a3b9a04ad4297aadb288feabf0c50,2070754bb5dd4a248be9c2a6a1a9d381,0.8972722887992859
df7a3b9a04ad4297aadb288feabf0c50,6b7b5d28293d4a5a8075f7f7dd231ddb,0.8968343734741211
df7a3b9a04ad4297aadb288feabf0c50,b8da01ceddcb45a491a288ddbc658e90,0.8931133151054382
684ba7bd1eae483282be0c8c9c114514,e735729c80d84f76a6133c065d5380f8,0.9885101914405823
684ba7bd1eae483282be0c8c9c114514,f2cfa68a47ce4a43a0fe1cc7dc860418,0.9201985001564026
684ba7bd1eae483282be0c8c9c114514,6866efc8987a4ec8b04b7abd28fb5777,0.9131121635437012
684ba7bd1eae483282be0c8c9c114514,f1c9c5051bdd4a11a064260bbb9d6d7b,0.9088678359985352
684ba7bd1eae483282be0c8c9c114514,d0e41bf891254ba0872f1641139f84f6,0.9086167216300964
684ba7bd1eae483282be0c8c9c114514,7c1126d46a934db6b951d1e98feae327,0.9083377122879028
684ba7bd1eae483282be0c8c9c114514,714e47cd21e5416f864a4bc938850a72,0.9054466485977173
684ba7bd1eae483282be0c8c9c114514,8987ceafff324f9599b842542e37eddd,0.9012795686721802
684ba7bd1eae483282be0c8c9c114514,85d4175b563d48e5bc6a991b23662f24,0.901215672492981
684ba7bd1eae483282be0c8c9c114514,0b57f893483647c3aed811775a4c4c04,0.9005017280578613
4eda37aa22e54fa2afd5c4d98019ce29,3fce01bbc56d49d39f61cba3d17648f2,0.9826242923736572
4eda37aa22e54fa2afd5c4d98019ce29,7226603f024c45c6a6e44b00e52e8aad,0.8951709270477295
4eda37aa22e54fa2afd5c4d98019ce29,5e44915237fc4445b54b037e1c4e29a4,0.8902931213378906
4eda37aa22e54fa2afd5c4d98019ce29,6f8d80f8673144dfa7a4e09190442ab3,0.889684796333313
4eda37aa22e54fa2afd5c4d98019ce29,6b7b5d28293d4a5a8075f7f7dd231ddb,0.8878499865531921
4eda37aa22e54fa2afd5c4d98019ce29,2070754bb5dd4a248be9c2a6a1a9d381,0.882957398891449
4eda37aa22e54fa2afd5c4d98019ce29,cb2505b30d8a4dc086c353cf94424b6d,0.8797607421875
4eda37aa22e54fa2afd5c4d98019ce29,f32f4607b4714e378831f924c5e6084d,0.8743138313293457
4eda37aa22e54fa2afd5c4d98019ce29,54e9bbd0093947a3bda5fef48ef7493d,0.8738861083984375
4eda37aa22e54fa2afd5c4d98019ce29,e12ad1ce8e7940a999b9a4f91a95fab7,0.8720846176147461
3fc9d39c9efc4790b7a0864f44c1e28d,e735729c80d84f76a6133c065d5380f8,0.9772692918777466
3fc9d39c9efc4790b7a0864f44c1e28d,f2cfa68a47ce4a43a0fe1cc7dc860418,0.9240114092826843
3fc9d39c9efc4790b7a0864f44c1e28d,714e47cd21e5416f864a4bc938850a72,0.9112739562988281
3fc9d39c9efc4790b7a0864f44c1e28d,6866efc8987a4ec8b04b7abd28fb5777,0.9109985828399658
3fc9d39c9efc4790b7a0864f44c1e28d,be8953cc364d46cebbcc2c2da2c348ab,0.9097805023193359
3fc9d39c9efc4790b7a0864f44c1e28d,d0e41bf891254ba0872f1641139f84f6,0.9085063338279724
3fc9d39c9efc4790b7a0864f44c1e28d,00614d60b3544ba790dfd23dd53992e0,0.9071383476257324
3fc9d39c9efc4790b7a0864f44c1e28d,b7f5c165ea2242709a2fb71f3a3f1bcb,0.9023241996765137
3fc9d39c9efc4790b7a0864f44c1e28d,7c1126d46a934db6b951d1e98feae327,0.9005539417266846
3fc9d39c9efc4790b7a0864f44c1e28d,761a3a01495143f0a86beac4234cae3a,0.8972429037094116
492e1ce165734c99ae0c8142231d6cd8,570f08ce2a1a47978eab16bf7ad16a68,0.9817970991134644
492e1ce165734c99ae0c8142231d6cd8,211ef3181e524685866fb8574d9bf456,0.9143148064613342
492e1ce165734c99ae0c8142231d6cd8,8a9dc60359ba49cd8ac170cfb4ac3913,0.908828616142273
492e1ce165734c99ae0c8142231d6cd8,b0d2e6c4b2384950b3696c4414870282,0.9033167362213135
492e1ce165734c99ae0c8142231d6cd8,1f9cd7f2b7a14e2f8d490a104a56edcd,0.9022950530052185
492e1ce165734c99ae0c8142231d6cd8,e8c8742459dc48a49080bf0e5b3fdee0,0.9020862579345703
492e1ce165734c99ae0c8142231d6cd8,d75a52d716984f318f976bbfc7bee787,0.9011403322219849
492e1ce165734c99ae0c8142231d6cd8,03df72bcf3504272a27f4bbaea89118a,0.8991339802742004
492e1ce165734c99ae0c8142231d6cd8,67dd23cfd20f46dc82acc82c108a1dc6,0.8973388671875
492e1ce165734c99ae0c8142231d6cd8,c84deec0ecf843c39f52d4cb8e7300f8,0.8961619734764099
62d16233117346a88248d0c84e37c7d4,b44645c11ece4326a45f50fdc5d45dcf,0.8798075914382935
62d16233117346a88248d0c84e37c7d4,f5d09519cf7647f8a107cd8fadd322e5,0.8754913210868835
62d16233117346a88248d0c84e37c7d4,563043f180e54e238ad4876974e5db4c,0.8739018440246582
62d16233117346a88248d0c84e37c7d4,3e6a4b65a1004c08a6f3f570cf986c2f,0.8720499873161316
62d16233117346a88248d0c84e37c7d4,eee7f32249c5452ea36c8ed3a3540010,0.8678658604621887
62d16233117346a88248d0c84e37c7d4,1aaf8edc37ea412b85e3d1b5c5317051,0.8620004653930664
62d16233117346a88248d0c84e37c7d4,22d9d5ad33e947fd857c5c4a8b7dfae1,0.8619415760040283
62d16233117346a88248d0c84e37c7d4,bc607fd6000b43108e49b3d05688fe90,0.8614034056663513
62d16233117346a88248d0c84e37c7d4,5605fa1188974644937bbf92fec50e21,0.8588425517082214
62d16233117346a88248d0c84e37c7d4,9909a671f7414c19b2727e7d4d4dcf1b,0.858565628528595
fc5f6e0b9c084686b8bcffe1870bb6af,23a16d69ffe848d593a4808907d8aa98,0.9438847303390503
fc5f6e0b9c084686b8bcffe1870bb6af,de6ac628a786435f9925c8cc1d707d6b,0.9177014231681824
fc5f6e0b9c084686b8bcffe1870bb6af,434551fdf9e443ed91679a9557ae6fd5,0.9157689809799194
fc5f6e0b9c084686b8bcffe1870bb6af,ffc5805e29a74be0a55b40318aa321d7,0.9136923551559448
fc5f6e0b9c084686b8bcffe1870bb6af,99830b8da7c24f909914f7bb167f3ea6,0.906160831451416
fc5f6e0b9c084686b8bcffe1870bb6af,34b736136487439389c10cc6bd4e9f4e,0.905885636806488
fc5f6e0b9c084686b8bcffe1870bb6af,e79ae27b52fa4d54aa37735fd275c66e,0.9043645858764648
fc5f6e0b9c084686b8bcffe1870bb6af,baf841bad27c456c9de7227555ea3ef8,0.9035471677780151
fc5f6e0b9c084686b8bcffe1870bb6af,c84deec0ecf843c39f52d4cb8e7300f8,0.9028769731521606
fc5f6e0b9c084686b8bcffe1870bb6af,9bf3b77eb9874f5f9e006a9cff111ea9,0.9023700952529907
9544710dc3234bb3a65179dae0115a8c,23a16d69ffe848d593a4808907d8aa98,0.9153286218643188
9544710dc3234bb3a65179dae0115a8c,8dfe01febd46475ab5aef97033716ce1,0.9134618043899536
9544710dc3234bb3a65179dae0115a8c,52ee59901f3b4de884d7a6720538aed6,0.9059756398200989
9544710dc3234bb3a65179dae0115a8c,fbfaa119f55a477984e42d80498f54d3,0.9059118032455444
9544710dc3234bb3a65179dae0115a8c,e511c40ca6324803b5021e47b4e777f8,0.9048818349838257
9544710dc3234bb3a65179dae0115a8c,664da77d25e74df693eaad44a5e7617f,0.9033686518669128
9544710dc3234bb3a65179dae0115a8c,9bf3b77eb9874f5f9e006a9cff111ea9,0.9002434015274048
9544710dc3234bb3a65179dae0115a8c,59e4dcf2794943b18fb902a6eb475ff8,0.8989859223365784
9544710dc3234bb3a65179dae0115a8c,3138244ae91040948d5bd6772e4075ea,0.8970865607261658
9544710dc3234bb3a65179dae0115a8c,f1c9c5051bdd4a11a064260bbb9d6d7b,0.8969676494598389
d88623101f5740e3bbbb1be949c2c917,cb75c6ef71cb4991805920f2894e0e96,0.9506239891052246
d88623101f5740e3bbbb1be949c2c917,d9096650c434432c871effeca9acd5c6,0.9127647876739502
d88623101f5740e3bbbb1be949c2c917,0b57f893483647c3aed811775a4c4c04,0.9048108458518982
d88623101f5740e3bbbb1be949c2c917,5fc200cab89346658c9c91cce27e85fe,0.9042268395423889
d88623101f5740e3bbbb1be949c2c917,6400e3f6a14c492ba399bd414faca075,0.9036757946014404
d88623101f5740e3bbbb1be949c2c917,8fdee0611965465eb45387b8c39f4136,0.9009650349617004
d88623101f5740e3bbbb1be949c2c917,39a08a87897f47d3bdbbdc5ed8c9cd7f,0.8971571922302246
d88623101f5740e3bbbb1be949c2c917,ba8d0208e32e42969bd4349cf24f6ed1,0.8970659971237183
d88623101f5740e3bbbb1be949c2c917,8350ea8cd6514c2c8d7b625abe7e895b,0.8966019153594971
d88623101f5740e3bbbb1be949c2c917,521004289ebc4e6da6623381d40a5e73,0.8960921168327332
3d4bd2285a9441ceb15abaf963002c03,cb75c6ef71cb4991805920f2894e0e96,0.9308946132659912
3d4bd2285a9441ceb15abaf963002c03,d9096650c434432c871effeca9acd5c6,0.9062044620513916
3d4bd2285a9441ceb15abaf963002c03,02a3cd76ce534d188b4d5ac4778bd652,0.90593022108078
3d4bd2285a9441ceb15abaf963002c03,70558882c04e46bd99d15e9786468418,0.9035273194313049
3d4bd2285a9441ceb15abaf963002c03,5abf57d57d84440e94d0d2e2ffb37575,0.9033238887786865
3d4bd2285a9441ceb15abaf963002c03,0971af4212484a958eb0f60f93d1dfe0,0.8965477347373962
3d4bd2285a9441ceb15abaf963002c03,19593c97fef0474dbe6051e28338f1e9,0.8935375213623047
3d4bd2285a9441ceb15abaf963002c03,41e657daa20545a588584578bdb4101c,0.8927991390228271
3d4bd2285a9441ceb15abaf963002c03,67dd23cfd20f46dc82acc82c108a1dc6,0.890032947063446
3d4bd2285a9441ceb15abaf963002c03,119a6d7b4af3458b951fc1c5ab5e1738,0.8897075653076172
fb083ec69f5f42f2881407d2176b5d39,aa082284f9894b5aa210c179d59999b1,0.9932900667190552
fb083ec69f5f42f2881407d2176b5d39,0cdb0f32850f4585a16de4886462bbe0,0.9396225810050964
fb083ec69f5f42f2881407d2176b5d39,1d70bc69b2f84bef9aa5fb0d9917e38d,0.9368827939033508
fb083ec69f5f42f2881407d2176b5d39,1f3cf50fe1f947d8a56e02ebca441c4c,0.9327917695045471
fb083ec69f5f42f2881407d2176b5d39,43464ed6733f4642a0b90e7d995a5e40,0.9262082576751709
fb083ec69f5f42f2881407d2176b5d39,6ea31a945d494834a3d243f1f90af02a,0.9203458428382874
fb083ec69f5f42f2881407d2176b5d39,b702b2b61ce048c6bf5af3c4dca18b1a,0.9184187650680542
fb083ec69f5f42f2881407d2176b5d39,daed5458403e49e3aea72f4bcc6dd224,0.9181599020957947
fb083ec69f5f42f2881407d2176b5d39,6b4676aba2a746b3ab778315afc8ee82,0.9172791242599487
fb083ec69f5f42f2881407d2176b5d39,f335a944a27a4504a82ecf70c2d4a5e4,0.9151601791381836
94fac016e63749c8a8f0fdf1fc1a90b5,aa082284f9894b5aa210c179d59999b1,0.9881575107574463
94fac016e63749c8a8f0fdf1fc1a90b5,0cdb0f32850f4585a16de4886462bbe0,0.9370632171630859
94fac016e63749c8a8f0fdf1fc1a90b5,1f3cf50fe1f947d8a56e02ebca441c4c,0.932620108127594
94fac016e63749c8a8f0fdf1fc1a90b5,1d70bc69b2f84bef9aa5fb0d9917e38d,0.9276243448257446
94fac016e63749c8a8f0fdf1fc1a90b5,6ea31a945d494834a3d243f1f90af02a,0.9177087545394897
94fac016e63749c8a8f0fdf1fc1a90b5,43464ed6733f4642a0b90e7d995a5e40,0.9172061681747437
94fac016e63749c8a8f0fdf1fc1a90b5,daed5458403e49e3aea72f4bcc6dd224,0.9171750545501709
94fac016e63749c8a8f0fdf1fc1a90b5,b702b2b61ce048c6bf5af3c4dca18b1a,0.9128112196922302
94fac016e63749c8a8f0fdf1fc1a90b5,6b4676aba2a746b3ab778315afc8ee82,0.9113093614578247
94fac016e63749c8a8f0fdf1fc1a90b5,f335a944a27a4504a82ecf70c2d4a5e4,0.9104390740394592
a4f2a13bd2b54360a921c8ef7366e535,db620271348d404a9a0b978d96c63f29,0.996379554271698
a4f2a13bd2b54360a921c8ef7366e535,0b57f893483647c3aed811775a4c4c04,0.9170883893966675
a4f2a13bd2b54360a921c8ef7366e535,f532294d68604bc2aa9ad8804a8c6d5f,0.9026870727539062
a4f2a13bd2b54360a921c8ef7366e535,503d2f067a8a4f5798b1c64b07ab0bc5,0.898898184299469
a4f2a13bd2b54360a921c8ef7366e535,434551fdf9e443ed91679a9557ae6fd5,0.8972352147102356
a4f2a13bd2b54360a921c8ef7366e535,87fc1d6a57ea488786caaec8599c3b8b,0.894875168800354
a4f2a13bd2b54360a921c8ef7366e535,7dd5e88dfdd24cafab2c765939757354,0.8926742076873779
a4f2a13bd2b54360a921c8ef7366e535,8987ceafff324f9599b842542e37eddd,0.8908839821815491
a4f2a13bd2b54360a921c8ef7366e535,e12ad1ce8e7940a999b9a4f91a95fab7,0.8896309733390808
a4f2a13bd2b54360a921c8ef7366e535,878e5c41be5c477e9f660ca361fdd727,0.8888482451438904
89206a8894c247c8bd87fad37967ca98,db620271348d404a9a0b978d96c63f29,0.9937498569488525
89206a8894c247c8bd87fad37967ca98,0b57f893483647c3aed811775a4c4c04,0.9244583249092102
89206a8894c247c8bd87fad37967ca98,503d2f067a8a4f5798b1c64b07ab0bc5,0.9088979363441467
89206a8894c247c8bd87fad37967ca98,434551fdf9e443ed91679a9557ae6fd5,0.9077773094177246
89206a8894c247c8bd87fad37967ca98,f532294d68604bc2aa9ad8804a8c6d5f,0.9067890644073486
89206a8894c247c8bd87fad37967ca98,1393dac7d34b4c34b1a8091a5bea3663,0.9049732089042664
89206a8894c247c8bd87fad37967ca98,878e5c41be5c477e9f660ca361fdd727,0.9045708775520325
89206a8894c247c8bd87fad37967ca98,d695b7afdc3841a28a56df578e56afce,0.9041693806648254
89206a8894c247c8bd87fad37967ca98,7dd5e88dfdd24cafab2c765939757354,0.9006717205047607
89206a8894c247c8bd87fad37967ca98,f3fddb55448a46778b5d807642cceb71,0.8979206085205078
4d36c5e5c20443bbab4b51e580bafc21,b44645c11ece4326a45f50fdc5d45dcf,0.9628744125366211
4d36c5e5c20443bbab4b51e580bafc21,563043f180e54e238ad4876974e5db4c,0.880572497844696
4d36c5e5c20443bbab4b51e580bafc21,1aaf8edc37ea412b85e3d1b5c5317051,0.87458735704422
4d36c5e5c20443bbab4b51e580bafc21,b69c17a10a55494d8caa56c33e8f4a56,0.8650960922241211
4d36c5e5c20443bbab4b51e580bafc21,3e6a4b65a1004c08a6f3f570cf986c2f,0.8628895878791809
4d36c5e5c20443bbab4b51e580bafc21,f5d09519cf7647f8a107cd8fadd322e5,0.8581945896148682
4d36c5e5c20443bbab4b51e580bafc21,11e1e3cdfe214385a2c24d0f957dde9b,0.8574514389038086
4d36c5e5c20443bbab4b51e580bafc21,812a1568c77d46e695f8eb7357e24a0e,0.8552930355072021
4d36c5e5c20443bbab4b51e580bafc21,7d0190486da540718e4dc4ca4bd1f573,0.8520124554634094
4d36c5e5c20443bbab4b51e580bafc21,7862a63720b34104abf5bfa44bc8178d,0.848904013633728
517675a3a64847439ecd5791a240af4c,52f20bd7eb50430c95f0916727880a1b,0.9818226099014282
517675a3a64847439ecd5791a240af4c,434551fdf9e443ed91679a9557ae6fd5,0.9030359983444214
517675a3a64847439ecd5791a240af4c,df0c94234d9d4890b5b4b95c441b3e9a,0.8996270895004272
517675a3a64847439ecd5791a240af4c,342aaa81ed004635bbf9cbc2592cd7b6,0.8973174095153809
517675a3a64847439ecd5791a240af4c,23a16d69ffe848d593a4808907d8aa98,0.8959923982620239
517675a3a64847439ecd5791a240af4c,99830b8da7c24f909914f7bb167f3ea6,0.8936728835105896
517675a3a64847439ecd5791a240af4c,1393dac7d34b4c34b1a8091a5bea3663,0.8934692144393921
517675a3a64847439ecd5791a240af4c,59e4dcf2794943b18fb902a6eb475ff8,0.8930678367614746
517675a3a64847439ecd5791a240af4c,27a67d3e76814297aebf64e03d14c336,0.8919469714164734
517675a3a64847439ecd5791a240af4c,250d411ae270441085be3501b7b55d86,0.8903650641441345
b4a18167b9e44a69bbb49ee2a8709fbe,52f20bd7eb50430c95f0916727880a1b,0.9791710376739502
b4a18167b9e44a69bbb49ee2a8709fbe,434551fdf9e443ed91679a9557ae6fd5,0.9112910032272339
b4a18167b9e44a69bbb49ee2a8709fbe,6bedb2d6ace34e18811b7f1206b2d1b0,0.9070596098899841
b4a18167b9e44a69bbb49ee2a8709fbe,f91157bb8fca4a8e98db33591a76be9a,0.9056572914123535
b4a18167b9e44a69bbb49ee2a8709fbe,0b57f893483647c3aed811775a4c4c04,0.9043823480606079
b4a18167b9e44a69bbb49ee2a8709fbe,ffe2740eee8c49b39b2ce41f9983bcb4,0.9026221036911011
b4a18167b9e44a69bbb49ee2a8709fbe,30f654c6e69e48888f9f42dd95ab3c77,0.9020912647247314
b4a18167b9e44a69bbb49ee2a8709fbe,444fa28d9ed54c82a522699041eae592,0.901792049407959
b4a18167b9e44a69bbb49ee2a8709fbe,59e4dcf2794943b18fb902a6eb475ff8,0.9013218283653259
b4a18167b9e44a69bbb49ee2a8709fbe,5cf392f15360460bae6a6b0182bb99b9,0.9012091159820557
173054bdb88d476dbd153c55b7fabd01,b44645c11ece4326a45f50fdc5d45dcf,0.9898621439933777
173054bdb88d476dbd153c55b7fabd01,11e1e3cdfe214385a2c24d0f957dde9b,0.8820287585258484
173054bdb88d476dbd153c55b7fabd01,563043f180e54e238ad4876974e5db4c,0.8759132027626038
173054bdb88d476dbd153c55b7fabd01,f5d09519cf7647f8a107cd8fadd322e5,0.866546094417572
173054bdb88d476dbd153c55b7fabd01,1aaf8edc37ea412b85e3d1b5c5317051,0.8627881407737732
173054bdb88d476dbd153c55b7fabd01,812a1568c77d46e695f8eb7357e24a0e,0.8585497140884399
173054bdb88d476dbd153c55b7fabd01,eee7f32249c5452ea36c8ed3a3540010,0.8563729524612427
173054bdb88d476dbd153c55b7fabd01,3e6a4b65a1004c08a6f3f570cf986c2f,0.8546165227890015
173054bdb88d476dbd153c55b7fabd01,7862a63720b34104abf5bfa44bc8178d,0.850104033946991
173054bdb88d476dbd153c55b7fabd01,b69c17a10a55494d8caa56c33e8f4a56,0.8479868173599243
6676c08920d74d74b3b5e31d76d402b2,77d8e01a914d4f4a8b87d407e0d741aa,0.8603560328483582
6676c08920d74d74b3b5e31d76d402b2,4a3d4daed4b24a1898551f0fd1ba44f1,0.8553686141967773
6676c08920d74d74b3b5e31d76d402b2,c3a741d302d94ee294bb6e4090fd2da9,0.8492606282234192
6676c08920d74d74b3b5e31d76d402b2,64e74af099b0485f8b6e71ac73aa2cb8,0.8490731716156006
6676c08920d74d74b3b5e31d76d402b2,75efe5ddef364f49865d9bb283492b48,0.8487403392791748
6676c08920d74d74b3b5e31d76d402b2,5a6f4a2f7f6a4b1fa146493472e6d721,0.8482887744903564
6676c08920d74d74b3b5e31d76d402b2,df0c94234d9d4890b5b4b95c441b3e9a,0.847565770149231
6676c08920d74d74b3b5e31d76d402b2,0bd1cce9370a461089e25393086800a8,0.8466391563415527
6676c08920d74d74b3b5e31d76d402b2,249c2d8d8d2345c6990b3c4d94385b5a,0.8464069366455078
6676c08920d74d74b3b5e31d76d402b2,f69bf682935e47e1b4c72d237becd13a,0.8449557423591614
0df5d9aef12b4019955ea3f2f0b2adab,f32f4607b4714e378831f924c5e6084d,0.9726690053939819
0df5d9aef12b4019955ea3f2f0b2adab,772cb9726861451d9972604da6f65c55,0.9041293859481812
0df5d9aef12b4019955ea3f2f0b2adab,e1c63000ace94c1d9381d82389fe6afd,0.902843177318573
0df5d9aef12b4019955ea3f2f0b2adab,cb2505b30d8a4dc086c353cf94424b6d,0.9022307395935059
0df5d9aef12b4019955ea3f2f0b2adab,b23a9c50eada4286a4f7ce8668b92db1,0.8995603919029236
0df5d9aef12b4019955ea3f2f0b2adab,643fbbdd6b764ba9904a4ee67a86b9fd,0.8994184732437134
0df5d9aef12b4019955ea3f2f0b2adab,1232f20e710b448e8c0538b9e84dab1c,0.8986886739730835
0df5d9aef12b4019955ea3f2f0b2adab,42805d29975b400ea7c570fc45ec4938,0.8980680108070374
0df5d9aef12b4019955ea3f2f0b2adab,d476be2399b7424a88d242b771c32041,0.892646849155426
0df5d9aef12b4019955ea3f2f0b2adab,bcfa4a4177d44d8b8cda17b7a23196b0,0.891284167766571
9e0acd98c27a49b196d2c555deba2f0e,f32f4607b4714e378831f924c5e6084d,0.9758134484291077
9e0acd98c27a49b196d2c555deba2f0e,643fbbdd6b764ba9904a4ee67a86b9fd,0.9039440155029297
9e0acd98c27a49b196d2c555deba2f0e,b23a9c50eada4286a4f7ce8668b92db1,0.8941842913627625
9e0acd98c27a49b196d2c555deba2f0e,cb2505b30d8a4dc086c353cf94424b6d,0.8885918855667114
9e0acd98c27a49b196d2c555deba2f0e,42805d29975b400ea7c570fc45ec4938,0.8882906436920166
9e0acd98c27a49b196d2c555deba2f0e,772cb9726861451d9972604da6f65c55,0.8880999684333801
9e0acd98c27a49b196d2c555deba2f0e,1232f20e710b448e8c0538b9e84dab1c,0.8863238096237183
9e0acd98c27a49b196d2c555deba2f0e,0f52f676197e4d4e92dec0a7bc4c4f7d,0.882087230682373
9e0acd98c27a49b196d2c555deba2f0e,85d4175b563d48e5bc6a991b23662f24,0.8797672390937805
9e0acd98c27a49b196d2c555deba2f0e,b8da01ceddcb45a491a288ddbc658e90,0.8792251348495483
54c5b5744a704151830ff16cf8883786,7226603f024c45c6a6e44b00e52e8aad,0.8010955452919006
54c5b5744a704151830ff16cf8883786,dd9e8283197b473d8ffd502561bdaaec,0.79087895154953
54c5b5744a704151830ff16cf8883786,33e2a95109e647cbb4ba2687631b169a,0.7869866490364075
54c5b5744a704151830ff16cf8883786,664da77d25e74df693eaad44a5e7617f,0.7845779657363892
54c5b5744a704151830ff16cf8883786,9452a2f21f7d4feeb2605d9b6647fc13,0.7844847440719604
54c5b5744a704151830ff16cf8883786,29fb30a75c57451a85f310aa6423a662,0.7804101705551147
54c5b5744a704151830ff16cf8883786,44156e6482884acaaee1938e04d8b6ff,0.7801079750061035
54c5b5744a704151830ff16cf8883786,7f5b658239034d35b7f4cf1c63cb388c,0.7794374227523804
54c5b5744a704151830ff16cf8883786,cb2505b30d8a4dc086c353cf94424b6d,0.7774142026901245
54c5b5744a704151830ff16cf8883786,8af25c7ae8e14435a6e27a5671968f50,0.776294469833374
b9de30f0928f4adbbd9e64f944ab0805,f335a944a27a4504a82ecf70c2d4a5e4,0.984484851360321
b9de30f0928f4adbbd9e64f944ab0805,aa082284f9894b5aa210c179d59999b1,0.9193775653839111
b9de30f0928f4adbbd9e64f944ab0805,1d70bc69b2f84bef9aa5fb0d9917e38d,0.917045533657074
b9de30f0928f4adbbd9e64f944ab0805,6ea31a945d494834a3d243f1f90af02a,0.9142310619354248
b9de30f0928f4adbbd9e64f944ab0805,0cdb0f32850f4585a16de4886462bbe0,0.9084970951080322
b9de30f0928f4adbbd9e64f944ab0805,384b14b18c3c43b1a4dc1aa2f661e076,0.9051262140274048
b9de30f0928f4adbbd9e64f944ab0805,aedd476072b345e9be46ebd7260e93a6,0.9040279388427734
b9de30f0928f4adbbd9e64f944ab0805,097f2ce3b88c4d008488b9908076497e,0.9031647443771362
b9de30f0928f4adbbd9e64f944ab0805,26e55eb4d910464497d700bfdf5a36ca,0.9026480913162231
b9de30f0928f4adbbd9e64f944ab0805,6b4676aba2a746b3ab778315afc8ee82,0.9025362730026245
1700d60558f04c2581e0c6ecac9ca03f,e06d08ff594a4acbac12edf579743fcf,0.9889844059944153
1700d60558f04c2581e0c6ecac9ca03f,33b5e2ae5ebe4f548bac3a00ab0a59eb,0.9281095266342163
1700d60558f04c2581e0c6ecac9ca03f,f12e9e5805534d719f829332d1ea5d29,0.9167300462722778
1700d60558f04c2581e0c6ecac9ca03f,be8953cc364d46cebbcc2c2da2c348ab,0.9120967984199524
1700d60558f04c2581e0c6ecac9ca03f,724a3f6551e74ad585bdeac9a75fd639,0.9046817421913147
1700d60558f04c2581e0c6ecac9ca03f,4285b02dc9164cb9bae36b0566bb42f0,0.9040405750274658
1700d60558f04c2581e0c6ecac9ca03f,ccb62901750b4d13a922fc161b607f83,0.8986234664916992
1700d60558f04c2581e0c6ecac9ca03f,71c1a8479b194efca65b44fb7f327afb,0.8982807397842407
1700d60558f04c2581e0c6ecac9ca03f,f335a944a27a4504a82ecf70c2d4a5e4,0.8962198495864868
1700d60558f04c2581e0c6ecac9ca03f,f37d285ad0de42f0b1546d0d1acfb221,0.8944857716560364
f8ebc027345b4689839fa22c303c1bbc,e06d08ff594a4acbac12edf579743fcf,0.9773658514022827
f8ebc027345b4689839fa22c303c1bbc,f12e9e5805534d719f829332d1ea5d29,0.9157265424728394
f8ebc027345b4689839fa22c303c1bbc,be8953cc364d46cebbcc2c2da2c348ab,0.9136260747909546
f8ebc027345b4689839fa22c303c1bbc,33b5e2ae5ebe4f548bac3a00ab0a59eb,0.909929633140564
f8ebc027345b4689839fa22c303c1bbc,724a3f6551e74ad585bdeac9a75fd639,0.8965349197387695
f8ebc027345b4689839fa22c303c1bbc,25afb6f7e9314af09008644bca5955b9,0.8919034004211426
f8ebc027345b4689839fa22c303c1bbc,71c1a8479b194efca65b44fb7f327afb,0.8918267488479614
f8ebc027345b4689839fa22c303c1bbc,f37d285ad0de42f0b1546d0d1acfb221,0.8911322355270386
f8ebc027345b4689839fa22c303c1bbc,ccb62901750b4d13a922fc161b607f83,0.8887676000595093
f8ebc027345b4689839fa22c303c1bbc,39e2b00e1cbd471488cf56f31d2cec7f,0.8878506422042847
a815375295944d72bbd877ca7675981a,f335a944a27a4504a82ecf70c2d4a5e4,0.9869983196258545
a815375295944d72bbd877ca7675981a,0cdb0f32850f4585a16de4886462bbe0,0.9093645811080933
a815375295944d72bbd877ca7675981a,aa082284f9894b5aa210c179d59999b1,0.9090434312820435
a815375295944d72bbd877ca7675981a,26e55eb4d910464497d700bfdf5a36ca,0.9080135822296143
a815375295944d72bbd877ca7675981a,1d70bc69b2f84bef9aa5fb0d9917e38d,0.907097578048706
a815375295944d72bbd877ca7675981a,6ea31a945d494834a3d243f1f90af02a,0.9054837226867676
a815375295944d72bbd877ca7675981a,384b14b18c3c43b1a4dc1aa2f661e076,0.9029678106307983
a815375295944d72bbd877ca7675981a,71c1a8479b194efca65b44fb7f327afb,0.9016411304473877
a815375295944d72bbd877ca7675981a,aedd476072b345e9be46ebd7260e93a6,0.8999050259590149
a815375295944d72bbd877ca7675981a,e2e0c8c96aff4c00896ac6986bbb20c2,0.8970781564712524
a5eb956f41154b2fa05333dc5f91564d,e5a3c8867e44498d9182e8be934e0fce,0.9308215975761414
a5eb956f41154b2fa05333dc5f91564d,df5ca61304074da1bec8f536ab50baf3,0.8897480964660645
a5eb956f41154b2fa05333dc5f91564d,b3f8b4bec0164d0e81997b4f5a277e8f,0.8894566297531128
a5eb956f41154b2fa05333dc5f91564d,69ac8397e9624bfd8aee237b9f9ea3b5,0.8889425992965698
a5eb956f41154b2fa05333dc5f91564d,434551fdf9e443ed91679a9557ae6fd5,0.8859798908233643
a5eb956f41154b2fa05333dc5f91564d,f91157bb8fca4a8e98db33591a76be9a,0.884903073310852
a5eb956f41154b2fa05333dc5f91564d,3356a8a8c6ee4f30bc2b028e360d4471,0.8826025724411011
a5eb956f41154b2fa05333dc5f91564d,4a6eba10a02a4ecdbb6b25e8651c3789,0.8824630379676819
a5eb956f41154b2fa05333dc5f91564d,b834c0b0c10b471b87ad3f11468de619,0.8791929483413696
a5eb956f41154b2fa05333dc5f91564d,039f8e63b273472d8f1d99d9a5de5cf5,0.8786238431930542
32ca729048eb46ea82cfabc322b2f07f,cf7476d6c96b4dcdb6f025b9291eb62b,0.9710105657577515
32ca729048eb46ea82cfabc322b2f07f,503d2f067a8a4f5798b1c64b07ab0bc5,0.90262770652771
32ca729048eb46ea82cfabc322b2f07f,6ae72ad649c54129b992d321f8f29122,0.9017593860626221
32ca729048eb46ea82cfabc322b2f07f,64e74af099b0485f8b6e71ac73aa2cb8,0.8947353363037109
32ca729048eb46ea82cfabc322b2f07f,da61e0de396149208c9ebd0fd6d7415d,0.8889200687408447
32ca729048eb46ea82cfabc322b2f07f,0b57f893483647c3aed811775a4c4c04,0.8847416639328003
32ca729048eb46ea82cfabc322b2f07f,87fc1d6a57ea488786caaec8599c3b8b,0.8845640420913696
32ca729048eb46ea82cfabc322b2f07f,4926607aafe749538c930e108275547e,0.8827275037765503
32ca729048eb46ea82cfabc322b2f07f,0e8487b2e6a2439b9e6623a1e2e5e19d,0.8822277188301086
32ca729048eb46ea82cfabc322b2f07f,db620271348d404a9a0b978d96c63f29,0.878940224647522
4b03b491a7324ddea5bf28db91e66254,cf7476d6c96b4dcdb6f025b9291eb62b,0.9649732112884521
4b03b491a7324ddea5bf28db91e66254,503d2f067a8a4f5798b1c64b07ab0bc5,0.9016203880310059
4b03b491a7324ddea5bf28db91e66254,6ae72ad649c54129b992d321f8f29122,0.8938755989074707
4b03b491a7324ddea5bf28db91e66254,0e8487b2e6a2439b9e6623a1e2e5e19d,0.8921968936920166
4b03b491a7324ddea5bf28db91e66254,0b57f893483647c3aed811775a4c4c04,0.8850530385971069
4b03b491a7324ddea5bf28db91e66254,64e74af099b0485f8b6e71ac73aa2cb8,0.8846701383590698
4b03b491a7324ddea5bf28db91e66254,db620271348d404a9a0b978d96c63f29,0.8822354674339294
4b03b491a7324ddea5bf28db91e66254,87fc1d6a57ea488786caaec8599c3b8b,0.8817031383514404
4b03b491a7324ddea5bf28db91e66254,da61e0de396149208c9ebd0fd6d7415d,0.8800159692764282
4b03b491a7324ddea5bf28db91e66254,6bedb2d6ace34e18811b7f1206b2d1b0,0.8791911602020264
6ee636f0481140ed9b0077791aba92b0,e5a3c8867e44498d9182e8be934e0fce,0.9346351623535156
6ee636f0481140ed9b0077791aba92b0,f91157bb8fca4a8e98db33591a76be9a,0.898749589920044
6ee636f0481140ed9b0077791aba92b0,69ac8397e9624bfd8aee237b9f9ea3b5,0.896282434463501
6ee636f0481140ed9b0077791aba92b0,434551fdf9e443ed91679a9557ae6fd5,0.8954776525497437
6ee636f0481140ed9b0077791aba92b0,b3f8b4bec0164d0e81997b4f5a277e8f,0.8931134939193726
6ee636f0481140ed9b0077791aba92b0,f532294d68604bc2aa9ad8804a8c6d5f,0.8913632035255432
6ee636f0481140ed9b0077791aba92b0,5537ddec608a4ec586ea068fa27547ca,0.8913061618804932
6ee636f0481140ed9b0077791aba92b0,039f8e63b273472d8f1d99d9a5de5cf5,0.8912471532821655
6ee636f0481140ed9b0077791aba92b0,249c2d8d8d2345c6990b3c4d94385b5a,0.8907448649406433
6ee636f0481140ed9b0077791aba92b0,7584980704ae4617bb27ca162cc9c5db,0.8884370923042297
9e69ec4a3364489c92dd79eb57e83d54,d33407004b9e433a9d4147cfe6584d36,0.9055575728416443
9e69ec4a3364489c92dd79eb57e83d54,d7618b61a65a4bc1a0d0f2cc1bddc448,0.779541015625
9e69ec4a3364489c92dd79eb57e83d54,bb6ecabbce1b43d997d00d7acdc95193,0.7785989046096802
9e69ec4a3364489c92dd79eb57e83d54,6af17cec494c4373a95865d270a29171,0.7693325877189636
9e69ec4a3364489c92dd79eb57e83d54,7226603f024c45c6a6e44b00e52e8aad,0.7688193321228027
9e69ec4a3364489c92dd79eb57e83d54,51c6049a18b84ee381d0512e40b67c0e,0.7663721442222595
9e69ec4a3364489c92dd79eb57e83d54,590df34aa41f46e9ad13ffc6a98da3b7,0.7659180164337158
9e69ec4a3364489c92dd79eb57e83d54,2c65a898314b42e6b2e93dca66fd15c2,0.7653214931488037
9e69ec4a3364489c92dd79eb57e83d54,eafb3480db704d7baa8216ce857d1610,0.7649346590042114
9e69ec4a3364489c92dd79eb57e83d54,514537782f6549c488a1b932939b4128,0.7647140026092529
e3d8f037fbe5491eba85d08b7dc5cab4,d33407004b9e433a9d4147cfe6584d36,0.9079074859619141
e3d8f037fbe5491eba85d08b7dc5cab4,cd764fbfae774d068af7549c648a02c9,0.7788296937942505
e3d8f037fbe5491eba85d08b7dc5cab4,7226603f024c45c6a6e44b00e52e8aad,0.77815842628479
e3d8f037fbe5491eba85d08b7dc5cab4,8dfd98bb97584157b207e1f4be471a8e,0.7730530500411987
e3d8f037fbe5491eba85d08b7dc5cab4,c2a665cec90e46db8d2a74389beb4649,0.7724753618240356
e3d8f037fbe5491eba85d08b7dc5cab4,d7618b61a65a4bc1a0d0f2cc1bddc448,0.7713555693626404
e3d8f037fbe5491eba85d08b7dc5cab4,772cb9726861451d9972604da6f65c55,0.7695863246917725
e3d8f037fbe5491eba85d08b7dc5cab4,e511c40ca6324803b5021e47b4e777f8,0.7695019245147705
e3d8f037fbe5491eba85d08b7dc5cab4,dcfb738ebbc24f09bb680fe3a52b702e,0.7692146897315979
e3d8f037fbe5491eba85d08b7dc5cab4,cc243eebbb2b44a581745865a60c423a,0.7647409439086914
2e92d21d8386472cb7ae95c21ba476ec,5f481b07f9734f518a14853831233b78,0.9672441482543945
2e92d21d8386472cb7ae95c21ba476ec,f59a3ee5387440d981754b6595e8664c,0.8981666564941406
2e92d21d8386472cb7ae95c21ba476ec,3356a8a8c6ee4f30bc2b028e360d4471,0.8962506055831909
2e92d21d8386472cb7ae95c21ba476ec,1232f20e710b448e8c0538b9e84dab1c,0.8926399350166321
2e92d21d8386472cb7ae95c21ba476ec,6732de8994744decbb3306c74aaa7882,0.8881311416625977
2e92d21d8386472cb7ae95c21ba476ec,599feb1e512c43ad8c0a1845922acf78,0.8827201128005981
2e92d21d8386472cb7ae95c21ba476ec,77cecb221149474896d9b2eb848bf150,0.8807101249694824
2e92d21d8386472cb7ae95c21ba476ec,ad42c467d0fe43dbb328073f9a16bc4d,0.8775911331176758
2e92d21d8386472cb7ae95c21ba476ec,764b8280445d4023aecaa53cf7758932,0.8769028186798096
2e92d21d8386472cb7ae95c21ba476ec,9bf3b77eb9874f5f9e006a9cff111ea9,0.876200795173645
d0e2f6816e1d46c4896a92a770a52d13,5f481b07f9734f518a14853831233b78,0.9709004163742065
d0e2f6816e1d46c4896a92a770a52d13,3356a8a8c6ee4f30bc2b028e360d4471,0.9088728427886963
d0e2f6816e1d46c4896a92a770a52d13,1232f20e710b448e8c0538b9e84dab1c,0.908189058303833
d0e2f6816e1d46c4896a92a770a52d13,77cecb221149474896d9b2eb848bf150,0.9010846614837646
d0e2f6816e1d46c4896a92a770a52d13,6732de8994744decbb3306c74aaa7882,0.900915265083313
d0e2f6816e1d46c4896a92a770a52d13,f59a3ee5387440d981754b6595e8664c,0.8994963765144348
d0e2f6816e1d46c4896a92a770a52d13,7dd5e88dfdd24cafab2c765939757354,0.8971173167228699
d0e2f6816e1d46c4896a92a770a52d13,e12ad1ce8e7940a999b9a4f91a95fab7,0.8935214281082153
d0e2f6816e1d46c4896a92a770a52d13,4a6eba10a02a4ecdbb6b25e8651c3789,0.8932259678840637
d0e2f6816e1d46c4896a92a770a52d13,9bf3b77eb9874f5f9e006a9cff111ea9,0.8918393850326538
9db1e0ae9d1e4b078283f3e4fce188a9,4c36aafaf38f4e9e9e09991737196fe1,0.9673081636428833
9db1e0ae9d1e4b078283f3e4fce188a9,98fbdf945d0c4206a48a4f7260e56017,0.9150885939598083
9db1e0ae9d1e4b078283f3e4fce188a9,3766b26b53874893ae48693880e1942c,0.90985107421875
9db1e0ae9d1e4b078283f3e4fce188a9,3e59b61eb70146308db2308b988b54cf,0.9068998098373413
9db1e0ae9d1e4b078283f3e4fce188a9,57bcda73abab44ee930b20cdaee9d24b,0.898356556892395
9db1e0ae9d1e4b078283f3e4fce188a9,434551fdf9e443ed91679a9557ae6fd5,0.8971471786499023
9db1e0ae9d1e4b078283f3e4fce188a9,4e4495962a9b4864882397042f1a2b3e,0.8964178562164307
9db1e0ae9d1e4b078283f3e4fce188a9,02a3cd76ce534d188b4d5ac4778bd652,0.8945826292037964
9db1e0ae9d1e4b078283f3e4fce188a9,636c21e19a5845e1b8d69a5fca928030,0.8929133415222168
9db1e0ae9d1e4b078283f3e4fce188a9,f91157bb8fca4a8e98db33591a76be9a,0.8919767141342163
b3e9c337e43d4153aebe5720e9cd3974,4c36aafaf38f4e9e9e09991737196fe1,0.9266167283058167
b3e9c337e43d4153aebe5720e9cd3974,98fbdf945d0c4206a48a4f7260e56017,0.9054169654846191
b3e9c337e43d4153aebe5720e9cd3974,3766b26b53874893ae48693880e1942c,0.8987445831298828
b3e9c337e43d4153aebe5720e9cd3974,4e4495962a9b4864882397042f1a2b3e,0.8911566734313965
b3e9c337e43d4153aebe5720e9cd3974,7dd5e88dfdd24cafab2c765939757354,0.8820887207984924
b3e9c337e43d4153aebe5720e9cd3974,db69f22fe72246ea85d33991961a649a,0.8812656998634338
b3e9c337e43d4153aebe5720e9cd3974,85d4175b563d48e5bc6a991b23662f24,0.8807359337806702
b3e9c337e43d4153aebe5720e9cd3974,dbb3fe11ad004895b302a84e7c066fcc,0.8800706267356873
b3e9c337e43d4153aebe5720e9cd3974,8c7c9eaae41a44a3a4ebe39ce167d300,0.8771249651908875
b3e9c337e43d4153aebe5720e9cd3974,17b5eb6fab65476f827dd355b4a20a55,0.87706059217453
6826037354894b81a24d3dc9a4983acb,7d6cdff8c9ac434196df803628fe9f62,0.8452538847923279
6826037354894b81a24d3dc9a4983acb,105ad424733e4cffa7c474b51e3980aa,0.838876485824585
6826037354894b81a24d3dc9a4983acb,fa190e42ce5a47c99bcaa76138dbc615,0.8387737274169922
6826037354894b81a24d3dc9a4983acb,e43d8e7bc32f406b9a692e2604f5b45a,0.8361213207244873
6826037354894b81a24d3dc9a4983acb,f9fe93fae6084350b81964d354e2130f,0.8308849334716797
6826037354894b81a24d3dc9a4983acb,8683a3ad55d84a78834fabe20cde5269,0.828221321105957
6826037354894b81a24d3dc9a4983acb,bb6ecabbce1b43d997d00d7acdc95193,0.8257307410240173
6826037354894b81a24d3dc9a4983acb,dbb3fe11ad004895b302a84e7c066fcc,0.8228071928024292
6826037354894b81a24d3dc9a4983acb,3ec67e948e15423fac23fdd38a7d4cca,0.8219165802001953
6826037354894b81a24d3dc9a4983acb,8b4e9e3d234e4eec99a7651e246bbfa3,0.8167175650596619
dc99c006397e40808ab1f016fa44006f,b626eb67c2e14afeae2846bb150976f3,0.9275531768798828
dc99c006397e40808ab1f016fa44006f,8228c9eb29a542ba98c8b9b854eadaa4,0.9028146266937256
dc99c006397e40808ab1f016fa44006f,f91157bb8fca4a8e98db33591a76be9a,0.8885965347290039
dc99c006397e40808ab1f016fa44006f,434551fdf9e443ed91679a9557ae6fd5,0.888434886932373
dc99c006397e40808ab1f016fa44006f,2c3599a1611644f4908562f8fb8870d3,0.8864805698394775
dc99c006397e40808ab1f016fa44006f,8c674a7b65e24114a45dd3c861a7ccfc,0.8863914012908936
dc99c006397e40808ab1f016fa44006f,ffe2740eee8c49b39b2ce41f9983bcb4,0.8835984468460083
dc99c006397e40808ab1f016fa44006f,35d06fce2df446569702778e2250bd82,0.8834415078163147
dc99c006397e40808ab1f016fa44006f,a9d82bb43410405ca21b44a5e82e22b6,0.8834208250045776
dc99c006397e40808ab1f016fa44006f,98b2022b2cb84af09ee8b789db928b13,0.8819723129272461
4993ef4ea7ef4074bc9bfda10fc761b9,0ecfdd96e0054841883acba75e83b232,0.9119637608528137
4993ef4ea7ef4074bc9bfda10fc761b9,baf841bad27c456c9de7227555ea3ef8,0.8989955186843872
4993ef4ea7ef4074bc9bfda10fc761b9,7d6122daabe442ffb5e57ece1882e714,0.8943086862564087
4993ef4ea7ef4074bc9bfda10fc761b9,b3a022950e444682a113cec5a0537f6a,0.891938328742981
4993ef4ea7ef4074bc9bfda10fc761b9,1ad0cf33e96243888d5f970195a75586,0.891042947769165
4993ef4ea7ef4074bc9bfda10fc761b9,01930613ce7d4a5f90ccf78d1e92a55d,0.8890823125839233
4993ef4ea7ef4074bc9bfda10fc761b9,1f9cd7f2b7a14e2f8d490a104a56edcd,0.8887946605682373
4993ef4ea7ef4074bc9bfda10fc761b9,ed4449952a9e45339b76fc5f123cb917,0.8843618631362915
4993ef4ea7ef4074bc9bfda10fc761b9,9094e936e13641cc9bfcc7dc1408d86e,0.8830048441886902
4993ef4ea7ef4074bc9bfda10fc761b9,13cda6e8f2d948eeb5508288a172e76f,0.880550742149353
c7eab26c996245a3ab077b730a658580,1f9cd7f2b7a14e2f8d490a104a56edcd,0.9617522954940796
c7eab26c996245a3ab077b730a658580,7d6122daabe442ffb5e57ece1882e714,0.9247465133666992
c7eab26c996245a3ab077b730a658580,26869cc099c44c4a86f6043476ab4890,0.9112749099731445
c7eab26c996245a3ab077b730a658580,24c55bb5cd694770ba895c7401da2ba5,0.9085873961448669
c7eab26c996245a3ab077b730a658580,66cba49431224a3788f914d6a80165e1,0.9066121578216553
c7eab26c996245a3ab077b730a658580,feb980ae999948ce9be0266b4ddc048d,0.9062241315841675
c7eab26c996245a3ab077b730a658580,06b7dd1b701544ac80dd7ca54ed707cf,0.9053027629852295
c7eab26c996245a3ab077b730a658580,d75a52d716984f318f976bbfc7bee787,0.9039478302001953
c7eab26c996245a3ab077b730a658580,f69855cdf66d4f6887ecfd0ddb9014b5,0.9035917520523071
c7eab26c996245a3ab077b730a658580,64e74af099b0485f8b6e71ac73aa2cb8,0.9019854068756104
b675a73977ed4edbbe06ed1ed956190f,434551fdf9e443ed91679a9557ae6fd5,0.9138473868370056
b675a73977ed4edbbe06ed1ed956190f,b626eb67c2e14afeae2846bb150976f3,0.9084936380386353
b675a73977ed4edbbe06ed1ed956190f,df0c94234d9d4890b5b4b95c441b3e9a,0.9050592184066772
b675a73977ed4edbbe06ed1ed956190f,8c674a7b65e24114a45dd3c861a7ccfc,0.902661919593811
b675a73977ed4edbbe06ed1ed956190f,27a67d3e76814297aebf64e03d14c336,0.9010955095291138
b675a73977ed4edbbe06ed1ed956190f,0b57f893483647c3aed811775a4c4c04,0.9008828401565552
b675a73977ed4edbbe06ed1ed956190f,52f20bd7eb50430c95f0916727880a1b,0.89886474609375
b675a73977ed4edbbe06ed1ed956190f,f91157bb8fca4a8e98db33591a76be9a,0.898317277431488
b675a73977ed4edbbe06ed1ed956190f,ffe2740eee8c49b39b2ce41f9983bcb4,0.8978583812713623
b675a73977ed4edbbe06ed1ed956190f,8228c9eb29a542ba98c8b9b854eadaa4,0.8973172903060913
cebedb652e6442cfb5750e4bbec52862,1f9cd7f2b7a14e2f8d490a104a56edcd,0.9613750576972961
cebedb652e6442cfb5750e4bbec52862,7d6122daabe442ffb5e57ece1882e714,0.9149942398071289
cebedb652e6442cfb5750e4bbec52862,b0d2e6c4b2384950b3696c4414870282,0.908066987991333
cebedb652e6442cfb5750e4bbec52862,24c55bb5cd694770ba895c7401da2ba5,0.9067105054855347
cebedb652e6442cfb5750e4bbec52862,66cba49431224a3788f914d6a80165e1,0.9059922695159912
cebedb652e6442cfb5750e4bbec52862,5d5baf5ce88b4b529e28ab9c7c114148,0.9044356346130371
cebedb652e6442cfb5750e4bbec52862,06b7dd1b701544ac80dd7ca54ed707cf,0.9039285182952881
cebedb652e6442cfb5750e4bbec52862,cb32ec9a538a4c0f8462771946ced93b,0.9029470682144165
cebedb652e6442cfb5750e4bbec52862,5abf57d57d84440e94d0d2e2ffb37575,0.9014825820922852
cebedb652e6442cfb5750e4bbec52862,1419b2c686f44896a0ae2a43e93b5402,0.9000898599624634
085ac28270ca429689a32df3a4583773,6c51b4f57ba0415f994756e944b11cee,0.9071755409240723
085ac28270ca429689a32df3a4583773,772cb9726861451d9972604da6f65c55,0.9068822860717773
085ac28270ca429689a32df3a4583773,d361a9e414fb41c1a605200d9cbba496,0.8996292352676392
085ac28270ca429689a32df3a4583773,97959d02a64f4a3fbbebe7cbece6c012,0.8988116979598999
085ac28270ca429689a32df3a4583773,17b5eb6fab65476f827dd355b4a20a55,0.8981766104698181
085ac28270ca429689a32df3a4583773,bcfa4a4177d44d8b8cda17b7a23196b0,0.89686119556427
085ac28270ca429689a32df3a4583773,f32f4607b4714e378831f924c5e6084d,0.8966534733772278
085ac28270ca429689a32df3a4583773,059a284910e849efbbc7073b8681409f,0.8961010575294495
085ac28270ca429689a32df3a4583773,f37d285ad0de42f0b1546d0d1acfb221,0.8954973220825195
085ac28270ca429689a32df3a4583773,52ee59901f3b4de884d7a6720538aed6,0.8940547108650208
e03daa7cd69147cf9ffcfe59b6f1ff74,772cb9726861451d9972604da6f65c55,0.9034445285797119
e03daa7cd69147cf9ffcfe59b6f1ff74,97959d02a64f4a3fbbebe7cbece6c012,0.9001152515411377
e03daa7cd69147cf9ffcfe59b6f1ff74,17b5eb6fab65476f827dd355b4a20a55,0.8997213840484619
e03daa7cd69147cf9ffcfe59b6f1ff74,bcfa4a4177d44d8b8cda17b7a23196b0,0.8976521492004395
e03daa7cd69147cf9ffcfe59b6f1ff74,98fbdf945d0c4206a48a4f7260e56017,0.8971487283706665
e03daa7cd69147cf9ffcfe59b6f1ff74,6c51b4f57ba0415f994756e944b11cee,0.8962164521217346
e03daa7cd69147cf9ffcfe59b6f1ff74,77ce0587a12b46bab8814225ba86753e,0.8958187699317932
e03daa7cd69147cf9ffcfe59b6f1ff74,b77d8b7bb0114c379139d280a9210e83,0.8938294649124146
e03daa7cd69147cf9ffcfe59b6f1ff74,4285b02dc9164cb9bae36b0566bb42f0,0.8927884101867676
e03daa7cd69147cf9ffcfe59b6f1ff74,71c1a8479b194efca65b44fb7f327afb,0.8927099704742432
7076a0387a924dc1b928b55750f64916,75801225047a4c019100660c13f1e0f1,0.9836673736572266
7076a0387a924dc1b928b55750f64916,189a3b686ad14c24b5e1a495f76dd239,0.8857716917991638
7076a0387a924dc1b928b55750f64916,7960902edf4b47d686f704441aa56b0e,0.8817539811134338
7076a0387a924dc1b928b55750f64916,ce4fdd5499f8498793c11e586f7da70c,0.8815455436706543
7076a0387a924dc1b928b55750f64916,bdb0d45caa2a4943959f8f501e51132b,0.8728519082069397
7076a0387a924dc1b928b55750f64916,ca1a2a6308834baba3140b5ce8f81320,0.8657097816467285
7076a0387a924dc1b928b55750f64916,f8856799293e49feab6368e794eb8b00,0.8641518354415894
7076a0387a924dc1b928b55750f64916,ffe2740eee8c49b39b2ce41f9983bcb4,0.8635550737380981
7076a0387a924dc1b928b55750f64916,f4474150010f4021a4620372062f3797,0.862751841545105
7076a0387a924dc1b928b55750f64916,a9d82bb43410405ca21b44a5e82e22b6,0.8609259128570557
0da0ce17055e4ce4aad17bba3493ecf3,c4b9d7a8d5d342459d2282589b3af293,0.9773935079574585
0da0ce17055e4ce4aad17bba3493ecf3,c2a665cec90e46db8d2a74389beb4649,0.9024066925048828
0da0ce17055e4ce4aad17bba3493ecf3,89e983dca0a34b768e17b3871b9cea1e,0.8996478915214539
0da0ce17055e4ce4aad17bba3493ecf3,ffc5805e29a74be0a55b40318aa321d7,0.8898072242736816
0da0ce17055e4ce4aad17bba3493ecf3,5537ddec608a4ec586ea068fa27547ca,0.8895296454429626
0da0ce17055e4ce4aad17bba3493ecf3,77c8b175ca9d411b8d28d1ed0dc40304,0.8886791467666626
0da0ce17055e4ce4aad17bba3493ecf3,e5a3c8867e44498d9182e8be934e0fce,0.888615608215332
0da0ce17055e4ce4aad17bba3493ecf3,8228c9eb29a542ba98c8b9b854eadaa4,0.8884673118591309
0da0ce17055e4ce4aad17bba3493ecf3,bf789f42ccfc42c5a330a3f6e30ddb83,0.8877245187759399
0da0ce17055e4ce4aad17bba3493ecf3,98b2022b2cb84af09ee8b789db928b13,0.8873968720436096
a1de5e13c3de409baec25b9625277294,b33a0f5b564a4942b04046ab7a8e2aae,0.9577223062515259
a1de5e13c3de409baec25b9625277294,e79ae27b52fa4d54aa37735fd275c66e,0.8991947174072266
a1de5e13c3de409baec25b9625277294,4a3d4daed4b24a1898551f0fd1ba44f1,0.898796558380127
a1de5e13c3de409baec25b9625277294,d0b6e9c1cc5341faba9e03c17767bc2e,0.8980962634086609
a1de5e13c3de409baec25b9625277294,249c2d8d8d2345c6990b3c4d94385b5a,0.8968719244003296
a1de5e13c3de409baec25b9625277294,9677dd2a3aae457a8079087ce4177e14,0.8930692076683044
a1de5e13c3de409baec25b9625277294,c3a741d302d94ee294bb6e4090fd2da9,0.8917047381401062
a1de5e13c3de409baec25b9625277294,13e659415ac84c7a81fc769111d43417,0.8913177251815796
a1de5e13c3de409baec25b9625277294,fadf133e0e684a24ac79b5fa9515bac2,0.8899847269058228
a1de5e13c3de409baec25b9625277294,bbdf9065122d499d9d8f80ad3e0ef6f3,0.8890732526779175
59d5b8a0cae447e3aa9d4441af278166,7f0a68d19d2e4850846ffc08c47ed87d,0.9765626788139343
59d5b8a0cae447e3aa9d4441af278166,1f9cd7f2b7a14e2f8d490a104a56edcd,0.8925544619560242
59d5b8a0cae447e3aa9d4441af278166,1419b2c686f44896a0ae2a43e93b5402,0.890590250492096
59d5b8a0cae447e3aa9d4441af278166,13cda6e8f2d948eeb5508288a172e76f,0.8901212215423584
59d5b8a0cae447e3aa9d4441af278166,f439b5616ba24b7f82eccfa095a0eff8,0.8830798864364624
59d5b8a0cae447e3aa9d4441af278166,e343a998f4df4ac195c84e0fb571a393,0.8788189888000488
59d5b8a0cae447e3aa9d4441af278166,f65b6fb5b40a49d1896de7a115469d40,0.8773155212402344
59d5b8a0cae447e3aa9d4441af278166,cf290994a83e4909aec30077477b9d04,0.8768181800842285
59d5b8a0cae447e3aa9d4441af278166,c3a741d302d94ee294bb6e4090fd2da9,0.8766546845436096
59d5b8a0cae447e3aa9d4441af278166,1b827db6f6cf4ecb850928c2f9e41de2,0.8732008934020996
0c4b7eb545d746869c5419772a6e4392,b33a0f5b564a4942b04046ab7a8e2aae,0.9678297638893127
0c4b7eb545d746869c5419772a6e4392,e79ae27b52fa4d54aa37735fd275c66e,0.8949708938598633
0c4b7eb545d746869c5419772a6e4392,d0b6e9c1cc5341faba9e03c17767bc2e,0.8921849727630615
0c4b7eb545d746869c5419772a6e4392,249c2d8d8d2345c6990b3c4d94385b5a,0.8909388780593872
0c4b7eb545d746869c5419772a6e4392,9677dd2a3aae457a8079087ce4177e14,0.890166163444519
0c4b7eb545d746869c5419772a6e4392,225818abe99e45a0bf5b0b3ec30db76b,0.8899833559989929
0c4b7eb545d746869c5419772a6e4392,c3a741d302d94ee294bb6e4090fd2da9,0.8884012699127197
0c4b7eb545d746869c5419772a6e4392,bce599075dfd4fac8dd78626106e3071,0.8862643241882324
0c4b7eb545d746869c5419772a6e4392,4a3d4daed4b24a1898551f0fd1ba44f1,0.8856555223464966
0c4b7eb545d746869c5419772a6e4392,7f0a68d19d2e4850846ffc08c47ed87d,0.8827577233314514
ee5f151fd75d45ea92a20e50b7471a5b,7f0a68d19d2e4850846ffc08c47ed87d,0.9384271502494812
ee5f151fd75d45ea92a20e50b7471a5b,1f9cd7f2b7a14e2f8d490a104a56edcd,0.902279257774353
ee5f151fd75d45ea92a20e50b7471a5b,1419b2c686f44896a0ae2a43e93b5402,0.9005066156387329
ee5f151fd75d45ea92a20e50b7471a5b,1b827db6f6cf4ecb850928c2f9e41de2,0.8978890180587769
ee5f151fd75d45ea92a20e50b7471a5b,f65b6fb5b40a49d1896de7a115469d40,0.8920642137527466
ee5f151fd75d45ea92a20e50b7471a5b,02a3cd76ce534d188b4d5ac4778bd652,0.8919403553009033
ee5f151fd75d45ea92a20e50b7471a5b,5d5baf5ce88b4b529e28ab9c7c114148,0.8913765549659729
ee5f151fd75d45ea92a20e50b7471a5b,67984873125e4a0f9562179c906d1b0f,0.8894393444061279
ee5f151fd75d45ea92a20e50b7471a5b,bbdf9065122d499d9d8f80ad3e0ef6f3,0.8875486254692078
ee5f151fd75d45ea92a20e50b7471a5b,7d6122daabe442ffb5e57ece1882e714,0.886491060256958
2a1dd0d4a81843bea554bae66ecf0521,b8995466f0eb4e7ba141e23216e8b974,0.8587498068809509
2a1dd0d4a81843bea554bae66ecf0521,d87bd2402bef4672be17b62cec113ba8,0.8575327396392822
2a1dd0d4a81843bea554bae66ecf0521,f91157bb8fca4a8e98db33591a76be9a,0.8567684888839722
2a1dd0d4a81843bea554bae66ecf0521,f335a944a27a4504a82ecf70c2d4a5e4,0.8541650176048279
2a1dd0d4a81843bea554bae66ecf0521,8dfe01febd46475ab5aef97033716ce1,0.8519238829612732
2a1dd0d4a81843bea554bae66ecf0521,8683a3ad55d84a78834fabe20cde5269,0.8514468669891357
2a1dd0d4a81843bea554bae66ecf0521,1ad0cf33e96243888d5f970195a75586,0.8512246608734131
2a1dd0d4a81843bea554bae66ecf0521,211ef3181e524685866fb8574d9bf456,0.8508933782577515
2a1dd0d4a81843bea554bae66ecf0521,119a6d7b4af3458b951fc1c5ab5e1738,0.8505711555480957
2a1dd0d4a81843bea554bae66ecf0521,e5a3c8867e44498d9182e8be934e0fce,0.8493090867996216
eccd7d9de8ca4ef5b452f90014314ff9,b8995466f0eb4e7ba141e23216e8b974,0.8683333396911621
eccd7d9de8ca4ef5b452f90014314ff9,d87bd2402bef4672be17b62cec113ba8,0.8647621273994446
eccd7d9de8ca4ef5b452f90014314ff9,0092d1d820c64646b8bee9fd14f77acf,0.8600844144821167
eccd7d9de8ca4ef5b452f90014314ff9,20297482a5014732a843c9fdafba548e,0.85893714427948
eccd7d9de8ca4ef5b452f90014314ff9,3c0f3b44c0844df49b5898406fe9195a,0.8585394620895386
eccd7d9de8ca4ef5b452f90014314ff9,84581d81d46d44bc99ffb8f871646a7a,0.8568429946899414
eccd7d9de8ca4ef5b452f90014314ff9,0a61f52258f643b6a6436a1ec234e197,0.8563772439956665
eccd7d9de8ca4ef5b452f90014314ff9,5537ddec608a4ec586ea068fa27547ca,0.8561255931854248
eccd7d9de8ca4ef5b452f90014314ff9,30f654c6e69e48888f9f42dd95ab3c77,0.8542096614837646
eccd7d9de8ca4ef5b452f90014314ff9,f91157bb8fca4a8e98db33591a76be9a,0.8540682196617126
53690105d8d9451da2c18448738ecbc1,1da8cc33bb474411ae16db0233210125,0.944246768951416
53690105d8d9451da2c18448738ecbc1,f65c7f50929f431dbf31b441d87616d0,0.8082411885261536
53690105d8d9451da2c18448738ecbc1,5537ddec608a4ec586ea068fa27547ca,0.8073938488960266
53690105d8d9451da2c18448738ecbc1,0e28ed072d6c444aa6f02e64955b44c6,0.8053737878799438
53690105d8d9451da2c18448738ecbc1,3f28365e18244eb28cc7d23de8895956,0.8002783060073853
53690105d8d9451da2c18448738ecbc1,20297482a5014732a843c9fdafba548e,0.7998679876327515
53690105d8d9451da2c18448738ecbc1,8b038cd0dafd45d8b1ce75177ca3a76b,0.7990574836730957
53690105d8d9451da2c18448738ecbc1,c66c6f1449d44728a2ef72de53dd6d5e,0.79829341173172
53690105d8d9451da2c18448738ecbc1,d716ea165223433a8d49b93e96989482,0.7982862591743469
53690105d8d9451da2c18448738ecbc1,2e7836ee5e5144f5b63e6629b969a362,0.7980729937553406
904b4babc35a4e22bf243f52a41e9034,5a9a716f53364389864a4018d9e9c6c0,0.9721450209617615
904b4babc35a4e22bf243f52a41e9034,5605fa1188974644937bbf92fec50e21,0.8882761001586914
904b4babc35a4e22bf243f52a41e9034,7d3d751215194e649a03457226f599d7,0.8870044946670532
904b4babc35a4e22bf243f52a41e9034,b69c17a10a55494d8caa56c33e8f4a56,0.8767402172088623
904b4babc35a4e22bf243f52a41e9034,e22e1ad3c1fc4493bcb7c9b923566ff7,0.8761815428733826
904b4babc35a4e22bf243f52a41e9034,236c362d8b664c93b41882c119df9706,0.875103235244751
904b4babc35a4e22bf243f52a41e9034,9948a890ef25479e834f70944cb42eae,0.8704454898834229
904b4babc35a4e22bf243f52a41e9034,1ad0cf33e96243888d5f970195a75586,0.8699960708618164
904b4babc35a4e22bf243f52a41e9034,82d68ea370f8451aa16ea08f4601245c,0.8677983283996582
904b4babc35a4e22bf243f52a41e9034,19593c97fef0474dbe6051e28338f1e9,0.8657537698745728
4ec8d6459f8e4b49af04fd8199016f22,0d0973762130427eaa2ce9a7a34517db,0.9405944347381592
4ec8d6459f8e4b49af04fd8199016f22,e43d8e7bc32f406b9a692e2604f5b45a,0.8754812479019165
4ec8d6459f8e4b49af04fd8199016f22,5b588e34588940788a22036b775ecc2f,0.8498450517654419
4ec8d6459f8e4b49af04fd8199016f22,47eb17da319d440aa52da8008c26327a,0.8378821611404419
4ec8d6459f8e4b49af04fd8199016f22,c5486d5e31084ee797da0ebdacb17abc,0.8375055193901062
4ec8d6459f8e4b49af04fd8199016f22,f676e16c6a134bd5a7bbeee4590adcfe,0.8332691788673401
4ec8d6459f8e4b49af04fd8199016f22,4e7ee74be72a461fa02fa61bee62bdcc,0.8280735015869141
4ec8d6459f8e4b49af04fd8199016f22,444fa28d9ed54c82a522699041eae592,0.8211669325828552
4ec8d6459f8e4b49af04fd8199016f22,e22e1ad3c1fc4493bcb7c9b923566ff7,0.8135132789611816
4ec8d6459f8e4b49af04fd8199016f22,31f80e4c87164e2893375ec7e73b372e,0.808769941329956
c50dedd60aba419c9533edaeaa3946ce,0d0973762130427eaa2ce9a7a34517db,0.9405744075775146
c50dedd60aba419c9533edaeaa3946ce,e43d8e7bc32f406b9a692e2604f5b45a,0.8813419342041016
c50dedd60aba419c9533edaeaa3946ce,5b588e34588940788a22036b775ecc2f,0.8615128993988037
c50dedd60aba419c9533edaeaa3946ce,c5486d5e31084ee797da0ebdacb17abc,0.8412033319473267
c50dedd60aba419c9533edaeaa3946ce,47eb17da319d440aa52da8008c26327a,0.833924412727356
c50dedd60aba419c9533edaeaa3946ce,4e7ee74be72a461fa02fa61bee62bdcc,0.8335206508636475
c50dedd60aba419c9533edaeaa3946ce,f676e16c6a134bd5a7bbeee4590adcfe,0.8294250965118408
c50dedd60aba419c9533edaeaa3946ce,444fa28d9ed54c82a522699041eae592,0.8210435509681702
c50dedd60aba419c9533edaeaa3946ce,e22e1ad3c1fc4493bcb7c9b923566ff7,0.8129677772521973
c50dedd60aba419c9533edaeaa3946ce,86f59bd78b424260b0cf356f2f9ae734,0.8112443685531616
e4692df5d1fc4cccbb1af7348c9844e7,5a9a716f53364389864a4018d9e9c6c0,0.9891015887260437
e4692df5d1fc4cccbb1af7348c9844e7,7d3d751215194e649a03457226f599d7,0.9029435515403748
e4692df5d1fc4cccbb1af7348c9844e7,5605fa1188974644937bbf92fec50e21,0.8879746198654175
e4692df5d1fc4cccbb1af7348c9844e7,236c362d8b664c93b41882c119df9706,0.8815301656723022
e4692df5d1fc4cccbb1af7348c9844e7,1ad0cf33e96243888d5f970195a75586,0.879586935043335
e4692df5d1fc4cccbb1af7348c9844e7,b69c17a10a55494d8caa56c33e8f4a56,0.8771686553955078
e4692df5d1fc4cccbb1af7348c9844e7,e22e1ad3c1fc4493bcb7c9b923566ff7,0.8770288228988647
e4692df5d1fc4cccbb1af7348c9844e7,b90d74e80c37486eaee89b6fbab13671,0.8765039443969727
e4692df5d1fc4cccbb1af7348c9844e7,1a0ac2d40cb04ca993e1db68d787728a,0.8758533000946045
e4692df5d1fc4cccbb1af7348c9844e7,82d68ea370f8451aa16ea08f4601245c,0.8753215670585632
0acc73aefb2c4bd4ac88e33303c8f082,8d595c7da42545c88052e7b213b6c97c,0.9727668762207031
0acc73aefb2c4bd4ac88e33303c8f082,6c874292dbcc49ff8bb8bbe5643593a5,0.9330031275749207
0acc73aefb2c4bd4ac88e33303c8f082,097f2ce3b88c4d008488b9908076497e,0.9188521504402161
0acc73aefb2c4bd4ac88e33303c8f082,97959d02a64f4a3fbbebe7cbece6c012,0.9181501269340515
0acc73aefb2c4bd4ac88e33303c8f082,1232f20e710b448e8c0538b9e84dab1c,0.9171309471130371
0acc73aefb2c4bd4ac88e33303c8f082,eb21a4e2b7bd43efbdf0c365415e7fef,0.9168237447738647
0acc73aefb2c4bd4ac88e33303c8f082,bcfa4a4177d44d8b8cda17b7a23196b0,0.9166067838668823
0acc73aefb2c4bd4ac88e33303c8f082,dee9eddb2eac41bfaf36d3279d43674a,0.9157050251960754
0acc73aefb2c4bd4ac88e33303c8f082,99a52c93a3304ec18dab9206f98f2a8b,0.9150292873382568
0acc73aefb2c4bd4ac88e33303c8f082,b77d8b7bb0114c379139d280a9210e83,0.9136065244674683
c3b65a8844a544c6a4819d750555f39c,8d595c7da42545c88052e7b213b6c97c,0.9653599262237549
c3b65a8844a544c6a4819d750555f39c,f91157bb8fca4a8e98db33591a76be9a,0.9183313250541687
c3b65a8844a544c6a4819d750555f39c,dee9eddb2eac41bfaf36d3279d43674a,0.9178023338317871
c3b65a8844a544c6a4819d750555f39c,6c874292dbcc49ff8bb8bbe5643593a5,0.9171746969223022
c3b65a8844a544c6a4819d750555f39c,aa082284f9894b5aa210c179d59999b1,0.9158825874328613
c3b65a8844a544c6a4819d750555f39c,bcfa4a4177d44d8b8cda17b7a23196b0,0.9154924750328064
c3b65a8844a544c6a4819d750555f39c,99a52c93a3304ec18dab9206f98f2a8b,0.9153444170951843
c3b65a8844a544c6a4819d750555f39c,b77d8b7bb0114c379139d280a9210e83,0.9150786995887756
c3b65a8844a544c6a4819d750555f39c,1232f20e710b448e8c0538b9e84dab1c,0.9144288301467896
c3b65a8844a544c6a4819d750555f39c,97959d02a64f4a3fbbebe7cbece6c012,0.9130434989929199
3ec39a285da042a1bb003186e6c26bdc,19593c97fef0474dbe6051e28338f1e9,0.9664512872695923
3ec39a285da042a1bb003186e6c26bdc,5abf57d57d84440e94d0d2e2ffb37575,0.9154609441757202
3ec39a285da042a1bb003186e6c26bdc,1f9cd7f2b7a14e2f8d490a104a56edcd,0.913063645362854
3ec39a285da042a1bb003186e6c26bdc,66cba49431224a3788f914d6a80165e1,0.9122569561004639
3ec39a285da042a1bb003186e6c26bdc,b90d74e80c37486eaee89b6fbab13671,0.911952018737793
3ec39a285da042a1bb003186e6c26bdc,30578712823948b086e3781343982938,0.9098138809204102
3ec39a285da042a1bb003186e6c26bdc,41e657daa20545a588584578bdb4101c,0.9084219932556152
3ec39a285da042a1bb003186e6c26bdc,f69855cdf66d4f6887ecfd0ddb9014b5,0.9067047834396362
3ec39a285da042a1bb003186e6c26bdc,b277101390e1465685ef79bf3519f8d7,0.906551718711853
3ec39a285da042a1bb003186e6c26bdc,d9096650c434432c871effeca9acd5c6,0.9063143730163574
7abfc7f5744b4188b357bacc5c42c49e,1393dac7d34b4c34b1a8091a5bea3663,0.916934609413147
7abfc7f5744b4188b357bacc5c42c49e,e79ae27b52fa4d54aa37735fd275c66e,0.9130163192749023
7abfc7f5744b4188b357bacc5c42c49e,de6ac628a786435f9925c8cc1d707d6b,0.9098069071769714
7abfc7f5744b4188b357bacc5c42c49e,ffc5805e29a74be0a55b40318aa321d7,0.9079244136810303
7abfc7f5744b4188b357bacc5c42c49e,ad054da7e1704a53931a341173f0605f,0.9076789617538452
7abfc7f5744b4188b357bacc5c42c49e,77cecb221149474896d9b2eb848bf150,0.9075795412063599
7abfc7f5744b4188b357bacc5c42c49e,19a124c6dad14a4fa7864463b081009c,0.9058935642242432
7abfc7f5744b4188b357bacc5c42c49e,9bf3b77eb9874f5f9e006a9cff111ea9,0.9041638970375061
7abfc7f5744b4188b357bacc5c42c49e,4a3d4daed4b24a1898551f0fd1ba44f1,0.9031389951705933
7abfc7f5744b4188b357bacc5c42c49e,26869cc099c44c4a86f6043476ab4890,0.9030119776725769
9405bc1ec9c249e080970a1f105edabe,ed4449952a9e45339b76fc5f123cb917,0.9609326720237732
9405bc1ec9c249e080970a1f105edabe,24c55bb5cd694770ba895c7401da2ba5,0.9026387929916382
9405bc1ec9c249e080970a1f105edabe,2b3ecf8be2b242f3b8a1e714390749fb,0.8998581171035767
9405bc1ec9c249e080970a1f105edabe,07d869789eda4445a1ecfe59c331db0d,0.8982986211776733
9405bc1ec9c249e080970a1f105edabe,5fc200cab89346658c9c91cce27e85fe,0.8980059623718262
9405bc1ec9c249e080970a1f105edabe,a055f8188384479a8bad418f7dffd9a5,0.8972592353820801
9405bc1ec9c249e080970a1f105edabe,7d6122daabe442ffb5e57ece1882e714,0.8972522020339966
9405bc1ec9c249e080970a1f105edabe,e4e12f4711fd41e39075e26cc274df45,0.8942459225654602
9405bc1ec9c249e080970a1f105edabe,e343a998f4df4ac195c84e0fb571a393,0.8930469751358032
9405bc1ec9c249e080970a1f105edabe,5760084aabef4d8095b2d21902151f64,0.892503023147583
1fe6a337c9114514b3e8dd154c2bda5b,599feb1e512c43ad8c0a1845922acf78,0.930453896522522
1fe6a337c9114514b3e8dd154c2bda5b,0b57f893483647c3aed811775a4c4c04,0.9093392491340637
1fe6a337c9114514b3e8dd154c2bda5b,cb75c6ef71cb4991805920f2894e0e96,0.9089138507843018
1fe6a337c9114514b3e8dd154c2bda5b,df0c94234d9d4890b5b4b95c441b3e9a,0.9068383574485779
1fe6a337c9114514b3e8dd154c2bda5b,f69855cdf66d4f6887ecfd0ddb9014b5,0.9057420492172241
1fe6a337c9114514b3e8dd154c2bda5b,8fdee0611965465eb45387b8c39f4136,0.9045779705047607
1fe6a337c9114514b3e8dd154c2bda5b,66690895454847fea5a000202fbfab2e,0.9045307636260986
1fe6a337c9114514b3e8dd154c2bda5b,64e74af099b0485f8b6e71ac73aa2cb8,0.9044137597084045
1fe6a337c9114514b3e8dd154c2bda5b,26869cc099c44c4a86f6043476ab4890,0.9034154415130615
1fe6a337c9114514b3e8dd154c2bda5b,94ed54abfdc74b04b0dcb19c278e66f4,0.9027279615402222
31557bdb4eee40258e47e89e445b788a,ed4449952a9e45339b76fc5f123cb917,0.9659864902496338
31557bdb4eee40258e47e89e445b788a,2b3ecf8be2b242f3b8a1e714390749fb,0.9140654802322388
31557bdb4eee40258e47e89e445b788a,24c55bb5cd694770ba895c7401da2ba5,0.9121657609939575
31557bdb4eee40258e47e89e445b788a,07d869789eda4445a1ecfe59c331db0d,0.9040139317512512
31557bdb4eee40258e47e89e445b788a,0ecfdd96e0054841883acba75e83b232,0.9023826718330383
31557bdb4eee40258e47e89e445b788a,a055f8188384479a8bad418f7dffd9a5,0.8979594707489014
31557bdb4eee40258e47e89e445b788a,f69855cdf66d4f6887ecfd0ddb9014b5,0.8976631760597229
31557bdb4eee40258e47e89e445b788a,e4e12f4711fd41e39075e26cc274df45,0.8975429534912109
31557bdb4eee40258e47e89e445b788a,e343a998f4df4ac195c84e0fb571a393,0.8967922925949097
31557bdb4eee40258e47e89e445b788a,5760084aabef4d8095b2d21902151f64,0.8955353498458862
73dbecd0253544b594d72bdfb45f3f7e,599feb1e512c43ad8c0a1845922acf78,0.9314591884613037
73dbecd0253544b594d72bdfb45f3f7e,6732de8994744decbb3306c74aaa7882,0.9070918560028076
73dbecd0253544b594d72bdfb45f3f7e,35d06fce2df446569702778e2250bd82,0.9030053615570068
73dbecd0253544b594d72bdfb45f3f7e,8fdee0611965465eb45387b8c39f4136,0.9028594493865967
73dbecd0253544b594d72bdfb45f3f7e,3356a8a8c6ee4f30bc2b028e360d4471,0.9016318321228027
73dbecd0253544b594d72bdfb45f3f7e,57bcda73abab44ee930b20cdaee9d24b,0.9006742835044861
73dbecd0253544b594d72bdfb45f3f7e,cb75c6ef71cb4991805920f2894e0e96,0.8987692594528198
73dbecd0253544b594d72bdfb45f3f7e,f91157bb8fca4a8e98db33591a76be9a,0.8976945877075195
73dbecd0253544b594d72bdfb45f3f7e,9bf3b77eb9874f5f9e006a9cff111ea9,0.8972840905189514
73dbecd0253544b594d72bdfb45f3f7e,5a6f4a2f7f6a4b1fa146493472e6d721,0.896693229675293
e6d9f19b6de24f86aa66f9c5fd05e823,e1c63000ace94c1d9381d82389fe6afd,0.9560954570770264
e6d9f19b6de24f86aa66f9c5fd05e823,643fbbdd6b764ba9904a4ee67a86b9fd,0.8968062400817871
e6d9f19b6de24f86aa66f9c5fd05e823,57430214baf045cb92fa3b3b70a4ca3f,0.8939202427864075
e6d9f19b6de24f86aa66f9c5fd05e823,f32f4607b4714e378831f924c5e6084d,0.8815386295318604
e6d9f19b6de24f86aa66f9c5fd05e823,eafb3480db704d7baa8216ce857d1610,0.8802095651626587
e6d9f19b6de24f86aa66f9c5fd05e823,590df34aa41f46e9ad13ffc6a98da3b7,0.8798373341560364
e6d9f19b6de24f86aa66f9c5fd05e823,df5ca61304074da1bec8f536ab50baf3,0.8786041736602783
e6d9f19b6de24f86aa66f9c5fd05e823,e5a3c8867e44498d9182e8be934e0fce,0.878577709197998
e6d9f19b6de24f86aa66f9c5fd05e823,e53dd6188816429ab915de6f9649a026,0.8780214786529541
e6d9f19b6de24f86aa66f9c5fd05e823,f65c7f50929f431dbf31b441d87616d0,0.8763338327407837
81cace07bfd24a26846b03e46c6ad161,99ba4cc9355f4d79a68bc69ac12a716f,0.9785983562469482
81cace07bfd24a26846b03e46c6ad161,66690895454847fea5a000202fbfab2e,0.922478437423706
81cace07bfd24a26846b03e46c6ad161,9bf3b77eb9874f5f9e006a9cff111ea9,0.911884069442749
81cace07bfd24a26846b03e46c6ad161,ad054da7e1704a53931a341173f0605f,0.911447286605835
81cace07bfd24a26846b03e46c6ad161,99830b8da7c24f909914f7bb167f3ea6,0.9031493663787842
81cace07bfd24a26846b03e46c6ad161,ffc5805e29a74be0a55b40318aa321d7,0.9028846025466919
81cace07bfd24a26846b03e46c6ad161,4a3d4daed4b24a1898551f0fd1ba44f1,0.9028070569038391
81cace07bfd24a26846b03e46c6ad161,8228c9eb29a542ba98c8b9b854eadaa4,0.9015716910362244
81cace07bfd24a26846b03e46c6ad161,fadf133e0e684a24ac79b5fa9515bac2,0.9012000560760498
81cace07bfd24a26846b03e46c6ad161,de6ac628a786435f9925c8cc1d707d6b,0.8986881971359253
90e717813d404c9f925935c7cfaf747d,99ba4cc9355f4d79a68bc69ac12a716f,0.9896984100341797
90e717813d404c9f925935c7cfaf747d,66690895454847fea5a000202fbfab2e,0.9173508286476135
90e717813d404c9f925935c7cfaf747d,eff24b01b2f5428baa4c3fef6cb40d41,0.9015251398086548
90e717813d404c9f925935c7cfaf747d,fadf133e0e684a24ac79b5fa9515bac2,0.8987708687782288
90e717813d404c9f925935c7cfaf747d,ad054da7e1704a53931a341173f0605f,0.8983927965164185
90e717813d404c9f925935c7cfaf747d,9bf3b77eb9874f5f9e006a9cff111ea9,0.8967745304107666
90e717813d404c9f925935c7cfaf747d,8228c9eb29a542ba98c8b9b854eadaa4,0.8943497538566589
90e717813d404c9f925935c7cfaf747d,f4474150010f4021a4620372062f3797,0.8927097320556641
90e717813d404c9f925935c7cfaf747d,98b2022b2cb84af09ee8b789db928b13,0.8925787210464478
90e717813d404c9f925935c7cfaf747d,c84deec0ecf843c39f52d4cb8e7300f8,0.888900876045227
e5fa255c55ca4255a1a6ad8c11fe54a0,230b9ef63ea240e9b61a18f41473f942,0.960930585861206
e5fa255c55ca4255a1a6ad8c11fe54a0,43ee0103cba54b4e9d165717735ca0f6,0.9017189741134644
e5fa255c55ca4255a1a6ad8c11fe54a0,c1d504dfeded4b8bb3c07777b7c7abde,0.891735315322876
e5fa255c55ca4255a1a6ad8c11fe54a0,48240083d13148bd84ddee8c7f9fcd22,0.8899372220039368
e5fa255c55ca4255a1a6ad8c11fe54a0,590df34aa41f46e9ad13ffc6a98da3b7,0.8700440526008606
e5fa255c55ca4255a1a6ad8c11fe54a0,e4fcd30261804b089efa940359057ba2,0.8683096170425415
e5fa255c55ca4255a1a6ad8c11fe54a0,31cf7db26a3249c5a6205b005662ddcf,0.8679790496826172
e5fa255c55ca4255a1a6ad8c11fe54a0,9c69642fab6749848e7ea7f5406a6da4,0.8678277134895325
e5fa255c55ca4255a1a6ad8c11fe54a0,babbeca1f6a244a2a11ea77a3855e70f,0.8644866347312927
e5fa255c55ca4255a1a6ad8c11fe54a0,d65e3a3657ae455e954b6d7221afc84c,0.8565250039100647
e62461979ead477d9cc7f369964f28d9,097f2ce3b88c4d008488b9908076497e,0.9057807922363281
e62461979ead477d9cc7f369964f28d9,e1c63000ace94c1d9381d82389fe6afd,0.9016137719154358
e62461979ead477d9cc7f369964f28d9,6c874292dbcc49ff8bb8bbe5643593a5,0.897977888584137
e62461979ead477d9cc7f369964f28d9,7627d5e28ba74cbeaf9225e88a7a44cc,0.8959824442863464
e62461979ead477d9cc7f369964f28d9,eafb3480db704d7baa8216ce857d1610,0.8935706615447998
e62461979ead477d9cc7f369964f28d9,e86a0aae846a4e44bf967ab4972c977c,0.8918867707252502
e62461979ead477d9cc7f369964f28d9,f37d285ad0de42f0b1546d0d1acfb221,0.8906869292259216
e62461979ead477d9cc7f369964f28d9,df5ca61304074da1bec8f536ab50baf3,0.8904024362564087
e62461979ead477d9cc7f369964f28d9,ff276acede2f4c14876ef47257758ae8,0.8901146054267883
e62461979ead477d9cc7f369964f28d9,99a52c93a3304ec18dab9206f98f2a8b,0.8898770213127136
5a783edaf5cc4401bef507ec0bf50b74,724a3f6551e74ad585bdeac9a75fd639,0.9625608325004578
5a783edaf5cc4401bef507ec0bf50b74,097f2ce3b88c4d008488b9908076497e,0.9342239499092102
5a783edaf5cc4401bef507ec0bf50b74,3d3e8565d2f84e0cad5ae622f2909765,0.911063551902771
5a783edaf5cc4401bef507ec0bf50b74,e96fae6d607246b18b8494aabe521036,0.9090050458908081
5a783edaf5cc4401bef507ec0bf50b74,98fbdf945d0c4206a48a4f7260e56017,0.9072315692901611
5a783edaf5cc4401bef507ec0bf50b74,71c1a8479b194efca65b44fb7f327afb,0.9070241451263428
5a783edaf5cc4401bef507ec0bf50b74,8d595c7da42545c88052e7b213b6c97c,0.9060093760490417
5a783edaf5cc4401bef507ec0bf50b74,33b5e2ae5ebe4f548bac3a00ab0a59eb,0.9053759574890137
5a783edaf5cc4401bef507ec0bf50b74,17b5eb6fab65476f827dd355b4a20a55,0.9043974876403809
5a783edaf5cc4401bef507ec0bf50b74,9460474d89704a68aaa6ccb62310ae3d,0.9040868878364563
07ede7933f83489091e7ac09e75bd135,724a3f6551e74ad585bdeac9a75fd639,0.9719650745391846
07ede7933f83489091e7ac09e75bd135,097f2ce3b88c4d008488b9908076497e,0.9336087703704834
07ede7933f83489091e7ac09e75bd135,3d3e8565d2f84e0cad5ae622f2909765,0.9198087453842163
07ede7933f83489091e7ac09e75bd135,eb21a4e2b7bd43efbdf0c365415e7fef,0.9165053963661194
07ede7933f83489091e7ac09e75bd135,70aa10580bfe4069bdaa5721ae2d29db,0.9159024953842163
07ede7933f83489091e7ac09e75bd135,17b5eb6fab65476f827dd355b4a20a55,0.9157883524894714
07ede7933f83489091e7ac09e75bd135,19098957d8c24cab95daa30c2baefd8f,0.9153517484664917
07ede7933f83489091e7ac09e75bd135,7627d5e28ba74cbeaf9225e88a7a44cc,0.911694347858429
07ede7933f83489091e7ac09e75bd135,33b5e2ae5ebe4f548bac3a00ab0a59eb,0.9089328050613403
07ede7933f83489091e7ac09e75bd135,b77d8b7bb0114c379139d280a9210e83,0.9079735279083252
e0a1bb27279d4bb8ac27a733753d7c54,9500823cb050427696343b1ea5cf8881,0.9633311033248901
e0a1bb27279d4bb8ac27a733753d7c54,59f62d35b1ad451397b700b3dad25448,0.9277085065841675
e0a1bb27279d4bb8ac27a733753d7c54,f91157bb8fca4a8e98db33591a76be9a,0.9125548005104065
e0a1bb27279d4bb8ac27a733753d7c54,2d43cf91509846e29ab4febd7781919f,0.9109544157981873
e0a1bb27279d4bb8ac27a733753d7c54,00614d60b3544ba790dfd23dd53992e0,0.9103070497512817
e0a1bb27279d4bb8ac27a733753d7c54,b585a2970e9f421da236241f603883f2,0.9073654413223267
e0a1bb27279d4bb8ac27a733753d7c54,1d93c07de74c482ebf0a76ec564c3252,0.9073306322097778
e0a1bb27279d4bb8ac27a733753d7c54,8fdee0611965465eb45387b8c39f4136,0.9041770100593567
e0a1bb27279d4bb8ac27a733753d7c54,8350ea8cd6514c2c8d7b625abe7e895b,0.9037637710571289
e0a1bb27279d4bb8ac27a733753d7c54,0b57f893483647c3aed811775a4c4c04,0.9008433818817139
8d21526a81804f01b67fc9c7431368d4,9500823cb050427696343b1ea5cf8881,0.9760576486587524
8d21526a81804f01b67fc9c7431368d4,59f62d35b1ad451397b700b3dad25448,0.9253147840499878
8d21526a81804f01b67fc9c7431368d4,f91157bb8fca4a8e98db33591a76be9a,0.9172099828720093
8d21526a81804f01b67fc9c7431368d4,00614d60b3544ba790dfd23dd53992e0,0.9139540195465088
8d21526a81804f01b67fc9c7431368d4,1d93c07de74c482ebf0a76ec564c3252,0.9107508063316345
8d21526a81804f01b67fc9c7431368d4,b585a2970e9f421da236241f603883f2,0.9036300182342529
8d21526a81804f01b67fc9c7431368d4,434551fdf9e443ed91679a9557ae6fd5,0.9036285877227783
8d21526a81804f01b67fc9c7431368d4,8350ea8cd6514c2c8d7b625abe7e895b,0.9020984172821045
8d21526a81804f01b67fc9c7431368d4,2d43cf91509846e29ab4febd7781919f,0.9008190035820007
8d21526a81804f01b67fc9c7431368d4,6866efc8987a4ec8b04b7abd28fb5777,0.9006273746490479
e099db4616e745afa30336180e470463,039a871609044cb1b69f70c082fe61d8,0.9922869205474854
e099db4616e745afa30336180e470463,521004289ebc4e6da6623381d40a5e73,0.9184780716896057
e099db4616e745afa30336180e470463,f69855cdf66d4f6887ecfd0ddb9014b5,0.9135938882827759
e099db4616e745afa30336180e470463,295d0d40791245ff838c73a2aa27d065,0.9089486598968506
e099db4616e745afa30336180e470463,8fdee0611965465eb45387b8c39f4136,0.9051656723022461
e099db4616e745afa30336180e470463,5455e62f52ae4e03b2a5d0e8b9899506,0.9050607681274414
e099db4616e745afa30336180e470463,5f65785004054c67a618fe43b6a30f56,0.9009774923324585
e099db4616e745afa30336180e470463,cb75c6ef71cb4991805920f2894e0e96,0.8990291357040405
e099db4616e745afa30336180e470463,19593c97fef0474dbe6051e28338f1e9,0.8984978199005127
e099db4616e745afa30336180e470463,41e657daa20545a588584578bdb4101c,0.8960705995559692
4d9da4498edb406687e88c877d40d0b5,af648fa7ac6c4c50a246de470329cd83,0.9784364700317383
4d9da4498edb406687e88c877d40d0b5,1d93c07de74c482ebf0a76ec564c3252,0.8856246471405029
4d9da4498edb406687e88c877d40d0b5,ca5add3cbf044a95a5bec88a5841ce98,0.8789246082305908
4d9da4498edb406687e88c877d40d0b5,8af25c7ae8e14435a6e27a5671968f50,0.8698373436927795
4d9da4498edb406687e88c877d40d0b5,be8953cc364d46cebbcc2c2da2c348ab,0.8684998154640198
4d9da4498edb406687e88c877d40d0b5,7f0b453cc8c14156802497f5cbae9d62,0.8672217726707458
4d9da4498edb406687e88c877d40d0b5,403835bbf2f1447188bcc78e062b0028,0.867027223110199
4d9da4498edb406687e88c877d40d0b5,d695b7afdc3841a28a56df578e56afce,0.8654727935791016
4d9da4498edb406687e88c877d40d0b5,b8da01ceddcb45a491a288ddbc658e90,0.8645197749137878
4d9da4498edb406687e88c877d40d0b5,408ae6a767874fc782467ec2f054ad15,0.8643388152122498
1878f6ecc3cd4ae098c87cb8f6d6f75f,af648fa7ac6c4c50a246de470329cd83,0.9789201021194458
1878f6ecc3cd4ae098c87cb8f6d6f75f,1d93c07de74c482ebf0a76ec564c3252,0.8874878287315369
1878f6ecc3cd4ae098c87cb8f6d6f75f,ca5add3cbf044a95a5bec88a5841ce98,0.8793753385543823
1878f6ecc3cd4ae098c87cb8f6d6f75f,8af25c7ae8e14435a6e27a5671968f50,0.8773842453956604
1878f6ecc3cd4ae098c87cb8f6d6f75f,7070715ef90743da8691dd4ad134eb0c,0.8700894117355347
1878f6ecc3cd4ae098c87cb8f6d6f75f,8c5f38853679436ba434b6a696e43168,0.8700578212738037
1878f6ecc3cd4ae098c87cb8f6d6f75f,13aca0959cc948cabeee0d7255f55a65,0.8693231344223022
1878f6ecc3cd4ae098c87cb8f6d6f75f,be8953cc364d46cebbcc2c2da2c348ab,0.8669440746307373
1878f6ecc3cd4ae098c87cb8f6d6f75f,d9096650c434432c871effeca9acd5c6,0.8666561841964722
1878f6ecc3cd4ae098c87cb8f6d6f75f,b8da01ceddcb45a491a288ddbc658e90,0.866653323173523
122f81ffea0d4ee8a8e0e80dabd6753a,afac6ae28fac41dabae96696990c5555,0.976003885269165
122f81ffea0d4ee8a8e0e80dabd6753a,4285b02dc9164cb9bae36b0566bb42f0,0.8786537051200867
122f81ffea0d4ee8a8e0e80dabd6753a,b834c0b0c10b471b87ad3f11468de619,0.8732632398605347
122f81ffea0d4ee8a8e0e80dabd6753a,bb6ecabbce1b43d997d00d7acdc95193,0.8722180128097534
122f81ffea0d4ee8a8e0e80dabd6753a,fe363cef357840fcb35f320fe7c27e4e,0.8705353736877441
122f81ffea0d4ee8a8e0e80dabd6753a,8c7c9eaae41a44a3a4ebe39ce167d300,0.8695919513702393
122f81ffea0d4ee8a8e0e80dabd6753a,4230775a9d51448396cacb9061f0e5f9,0.868572473526001
122f81ffea0d4ee8a8e0e80dabd6753a,3ec67e948e15423fac23fdd38a7d4cca,0.8674207925796509
122f81ffea0d4ee8a8e0e80dabd6753a,98fbdf945d0c4206a48a4f7260e56017,0.8640002608299255
122f81ffea0d4ee8a8e0e80dabd6753a,a8904adcdd21495f890bc614bfdbf86f,0.8609086871147156
341c198c08bf4223af06fe1151b3d336,afac6ae28fac41dabae96696990c5555,0.973683774471283
341c198c08bf4223af06fe1151b3d336,4285b02dc9164cb9bae36b0566bb42f0,0.899223804473877
341c198c08bf4223af06fe1151b3d336,4230775a9d51448396cacb9061f0e5f9,0.8938611745834351
341c198c08bf4223af06fe1151b3d336,fe363cef357840fcb35f320fe7c27e4e,0.892987072467804
341c198c08bf4223af06fe1151b3d336,8c7c9eaae41a44a3a4ebe39ce167d300,0.879045844078064
341c198c08bf4223af06fe1151b3d336,c1def54262224e23acf67a9870725ce5,0.8776460886001587
341c198c08bf4223af06fe1151b3d336,e59dba65749140f4a1bdaf2695de2fc6,0.8776061534881592
341c198c08bf4223af06fe1151b3d336,b834c0b0c10b471b87ad3f11468de619,0.8759332895278931
341c198c08bf4223af06fe1151b3d336,75bf181ea5dc490e95d364a5f5c7af1d,0.8749318718910217
341c198c08bf4223af06fe1151b3d336,bb6ecabbce1b43d997d00d7acdc95193,0.8728525638580322
6936423214e640f58de191bcbb19cfc0,2ece45504eff42469c104dc2a2d03caf,0.907996654510498
6936423214e640f58de191bcbb19cfc0,105ad424733e4cffa7c474b51e3980aa,0.898049533367157
6936423214e640f58de191bcbb19cfc0,0a61f52258f643b6a6436a1ec234e197,0.8892554640769958
6936423214e640f58de191bcbb19cfc0,dee9eddb2eac41bfaf36d3279d43674a,0.8833073377609253
6936423214e640f58de191bcbb19cfc0,69ac8397e9624bfd8aee237b9f9ea3b5,0.8832977414131165
6936423214e640f58de191bcbb19cfc0,5e2f1a45f7174f1aa39a194179985876,0.8831139802932739
6936423214e640f58de191bcbb19cfc0,6c874292dbcc49ff8bb8bbe5643593a5,0.8721209764480591
6936423214e640f58de191bcbb19cfc0,b3f8b4bec0164d0e81997b4f5a277e8f,0.8704586625099182
6936423214e640f58de191bcbb19cfc0,17b5eb6fab65476f827dd355b4a20a55,0.8695814609527588
6936423214e640f58de191bcbb19cfc0,7627d5e28ba74cbeaf9225e88a7a44cc,0.8676577806472778
c0ca5bae25e84345bcf7f81daaa9a287,dee9eddb2eac41bfaf36d3279d43674a,0.9061696529388428
c0ca5bae25e84345bcf7f81daaa9a287,2ece45504eff42469c104dc2a2d03caf,0.9058933258056641
c0ca5bae25e84345bcf7f81daaa9a287,105ad424733e4cffa7c474b51e3980aa,0.9015175104141235
c0ca5bae25e84345bcf7f81daaa9a287,17b5eb6fab65476f827dd355b4a20a55,0.8982025384902954
c0ca5bae25e84345bcf7f81daaa9a287,97959d02a64f4a3fbbebe7cbece6c012,0.8975976705551147
c0ca5bae25e84345bcf7f81daaa9a287,bcfa4a4177d44d8b8cda17b7a23196b0,0.8898661732673645
c0ca5bae25e84345bcf7f81daaa9a287,7627d5e28ba74cbeaf9225e88a7a44cc,0.8877493739128113
c0ca5bae25e84345bcf7f81daaa9a287,69ac8397e9624bfd8aee237b9f9ea3b5,0.8855863809585571
c0ca5bae25e84345bcf7f81daaa9a287,097f2ce3b88c4d008488b9908076497e,0.8850337266921997
c0ca5bae25e84345bcf7f81daaa9a287,db0c3a952e454b90aa4a68feb6a50e87,0.8836215734481812
ca2cd162b500466a989318642fa8e5e8,6f8d80f8673144dfa7a4e09190442ab3,0.9657526612281799
ca2cd162b500466a989318642fa8e5e8,4285b02dc9164cb9bae36b0566bb42f0,0.8867038488388062
ca2cd162b500466a989318642fa8e5e8,5e44915237fc4445b54b037e1c4e29a4,0.8822364211082458
ca2cd162b500466a989318642fa8e5e8,664da77d25e74df693eaad44a5e7617f,0.8780641555786133
ca2cd162b500466a989318642fa8e5e8,9a500a20b1ff4694acc31339a8d1349e,0.8779944181442261
ca2cd162b500466a989318642fa8e5e8,3fce01bbc56d49d39f61cba3d17648f2,0.8749496340751648
ca2cd162b500466a989318642fa8e5e8,dbf0926f9f344f1d88b114660db4d2eb,0.8684236407279968
ca2cd162b500466a989318642fa8e5e8,7226603f024c45c6a6e44b00e52e8aad,0.8666943311691284
ca2cd162b500466a989318642fa8e5e8,e5a3c8867e44498d9182e8be934e0fce,0.8657354116439819
ca2cd162b500466a989318642fa8e5e8,69ac8397e9624bfd8aee237b9f9ea3b5,0.8651638627052307
5eea07beb98f41d89ef2eb45e27d65dc,6f8d80f8673144dfa7a4e09190442ab3,0.9455094933509827
5eea07beb98f41d89ef2eb45e27d65dc,7326afe68eb64b63993b3dae022c645d,0.877001166343689
5eea07beb98f41d89ef2eb45e27d65dc,e511c40ca6324803b5021e47b4e777f8,0.8657053709030151
5eea07beb98f41d89ef2eb45e27d65dc,f69bf682935e47e1b4c72d237becd13a,0.8600651621818542
5eea07beb98f41d89ef2eb45e27d65dc,fbfaa119f55a477984e42d80498f54d3,0.8598945140838623
5eea07beb98f41d89ef2eb45e27d65dc,e5a3c8867e44498d9182e8be934e0fce,0.8597698211669922
5eea07beb98f41d89ef2eb45e27d65dc,664da77d25e74df693eaad44a5e7617f,0.859512984752655
5eea07beb98f41d89ef2eb45e27d65dc,0a2c24dead204be9ae36be358e1223f9,0.855339527130127
5eea07beb98f41d89ef2eb45e27d65dc,5e44915237fc4445b54b037e1c4e29a4,0.8538732528686523
5eea07beb98f41d89ef2eb45e27d65dc,c24e3823376b436c8eb46eaeebbc7718,0.8531808257102966
75f3f9e03bd5407ba9a8ed4058d70b42,9c69642fab6749848e7ea7f5406a6da4,0.9305285215377808
75f3f9e03bd5407ba9a8ed4058d70b42,48240083d13148bd84ddee8c7f9fcd22,0.888947606086731
75f3f9e03bd5407ba9a8ed4058d70b42,43ee0103cba54b4e9d165717735ca0f6,0.8843284845352173
75f3f9e03bd5407ba9a8ed4058d70b42,99dbf0cd0c6343ffbcf97f04efc4143c,0.8831976056098938
75f3f9e03bd5407ba9a8ed4058d70b42,590df34aa41f46e9ad13ffc6a98da3b7,0.8815122246742249
75f3f9e03bd5407ba9a8ed4058d70b42,230b9ef63ea240e9b61a18f41473f942,0.8800953030586243
75f3f9e03bd5407ba9a8ed4058d70b42,c1d504dfeded4b8bb3c07777b7c7abde,0.8781654238700867
75f3f9e03bd5407ba9a8ed4058d70b42,f6061b71031b4ddb9384f86c103690a4,0.8778682947158813
75f3f9e03bd5407ba9a8ed4058d70b42,31cf7db26a3249c5a6205b005662ddcf,0.8765897154808044
75f3f9e03bd5407ba9a8ed4058d70b42,0971af4212484a958eb0f60f93d1dfe0,0.8762036561965942
134c16196b09479bb303d2505e8029e3,9c69642fab6749848e7ea7f5406a6da4,0.9641091227531433
134c16196b09479bb303d2505e8029e3,99dbf0cd0c6343ffbcf97f04efc4143c,0.9108399748802185
134c16196b09479bb303d2505e8029e3,f6061b71031b4ddb9384f86c103690a4,0.9011325836181641
134c16196b09479bb303d2505e8029e3,48240083d13148bd84ddee8c7f9fcd22,0.8944529294967651
134c16196b09479bb303d2505e8029e3,1f3cf50fe1f947d8a56e02ebca441c4c,0.8889385461807251
134c16196b09479bb303d2505e8029e3,aedd476072b345e9be46ebd7260e93a6,0.8880826234817505
134c16196b09479bb303d2505e8029e3,23199e1859544647893a97ea365c5c83,0.8847202062606812
134c16196b09479bb303d2505e8029e3,6ea31a945d494834a3d243f1f90af02a,0.8810856342315674
134c16196b09479bb303d2505e8029e3,8dfbb6a204a0441492c35baca6190969,0.8798131942749023
134c16196b09479bb303d2505e8029e3,aa082284f9894b5aa210c179d59999b1,0.8764556646347046
62f621f26198469bbe4acc3c211ac044,ffc5805e29a74be0a55b40318aa321d7,0.9357762336730957
62f621f26198469bbe4acc3c211ac044,52ee59901f3b4de884d7a6720538aed6,0.9280185699462891
62f621f26198469bbe4acc3c211ac044,23a16d69ffe848d593a4808907d8aa98,0.9214185476303101
62f621f26198469bbe4acc3c211ac044,34b736136487439389c10cc6bd4e9f4e,0.9207548499107361
62f621f26198469bbe4acc3c211ac044,77cecb221149474896d9b2eb848bf150,0.915873646736145
62f621f26198469bbe4acc3c211ac044,434551fdf9e443ed91679a9557ae6fd5,0.9115634560585022
62f621f26198469bbe4acc3c211ac044,c84deec0ecf843c39f52d4cb8e7300f8,0.9090917706489563
62f621f26198469bbe4acc3c211ac044,2c3599a1611644f4908562f8fb8870d3,0.9080937504768372
62f621f26198469bbe4acc3c211ac044,e7aaa514f6f64a258a640ea341aa1a18,0.9074058532714844
62f621f26198469bbe4acc3c211ac044,9bf3b77eb9874f5f9e006a9cff111ea9,0.9069357514381409
e9102a403ab3412e96b169e8b54422da,2b3ecf8be2b242f3b8a1e714390749fb,0.9023065567016602
e9102a403ab3412e96b169e8b54422da,9094e936e13641cc9bfcc7dc1408d86e,0.9005526304244995
e9102a403ab3412e96b169e8b54422da,19593c97fef0474dbe6051e28338f1e9,0.8998517990112305
e9102a403ab3412e96b169e8b54422da,5cfb876eeb4f410aa1282cc279f0e546,0.8974499702453613
e9102a403ab3412e96b169e8b54422da,6400e3f6a14c492ba399bd414faca075,0.8945728540420532
e9102a403ab3412e96b169e8b54422da,b90d74e80c37486eaee89b6fbab13671,0.8928890228271484
e9102a403ab3412e96b169e8b54422da,cf293392122347a180cf2126f4589acb,0.8927585482597351
e9102a403ab3412e96b169e8b54422da,e4e12f4711fd41e39075e26cc274df45,0.891650378704071
e9102a403ab3412e96b169e8b54422da,f6207eb593394ff78e2cb35057477422,0.8867415189743042
e9102a403ab3412e96b169e8b54422da,35c5a560ecdc4d6a9d20f057ed1fa0e6,0.884114146232605
dc99976a66254d64893ce4ea5c1381f9,b8995466f0eb4e7ba141e23216e8b974,0.9836020469665527
dc99976a66254d64893ce4ea5c1381f9,0092d1d820c64646b8bee9fd14f77acf,0.9234965443611145
dc99976a66254d64893ce4ea5c1381f9,2ea3b46262e649f79900258cd90cce31,0.9043334126472473
dc99976a66254d64893ce4ea5c1381f9,1232f20e710b448e8c0538b9e84dab1c,0.897549033164978
dc99976a66254d64893ce4ea5c1381f9,d476be2399b7424a88d242b771c32041,0.89708411693573
dc99976a66254d64893ce4ea5c1381f9,9bf3b77eb9874f5f9e006a9cff111ea9,0.8959029912948608
dc99976a66254d64893ce4ea5c1381f9,3c0f3b44c0844df49b5898406fe9195a,0.894241988658905
dc99976a66254d64893ce4ea5c1381f9,c84deec0ecf843c39f52d4cb8e7300f8,0.8919655084609985
dc99976a66254d64893ce4ea5c1381f9,ac5a760b45c146ec840193371cfb2d30,0.8918818235397339
dc99976a66254d64893ce4ea5c1381f9,07958f43551e459eb30638b632e3cd64,0.8917297124862671
a837b40016284aef83d53d8096b2f4c1,c750a2994555414790abb3281572bb42,0.9823646545410156
a837b40016284aef83d53d8096b2f4c1,e429a2e164a24919a12edcc8d4ea8f09,0.9124672412872314
a837b40016284aef83d53d8096b2f4c1,1027a336232c4454a9c4ae450a562788,0.9003530740737915
a837b40016284aef83d53d8096b2f4c1,6866efc8987a4ec8b04b7abd28fb5777,0.899563193321228
a837b40016284aef83d53d8096b2f4c1,d658e3a743af41899183fecff6b2628d,0.8986071348190308
a837b40016284aef83d53d8096b2f4c1,4a3d4daed4b24a1898551f0fd1ba44f1,0.8958126306533813
a837b40016284aef83d53d8096b2f4c1,c713a0ca69864ee7b240069c98dc44dc,0.895566463470459
a837b40016284aef83d53d8096b2f4c1,27a67d3e76814297aebf64e03d14c336,0.8952836990356445
a837b40016284aef83d53d8096b2f4c1,c84deec0ecf843c39f52d4cb8e7300f8,0.8946548700332642
a837b40016284aef83d53d8096b2f4c1,66690895454847fea5a000202fbfab2e,0.892327070236206
066e11859105406c8b337a9c79f27900,c750a2994555414790abb3281572bb42,0.9850654006004333
066e11859105406c8b337a9c79f27900,4a3d4daed4b24a1898551f0fd1ba44f1,0.9128944873809814
066e11859105406c8b337a9c79f27900,1027a336232c4454a9c4ae450a562788,0.9106629490852356
066e11859105406c8b337a9c79f27900,66690895454847fea5a000202fbfab2e,0.9084302186965942
066e11859105406c8b337a9c79f27900,444fa28d9ed54c82a522699041eae592,0.9048528671264648
066e11859105406c8b337a9c79f27900,6866efc8987a4ec8b04b7abd28fb5777,0.9032201766967773
066e11859105406c8b337a9c79f27900,ad054da7e1704a53931a341173f0605f,0.902725100517273
066e11859105406c8b337a9c79f27900,26869cc099c44c4a86f6043476ab4890,0.9017601013183594
066e11859105406c8b337a9c79f27900,27a67d3e76814297aebf64e03d14c336,0.90146803855896
066e11859105406c8b337a9c79f27900,b585a2970e9f421da236241f603883f2,0.8998796939849854
eacbaee168e04572a043403932038ea4,d361a9e414fb41c1a605200d9cbba496,0.9531257748603821
eacbaee168e04572a043403932038ea4,211ef3181e524685866fb8574d9bf456,0.9023810625076294
eacbaee168e04572a043403932038ea4,97959d02a64f4a3fbbebe7cbece6c012,0.9015541076660156
eacbaee168e04572a043403932038ea4,590df34aa41f46e9ad13ffc6a98da3b7,0.8961611390113831
eacbaee168e04572a043403932038ea4,1232f20e710b448e8c0538b9e84dab1c,0.8917039036750793
eacbaee168e04572a043403932038ea4,bcfa4a4177d44d8b8cda17b7a23196b0,0.8914306163787842
eacbaee168e04572a043403932038ea4,8a464aa9e2ee45d0abc7ae6181cd1bda,0.8906084299087524
eacbaee168e04572a043403932038ea4,90b560de76b149c09c7cd6efb3f12cfd,0.8901631832122803
eacbaee168e04572a043403932038ea4,e86a0aae846a4e44bf967ab4972c977c,0.889599084854126
eacbaee168e04572a043403932038ea4,43ee0103cba54b4e9d165717735ca0f6,0.8871818780899048
87525176aae14b4594b3cc3538652572,19593c97fef0474dbe6051e28338f1e9,0.9057267904281616
87525176aae14b4594b3cc3538652572,d9096650c434432c871effeca9acd5c6,0.9030824899673462
87525176aae14b4594b3cc3538652572,211ef3181e524685866fb8574d9bf456,0.902837336063385
87525176aae14b4594b3cc3538652572,02a3cd76ce534d188b4d5ac4778bd652,0.8994921445846558
87525176aae14b4594b3cc3538652572,cc243eebbb2b44a581745865a60c423a,0.8990801572799683
87525176aae14b4594b3cc3538652572,f0084465b2e646c9a53d9dc766067d9b,0.8985309600830078
87525176aae14b4594b3cc3538652572,1b827db6f6cf4ecb850928c2f9e41de2,0.8973578810691833
87525176aae14b4594b3cc3538652572,b277101390e1465685ef79bf3519f8d7,0.8973569869995117
87525176aae14b4594b3cc3538652572,e0d8aee46b1d4d998858cd05027251b6,0.8971884250640869
87525176aae14b4594b3cc3538652572,daed5458403e49e3aea72f4bcc6dd224,0.8969153761863708
6f4c5ace8efc459ea9630b048d4f0f65,da14e9dc2c3d4963b725de8102de5028,0.9823641180992126
6f4c5ace8efc459ea9630b048d4f0f65,5fc200cab89346658c9c91cce27e85fe,0.9303865432739258
6f4c5ace8efc459ea9630b048d4f0f65,e4e12f4711fd41e39075e26cc274df45,0.9212424159049988
6f4c5ace8efc459ea9630b048d4f0f65,0b57f893483647c3aed811775a4c4c04,0.9185336828231812
6f4c5ace8efc459ea9630b048d4f0f65,01ffceddb5b34406a08bb982b424b3cf,0.9175009727478027
6f4c5ace8efc459ea9630b048d4f0f65,ba8d0208e32e42969bd4349cf24f6ed1,0.917229413986206
6f4c5ace8efc459ea9630b048d4f0f65,a055f8188384479a8bad418f7dffd9a5,0.9159026145935059
6f4c5ace8efc459ea9630b048d4f0f65,0ecfdd96e0054841883acba75e83b232,0.9118270874023438
6f4c5ace8efc459ea9630b048d4f0f65,35c5a560ecdc4d6a9d20f057ed1fa0e6,0.9099437594413757
6f4c5ace8efc459ea9630b048d4f0f65,5455e62f52ae4e03b2a5d0e8b9899506,0.9098935127258301
492fe644141442369b9490599c32871c,5e44915237fc4445b54b037e1c4e29a4,0.9011311531066895
492fe644141442369b9490599c32871c,6b7b5d28293d4a5a8075f7f7dd231ddb,0.8892564177513123
492fe644141442369b9490599c32871c,69ac8397e9624bfd8aee237b9f9ea3b5,0.8823721408843994
492fe644141442369b9490599c32871c,092cb872c8724c7681c50da9c6cfa252,0.8777569532394409
492fe644141442369b9490599c32871c,636c21e19a5845e1b8d69a5fca928030,0.8747538328170776
492fe644141442369b9490599c32871c,105ad424733e4cffa7c474b51e3980aa,0.8721365332603455
492fe644141442369b9490599c32871c,4d0a737f396d4a95808085bd1306746c,0.8713537454605103
492fe644141442369b9490599c32871c,7584980704ae4617bb27ca162cc9c5db,0.8695869445800781
492fe644141442369b9490599c32871c,643fbbdd6b764ba9904a4ee67a86b9fd,0.868770956993103
492fe644141442369b9490599c32871c,07958f43551e459eb30638b632e3cd64,0.867763876914978
c5430389b16b4cef9f052e00355bb0bd,da14e9dc2c3d4963b725de8102de5028,0.9810436367988586
c5430389b16b4cef9f052e00355bb0bd,5fc200cab89346658c9c91cce27e85fe,0.926913857460022
c5430389b16b4cef9f052e00355bb0bd,e4e12f4711fd41e39075e26cc274df45,0.9225262403488159
c5430389b16b4cef9f052e00355bb0bd,ba8d0208e32e42969bd4349cf24f6ed1,0.921204686164856
c5430389b16b4cef9f052e00355bb0bd,a055f8188384479a8bad418f7dffd9a5,0.9171165227890015
c5430389b16b4cef9f052e00355bb0bd,0ecfdd96e0054841883acba75e83b232,0.9160690307617188
c5430389b16b4cef9f052e00355bb0bd,eeca68825e2a4bbdaa5ae962998fc33b,0.9125653505325317
c5430389b16b4cef9f052e00355bb0bd,0b57f893483647c3aed811775a4c4c04,0.9122768640518188
c5430389b16b4cef9f052e00355bb0bd,01ffceddb5b34406a08bb982b424b3cf,0.9111087322235107
c5430389b16b4cef9f052e00355bb0bd,5455e62f52ae4e03b2a5d0e8b9899506,0.9108631014823914
fe4ef0b1b959405da9233fffe5a1a8ba,7d6cdff8c9ac434196df803628fe9f62,0.8694777488708496
fe4ef0b1b959405da9233fffe5a1a8ba,64d9091426f9461c97c98a5428856bcf,0.8661339282989502
fe4ef0b1b959405da9233fffe5a1a8ba,8683a3ad55d84a78834fabe20cde5269,0.8654180765151978
fe4ef0b1b959405da9233fffe5a1a8ba,baad022010b44fad8d8410869d909fd1,0.8648558259010315
fe4ef0b1b959405da9233fffe5a1a8ba,6b7b5d28293d4a5a8075f7f7dd231ddb,0.8619735240936279
fe4ef0b1b959405da9233fffe5a1a8ba,8d595c7da42545c88052e7b213b6c97c,0.861733078956604
fe4ef0b1b959405da9233fffe5a1a8ba,f9fe93fae6084350b81964d354e2130f,0.8613622188568115
fe4ef0b1b959405da9233fffe5a1a8ba,5e44915237fc4445b54b037e1c4e29a4,0.8607488870620728
fe4ef0b1b959405da9233fffe5a1a8ba,7627d5e28ba74cbeaf9225e88a7a44cc,0.8580125570297241
fe4ef0b1b959405da9233fffe5a1a8ba,c1def54262224e23acf67a9870725ce5,0.8555881381034851
8b45a559d8f643aabfc6ce1311e615f6,c588868fc3fd4e87a7cddf1ceb00b022,0.9745109677314758
8b45a559d8f643aabfc6ce1311e615f6,c1d504dfeded4b8bb3c07777b7c7abde,0.908581018447876
8b45a559d8f643aabfc6ce1311e615f6,31cf7db26a3249c5a6205b005662ddcf,0.9073151350021362
8b45a559d8f643aabfc6ce1311e615f6,babbeca1f6a244a2a11ea77a3855e70f,0.9064140319824219
8b45a559d8f643aabfc6ce1311e615f6,9460474d89704a68aaa6ccb62310ae3d,0.9010205864906311
8b45a559d8f643aabfc6ce1311e615f6,43ee0103cba54b4e9d165717735ca0f6,0.8987021446228027
8b45a559d8f643aabfc6ce1311e615f6,e96fae6d607246b18b8494aabe521036,0.894202470779419
8b45a559d8f643aabfc6ce1311e615f6,66f4c650b7ca48f1bc27f9daff8d312a,0.8896803855895996
8b45a559d8f643aabfc6ce1311e615f6,e8c8742459dc48a49080bf0e5b3fdee0,0.8890573978424072
8b45a559d8f643aabfc6ce1311e615f6,6b4676aba2a746b3ab778315afc8ee82,0.8880355358123779
923cdbcba1f440f0b8e680f9bbe84bc0,2c3599a1611644f4908562f8fb8870d3,0.9908748865127563
923cdbcba1f440f0b8e680f9bbe84bc0,ffc5805e29a74be0a55b40318aa321d7,0.9154843688011169
923cdbcba1f440f0b8e680f9bbe84bc0,52ee59901f3b4de884d7a6720538aed6,0.9030526876449585
923cdbcba1f440f0b8e680f9bbe84bc0,250d411ae270441085be3501b7b55d86,0.901925802230835
923cdbcba1f440f0b8e680f9bbe84bc0,23a16d69ffe848d593a4808907d8aa98,0.9016151428222656
923cdbcba1f440f0b8e680f9bbe84bc0,34b736136487439389c10cc6bd4e9f4e,0.9003347158432007
923cdbcba1f440f0b8e680f9bbe84bc0,9bf3b77eb9874f5f9e006a9cff111ea9,0.8976972699165344
923cdbcba1f440f0b8e680f9bbe84bc0,434551fdf9e443ed91679a9557ae6fd5,0.8966733813285828
923cdbcba1f440f0b8e680f9bbe84bc0,0092d1d820c64646b8bee9fd14f77acf,0.8939833641052246
923cdbcba1f440f0b8e680f9bbe84bc0,99830b8da7c24f909914f7bb167f3ea6,0.89350426197052
ce803c95614a408cbf9b99166b3a9db0,2c3599a1611644f4908562f8fb8870d3,0.9641425609588623
ce803c95614a408cbf9b99166b3a9db0,ffc5805e29a74be0a55b40318aa321d7,0.9089036583900452
ce803c95614a408cbf9b99166b3a9db0,9bf3b77eb9874f5f9e006a9cff111ea9,0.9053237438201904
ce803c95614a408cbf9b99166b3a9db0,1393dac7d34b4c34b1a8091a5bea3663,0.9047991633415222
ce803c95614a408cbf9b99166b3a9db0,52ee59901f3b4de884d7a6720538aed6,0.901668906211853
ce803c95614a408cbf9b99166b3a9db0,23a16d69ffe848d593a4808907d8aa98,0.8999488353729248
ce803c95614a408cbf9b99166b3a9db0,a9d82bb43410405ca21b44a5e82e22b6,0.8995401859283447
ce803c95614a408cbf9b99166b3a9db0,99830b8da7c24f909914f7bb167f3ea6,0.8988161683082581
ce803c95614a408cbf9b99166b3a9db0,34b736136487439389c10cc6bd4e9f4e,0.8980072736740112
ce803c95614a408cbf9b99166b3a9db0,0092d1d820c64646b8bee9fd14f77acf,0.8959465026855469
4a9f5a00cf914c0cb76a4ee585a73675,c588868fc3fd4e87a7cddf1ceb00b022,0.9793715476989746
4a9f5a00cf914c0cb76a4ee585a73675,9460474d89704a68aaa6ccb62310ae3d,0.9099717736244202
4a9f5a00cf914c0cb76a4ee585a73675,babbeca1f6a244a2a11ea77a3855e70f,0.9091225862503052
4a9f5a00cf914c0cb76a4ee585a73675,c1d504dfeded4b8bb3c07777b7c7abde,0.905968189239502
4a9f5a00cf914c0cb76a4ee585a73675,31cf7db26a3249c5a6205b005662ddcf,0.9045565128326416
4a9f5a00cf914c0cb76a4ee585a73675,b52468fc0af2435f9ba91939f72bbf6a,0.8974196910858154
4a9f5a00cf914c0cb76a4ee585a73675,43ee0103cba54b4e9d165717735ca0f6,0.8973487615585327
4a9f5a00cf914c0cb76a4ee585a73675,e96fae6d607246b18b8494aabe521036,0.8889033198356628
4a9f5a00cf914c0cb76a4ee585a73675,6b4676aba2a746b3ab778315afc8ee82,0.8876049518585205
4a9f5a00cf914c0cb76a4ee585a73675,eb21a4e2b7bd43efbdf0c365415e7fef,0.883399248123169
61251687d2444fe8b74dce9025233ead,9094e936e13641cc9bfcc7dc1408d86e,0.9198070764541626
61251687d2444fe8b74dce9025233ead,79721c9bb6a54ecdb3d0a0f4011762c1,0.9089001417160034
61251687d2444fe8b74dce9025233ead,0c9c05f86aa042abbdd66d2b2d05d374,0.9082721471786499
61251687d2444fe8b74dce9025233ead,2b3ecf8be2b242f3b8a1e714390749fb,0.9055694937705994
61251687d2444fe8b74dce9025233ead,1393dac7d34b4c34b1a8091a5bea3663,0.9015133380889893
61251687d2444fe8b74dce9025233ead,f69855cdf66d4f6887ecfd0ddb9014b5,0.9008814096450806
61251687d2444fe8b74dce9025233ead,f6207eb593394ff78e2cb35057477422,0.9003810286521912
61251687d2444fe8b74dce9025233ead,d9b97376c5e44d8786f861a5788af644,0.8984829783439636
61251687d2444fe8b74dce9025233ead,e79ae27b52fa4d54aa37735fd275c66e,0.8979518413543701
61251687d2444fe8b74dce9025233ead,e834bfbd30b247e899f0dc029ab9f072,0.8964880704879761
42f90bf7d5ef47d8b2f88399cb0f3a2e,0c9c05f86aa042abbdd66d2b2d05d374,0.913810133934021
42f90bf7d5ef47d8b2f88399cb0f3a2e,9094e936e13641cc9bfcc7dc1408d86e,0.9071969985961914
42f90bf7d5ef47d8b2f88399cb0f3a2e,2b3ecf8be2b242f3b8a1e714390749fb,0.9068667888641357
42f90bf7d5ef47d8b2f88399cb0f3a2e,f69855cdf66d4f6887ecfd0ddb9014b5,0.9047960042953491
42f90bf7d5ef47d8b2f88399cb0f3a2e,1099cb6f4fac4eb8a1fb6db50e18296b,0.9023638963699341
42f90bf7d5ef47d8b2f88399cb0f3a2e,2839430464164d5ba00713b42d4d96e4,0.902015209197998
42f90bf7d5ef47d8b2f88399cb0f3a2e,0ecfdd96e0054841883acba75e83b232,0.8983397483825684
42f90bf7d5ef47d8b2f88399cb0f3a2e,19593c97fef0474dbe6051e28338f1e9,0.8978711366653442
42f90bf7d5ef47d8b2f88399cb0f3a2e,1393dac7d34b4c34b1a8091a5bea3663,0.8976808190345764
42f90bf7d5ef47d8b2f88399cb0f3a2e,f6207eb593394ff78e2cb35057477422,0.8956881761550903
b3c99c83d4e34424adca9ea35f3016b4,a64f6232ee1e4357937008a327a63cf4,0.9620397090911865
b3c99c83d4e34424adca9ea35f3016b4,99ba4cc9355f4d79a68bc69ac12a716f,0.9057741761207581
b3c99c83d4e34424adca9ea35f3016b4,342aaa81ed004635bbf9cbc2592cd7b6,0.8987191915512085
b3c99c83d4e34424adca9ea35f3016b4,eff24b01b2f5428baa4c3fef6cb40d41,0.8957760334014893
b3c99c83d4e34424adca9ea35f3016b4,36ac84a73ad34261ad45cf569edb60af,0.8944730162620544
b3c99c83d4e34424adca9ea35f3016b4,fadf133e0e684a24ac79b5fa9515bac2,0.8867496252059937
b3c99c83d4e34424adca9ea35f3016b4,0c9c05f86aa042abbdd66d2b2d05d374,0.8831562995910645
b3c99c83d4e34424adca9ea35f3016b4,da61d9bc8f024a4aba18d5c3072b7838,0.8818080425262451
b3c99c83d4e34424adca9ea35f3016b4,c74557a980e2428a9ffcc245278df692,0.8798041343688965
b3c99c83d4e34424adca9ea35f3016b4,66690895454847fea5a000202fbfab2e,0.877928614616394
cc2355a9c26249c0b3722824339d73f5,a64f6232ee1e4357937008a327a63cf4,0.9681136012077332
cc2355a9c26249c0b3722824339d73f5,36ac84a73ad34261ad45cf569edb60af,0.9075156450271606
cc2355a9c26249c0b3722824339d73f5,0bd1cce9370a461089e25393086800a8,0.8881163597106934
cc2355a9c26249c0b3722824339d73f5,9bf3b77eb9874f5f9e006a9cff111ea9,0.8873012065887451
cc2355a9c26249c0b3722824339d73f5,eff24b01b2f5428baa4c3fef6cb40d41,0.8844124674797058
cc2355a9c26249c0b3722824339d73f5,da61d9bc8f024a4aba18d5c3072b7838,0.8829565048217773
cc2355a9c26249c0b3722824339d73f5,6bedb2d6ace34e18811b7f1206b2d1b0,0.881800651550293
cc2355a9c26249c0b3722824339d73f5,fadf133e0e684a24ac79b5fa9515bac2,0.8798007369041443
cc2355a9c26249c0b3722824339d73f5,342aaa81ed004635bbf9cbc2592cd7b6,0.8788800239562988
cc2355a9c26249c0b3722824339d73f5,5cf392f15360460bae6a6b0182bb99b9,0.877219557762146
7e2f96b3e0ce428cb02c7ab9d85a8cca,898eabaaa1a047e18aecbb1c5a8decbf,0.9761059880256653
7e2f96b3e0ce428cb02c7ab9d85a8cca,b83013f4c5524232814efa0f8651867f,0.896000325679779
7e2f96b3e0ce428cb02c7ab9d85a8cca,d445ccdb4cda497e9f0343a3298022d2,0.8868637681007385
7e2f96b3e0ce428cb02c7ab9d85a8cca,26869cc099c44c4a86f6043476ab4890,0.8855615854263306
7e2f96b3e0ce428cb02c7ab9d85a8cca,cc243eebbb2b44a581745865a60c423a,0.8848884105682373
7e2f96b3e0ce428cb02c7ab9d85a8cca,7d6122daabe442ffb5e57ece1882e714,0.8848187923431396
7e2f96b3e0ce428cb02c7ab9d85a8cca,06b7dd1b701544ac80dd7ca54ed707cf,0.8838226795196533
7e2f96b3e0ce428cb02c7ab9d85a8cca,6b4676aba2a746b3ab778315afc8ee82,0.8832736015319824
7e2f96b3e0ce428cb02c7ab9d85a8cca,74de04f31db94a99b757685c91779412,0.8826115727424622
7e2f96b3e0ce428cb02c7ab9d85a8cca,fc70a4c2c4834e0eba1a14470f563b03,0.8819402456283569
c1de7b286d874eeab76f13a3c0d2f90f,7f5b658239034d35b7f4cf1c63cb388c,0.947672963142395
c1de7b286d874eeab76f13a3c0d2f90f,f4b7e6e902e344859cb041126b69ce3c,0.8845880031585693
c1de7b286d874eeab76f13a3c0d2f90f,10b152bdafe94db8a93f7c374226a071,0.8766542673110962
c1de7b286d874eeab76f13a3c0d2f90f,a8904adcdd21495f890bc614bfdbf86f,0.87654709815979
c1de7b286d874eeab76f13a3c0d2f90f,de1102228a324428989533278cd482f6,0.8665978908538818
c1de7b286d874eeab76f13a3c0d2f90f,beccee3a988f48c1ad207e2380766fa4,0.8603672981262207
c1de7b286d874eeab76f13a3c0d2f90f,0e8487b2e6a2439b9e6623a1e2e5e19d,0.8594344854354858
c1de7b286d874eeab76f13a3c0d2f90f,93bf0b86be094f68a9d308ca5ecfb4e3,0.8570625185966492
c1de7b286d874eeab76f13a3c0d2f90f,40f040fd5c824c8e8e710af1fdf70b5f,0.856555700302124
c1de7b286d874eeab76f13a3c0d2f90f,aaab880f032a4e00904cf50566164044,0.8551507592201233
e61649949748401a9d06187bc97c8b58,7f5b658239034d35b7f4cf1c63cb388c,0.959368884563446
e61649949748401a9d06187bc97c8b58,a8904adcdd21495f890bc614bfdbf86f,0.8720310926437378
e61649949748401a9d06187bc97c8b58,de1102228a324428989533278cd482f6,0.8614766597747803
e61649949748401a9d06187bc97c8b58,0e8487b2e6a2439b9e6623a1e2e5e19d,0.8608499765396118
e61649949748401a9d06187bc97c8b58,29fb30a75c57451a85f310aa6423a662,0.8588889241218567
e61649949748401a9d06187bc97c8b58,f3fddb55448a46778b5d807642cceb71,0.8579369783401489
e61649949748401a9d06187bc97c8b58,ee337b5c1ef3431e9c120250bfec4cac,0.8562873601913452
e61649949748401a9d06187bc97c8b58,f4b7e6e902e344859cb041126b69ce3c,0.855838418006897
e61649949748401a9d06187bc97c8b58,dd9e8283197b473d8ffd502561bdaaec,0.855832040309906
e61649949748401a9d06187bc97c8b58,b83013f4c5524232814efa0f8651867f,0.8541967868804932
b81b07771bcd450f9d8eaba7182f30c7,898eabaaa1a047e18aecbb1c5a8decbf,0.9702430963516235
b81b07771bcd450f9d8eaba7182f30c7,b83013f4c5524232814efa0f8651867f,0.9009320735931396
b81b07771bcd450f9d8eaba7182f30c7,076e2669c305401fb3afcfafdd6c79c7,0.883966863155365
b81b07771bcd450f9d8eaba7182f30c7,8dfe01febd46475ab5aef97033716ce1,0.8826825022697449
b81b07771bcd450f9d8eaba7182f30c7,fc70a4c2c4834e0eba1a14470f563b03,0.8823583126068115
b81b07771bcd450f9d8eaba7182f30c7,cc243eebbb2b44a581745865a60c423a,0.8810619115829468
b81b07771bcd450f9d8eaba7182f30c7,e735729c80d84f76a6133c065d5380f8,0.8806546926498413
b81b07771bcd450f9d8eaba7182f30c7,7d6122daabe442ffb5e57ece1882e714,0.879699170589447
b81b07771bcd450f9d8eaba7182f30c7,06b7dd1b701544ac80dd7ca54ed707cf,0.8795284032821655
b81b07771bcd450f9d8eaba7182f30c7,e12ad1ce8e7940a999b9a4f91a95fab7,0.8792805671691895
10477b255a0f4b31bdc6941e131708f6,1232f20e710b448e8c0538b9e84dab1c,0.9009230136871338
10477b255a0f4b31bdc6941e131708f6,eee7f32249c5452ea36c8ed3a3540010,0.9006068110466003
10477b255a0f4b31bdc6941e131708f6,9909a671f7414c19b2727e7d4d4dcf1b,0.8993472456932068
10477b255a0f4b31bdc6941e131708f6,7d0190486da540718e4dc4ca4bd1f573,0.8937982320785522
10477b255a0f4b31bdc6941e131708f6,b69c17a10a55494d8caa56c33e8f4a56,0.8925524950027466
10477b255a0f4b31bdc6941e131708f6,3e6a4b65a1004c08a6f3f570cf986c2f,0.8925117254257202
10477b255a0f4b31bdc6941e131708f6,0592b57e490d4206a3f12eb004a0afe0,0.8921873569488525
10477b255a0f4b31bdc6941e131708f6,6dc5832f0ac04df2bd99c6415b3ecf09,0.8910473585128784
10477b255a0f4b31bdc6941e131708f6,db0c3a952e454b90aa4a68feb6a50e87,0.8904885053634644
10477b255a0f4b31bdc6941e131708f6,cb2505b30d8a4dc086c353cf94424b6d,0.8894699811935425
98224d85c5a5408b97fc3f91e37c6172,444fa28d9ed54c82a522699041eae592,0.9446515440940857
98224d85c5a5408b97fc3f91e37c6172,ffc5805e29a74be0a55b40318aa321d7,0.9208800792694092
98224d85c5a5408b97fc3f91e37c6172,c84deec0ecf843c39f52d4cb8e7300f8,0.9155357480049133
98224d85c5a5408b97fc3f91e37c6172,434551fdf9e443ed91679a9557ae6fd5,0.9112024307250977
98224d85c5a5408b97fc3f91e37c6172,5537ddec608a4ec586ea068fa27547ca,0.9101905226707458
98224d85c5a5408b97fc3f91e37c6172,77cecb221149474896d9b2eb848bf150,0.9096063375473022
98224d85c5a5408b97fc3f91e37c6172,eb21a4e2b7bd43efbdf0c365415e7fef,0.9084500074386597
98224d85c5a5408b97fc3f91e37c6172,c750a2994555414790abb3281572bb42,0.9082397222518921
98224d85c5a5408b97fc3f91e37c6172,a9d82bb43410405ca21b44a5e82e22b6,0.9082291126251221
98224d85c5a5408b97fc3f91e37c6172,34b736136487439389c10cc6bd4e9f4e,0.9076132774353027
9cde6cf03d36463a9fa125c9a5d8579b,c65af18670ea437c8986884645b3afe9,0.9040594696998596
9cde6cf03d36463a9fa125c9a5d8579b,655a618282cd4fa39a26f0967c033f4b,0.9039705991744995
9cde6cf03d36463a9fa125c9a5d8579b,bcfa4a4177d44d8b8cda17b7a23196b0,0.902111291885376
9cde6cf03d36463a9fa125c9a5d8579b,ff276acede2f4c14876ef47257758ae8,0.8991715908050537
9cde6cf03d36463a9fa125c9a5d8579b,ec580ac6dd7149fb8a0a5a5d8b0f5b08,0.8974839448928833
9cde6cf03d36463a9fa125c9a5d8579b,0592b57e490d4206a3f12eb004a0afe0,0.893939733505249
9cde6cf03d36463a9fa125c9a5d8579b,b2992fe473124dd0b895cf81f59f6db6,0.8933570384979248
9cde6cf03d36463a9fa125c9a5d8579b,1232f20e710b448e8c0538b9e84dab1c,0.8931954503059387
9cde6cf03d36463a9fa125c9a5d8579b,db0c3a952e454b90aa4a68feb6a50e87,0.8906519412994385
9cde6cf03d36463a9fa125c9a5d8579b,3aaea7fa41fd43cdb88f8ef59062c5df,0.8852447271347046
97496eac7339419799091685c1a6c966,444fa28d9ed54c82a522699041eae592,0.9059373140335083
97496eac7339419799091685c1a6c966,34b736136487439389c10cc6bd4e9f4e,0.8925948739051819
97496eac7339419799091685c1a6c966,ffc5805e29a74be0a55b40318aa321d7,0.8916590213775635
97496eac7339419799091685c1a6c966,a9573f188204436090fb4a5240e4eccd,0.8878216743469238
97496eac7339419799091685c1a6c966,434551fdf9e443ed91679a9557ae6fd5,0.8867207765579224
97496eac7339419799091685c1a6c966,452d645d5bf4485185e996dcec9523e5,0.886245846748352
97496eac7339419799091685c1a6c966,e7aaa514f6f64a258a640ea341aa1a18,0.8862144947052002
97496eac7339419799091685c1a6c966,9bf3b77eb9874f5f9e006a9cff111ea9,0.8851691484451294
97496eac7339419799091685c1a6c966,26e55eb4d910464497d700bfdf5a36ca,0.8837051391601562
97496eac7339419799091685c1a6c966,98fbdf945d0c4206a48a4f7260e56017,0.8835620880126953
308e1406bba647a6afa6645b35e09bbd,98b2022b2cb84af09ee8b789db928b13,0.8658998012542725
308e1406bba647a6afa6645b35e09bbd,e5a3c8867e44498d9182e8be934e0fce,0.8432214260101318
308e1406bba647a6afa6645b35e09bbd,b00b2395b49949508fade89bb3eac98b,0.8394291400909424
308e1406bba647a6afa6645b35e09bbd,77c8b175ca9d411b8d28d1ed0dc40304,0.8375426530838013
308e1406bba647a6afa6645b35e09bbd,e511c40ca6324803b5021e47b4e777f8,0.8340646624565125
308e1406bba647a6afa6645b35e09bbd,1aaf8edc37ea412b85e3d1b5c5317051,0.83354651927948
308e1406bba647a6afa6645b35e09bbd,2ea3b46262e649f79900258cd90cce31,0.8316239714622498
308e1406bba647a6afa6645b35e09bbd,c4b9d7a8d5d342459d2282589b3af293,0.8269203901290894
308e1406bba647a6afa6645b35e09bbd,7326afe68eb64b63993b3dae022c645d,0.8225301504135132
308e1406bba647a6afa6645b35e09bbd,c2a665cec90e46db8d2a74389beb4649,0.8221832513809204
eaae15d0cec34edcba4d16f18e51feeb,e53dd6188816429ab915de6f9649a026,0.8317183256149292
eaae15d0cec34edcba4d16f18e51feeb,e43d8e7bc32f406b9a692e2604f5b45a,0.8071538209915161
eaae15d0cec34edcba4d16f18e51feeb,4e7ee74be72a461fa02fa61bee62bdcc,0.7955819964408875
eaae15d0cec34edcba4d16f18e51feeb,86f59bd78b424260b0cf356f2f9ae734,0.7673375606536865
eaae15d0cec34edcba4d16f18e51feeb,7d6cdff8c9ac434196df803628fe9f62,0.7623265385627747
eaae15d0cec34edcba4d16f18e51feeb,5f481b07f9734f518a14853831233b78,0.7615154981613159
eaae15d0cec34edcba4d16f18e51feeb,0d0973762130427eaa2ce9a7a34517db,0.7609712481498718
eaae15d0cec34edcba4d16f18e51feeb,5b588e34588940788a22036b775ecc2f,0.7585781812667847
eaae15d0cec34edcba4d16f18e51feeb,105ad424733e4cffa7c474b51e3980aa,0.758430004119873
eaae15d0cec34edcba4d16f18e51feeb,7627d5e28ba74cbeaf9225e88a7a44cc,0.757813572883606
2fa2158b5d3142e1a336b9938e7ec3e4,b702b2b61ce048c6bf5af3c4dca18b1a,0.9874898195266724
2fa2158b5d3142e1a336b9938e7ec3e4,1d70bc69b2f84bef9aa5fb0d9917e38d,0.9347290992736816
2fa2158b5d3142e1a336b9938e7ec3e4,43464ed6733f4642a0b90e7d995a5e40,0.9256672859191895
2fa2158b5d3142e1a336b9938e7ec3e4,6b4676aba2a746b3ab778315afc8ee82,0.9201830625534058
2fa2158b5d3142e1a336b9938e7ec3e4,384b14b18c3c43b1a4dc1aa2f661e076,0.916999101638794
2fa2158b5d3142e1a336b9938e7ec3e4,aa082284f9894b5aa210c179d59999b1,0.9164489507675171
2fa2158b5d3142e1a336b9938e7ec3e4,3d3e8565d2f84e0cad5ae622f2909765,0.9127785563468933
2fa2158b5d3142e1a336b9938e7ec3e4,7e190e3c05d74e6b9f103e39142c1684,0.9109140038490295
2fa2158b5d3142e1a336b9938e7ec3e4,82d68ea370f8451aa16ea08f4601245c,0.9108254909515381
2fa2158b5d3142e1a336b9938e7ec3e4,b77d8b7bb0114c379139d280a9210e83,0.9079805612564087
b3e94875f12a46d49a18038edf575672,b702b2b61ce048c6bf5af3c4dca18b1a,0.995897650718689
b3e94875f12a46d49a18038edf575672,1d70bc69b2f84bef9aa5fb0d9917e38d,0.939896821975708
b3e94875f12a46d49a18038edf575672,3d3e8565d2f84e0cad5ae622f2909765,0.9253129959106445
b3e94875f12a46d49a18038edf575672,43464ed6733f4642a0b90e7d995a5e40,0.9240682125091553
b3e94875f12a46d49a18038edf575672,384b14b18c3c43b1a4dc1aa2f661e076,0.9184055924415588
b3e94875f12a46d49a18038edf575672,b77d8b7bb0114c379139d280a9210e83,0.9180557727813721
b3e94875f12a46d49a18038edf575672,6b4676aba2a746b3ab778315afc8ee82,0.9160163998603821
b3e94875f12a46d49a18038edf575672,aa082284f9894b5aa210c179d59999b1,0.9126128554344177
b3e94875f12a46d49a18038edf575672,6c79712e67b54dd0a11d426a91207939,0.9117468595504761
b3e94875f12a46d49a18038edf575672,ccb62901750b4d13a922fc161b607f83,0.9105582237243652
bb76a200223d446492dbeb01f3dcd83c,f91157bb8fca4a8e98db33591a76be9a,0.9141117930412292
bb76a200223d446492dbeb01f3dcd83c,98fbdf945d0c4206a48a4f7260e56017,0.913871169090271
bb76a200223d446492dbeb01f3dcd83c,c84deec0ecf843c39f52d4cb8e7300f8,0.9093114137649536
bb76a200223d446492dbeb01f3dcd83c,211ef3181e524685866fb8574d9bf456,0.9085227251052856
bb76a200223d446492dbeb01f3dcd83c,3c0f3b44c0844df49b5898406fe9195a,0.9069874286651611
bb76a200223d446492dbeb01f3dcd83c,34b736136487439389c10cc6bd4e9f4e,0.9052059650421143
bb76a200223d446492dbeb01f3dcd83c,0092d1d820c64646b8bee9fd14f77acf,0.9051238298416138
bb76a200223d446492dbeb01f3dcd83c,77ce0587a12b46bab8814225ba86753e,0.9037493467330933
bb76a200223d446492dbeb01f3dcd83c,4d0a737f396d4a95808085bd1306746c,0.9036071300506592
bb76a200223d446492dbeb01f3dcd83c,9bf3b77eb9874f5f9e006a9cff111ea9,0.9032429456710815
249ef4fd3a32489e875b8ff944f609e3,97959d02a64f4a3fbbebe7cbece6c012,0.9169807434082031
249ef4fd3a32489e875b8ff944f609e3,fc430b7683934be2aba12468b2409bb8,0.9168373346328735
249ef4fd3a32489e875b8ff944f609e3,b77d8b7bb0114c379139d280a9210e83,0.9154682159423828
249ef4fd3a32489e875b8ff944f609e3,452d645d5bf4485185e996dcec9523e5,0.9138026237487793
249ef4fd3a32489e875b8ff944f609e3,f91157bb8fca4a8e98db33591a76be9a,0.9120003581047058
249ef4fd3a32489e875b8ff944f609e3,07958f43551e459eb30638b632e3cd64,0.9103174209594727
249ef4fd3a32489e875b8ff944f609e3,77ce0587a12b46bab8814225ba86753e,0.9090494513511658
249ef4fd3a32489e875b8ff944f609e3,feb980ae999948ce9be0266b4ddc048d,0.908968985080719
249ef4fd3a32489e875b8ff944f609e3,724a3f6551e74ad585bdeac9a75fd639,0.9086321592330933
249ef4fd3a32489e875b8ff944f609e3,3c0f3b44c0844df49b5898406fe9195a,0.9067933559417725
08a04363ed37468191357b12b4afa016,d445ccdb4cda497e9f0343a3298022d2,0.9395120739936829
08a04363ed37468191357b12b4afa016,938147b72e9540da8513910871e0830a,0.9185090661048889
08a04363ed37468191357b12b4afa016,1d70bc69b2f84bef9aa5fb0d9917e38d,0.9159421920776367
08a04363ed37468191357b12b4afa016,aa082284f9894b5aa210c179d59999b1,0.9150153398513794
08a04363ed37468191357b12b4afa016,08ecf89bc10942a4bd894482f6fcdfa7,0.9126089811325073
08a04363ed37468191357b12b4afa016,1f3cf50fe1f947d8a56e02ebca441c4c,0.9093101024627686
08a04363ed37468191357b12b4afa016,d9096650c434432c871effeca9acd5c6,0.9088824391365051
08a04363ed37468191357b12b4afa016,daed5458403e49e3aea72f4bcc6dd224,0.9087298512458801
08a04363ed37468191357b12b4afa016,29088685e31a4d86b60b514e98117361,0.9086419343948364
08a04363ed37468191357b12b4afa016,8d595c7da42545c88052e7b213b6c97c,0.9085806608200073
62e089fa066d404daadaf7ab2e75f3c4,d445ccdb4cda497e9f0343a3298022d2,0.9839141368865967
62e089fa066d404daadaf7ab2e75f3c4,08ecf89bc10942a4bd894482f6fcdfa7,0.9139352440834045
62e089fa066d404daadaf7ab2e75f3c4,211ef3181e524685866fb8574d9bf456,0.9118406176567078
62e089fa066d404daadaf7ab2e75f3c4,938147b72e9540da8513910871e0830a,0.9106201529502869
62e089fa066d404daadaf7ab2e75f3c4,02a3cd76ce534d188b4d5ac4778bd652,0.9083563089370728
62e089fa066d404daadaf7ab2e75f3c4,0971af4212484a958eb0f60f93d1dfe0,0.9027139544487
62e089fa066d404daadaf7ab2e75f3c4,6b4676aba2a746b3ab778315afc8ee82,0.9006016254425049
62e089fa066d404daadaf7ab2e75f3c4,d9096650c434432c871effeca9acd5c6,0.8994171619415283
62e089fa066d404daadaf7ab2e75f3c4,1f3cf50fe1f947d8a56e02ebca441c4c,0.8993285894393921
62e089fa066d404daadaf7ab2e75f3c4,7e190e3c05d74e6b9f103e39142c1684,0.8985662460327148
772aba18a7014577b8975d8f66f55383,215f3d275db14601a0383885cbaad86e,0.948402464389801
772aba18a7014577b8975d8f66f55383,938147b72e9540da8513910871e0830a,0.8853039145469666
772aba18a7014577b8975d8f66f55383,feb980ae999948ce9be0266b4ddc048d,0.8845009803771973
772aba18a7014577b8975d8f66f55383,d9096650c434432c871effeca9acd5c6,0.8809683322906494
772aba18a7014577b8975d8f66f55383,02a3cd76ce534d188b4d5ac4778bd652,0.8791797161102295
772aba18a7014577b8975d8f66f55383,b277101390e1465685ef79bf3519f8d7,0.8786394596099854
772aba18a7014577b8975d8f66f55383,245212a659504b9b9cdbaf1ab1d040ff,0.8756119012832642
772aba18a7014577b8975d8f66f55383,f69dcaceb6074ddebfe1dc7e5978fcff,0.8727473020553589
772aba18a7014577b8975d8f66f55383,0971af4212484a958eb0f60f93d1dfe0,0.8727357983589172
772aba18a7014577b8975d8f66f55383,d445ccdb4cda497e9f0343a3298022d2,0.8724648356437683
222088ceffe04fd9a94096cfb805d9aa,215f3d275db14601a0383885cbaad86e,0.9588912129402161
222088ceffe04fd9a94096cfb805d9aa,02a3cd76ce534d188b4d5ac4778bd652,0.8835140466690063
222088ceffe04fd9a94096cfb805d9aa,b277101390e1465685ef79bf3519f8d7,0.8775820136070251
222088ceffe04fd9a94096cfb805d9aa,19593c97fef0474dbe6051e28338f1e9,0.8768460154533386
222088ceffe04fd9a94096cfb805d9aa,d9096650c434432c871effeca9acd5c6,0.8747996091842651
222088ceffe04fd9a94096cfb805d9aa,feb980ae999948ce9be0266b4ddc048d,0.8698015213012695
222088ceffe04fd9a94096cfb805d9aa,938147b72e9540da8513910871e0830a,0.8675036430358887
222088ceffe04fd9a94096cfb805d9aa,b3a022950e444682a113cec5a0537f6a,0.8618738055229187
222088ceffe04fd9a94096cfb805d9aa,0971af4212484a958eb0f60f93d1dfe0,0.8614312410354614
222088ceffe04fd9a94096cfb805d9aa,cb75c6ef71cb4991805920f2894e0e96,0.8607791662216187
215fa8886dc743ea866c55c92e55275a,105ad424733e4cffa7c474b51e3980aa,0.9807581305503845
215fa8886dc743ea866c55c92e55275a,b3f8b4bec0164d0e81997b4f5a277e8f,0.9094933867454529
215fa8886dc743ea866c55c92e55275a,69ac8397e9624bfd8aee237b9f9ea3b5,0.9045549631118774
215fa8886dc743ea866c55c92e55275a,ccb62901750b4d13a922fc161b607f83,0.904486358165741
215fa8886dc743ea866c55c92e55275a,df5ca61304074da1bec8f536ab50baf3,0.9026190042495728
215fa8886dc743ea866c55c92e55275a,99a52c93a3304ec18dab9206f98f2a8b,0.9008377194404602
215fa8886dc743ea866c55c92e55275a,c1def54262224e23acf67a9870725ce5,0.9001905918121338
215fa8886dc743ea866c55c92e55275a,17b5eb6fab65476f827dd355b4a20a55,0.8997701406478882
215fa8886dc743ea866c55c92e55275a,b77d8b7bb0114c379139d280a9210e83,0.8994185924530029
215fa8886dc743ea866c55c92e55275a,097f2ce3b88c4d008488b9908076497e,0.8984822034835815
c15e316f43844831a8809cd85924e3b1,fbfaa119f55a477984e42d80498f54d3,0.8506711721420288
c15e316f43844831a8809cd85924e3b1,b23a9c50eada4286a4f7ce8668b92db1,0.8426297903060913
c15e316f43844831a8809cd85924e3b1,cf290994a83e4909aec30077477b9d04,0.8419169783592224
c15e316f43844831a8809cd85924e3b1,643fbbdd6b764ba9904a4ee67a86b9fd,0.8402209281921387
c15e316f43844831a8809cd85924e3b1,5537ddec608a4ec586ea068fa27547ca,0.8370034694671631
c15e316f43844831a8809cd85924e3b1,25109e3a7df549e5b380aae716d71366,0.835253119468689
c15e316f43844831a8809cd85924e3b1,119a6d7b4af3458b951fc1c5ab5e1738,0.8338967561721802
c15e316f43844831a8809cd85924e3b1,a9573f188204436090fb4a5240e4eccd,0.833686351776123
c15e316f43844831a8809cd85924e3b1,e511c40ca6324803b5021e47b4e777f8,0.8324621915817261
c15e316f43844831a8809cd85924e3b1,e1c63000ace94c1d9381d82389fe6afd,0.832076907157898
fb89d31587634cee9cf443d998d56245,105ad424733e4cffa7c474b51e3980aa,0.966596245765686
fb89d31587634cee9cf443d998d56245,69ac8397e9624bfd8aee237b9f9ea3b5,0.9207910299301147
fb89d31587634cee9cf443d998d56245,b3f8b4bec0164d0e81997b4f5a277e8f,0.9132517576217651
fb89d31587634cee9cf443d998d56245,ccb62901750b4d13a922fc161b607f83,0.9109865427017212
fb89d31587634cee9cf443d998d56245,4a6eba10a02a4ecdbb6b25e8651c3789,0.9064342379570007
fb89d31587634cee9cf443d998d56245,bcfa4a4177d44d8b8cda17b7a23196b0,0.906169056892395
fb89d31587634cee9cf443d998d56245,097f2ce3b88c4d008488b9908076497e,0.9015474319458008
fb89d31587634cee9cf443d998d56245,97959d02a64f4a3fbbebe7cbece6c012,0.9005839824676514
fb89d31587634cee9cf443d998d56245,df5ca61304074da1bec8f536ab50baf3,0.9001144766807556
fb89d31587634cee9cf443d998d56245,039f8e63b273472d8f1d99d9a5de5cf5,0.8997134566307068
a9c15421f19d4bfca5a2210dbafbd327,b4dadb3ea3a04cc3932094471debce13,0.9406099319458008
a9c15421f19d4bfca5a2210dbafbd327,4a7fa5a1bafe4b6995e2920444ac07c4,0.9208917617797852
a9c15421f19d4bfca5a2210dbafbd327,59f62d35b1ad451397b700b3dad25448,0.9164736866950989
a9c15421f19d4bfca5a2210dbafbd327,07d869789eda4445a1ecfe59c331db0d,0.9099223613739014
a9c15421f19d4bfca5a2210dbafbd327,24c55bb5cd694770ba895c7401da2ba5,0.9044644236564636
a9c15421f19d4bfca5a2210dbafbd327,5fc200cab89346658c9c91cce27e85fe,0.9044635891914368
a9c15421f19d4bfca5a2210dbafbd327,5cfb876eeb4f410aa1282cc279f0e546,0.9042277932167053
a9c15421f19d4bfca5a2210dbafbd327,a5d5fb459a1844088e93ae557ab34afe,0.9022666811943054
a9c15421f19d4bfca5a2210dbafbd327,4c67cc7a1ccc496db132636e3f4853a2,0.9015481472015381
a9c15421f19d4bfca5a2210dbafbd327,f69855cdf66d4f6887ecfd0ddb9014b5,0.8976150155067444
405c71393da6481db0f9c471e6ff0b9f,b4dadb3ea3a04cc3932094471debce13,0.9450288414955139
405c71393da6481db0f9c471e6ff0b9f,4a7fa5a1bafe4b6995e2920444ac07c4,0.9263633489608765
405c71393da6481db0f9c471e6ff0b9f,59f62d35b1ad451397b700b3dad25448,0.9174746870994568
405c71393da6481db0f9c471e6ff0b9f,07d869789eda4445a1ecfe59c331db0d,0.914306640625
405c71393da6481db0f9c471e6ff0b9f,5fc200cab89346658c9c91cce27e85fe,0.9103847742080688
405c71393da6481db0f9c471e6ff0b9f,5cfb876eeb4f410aa1282cc279f0e546,0.9089108109474182
405c71393da6481db0f9c471e6ff0b9f,24c55bb5cd694770ba895c7401da2ba5,0.9067379236221313
405c71393da6481db0f9c471e6ff0b9f,4c67cc7a1ccc496db132636e3f4853a2,0.905654788017273
405c71393da6481db0f9c471e6ff0b9f,a5d5fb459a1844088e93ae557ab34afe,0.9049031734466553
405c71393da6481db0f9c471e6ff0b9f,2b3ecf8be2b242f3b8a1e714390749fb,0.9042530655860901
10672c8813224cd19e1b65d21bfbf3fc,e88ce4cd350f43398a5c0ab8629cee72,0.9417245984077454
10672c8813224cd19e1b65d21bfbf3fc,e2e0c8c96aff4c00896ac6986bbb20c2,0.9329785108566284
10672c8813224cd19e1b65d21bfbf3fc,25afb6f7e9314af09008644bca5955b9,0.9297050833702087
10672c8813224cd19e1b65d21bfbf3fc,724a3f6551e74ad585bdeac9a75fd639,0.9137907028198242
10672c8813224cd19e1b65d21bfbf3fc,33b5e2ae5ebe4f548bac3a00ab0a59eb,0.9054781198501587
10672c8813224cd19e1b65d21bfbf3fc,39e2b00e1cbd471488cf56f31d2cec7f,0.90373295545578
10672c8813224cd19e1b65d21bfbf3fc,19098957d8c24cab95daa30c2baefd8f,0.9032878279685974
10672c8813224cd19e1b65d21bfbf3fc,097f2ce3b88c4d008488b9908076497e,0.9016605615615845
10672c8813224cd19e1b65d21bfbf3fc,04d24d1cf42b4f7787d8d300cbad6d50,0.8977756500244141
10672c8813224cd19e1b65d21bfbf3fc,b77d8b7bb0114c379139d280a9210e83,0.893278181552887
380188fc5ffb4a8db6256661aefa22ee,7bbe3c76bcc04d73969f920d43fcc67d,0.9831376671791077
380188fc5ffb4a8db6256661aefa22ee,00614d60b3544ba790dfd23dd53992e0,0.9091536402702332
380188fc5ffb4a8db6256661aefa22ee,da88fa5efc674368b593444ca950dff9,0.9024040699005127
380188fc5ffb4a8db6256661aefa22ee,0eb119aabc884795a4768c6d3e677ea1,0.8995352983474731
380188fc5ffb4a8db6256661aefa22ee,249c2d8d8d2345c6990b3c4d94385b5a,0.8965878486633301
380188fc5ffb4a8db6256661aefa22ee,f91157bb8fca4a8e98db33591a76be9a,0.8947062492370605
380188fc5ffb4a8db6256661aefa22ee,7dd5e88dfdd24cafab2c765939757354,0.894420862197876
380188fc5ffb4a8db6256661aefa22ee,fc430b7683934be2aba12468b2409bb8,0.8942705392837524
380188fc5ffb4a8db6256661aefa22ee,be8953cc364d46cebbcc2c2da2c348ab,0.8929626941680908
380188fc5ffb4a8db6256661aefa22ee,e2e0c8c96aff4c00896ac6986bbb20c2,0.8908085227012634
78bedef4e219493c8b9a059437b0c690,7bbe3c76bcc04d73969f920d43fcc67d,0.9858919382095337
78bedef4e219493c8b9a059437b0c690,249c2d8d8d2345c6990b3c4d94385b5a,0.9114214777946472
78bedef4e219493c8b9a059437b0c690,da88fa5efc674368b593444ca950dff9,0.9062949419021606
78bedef4e219493c8b9a059437b0c690,f91157bb8fca4a8e98db33591a76be9a,0.8960853219032288
78bedef4e219493c8b9a059437b0c690,434551fdf9e443ed91679a9557ae6fd5,0.895789384841919
78bedef4e219493c8b9a059437b0c690,7199f2fe77824236a392e1f00a5bdfc3,0.8894667625427246
78bedef4e219493c8b9a059437b0c690,11e9586d6c7a443c8025278f8ef53b6d,0.8879191279411316
78bedef4e219493c8b9a059437b0c690,00614d60b3544ba790dfd23dd53992e0,0.8874704837799072
78bedef4e219493c8b9a059437b0c690,be8953cc364d46cebbcc2c2da2c348ab,0.8866544365882874
78bedef4e219493c8b9a059437b0c690,df0c94234d9d4890b5b4b95c441b3e9a,0.886553168296814
a73bf22ed53e478bbdb05661b2bb34bb,b23a9c50eada4286a4f7ce8668b92db1,0.9483168125152588
a73bf22ed53e478bbdb05661b2bb34bb,1232f20e710b448e8c0538b9e84dab1c,0.9081127643585205
a73bf22ed53e478bbdb05661b2bb34bb,f32f4607b4714e378831f924c5e6084d,0.8999233245849609
a73bf22ed53e478bbdb05661b2bb34bb,52ee59901f3b4de884d7a6720538aed6,0.8994049429893494
a73bf22ed53e478bbdb05661b2bb34bb,9bf3b77eb9874f5f9e006a9cff111ea9,0.8993768692016602
a73bf22ed53e478bbdb05661b2bb34bb,3356a8a8c6ee4f30bc2b028e360d4471,0.8990545272827148
a73bf22ed53e478bbdb05661b2bb34bb,70558882c04e46bd99d15e9786468418,0.8959581851959229
a73bf22ed53e478bbdb05661b2bb34bb,643fbbdd6b764ba9904a4ee67a86b9fd,0.8946632742881775
a73bf22ed53e478bbdb05661b2bb34bb,31cf7db26a3249c5a6205b005662ddcf,0.8946076035499573
a73bf22ed53e478bbdb05661b2bb34bb,d476be2399b7424a88d242b771c32041,0.8944199681282043
f8807fdc0c904075885c336e24827732,1393dac7d34b4c34b1a8091a5bea3663,0.9929265379905701
f8807fdc0c904075885c336e24827732,99830b8da7c24f909914f7bb167f3ea6,0.9129866361618042
f8807fdc0c904075885c336e24827732,64e74af099b0485f8b6e71ac73aa2cb8,0.9068570137023926
f8807fdc0c904075885c336e24827732,de6ac628a786435f9925c8cc1d707d6b,0.9056844115257263
f8807fdc0c904075885c336e24827732,6bedb2d6ace34e18811b7f1206b2d1b0,0.9014732241630554
f8807fdc0c904075885c336e24827732,79721c9bb6a54ecdb3d0a0f4011762c1,0.901175856590271
f8807fdc0c904075885c336e24827732,3f1c2bb09c4e4400b6ba19542fafce18,0.8982169032096863
f8807fdc0c904075885c336e24827732,ad054da7e1704a53931a341173f0605f,0.8981989026069641
f8807fdc0c904075885c336e24827732,2b3ecf8be2b242f3b8a1e714390749fb,0.8981915712356567
f8807fdc0c904075885c336e24827732,9bf3b77eb9874f5f9e006a9cff111ea9,0.8968923091888428
c21fcb50e9a24b558b8fcc3a2d0f2042,64e74af099b0485f8b6e71ac73aa2cb8,0.9819109439849854
c21fcb50e9a24b558b8fcc3a2d0f2042,1027a336232c4454a9c4ae450a562788,0.9321417212486267
c21fcb50e9a24b558b8fcc3a2d0f2042,4a3d4daed4b24a1898551f0fd1ba44f1,0.9288437366485596
c21fcb50e9a24b558b8fcc3a2d0f2042,0b57f893483647c3aed811775a4c4c04,0.9259282946586609
c21fcb50e9a24b558b8fcc3a2d0f2042,da61e0de396149208c9ebd0fd6d7415d,0.9226816296577454
c21fcb50e9a24b558b8fcc3a2d0f2042,4926607aafe749538c930e108275547e,0.9196947813034058
c21fcb50e9a24b558b8fcc3a2d0f2042,66690895454847fea5a000202fbfab2e,0.9196194410324097
c21fcb50e9a24b558b8fcc3a2d0f2042,ad054da7e1704a53931a341173f0605f,0.9186865091323853
c21fcb50e9a24b558b8fcc3a2d0f2042,5fc200cab89346658c9c91cce27e85fe,0.9145441055297852
c21fcb50e9a24b558b8fcc3a2d0f2042,fadf133e0e684a24ac79b5fa9515bac2,0.9122105836868286
0e4f6fd8c126417aad3dfe97ea1dee56,ec5fe0d3a2a2426ea4e49a5c0ad44e04,0.9881871938705444
0e4f6fd8c126417aad3dfe97ea1dee56,beccee3a988f48c1ad207e2380766fa4,0.8881650567054749
0e4f6fd8c126417aad3dfe97ea1dee56,de1102228a324428989533278cd482f6,0.8826543092727661
0e4f6fd8c126417aad3dfe97ea1dee56,10b152bdafe94db8a93f7c374226a071,0.8766611814498901
0e4f6fd8c126417aad3dfe97ea1dee56,051d304b7139431fb3bff19b4e75aff7,0.8700144290924072
0e4f6fd8c126417aad3dfe97ea1dee56,6bedb2d6ace34e18811b7f1206b2d1b0,0.8698475956916809
0e4f6fd8c126417aad3dfe97ea1dee56,5cf392f15360460bae6a6b0182bb99b9,0.8677612543106079
0e4f6fd8c126417aad3dfe97ea1dee56,04537eabb0434eb2804d1220770b85a0,0.8669120073318481
0e4f6fd8c126417aad3dfe97ea1dee56,0e8487b2e6a2439b9e6623a1e2e5e19d,0.8637961149215698
0e4f6fd8c126417aad3dfe97ea1dee56,48c31b1e2ce94de8968fab433813fa91,0.8636502027511597
11fd1036e3764df2a694b62f3f7a04ca,beccee3a988f48c1ad207e2380766fa4,0.9762613773345947
11fd1036e3764df2a694b62f3f7a04ca,ec5fe0d3a2a2426ea4e49a5c0ad44e04,0.8990635275840759
11fd1036e3764df2a694b62f3f7a04ca,aaab880f032a4e00904cf50566164044,0.8907543420791626
11fd1036e3764df2a694b62f3f7a04ca,e5a3c8867e44498d9182e8be934e0fce,0.8901209831237793
11fd1036e3764df2a694b62f3f7a04ca,de1102228a324428989533278cd482f6,0.8883638381958008
11fd1036e3764df2a694b62f3f7a04ca,e9428816b054499298745b742f128f65,0.8817040920257568
11fd1036e3764df2a694b62f3f7a04ca,40f040fd5c824c8e8e710af1fdf70b5f,0.8763225078582764
11fd1036e3764df2a694b62f3f7a04ca,ca1a2a6308834baba3140b5ce8f81320,0.874847412109375
11fd1036e3764df2a694b62f3f7a04ca,b626eb67c2e14afeae2846bb150976f3,0.8746410012245178
11fd1036e3764df2a694b62f3f7a04ca,9500823cb050427696343b1ea5cf8881,0.8733267784118652
16f482cec0e0411f8a1d2610a2aacb63,beccee3a988f48c1ad207e2380766fa4,0.9795240163803101
16f482cec0e0411f8a1d2610a2aacb63,ec5fe0d3a2a2426ea4e49a5c0ad44e04,0.9009463787078857
16f482cec0e0411f8a1d2610a2aacb63,aaab880f032a4e00904cf50566164044,0.8995469808578491
16f482cec0e0411f8a1d2610a2aacb63,e9428816b054499298745b742f128f65,0.8861364126205444
16f482cec0e0411f8a1d2610a2aacb63,e5a3c8867e44498d9182e8be934e0fce,0.8857789039611816
16f482cec0e0411f8a1d2610a2aacb63,de1102228a324428989533278cd482f6,0.8800392746925354
16f482cec0e0411f8a1d2610a2aacb63,40f040fd5c824c8e8e710af1fdf70b5f,0.8798274993896484
16f482cec0e0411f8a1d2610a2aacb63,9500823cb050427696343b1ea5cf8881,0.876075267791748
16f482cec0e0411f8a1d2610a2aacb63,b626eb67c2e14afeae2846bb150976f3,0.8752548098564148
16f482cec0e0411f8a1d2610a2aacb63,ca1a2a6308834baba3140b5ce8f81320,0.8742842674255371
cd59d2d18bf04a6a901a0110f5fc4b13,ec5fe0d3a2a2426ea4e49a5c0ad44e04,0.9906005859375
cd59d2d18bf04a6a901a0110f5fc4b13,beccee3a988f48c1ad207e2380766fa4,0.8981753587722778
cd59d2d18bf04a6a901a0110f5fc4b13,de1102228a324428989533278cd482f6,0.8809785842895508
cd59d2d18bf04a6a901a0110f5fc4b13,5cf392f15360460bae6a6b0182bb99b9,0.8791806697845459
cd59d2d18bf04a6a901a0110f5fc4b13,6bedb2d6ace34e18811b7f1206b2d1b0,0.8721071481704712
cd59d2d18bf04a6a901a0110f5fc4b13,baf841bad27c456c9de7227555ea3ef8,0.8711938858032227
cd59d2d18bf04a6a901a0110f5fc4b13,10b152bdafe94db8a93f7c374226a071,0.8696174621582031
cd59d2d18bf04a6a901a0110f5fc4b13,0ecfdd96e0054841883acba75e83b232,0.8690838813781738
cd59d2d18bf04a6a901a0110f5fc4b13,051d304b7139431fb3bff19b4e75aff7,0.8675955533981323
cd59d2d18bf04a6a901a0110f5fc4b13,48c31b1e2ce94de8968fab433813fa91,0.867445707321167
a3447d7a1b25452ab7eb7228d9426dbb,887e323cc38f4cf8adc5970617f1c286,0.904728889465332
a3447d7a1b25452ab7eb7228d9426dbb,fc70a4c2c4834e0eba1a14470f563b03,0.8857795596122742
a3447d7a1b25452ab7eb7228d9426dbb,8c5f38853679436ba434b6a696e43168,0.8854137063026428
a3447d7a1b25452ab7eb7228d9426dbb,afac6ae28fac41dabae96696990c5555,0.8733823299407959
a3447d7a1b25452ab7eb7228d9426dbb,dd36cc0867b94d55a43b82c1c9a0e95c,0.8732383251190186
a3447d7a1b25452ab7eb7228d9426dbb,a297e08effdf4a69a6c4d79a34a0c6ad,0.8730805516242981
a3447d7a1b25452ab7eb7228d9426dbb,b8da01ceddcb45a491a288ddbc658e90,0.8698480129241943
a3447d7a1b25452ab7eb7228d9426dbb,4230775a9d51448396cacb9061f0e5f9,0.8650940656661987
a3447d7a1b25452ab7eb7228d9426dbb,2639b6540bda414f8a9baa3b5cdb612a,0.8634442090988159
a3447d7a1b25452ab7eb7228d9426dbb,fe363cef357840fcb35f320fe7c27e4e,0.8617798686027527
bc979d6c4eac47c3bd21510ffe22054c,91f0da6d71574ababd8e868bddec9310,0.9847816228866577
bc979d6c4eac47c3bd21510ffe22054c,8889c114b071429cbe2418f5b0f2024b,0.8759052157402039
bc979d6c4eac47c3bd21510ffe22054c,b01fd4d037a84a7aa777e1fc345c73c5,0.8749532103538513
bc979d6c4eac47c3bd21510ffe22054c,bfd1d441da734aad88cfacdab3ee4059,0.869408369064331
bc979d6c4eac47c3bd21510ffe22054c,59f62d35b1ad451397b700b3dad25448,0.8690177202224731
bc979d6c4eac47c3bd21510ffe22054c,0842a796c09b4089933a4f27e4e5e3bc,0.8681339025497437
bc979d6c4eac47c3bd21510ffe22054c,530b37164090408dbab4e6da51111b8a,0.8671026825904846
bc979d6c4eac47c3bd21510ffe22054c,d658e3a743af41899183fecff6b2628d,0.8633111715316772
bc979d6c4eac47c3bd21510ffe22054c,6866efc8987a4ec8b04b7abd28fb5777,0.8611812591552734
bc979d6c4eac47c3bd21510ffe22054c,2d43cf91509846e29ab4febd7781919f,0.8607662320137024
8033dc78a96946859252dbe5da10286d,d695b7afdc3841a28a56df578e56afce,0.9915767908096313
8033dc78a96946859252dbe5da10286d,23a16d69ffe848d593a4808907d8aa98,0.9271221160888672
8033dc78a96946859252dbe5da10286d,8987ceafff324f9599b842542e37eddd,0.9162148237228394
8033dc78a96946859252dbe5da10286d,00614d60b3544ba790dfd23dd53992e0,0.9142190217971802
8033dc78a96946859252dbe5da10286d,b585a2970e9f421da236241f603883f2,0.9127703309059143
8033dc78a96946859252dbe5da10286d,f1c9c5051bdd4a11a064260bbb9d6d7b,0.9123210906982422
8033dc78a96946859252dbe5da10286d,be8953cc364d46cebbcc2c2da2c348ab,0.9105980396270752
8033dc78a96946859252dbe5da10286d,434551fdf9e443ed91679a9557ae6fd5,0.9091683626174927
8033dc78a96946859252dbe5da10286d,82d68ea370f8451aa16ea08f4601245c,0.9090017080307007
8033dc78a96946859252dbe5da10286d,1d70bc69b2f84bef9aa5fb0d9917e38d,0.9073159098625183
01ac48c3001b4c44a7b582ac608de711,e12ad1ce8e7940a999b9a4f91a95fab7,0.9787898063659668
01ac48c3001b4c44a7b582ac608de711,f2cfa68a47ce4a43a0fe1cc7dc860418,0.9167378544807434
01ac48c3001b4c44a7b582ac608de711,7dd5e88dfdd24cafab2c765939757354,0.913766622543335
01ac48c3001b4c44a7b582ac608de711,f91157bb8fca4a8e98db33591a76be9a,0.9135820269584656
01ac48c3001b4c44a7b582ac608de711,f1c9c5051bdd4a11a064260bbb9d6d7b,0.9134519696235657
01ac48c3001b4c44a7b582ac608de711,4d0a737f396d4a95808085bd1306746c,0.9070354700088501
01ac48c3001b4c44a7b582ac608de711,3356a8a8c6ee4f30bc2b028e360d4471,0.9035501480102539
01ac48c3001b4c44a7b582ac608de711,8987ceafff324f9599b842542e37eddd,0.903073787689209
01ac48c3001b4c44a7b582ac608de711,5e44915237fc4445b54b037e1c4e29a4,0.9026572108268738
01ac48c3001b4c44a7b582ac608de711,19a124c6dad14a4fa7864463b081009c,0.9023104906082153
7c0d5434c5bc489793133ad27a07f74e,e12ad1ce8e7940a999b9a4f91a95fab7,0.980829119682312
7c0d5434c5bc489793133ad27a07f74e,f91157bb8fca4a8e98db33591a76be9a,0.915902853012085
7c0d5434c5bc489793133ad27a07f74e,f2cfa68a47ce4a43a0fe1cc7dc860418,0.9141299724578857
7c0d5434c5bc489793133ad27a07f74e,7dd5e88dfdd24cafab2c765939757354,0.9131122827529907
7c0d5434c5bc489793133ad27a07f74e,f1c9c5051bdd4a11a064260bbb9d6d7b,0.9117554426193237
7c0d5434c5bc489793133ad27a07f74e,19a124c6dad14a4fa7864463b081009c,0.905907154083252
7c0d5434c5bc489793133ad27a07f74e,3356a8a8c6ee4f30bc2b028e360d4471,0.9057224988937378
7c0d5434c5bc489793133ad27a07f74e,8987ceafff324f9599b842542e37eddd,0.9049129486083984
7c0d5434c5bc489793133ad27a07f74e,b834c0b0c10b471b87ad3f11468de619,0.9045440554618835
7c0d5434c5bc489793133ad27a07f74e,5e44915237fc4445b54b037e1c4e29a4,0.9040664434432983
37c59c24c4b344198d9d5abcdf597519,d695b7afdc3841a28a56df578e56afce,0.9295781254768372
37c59c24c4b344198d9d5abcdf597519,23a16d69ffe848d593a4808907d8aa98,0.9091992378234863
37c59c24c4b344198d9d5abcdf597519,f1c9c5051bdd4a11a064260bbb9d6d7b,0.8997001051902771
37c59c24c4b344198d9d5abcdf597519,444fa28d9ed54c82a522699041eae592,0.8981562256813049
37c59c24c4b344198d9d5abcdf597519,eb21a4e2b7bd43efbdf0c365415e7fef,0.8961759805679321
37c59c24c4b344198d9d5abcdf597519,be8953cc364d46cebbcc2c2da2c348ab,0.8932249546051025
37c59c24c4b344198d9d5abcdf597519,714e47cd21e5416f864a4bc938850a72,0.8899039030075073
37c59c24c4b344198d9d5abcdf597519,f12e9e5805534d719f829332d1ea5d29,0.8898480534553528
37c59c24c4b344198d9d5abcdf597519,403835bbf2f1447188bcc78e062b0028,0.8884083032608032
37c59c24c4b344198d9d5abcdf597519,e12ad1ce8e7940a999b9a4f91a95fab7,0.8879817724227905
70b93f2c45f0428a89fc7fd8ce0b6106,6ea31a945d494834a3d243f1f90af02a,0.9911033511161804
70b93f2c45f0428a89fc7fd8ce0b6106,0cdb0f32850f4585a16de4886462bbe0,0.9302499294281006
70b93f2c45f0428a89fc7fd8ce0b6106,1f3cf50fe1f947d8a56e02ebca441c4c,0.9211058020591736
70b93f2c45f0428a89fc7fd8ce0b6106,daed5458403e49e3aea72f4bcc6dd224,0.9161538481712341
70b93f2c45f0428a89fc7fd8ce0b6106,aa082284f9894b5aa210c179d59999b1,0.9153907895088196
70b93f2c45f0428a89fc7fd8ce0b6106,41e657daa20545a588584578bdb4101c,0.9138779640197754
70b93f2c45f0428a89fc7fd8ce0b6106,1d70bc69b2f84bef9aa5fb0d9917e38d,0.9100693464279175
70b93f2c45f0428a89fc7fd8ce0b6106,097f2ce3b88c4d008488b9908076497e,0.9057940244674683
70b93f2c45f0428a89fc7fd8ce0b6106,ccb62901750b4d13a922fc161b607f83,0.9051381349563599
70b93f2c45f0428a89fc7fd8ce0b6106,ff171f0b29974f78b0e81fee30abdd38,0.9044185280799866
b1b978d0d5a04bd69d56ef30d2af57e3,0971af4212484a958eb0f60f93d1dfe0,0.9223103523254395
b1b978d0d5a04bd69d56ef30d2af57e3,b0d2e6c4b2384950b3696c4414870282,0.9134277701377869
b1b978d0d5a04bd69d56ef30d2af57e3,cc243eebbb2b44a581745865a60c423a,0.9108166694641113
b1b978d0d5a04bd69d56ef30d2af57e3,1f9cd7f2b7a14e2f8d490a104a56edcd,0.9107723832130432
b1b978d0d5a04bd69d56ef30d2af57e3,41e657daa20545a588584578bdb4101c,0.9090156555175781
b1b978d0d5a04bd69d56ef30d2af57e3,f0084465b2e646c9a53d9dc766067d9b,0.9083054661750793
b1b978d0d5a04bd69d56ef30d2af57e3,daed5458403e49e3aea72f4bcc6dd224,0.9070121049880981
b1b978d0d5a04bd69d56ef30d2af57e3,d9096650c434432c871effeca9acd5c6,0.9052956104278564
b1b978d0d5a04bd69d56ef30d2af57e3,dd36cc0867b94d55a43b82c1c9a0e95c,0.9051554799079895
b1b978d0d5a04bd69d56ef30d2af57e3,d75a52d716984f318f976bbfc7bee787,0.9031449556350708
c63f586816974c308053ab40652e867f,0971af4212484a958eb0f60f93d1dfe0,0.9310789108276367
c63f586816974c308053ab40652e867f,cc243eebbb2b44a581745865a60c423a,0.911191463470459
c63f586816974c308053ab40652e867f,41e657daa20545a588584578bdb4101c,0.9110305905342102
c63f586816974c308053ab40652e867f,5abf57d57d84440e94d0d2e2ffb37575,0.910683274269104
c63f586816974c308053ab40652e867f,70558882c04e46bd99d15e9786468418,0.9087491631507874
c63f586816974c308053ab40652e867f,f0084465b2e646c9a53d9dc766067d9b,0.9085623025894165
c63f586816974c308053ab40652e867f,daed5458403e49e3aea72f4bcc6dd224,0.9083709716796875
c63f586816974c308053ab40652e867f,b0d2e6c4b2384950b3696c4414870282,0.9059823751449585
c63f586816974c308053ab40652e867f,1f9cd7f2b7a14e2f8d490a104a56edcd,0.9053453207015991
c63f586816974c308053ab40652e867f,02a3cd76ce534d188b4d5ac4778bd652,0.9045515656471252
6ea9898485944849b1119856b900eee9,eb21a4e2b7bd43efbdf0c365415e7fef,0.9252744913101196
6ea9898485944849b1119856b900eee9,b3209c60460a437294e2b30a9e9d3f53,0.9086126685142517
6ea9898485944849b1119856b900eee9,1232f20e710b448e8c0538b9e84dab1c,0.9051872491836548
6ea9898485944849b1119856b900eee9,90b560de76b149c09c7cd6efb3f12cfd,0.9014763832092285
6ea9898485944849b1119856b900eee9,bcfa4a4177d44d8b8cda17b7a23196b0,0.9003322124481201
6ea9898485944849b1119856b900eee9,99a52c93a3304ec18dab9206f98f2a8b,0.8968173265457153
6ea9898485944849b1119856b900eee9,7627d5e28ba74cbeaf9225e88a7a44cc,0.894635796546936
6ea9898485944849b1119856b900eee9,8d595c7da42545c88052e7b213b6c97c,0.8915703296661377
6ea9898485944849b1119856b900eee9,f12e9e5805534d719f829332d1ea5d29,0.8904428482055664
6ea9898485944849b1119856b900eee9,0592b57e490d4206a3f12eb004a0afe0,0.8897846937179565
e3fbe9aa3f674b32824114cc216c78ae,a5365055a36a4ec1bf5b0ce2ef949a35,0.9571986198425293
e3fbe9aa3f674b32824114cc216c78ae,3b7d56c26da14b3a9b1cd52b5b35891b,0.8435544967651367
e3fbe9aa3f674b32824114cc216c78ae,9aca522158f443fd8a9caaec38ae5e2c,0.841992974281311
e3fbe9aa3f674b32824114cc216c78ae,c3a741d302d94ee294bb6e4090fd2da9,0.8399430513381958
e3fbe9aa3f674b32824114cc216c78ae,e8f18e4bdf054390a1768978dca8e430,0.8376864194869995
e3fbe9aa3f674b32824114cc216c78ae,56272326c7e94e419ea8c69fb634f610,0.8333877325057983
e3fbe9aa3f674b32824114cc216c78ae,e511c40ca6324803b5021e47b4e777f8,0.8323060870170593
e3fbe9aa3f674b32824114cc216c78ae,b0d2e6c4b2384950b3696c4414870282,0.8277879953384399
e3fbe9aa3f674b32824114cc216c78ae,36ee1613abf245cdbe93fef69b5f981f,0.8273172378540039
e3fbe9aa3f674b32824114cc216c78ae,da61d9bc8f024a4aba18d5c3072b7838,0.8263473510742188
db1e964f321c4227b0b29f870ee1f47e,8dfbb6a204a0441492c35baca6190969,0.8808119297027588
db1e964f321c4227b0b29f870ee1f47e,f69dcaceb6074ddebfe1dc7e5978fcff,0.8788175582885742
db1e964f321c4227b0b29f870ee1f47e,2ece45504eff42469c104dc2a2d03caf,0.8736333847045898
db1e964f321c4227b0b29f870ee1f47e,31cf7db26a3249c5a6205b005662ddcf,0.8716615438461304
db1e964f321c4227b0b29f870ee1f47e,5e44915237fc4445b54b037e1c4e29a4,0.8702319860458374
db1e964f321c4227b0b29f870ee1f47e,6b7b5d28293d4a5a8075f7f7dd231ddb,0.8693118095397949
db1e964f321c4227b0b29f870ee1f47e,590df34aa41f46e9ad13ffc6a98da3b7,0.8666242361068726
db1e964f321c4227b0b29f870ee1f47e,df5ca61304074da1bec8f536ab50baf3,0.8659884333610535
db1e964f321c4227b0b29f870ee1f47e,43ee0103cba54b4e9d165717735ca0f6,0.8652341365814209
db1e964f321c4227b0b29f870ee1f47e,17b5eb6fab65476f827dd355b4a20a55,0.8641515970230103
8b132fbf58574d90aa4cf5ddc704b658,f69dcaceb6074ddebfe1dc7e5978fcff,0.9283456206321716
8b132fbf58574d90aa4cf5ddc704b658,e96fae6d607246b18b8494aabe521036,0.9081730842590332
8b132fbf58574d90aa4cf5ddc704b658,c1d504dfeded4b8bb3c07777b7c7abde,0.9073913097381592
8b132fbf58574d90aa4cf5ddc704b658,9c69642fab6749848e7ea7f5406a6da4,0.9020622372627258
8b132fbf58574d90aa4cf5ddc704b658,daed5458403e49e3aea72f4bcc6dd224,0.9020028114318848
8b132fbf58574d90aa4cf5ddc704b658,f0084465b2e646c9a53d9dc766067d9b,0.9011698365211487
8b132fbf58574d90aa4cf5ddc704b658,29088685e31a4d86b60b514e98117361,0.8991951942443848
8b132fbf58574d90aa4cf5ddc704b658,1f3cf50fe1f947d8a56e02ebca441c4c,0.8964239358901978
8b132fbf58574d90aa4cf5ddc704b658,67dd23cfd20f46dc82acc82c108a1dc6,0.8954171538352966
8b132fbf58574d90aa4cf5ddc704b658,31cf7db26a3249c5a6205b005662ddcf,0.8948960900306702
8cb387b1679843169efe77577286098c,ffc5805e29a74be0a55b40318aa321d7,0.9712011814117432
8cb387b1679843169efe77577286098c,52ee59901f3b4de884d7a6720538aed6,0.9277357459068298
8cb387b1679843169efe77577286098c,250d411ae270441085be3501b7b55d86,0.92762291431427
8cb387b1679843169efe77577286098c,99830b8da7c24f909914f7bb167f3ea6,0.9239774942398071
8cb387b1679843169efe77577286098c,34b736136487439389c10cc6bd4e9f4e,0.9224389791488647
8cb387b1679843169efe77577286098c,23a16d69ffe848d593a4808907d8aa98,0.9195277690887451
8cb387b1679843169efe77577286098c,9bf3b77eb9874f5f9e006a9cff111ea9,0.9151724576950073
8cb387b1679843169efe77577286098c,0092d1d820c64646b8bee9fd14f77acf,0.913845956325531
8cb387b1679843169efe77577286098c,c84deec0ecf843c39f52d4cb8e7300f8,0.9129281044006348
8cb387b1679843169efe77577286098c,2c3599a1611644f4908562f8fb8870d3,0.9126641750335693
bd22a678c6cc469fbcd9725604a12326,ffc5805e29a74be0a55b40318aa321d7,0.9725289940834045
bd22a678c6cc469fbcd9725604a12326,c84deec0ecf843c39f52d4cb8e7300f8,0.9228948354721069
bd22a678c6cc469fbcd9725604a12326,77cecb221149474896d9b2eb848bf150,0.9227901697158813
bd22a678c6cc469fbcd9725604a12326,250d411ae270441085be3501b7b55d86,0.9225037097930908
bd22a678c6cc469fbcd9725604a12326,23a16d69ffe848d593a4808907d8aa98,0.9222255945205688
bd22a678c6cc469fbcd9725604a12326,52ee59901f3b4de884d7a6720538aed6,0.9209578633308411
bd22a678c6cc469fbcd9725604a12326,34b736136487439389c10cc6bd4e9f4e,0.9191635251045227
bd22a678c6cc469fbcd9725604a12326,9bf3b77eb9874f5f9e006a9cff111ea9,0.9127459526062012
bd22a678c6cc469fbcd9725604a12326,ad054da7e1704a53931a341173f0605f,0.911110520362854
bd22a678c6cc469fbcd9725604a12326,93dc50abd35349f7923100dca2f41002,0.9107697606086731
ee15d39bccb6404eb47fcb884d906454,bc607fd6000b43108e49b3d05688fe90,0.9625086784362793
ee15d39bccb6404eb47fcb884d906454,f5d09519cf7647f8a107cd8fadd322e5,0.9178890585899353
ee15d39bccb6404eb47fcb884d906454,3e6a4b65a1004c08a6f3f570cf986c2f,0.8828779458999634
ee15d39bccb6404eb47fcb884d906454,ab57f83304bc4005998bbd6bc063fb4f,0.8672717809677124
ee15d39bccb6404eb47fcb884d906454,d7c9dafddaf547159d366dacf7b68a7e,0.8518931865692139
ee15d39bccb6404eb47fcb884d906454,ce4fdd5499f8498793c11e586f7da70c,0.8402730226516724
ee15d39bccb6404eb47fcb884d906454,7d0190486da540718e4dc4ca4bd1f573,0.8378496170043945
ee15d39bccb6404eb47fcb884d906454,11e1e3cdfe214385a2c24d0f957dde9b,0.8374887704849243
ee15d39bccb6404eb47fcb884d906454,eee7f32249c5452ea36c8ed3a3540010,0.8348265886306763
ee15d39bccb6404eb47fcb884d906454,563043f180e54e238ad4876974e5db4c,0.8322420120239258
ccb86f144be341ac9a6ff07647fc1e2f,31cf7db26a3249c5a6205b005662ddcf,0.9432337880134583
ccb86f144be341ac9a6ff07647fc1e2f,23199e1859544647893a97ea365c5c83,0.9090023040771484
ccb86f144be341ac9a6ff07647fc1e2f,211ef3181e524685866fb8574d9bf456,0.9063639044761658
ccb86f144be341ac9a6ff07647fc1e2f,7627d5e28ba74cbeaf9225e88a7a44cc,0.9061007499694824
ccb86f144be341ac9a6ff07647fc1e2f,b77d8b7bb0114c379139d280a9210e83,0.9054629802703857
ccb86f144be341ac9a6ff07647fc1e2f,dee9eddb2eac41bfaf36d3279d43674a,0.9002168774604797
ccb86f144be341ac9a6ff07647fc1e2f,c1d504dfeded4b8bb3c07777b7c7abde,0.8987704515457153
ccb86f144be341ac9a6ff07647fc1e2f,43ee0103cba54b4e9d165717735ca0f6,0.8959431648254395
ccb86f144be341ac9a6ff07647fc1e2f,590df34aa41f46e9ad13ffc6a98da3b7,0.8936837315559387
ccb86f144be341ac9a6ff07647fc1e2f,17b5eb6fab65476f827dd355b4a20a55,0.8930314779281616
de734ca5438c4b22a9e1d7e170c3c57c,7e8a4a43e2f84dbb88e41cb24b3fe79f,0.8936713933944702
de734ca5438c4b22a9e1d7e170c3c57c,c84deec0ecf843c39f52d4cb8e7300f8,0.8859716653823853
de734ca5438c4b22a9e1d7e170c3c57c,eee7f32249c5452ea36c8ed3a3540010,0.8844598531723022
de734ca5438c4b22a9e1d7e170c3c57c,250d411ae270441085be3501b7b55d86,0.8806651830673218
de734ca5438c4b22a9e1d7e170c3c57c,5605fa1188974644937bbf92fec50e21,0.8794870376586914
de734ca5438c4b22a9e1d7e170c3c57c,eff24b01b2f5428baa4c3fef6cb40d41,0.8722952008247375
de734ca5438c4b22a9e1d7e170c3c57c,75801225047a4c019100660c13f1e0f1,0.8718863725662231
de734ca5438c4b22a9e1d7e170c3c57c,0bd1cce9370a461089e25393086800a8,0.8705816864967346
de734ca5438c4b22a9e1d7e170c3c57c,342aaa81ed004635bbf9cbc2592cd7b6,0.8703569173812866
de734ca5438c4b22a9e1d7e170c3c57c,7d0190486da540718e4dc4ca4bd1f573,0.8701576590538025
1b14bef50f7c4e24afcc755f17cc10df,174581fc299840e18e827432c0cce4dc,0.8955087661743164
1b14bef50f7c4e24afcc755f17cc10df,22d9d5ad33e947fd857c5c4a8b7dfae1,0.8890495300292969
1b14bef50f7c4e24afcc755f17cc10df,7d0190486da540718e4dc4ca4bd1f573,0.8869138956069946
1b14bef50f7c4e24afcc755f17cc10df,df0c94234d9d4890b5b4b95c441b3e9a,0.884339451789856
1b14bef50f7c4e24afcc755f17cc10df,0bd1cce9370a461089e25393086800a8,0.8827729225158691
1b14bef50f7c4e24afcc755f17cc10df,db0c3a952e454b90aa4a68feb6a50e87,0.881664514541626
1b14bef50f7c4e24afcc755f17cc10df,30f654c6e69e48888f9f42dd95ab3c77,0.8793365955352783
1b14bef50f7c4e24afcc755f17cc10df,ad42c467d0fe43dbb328073f9a16bc4d,0.8783318996429443
1b14bef50f7c4e24afcc755f17cc10df,7d6cdff8c9ac434196df803628fe9f62,0.8765018582344055
1b14bef50f7c4e24afcc755f17cc10df,0092d1d820c64646b8bee9fd14f77acf,0.8762531876564026
18283806841d46c39db8e7fd20713c52,36472797459c462e910846109fa624fc,0.88211989402771
18283806841d46c39db8e7fd20713c52,a5365055a36a4ec1bf5b0ce2ef949a35,0.8484705686569214
18283806841d46c39db8e7fd20713c52,00e9d4081c2f45d1a818bfeab099863a,0.8382304906845093
18283806841d46c39db8e7fd20713c52,36ee1613abf245cdbe93fef69b5f981f,0.8259156346321106
18283806841d46c39db8e7fd20713c52,597aab8bb15240f89fd1b24a8e38258d,0.8239389657974243
18283806841d46c39db8e7fd20713c52,9db7d32d79024ba6a73c55fde6f55968,0.8143335580825806
18283806841d46c39db8e7fd20713c52,0d0973762130427eaa2ce9a7a34517db,0.8125442266464233
18283806841d46c39db8e7fd20713c52,86f59bd78b424260b0cf356f2f9ae734,0.8107563257217407
18283806841d46c39db8e7fd20713c52,5b588e34588940788a22036b775ecc2f,0.8034119606018066
18283806841d46c39db8e7fd20713c52,d7618b61a65a4bc1a0d0f2cc1bddc448,0.8021928668022156
5e304e02eba04f73a50005680ad397d9,36472797459c462e910846109fa624fc,0.9198307991027832
5e304e02eba04f73a50005680ad397d9,a5365055a36a4ec1bf5b0ce2ef949a35,0.8498335480690002
5e304e02eba04f73a50005680ad397d9,36ee1613abf245cdbe93fef69b5f981f,0.813232421875
5e304e02eba04f73a50005680ad397d9,c24e3823376b436c8eb46eaeebbc7718,0.8104043006896973
5e304e02eba04f73a50005680ad397d9,00e9d4081c2f45d1a818bfeab099863a,0.8057949542999268
5e304e02eba04f73a50005680ad397d9,d7618b61a65a4bc1a0d0f2cc1bddc448,0.8034151792526245
5e304e02eba04f73a50005680ad397d9,5b588e34588940788a22036b775ecc2f,0.8022735118865967
5e304e02eba04f73a50005680ad397d9,9db7d32d79024ba6a73c55fde6f55968,0.8010571599006653
5e304e02eba04f73a50005680ad397d9,37ae696e40dd42ebb4738722daa3c523,0.7977546453475952
5e304e02eba04f73a50005680ad397d9,86f59bd78b424260b0cf356f2f9ae734,0.7926633954048157
17746de5e371420092452c78a59017b4,7879fa4d4db046a2a8d195311b6e5789,0.9095925092697144
17746de5e371420092452c78a59017b4,88353d1136d24836816b073de62e5f50,0.9028363227844238
17746de5e371420092452c78a59017b4,59f62d35b1ad451397b700b3dad25448,0.9009125232696533
17746de5e371420092452c78a59017b4,f69855cdf66d4f6887ecfd0ddb9014b5,0.8925350308418274
17746de5e371420092452c78a59017b4,5cfb876eeb4f410aa1282cc279f0e546,0.8907142877578735
17746de5e371420092452c78a59017b4,0842a796c09b4089933a4f27e4e5e3bc,0.8883079290390015
17746de5e371420092452c78a59017b4,4a7fa5a1bafe4b6995e2920444ac07c4,0.8877375721931458
17746de5e371420092452c78a59017b4,bbdf9065122d499d9d8f80ad3e0ef6f3,0.8863967657089233
17746de5e371420092452c78a59017b4,1419b2c686f44896a0ae2a43e93b5402,0.8851743936538696
17746de5e371420092452c78a59017b4,0daf8d5687b54d158f7f752884c42334,0.8837137222290039
496cf23a51bc496da75e8ef2f4847bd2,bb84a4cf60c84a8d8e23276b1863d293,0.9214290380477905
496cf23a51bc496da75e8ef2f4847bd2,e22e1ad3c1fc4493bcb7c9b923566ff7,0.8561123609542847
496cf23a51bc496da75e8ef2f4847bd2,b585a2970e9f421da236241f603883f2,0.8533895611763
496cf23a51bc496da75e8ef2f4847bd2,36ee1613abf245cdbe93fef69b5f981f,0.851130485534668
496cf23a51bc496da75e8ef2f4847bd2,fb8c2b83e46441c2aaa7c81d3642e2da,0.8457978963851929
496cf23a51bc496da75e8ef2f4847bd2,8fdee0611965465eb45387b8c39f4136,0.845525324344635
496cf23a51bc496da75e8ef2f4847bd2,7bbe3c76bcc04d73969f920d43fcc67d,0.8439573049545288
496cf23a51bc496da75e8ef2f4847bd2,47eb17da319d440aa52da8008c26327a,0.8412050008773804
496cf23a51bc496da75e8ef2f4847bd2,5c8a8b7a59c54b9aa7b7136fd91b5869,0.8404430150985718
496cf23a51bc496da75e8ef2f4847bd2,86f59bd78b424260b0cf356f2f9ae734,0.8392793536186218
62d8c95fb6f24a1db3cd303bb5b85396,f69855cdf66d4f6887ecfd0ddb9014b5,0.9190081357955933
62d8c95fb6f24a1db3cd303bb5b85396,5cfb876eeb4f410aa1282cc279f0e546,0.9128532409667969
62d8c95fb6f24a1db3cd303bb5b85396,88353d1136d24836816b073de62e5f50,0.9096431732177734
62d8c95fb6f24a1db3cd303bb5b85396,2b3ecf8be2b242f3b8a1e714390749fb,0.9092609882354736
62d8c95fb6f24a1db3cd303bb5b85396,0daf8d5687b54d158f7f752884c42334,0.9073836803436279
62d8c95fb6f24a1db3cd303bb5b85396,59f62d35b1ad451397b700b3dad25448,0.9071469306945801
62d8c95fb6f24a1db3cd303bb5b85396,35c5a560ecdc4d6a9d20f057ed1fa0e6,0.9064732789993286
62d8c95fb6f24a1db3cd303bb5b85396,4a7fa5a1bafe4b6995e2920444ac07c4,0.9046183824539185
62d8c95fb6f24a1db3cd303bb5b85396,7879fa4d4db046a2a8d195311b6e5789,0.9003670811653137
62d8c95fb6f24a1db3cd303bb5b85396,ee7c00877ae64dac87123a3d75251530,0.8996258974075317
fa8048c81669437cb087918eab24b02b,be42a43f5186434db4f2815f768a9991,0.9450100064277649
fa8048c81669437cb087918eab24b02b,74bd120b8f714d03bc9dd1a703fe4d7f,0.8911657929420471
fa8048c81669437cb087918eab24b02b,1c2b01416e3943e3b3c575e53c3f1d16,0.8812012672424316
fa8048c81669437cb087918eab24b02b,c4b9d7a8d5d342459d2282589b3af293,0.8767101764678955
fa8048c81669437cb087918eab24b02b,d60986f4025d443ea58adba0e3d224a1,0.8747847080230713
fa8048c81669437cb087918eab24b02b,93dc50abd35349f7923100dca2f41002,0.8705878257751465
fa8048c81669437cb087918eab24b02b,eafb3480db704d7baa8216ce857d1610,0.8703919649124146
fa8048c81669437cb087918eab24b02b,19098957d8c24cab95daa30c2baefd8f,0.8670271039009094
fa8048c81669437cb087918eab24b02b,e9428816b054499298745b742f128f65,0.8627103567123413
fa8048c81669437cb087918eab24b02b,b9228fdb5f0c413d81cffb51829d95c6,0.860305666923523
b7d522798dc7498da4a40704cbb65a53,bb5c7d03a54647d08b8c62deeb803271,0.9815651178359985
b7d522798dc7498da4a40704cbb65a53,097c30a7f39a4a3abf6da2ca80cad3a5,0.890026330947876
b7d522798dc7498da4a40704cbb65a53,0f785440b29548e1a1968868262fd42e,0.8700008392333984
b7d522798dc7498da4a40704cbb65a53,097f2ce3b88c4d008488b9908076497e,0.8630971312522888
b7d522798dc7498da4a40704cbb65a53,1d70bc69b2f84bef9aa5fb0d9917e38d,0.8617876768112183
b7d522798dc7498da4a40704cbb65a53,3574ab91c29940b3afc62354ae06b73b,0.85593581199646
b7d522798dc7498da4a40704cbb65a53,f464960d2dbc43c0970c60600bd7f1cd,0.8531063795089722
b7d522798dc7498da4a40704cbb65a53,19098957d8c24cab95daa30c2baefd8f,0.8524331450462341
b7d522798dc7498da4a40704cbb65a53,eafb3480db704d7baa8216ce857d1610,0.8520342111587524
b7d522798dc7498da4a40704cbb65a53,8fca2e4873e946f7a788af2b846cebd7,0.8506855964660645
23701e1499d04d6f890fffb1a8d95746,bb5c7d03a54647d08b8c62deeb803271,0.9812229871749878
23701e1499d04d6f890fffb1a8d95746,097c30a7f39a4a3abf6da2ca80cad3a5,0.8987811803817749
23701e1499d04d6f890fffb1a8d95746,0f785440b29548e1a1968868262fd42e,0.8822239637374878
23701e1499d04d6f890fffb1a8d95746,097f2ce3b88c4d008488b9908076497e,0.8711904287338257
23701e1499d04d6f890fffb1a8d95746,1d70bc69b2f84bef9aa5fb0d9917e38d,0.8697656989097595
23701e1499d04d6f890fffb1a8d95746,3574ab91c29940b3afc62354ae06b73b,0.8658590316772461
23701e1499d04d6f890fffb1a8d95746,f464960d2dbc43c0970c60600bd7f1cd,0.8629059791564941
23701e1499d04d6f890fffb1a8d95746,8fca2e4873e946f7a788af2b846cebd7,0.8596799373626709
23701e1499d04d6f890fffb1a8d95746,19098957d8c24cab95daa30c2baefd8f,0.8589997291564941
23701e1499d04d6f890fffb1a8d95746,26b18153216b48d793b75598ddb54d77,0.8588392734527588
d8e490c2dc4e457291f1e7bb4ca941f2,be42a43f5186434db4f2815f768a9991,0.9438834190368652
d8e490c2dc4e457291f1e7bb4ca941f2,c4b9d7a8d5d342459d2282589b3af293,0.8907599449157715
d8e490c2dc4e457291f1e7bb4ca941f2,93dc50abd35349f7923100dca2f41002,0.8871421813964844
d8e490c2dc4e457291f1e7bb4ca941f2,74bd120b8f714d03bc9dd1a703fe4d7f,0.8867900371551514
d8e490c2dc4e457291f1e7bb4ca941f2,1c2b01416e3943e3b3c575e53c3f1d16,0.8864433169364929
d8e490c2dc4e457291f1e7bb4ca941f2,19098957d8c24cab95daa30c2baefd8f,0.8843199014663696
d8e490c2dc4e457291f1e7bb4ca941f2,6c874292dbcc49ff8bb8bbe5643593a5,0.8839004039764404
d8e490c2dc4e457291f1e7bb4ca941f2,eb21a4e2b7bd43efbdf0c365415e7fef,0.8824722766876221
d8e490c2dc4e457291f1e7bb4ca941f2,bf789f42ccfc42c5a330a3f6e30ddb83,0.8823530077934265
d8e490c2dc4e457291f1e7bb4ca941f2,0592b57e490d4206a3f12eb004a0afe0,0.8795680999755859
e2c006dd97304dc5b599c8334ea91da4,f69bf682935e47e1b4c72d237becd13a,0.9332557320594788
e2c006dd97304dc5b599c8334ea91da4,c14e45f5201b4038bdddddb238d888a3,0.8904956579208374
e2c006dd97304dc5b599c8334ea91da4,3356a8a8c6ee4f30bc2b028e360d4471,0.8871497511863708
e2c006dd97304dc5b599c8334ea91da4,f59a3ee5387440d981754b6595e8664c,0.8853181600570679
e2c006dd97304dc5b599c8334ea91da4,5f481b07f9734f518a14853831233b78,0.8851115703582764
e2c006dd97304dc5b599c8334ea91da4,64d9091426f9461c97c98a5428856bcf,0.8802244663238525
e2c006dd97304dc5b599c8334ea91da4,7d0190486da540718e4dc4ca4bd1f573,0.8802196383476257
e2c006dd97304dc5b599c8334ea91da4,c65af18670ea437c8986884645b3afe9,0.8793018460273743
e2c006dd97304dc5b599c8334ea91da4,ad42c467d0fe43dbb328073f9a16bc4d,0.8789627552032471
e2c006dd97304dc5b599c8334ea91da4,e12ad1ce8e7940a999b9a4f91a95fab7,0.8785576820373535
180a003741a9400fb647528c1b5bcccf,42b6af4853fc465f83ec054f8f8289a4,0.9572168588638306
180a003741a9400fb647528c1b5bcccf,9bf3b77eb9874f5f9e006a9cff111ea9,0.8961735367774963
180a003741a9400fb647528c1b5bcccf,b277101390e1465685ef79bf3519f8d7,0.888113796710968
180a003741a9400fb647528c1b5bcccf,b0d2e6c4b2384950b3696c4414870282,0.8880645632743835
180a003741a9400fb647528c1b5bcccf,19593c97fef0474dbe6051e28338f1e9,0.8861402273178101
180a003741a9400fb647528c1b5bcccf,15b7b988bba143989cfd98d5c6c4d203,0.8816460967063904
180a003741a9400fb647528c1b5bcccf,211ef3181e524685866fb8574d9bf456,0.8784918785095215
180a003741a9400fb647528c1b5bcccf,a9573f188204436090fb4a5240e4eccd,0.8774998188018799
180a003741a9400fb647528c1b5bcccf,66cba49431224a3788f914d6a80165e1,0.8774867653846741
180a003741a9400fb647528c1b5bcccf,d75a52d716984f318f976bbfc7bee787,0.8771178722381592
d9c92c59d5aa4726b77e009485c2ea31,42b6af4853fc465f83ec054f8f8289a4,0.9803332686424255
d9c92c59d5aa4726b77e009485c2ea31,9bf3b77eb9874f5f9e006a9cff111ea9,0.8935675024986267
d9c92c59d5aa4726b77e009485c2ea31,f5b766ea6abe4b5fb27d49cc3bc06020,0.886502206325531
d9c92c59d5aa4726b77e009485c2ea31,033f1514c78b49dd82148b94f6bcbeba,0.8779619932174683
d9c92c59d5aa4726b77e009485c2ea31,b0d2e6c4b2384950b3696c4414870282,0.8765655159950256
d9c92c59d5aa4726b77e009485c2ea31,1ad0cf33e96243888d5f970195a75586,0.8759839534759521
d9c92c59d5aa4726b77e009485c2ea31,f4474150010f4021a4620372062f3797,0.8757596015930176
d9c92c59d5aa4726b77e009485c2ea31,250d411ae270441085be3501b7b55d86,0.8754134774208069
d9c92c59d5aa4726b77e009485c2ea31,211ef3181e524685866fb8574d9bf456,0.8753776550292969
d9c92c59d5aa4726b77e009485c2ea31,d75a52d716984f318f976bbfc7bee787,0.8752955794334412
11ce9ba7b6bc4478a9c51c05eeca19e6,94ed54abfdc74b04b0dcb19c278e66f4,0.9794327616691589
11ce9ba7b6bc4478a9c51c05eeca19e6,1ade4365590a4ac7865100d8c791e340,0.9151624441146851
11ce9ba7b6bc4478a9c51c05eeca19e6,57bcda73abab44ee930b20cdaee9d24b,0.9148827791213989
11ce9ba7b6bc4478a9c51c05eeca19e6,ca5add3cbf044a95a5bec88a5841ce98,0.9116909503936768
11ce9ba7b6bc4478a9c51c05eeca19e6,e0ff5d4ae0ec4871a49041d550cdcaa9,0.9103096723556519
11ce9ba7b6bc4478a9c51c05eeca19e6,a94cb58f1ca8456b96e39b5b1ebfb7ea,0.908035159111023
11ce9ba7b6bc4478a9c51c05eeca19e6,8987ceafff324f9599b842542e37eddd,0.9071311354637146
11ce9ba7b6bc4478a9c51c05eeca19e6,35c5a560ecdc4d6a9d20f057ed1fa0e6,0.9056345224380493
11ce9ba7b6bc4478a9c51c05eeca19e6,f335a944a27a4504a82ecf70c2d4a5e4,0.9054081439971924
11ce9ba7b6bc4478a9c51c05eeca19e6,74de04f31db94a99b757685c91779412,0.9044909477233887
95a503cfa55a48d6a01d293cc25399c0,2d43cf91509846e29ab4febd7781919f,0.983627200126648
95a503cfa55a48d6a01d293cc25399c0,26869cc099c44c4a86f6043476ab4890,0.9114701747894287
95a503cfa55a48d6a01d293cc25399c0,59f62d35b1ad451397b700b3dad25448,0.9102540612220764
95a503cfa55a48d6a01d293cc25399c0,8350ea8cd6514c2c8d7b625abe7e895b,0.9089531898498535
95a503cfa55a48d6a01d293cc25399c0,0b57f893483647c3aed811775a4c4c04,0.9066590666770935
95a503cfa55a48d6a01d293cc25399c0,0daf8d5687b54d158f7f752884c42334,0.906154215335846
95a503cfa55a48d6a01d293cc25399c0,503d2f067a8a4f5798b1c64b07ab0bc5,0.905688464641571
95a503cfa55a48d6a01d293cc25399c0,d695b7afdc3841a28a56df578e56afce,0.9050315618515015
95a503cfa55a48d6a01d293cc25399c0,2f0401170d104b47b0a8f087f69dee88,0.9042230248451233
95a503cfa55a48d6a01d293cc25399c0,8987ceafff324f9599b842542e37eddd,0.9022125005722046
fdd0fecc1fbd4f8da6683ae92d766e3f,94ed54abfdc74b04b0dcb19c278e66f4,0.9815400838851929
fdd0fecc1fbd4f8da6683ae92d766e3f,e0ff5d4ae0ec4871a49041d550cdcaa9,0.9094339609146118
fdd0fecc1fbd4f8da6683ae92d766e3f,57bcda73abab44ee930b20cdaee9d24b,0.9083424806594849
fdd0fecc1fbd4f8da6683ae92d766e3f,a94cb58f1ca8456b96e39b5b1ebfb7ea,0.9059935808181763
fdd0fecc1fbd4f8da6683ae92d766e3f,ca5add3cbf044a95a5bec88a5841ce98,0.9009992480278015
fdd0fecc1fbd4f8da6683ae92d766e3f,74de04f31db94a99b757685c91779412,0.9009625315666199
fdd0fecc1fbd4f8da6683ae92d766e3f,8987ceafff324f9599b842542e37eddd,0.8986800909042358
fdd0fecc1fbd4f8da6683ae92d766e3f,39a08a87897f47d3bdbbdc5ed8c9cd7f,0.8965070247650146
fdd0fecc1fbd4f8da6683ae92d766e3f,41e657daa20545a588584578bdb4101c,0.8963653445243835
fdd0fecc1fbd4f8da6683ae92d766e3f,d9096650c434432c871effeca9acd5c6,0.895973265171051
a63b30ed19774ee7bd8c65b80994011f,2d43cf91509846e29ab4febd7781919f,0.9749737977981567
a63b30ed19774ee7bd8c65b80994011f,9500823cb050427696343b1ea5cf8881,0.9183546900749207
a63b30ed19774ee7bd8c65b80994011f,0daf8d5687b54d158f7f752884c42334,0.9164481163024902
a63b30ed19774ee7bd8c65b80994011f,59f62d35b1ad451397b700b3dad25448,0.9134957790374756
a63b30ed19774ee7bd8c65b80994011f,b585a2970e9f421da236241f603883f2,0.912439227104187
a63b30ed19774ee7bd8c65b80994011f,6866efc8987a4ec8b04b7abd28fb5777,0.9117577075958252
a63b30ed19774ee7bd8c65b80994011f,8350ea8cd6514c2c8d7b625abe7e895b,0.9094309210777283
a63b30ed19774ee7bd8c65b80994011f,26869cc099c44c4a86f6043476ab4890,0.9091705083847046
a63b30ed19774ee7bd8c65b80994011f,d695b7afdc3841a28a56df578e56afce,0.9087520837783813
a63b30ed19774ee7bd8c65b80994011f,2f0401170d104b47b0a8f087f69dee88,0.9061108827590942
b7ee6050d7ff433da190380cbf6c568b,55c0b899937042c98162389b209aca7f,0.9765985012054443
b7ee6050d7ff433da190380cbf6c568b,f12e9e5805534d719f829332d1ea5d29,0.8902961015701294
b7ee6050d7ff433da190380cbf6c568b,b3209c60460a437294e2b30a9e9d3f53,0.8825982809066772
b7ee6050d7ff433da190380cbf6c568b,eb21a4e2b7bd43efbdf0c365415e7fef,0.8818849921226501
b7ee6050d7ff433da190380cbf6c568b,0592b57e490d4206a3f12eb004a0afe0,0.8811637759208679
b7ee6050d7ff433da190380cbf6c568b,6f57d1175ad243edada61643d01fcd54,0.8798255920410156
b7ee6050d7ff433da190380cbf6c568b,25109e3a7df549e5b380aae716d71366,0.8746867179870605
b7ee6050d7ff433da190380cbf6c568b,444fa28d9ed54c82a522699041eae592,0.8738263845443726
b7ee6050d7ff433da190380cbf6c568b,643fbbdd6b764ba9904a4ee67a86b9fd,0.8720215559005737
b7ee6050d7ff433da190380cbf6c568b,fbfaa119f55a477984e42d80498f54d3,0.8681463003158569
9f79b85612a8457c9560f5188ba8de80,9094e936e13641cc9bfcc7dc1408d86e,0.9067186117172241
9f79b85612a8457c9560f5188ba8de80,3f1c2bb09c4e4400b6ba19542fafce18,0.9053319692611694
9f79b85612a8457c9560f5188ba8de80,19593c97fef0474dbe6051e28338f1e9,0.8991761207580566
9f79b85612a8457c9560f5188ba8de80,e343a998f4df4ac195c84e0fb571a393,0.8969762325286865
9f79b85612a8457c9560f5188ba8de80,ed4449952a9e45339b76fc5f123cb917,0.8958436250686646
9f79b85612a8457c9560f5188ba8de80,c84deec0ecf843c39f52d4cb8e7300f8,0.8930221796035767
9f79b85612a8457c9560f5188ba8de80,5760084aabef4d8095b2d21902151f64,0.8923853039741516
9f79b85612a8457c9560f5188ba8de80,cb75c6ef71cb4991805920f2894e0e96,0.8911809921264648
9f79b85612a8457c9560f5188ba8de80,79721c9bb6a54ecdb3d0a0f4011762c1,0.8882415294647217
9f79b85612a8457c9560f5188ba8de80,b277101390e1465685ef79bf3519f8d7,0.888058066368103
92842816932b4cedaf43f4075a7295f8,ad054da7e1704a53931a341173f0605f,0.9194374084472656
92842816932b4cedaf43f4075a7295f8,c750a2994555414790abb3281572bb42,0.9136267900466919
92842816932b4cedaf43f4075a7295f8,b585a2970e9f421da236241f603883f2,0.9128140211105347
92842816932b4cedaf43f4075a7295f8,9bf3b77eb9874f5f9e006a9cff111ea9,0.9117158651351929
92842816932b4cedaf43f4075a7295f8,82d68ea370f8451aa16ea08f4601245c,0.9082673788070679
92842816932b4cedaf43f4075a7295f8,99830b8da7c24f909914f7bb167f3ea6,0.9073432683944702
92842816932b4cedaf43f4075a7295f8,0971af4212484a958eb0f60f93d1dfe0,0.9055724143981934
92842816932b4cedaf43f4075a7295f8,77cecb221149474896d9b2eb848bf150,0.9048806428909302
92842816932b4cedaf43f4075a7295f8,250d411ae270441085be3501b7b55d86,0.9044802188873291
92842816932b4cedaf43f4075a7295f8,79721c9bb6a54ecdb3d0a0f4011762c1,0.9042477607727051
0ba88aef47574c8397c6bafc945b9a6d,7daa434073604cb98a04fefb55468dda,0.9750441312789917
0ba88aef47574c8397c6bafc945b9a6d,7dd5e88dfdd24cafab2c765939757354,0.8995925188064575
0ba88aef47574c8397c6bafc945b9a6d,434551fdf9e443ed91679a9557ae6fd5,0.8978939652442932
0ba88aef47574c8397c6bafc945b9a6d,eb21a4e2b7bd43efbdf0c365415e7fef,0.892770528793335
0ba88aef47574c8397c6bafc945b9a6d,0c889c151e094b948c13b0275e660a9c,0.8892109990119934
0ba88aef47574c8397c6bafc945b9a6d,6b4676aba2a746b3ab778315afc8ee82,0.8848117589950562
0ba88aef47574c8397c6bafc945b9a6d,26869cc099c44c4a86f6043476ab4890,0.8843075633049011
0ba88aef47574c8397c6bafc945b9a6d,d658e3a743af41899183fecff6b2628d,0.883562445640564
0ba88aef47574c8397c6bafc945b9a6d,19a124c6dad14a4fa7864463b081009c,0.8834406733512878
0ba88aef47574c8397c6bafc945b9a6d,dd36cc0867b94d55a43b82c1c9a0e95c,0.8828046917915344
908bfd5077a44b398cdda1f6b068ef55,7daa434073604cb98a04fefb55468dda,0.959633469581604
908bfd5077a44b398cdda1f6b068ef55,dd36cc0867b94d55a43b82c1c9a0e95c,0.8899614214897156
908bfd5077a44b398cdda1f6b068ef55,eb21a4e2b7bd43efbdf0c365415e7fef,0.8871012926101685
908bfd5077a44b398cdda1f6b068ef55,0c889c151e094b948c13b0275e660a9c,0.8855571150779724
908bfd5077a44b398cdda1f6b068ef55,26869cc099c44c4a86f6043476ab4890,0.8844619393348694
908bfd5077a44b398cdda1f6b068ef55,434551fdf9e443ed91679a9557ae6fd5,0.8841251730918884
908bfd5077a44b398cdda1f6b068ef55,7e190e3c05d74e6b9f103e39142c1684,0.8831284046173096
908bfd5077a44b398cdda1f6b068ef55,f1c9c5051bdd4a11a064260bbb9d6d7b,0.8826829195022583
908bfd5077a44b398cdda1f6b068ef55,be8953cc364d46cebbcc2c2da2c348ab,0.8799121975898743
908bfd5077a44b398cdda1f6b068ef55,feb980ae999948ce9be0266b4ddc048d,0.8797138333320618
a165443e0d954522807ce0ab172fcdc5,361f2b7f3f044907b3a331872fb18755,0.9432685375213623
a165443e0d954522807ce0ab172fcdc5,5e44915237fc4445b54b037e1c4e29a4,0.9083026051521301
a165443e0d954522807ce0ab172fcdc5,b2bcb4d9456c4763a0159ffd1f3660bb,0.8957851529121399
a165443e0d954522807ce0ab172fcdc5,30f654c6e69e48888f9f42dd95ab3c77,0.8932675123214722
a165443e0d954522807ce0ab172fcdc5,ad42c467d0fe43dbb328073f9a16bc4d,0.8895015716552734
a165443e0d954522807ce0ab172fcdc5,dd36cc0867b94d55a43b82c1c9a0e95c,0.8867127895355225
a165443e0d954522807ce0ab172fcdc5,6b7b5d28293d4a5a8075f7f7dd231ddb,0.8844687342643738
a165443e0d954522807ce0ab172fcdc5,df5ca61304074da1bec8f536ab50baf3,0.8843476176261902
a165443e0d954522807ce0ab172fcdc5,0cdb0f32850f4585a16de4886462bbe0,0.8840800523757935
a165443e0d954522807ce0ab172fcdc5,e88ce4cd350f43398a5c0ab8629cee72,0.8833639621734619
f9f0efaa4a6142a7919a132744822ef4,dd77b570036f40de9fdf49011bb9e2d8,0.9183648824691772
f9f0efaa4a6142a7919a132744822ef4,7ef653f7e5f64e1b8bba73b9518b87b7,0.9108495712280273
f9f0efaa4a6142a7919a132744822ef4,26869cc099c44c4a86f6043476ab4890,0.8979854583740234
f9f0efaa4a6142a7919a132744822ef4,02a3cd76ce534d188b4d5ac4778bd652,0.889961838722229
f9f0efaa4a6142a7919a132744822ef4,65e52d14d4d64d4fbad3de6ad319e745,0.8841698169708252
f9f0efaa4a6142a7919a132744822ef4,50a2129b83404b94889a01f4688ebafd,0.8827095627784729
f9f0efaa4a6142a7919a132744822ef4,19593c97fef0474dbe6051e28338f1e9,0.8813568353652954
f9f0efaa4a6142a7919a132744822ef4,24c55bb5cd694770ba895c7401da2ba5,0.8805789947509766
f9f0efaa4a6142a7919a132744822ef4,a5d5fb459a1844088e93ae557ab34afe,0.8792349696159363
f9f0efaa4a6142a7919a132744822ef4,b277101390e1465685ef79bf3519f8d7,0.8781594038009644
a1022ebe11dc4f2888d2400773e35559,3aa003c1e31b476e999c3a808a1d5dc6,0.9080612659454346
a1022ebe11dc4f2888d2400773e35559,dd77b570036f40de9fdf49011bb9e2d8,0.9056040048599243
a1022ebe11dc4f2888d2400773e35559,1f9cd7f2b7a14e2f8d490a104a56edcd,0.9029127955436707
a1022ebe11dc4f2888d2400773e35559,2b3ecf8be2b242f3b8a1e714390749fb,0.9020547270774841
a1022ebe11dc4f2888d2400773e35559,c3502ff31ce6459a96164c934f297562,0.9019274711608887
a1022ebe11dc4f2888d2400773e35559,26869cc099c44c4a86f6043476ab4890,0.9017670154571533
a1022ebe11dc4f2888d2400773e35559,79721c9bb6a54ecdb3d0a0f4011762c1,0.9008185267448425
a1022ebe11dc4f2888d2400773e35559,f69855cdf66d4f6887ecfd0ddb9014b5,0.900538444519043
a1022ebe11dc4f2888d2400773e35559,e4e12f4711fd41e39075e26cc274df45,0.9003565311431885
a1022ebe11dc4f2888d2400773e35559,b6c493a3666c4db193e86c79faf099ab,0.8986293077468872
095cc723607c4786bac59694c8e22fac,39a08a87897f47d3bdbbdc5ed8c9cd7f,0.9837440252304077
095cc723607c4786bac59694c8e22fac,02a3cd76ce534d188b4d5ac4778bd652,0.9237027168273926
095cc723607c4786bac59694c8e22fac,35c5a560ecdc4d6a9d20f057ed1fa0e6,0.9001840353012085
095cc723607c4786bac59694c8e22fac,26869cc099c44c4a86f6043476ab4890,0.8964864015579224
095cc723607c4786bac59694c8e22fac,dd77b570036f40de9fdf49011bb9e2d8,0.895767331123352
095cc723607c4786bac59694c8e22fac,d9096650c434432c871effeca9acd5c6,0.8955926895141602
095cc723607c4786bac59694c8e22fac,2b3ecf8be2b242f3b8a1e714390749fb,0.8955583572387695
095cc723607c4786bac59694c8e22fac,a055f8188384479a8bad418f7dffd9a5,0.8940801620483398
095cc723607c4786bac59694c8e22fac,5fc200cab89346658c9c91cce27e85fe,0.8919982314109802
095cc723607c4786bac59694c8e22fac,1ade4365590a4ac7865100d8c791e340,0.8903948068618774
f975925d733d40bd99cdc31b176a5add,26869cc099c44c4a86f6043476ab4890,0.9293429851531982
f975925d733d40bd99cdc31b176a5add,6866efc8987a4ec8b04b7abd28fb5777,0.9077324867248535
f975925d733d40bd99cdc31b176a5add,0daf8d5687b54d158f7f752884c42334,0.9044359922409058
f975925d733d40bd99cdc31b176a5add,4a3d4daed4b24a1898551f0fd1ba44f1,0.9030339121818542
f975925d733d40bd99cdc31b176a5add,2d43cf91509846e29ab4febd7781919f,0.8986556529998779
f975925d733d40bd99cdc31b176a5add,23a16d69ffe848d593a4808907d8aa98,0.8983795642852783
f975925d733d40bd99cdc31b176a5add,19a124c6dad14a4fa7864463b081009c,0.8978875875473022
f975925d733d40bd99cdc31b176a5add,b0236c76ae244fd8aacbea7da10e55ca,0.8973724246025085
f975925d733d40bd99cdc31b176a5add,27a0d24dc1e14b28a1f18456b29c93f1,0.8953640460968018
f975925d733d40bd99cdc31b176a5add,bbdf9065122d499d9d8f80ad3e0ef6f3,0.8948271870613098
f71566d731d04b0fa7d5306ca6d5d1a3,39a08a87897f47d3bdbbdc5ed8c9cd7f,0.9850156903266907
f71566d731d04b0fa7d5306ca6d5d1a3,02a3cd76ce534d188b4d5ac4778bd652,0.9314312934875488
f71566d731d04b0fa7d5306ca6d5d1a3,d9096650c434432c871effeca9acd5c6,0.9177149534225464
f71566d731d04b0fa7d5306ca6d5d1a3,41e657daa20545a588584578bdb4101c,0.9132527112960815
f71566d731d04b0fa7d5306ca6d5d1a3,35c5a560ecdc4d6a9d20f057ed1fa0e6,0.9089747667312622
f71566d731d04b0fa7d5306ca6d5d1a3,dd77b570036f40de9fdf49011bb9e2d8,0.9079070687294006
f71566d731d04b0fa7d5306ca6d5d1a3,26869cc099c44c4a86f6043476ab4890,0.9072943925857544
f71566d731d04b0fa7d5306ca6d5d1a3,82d68ea370f8451aa16ea08f4601245c,0.9069912433624268
f71566d731d04b0fa7d5306ca6d5d1a3,67dd23cfd20f46dc82acc82c108a1dc6,0.9055171012878418
f71566d731d04b0fa7d5306ca6d5d1a3,57bcda73abab44ee930b20cdaee9d24b,0.9050682187080383
6e42a161c552498789623a17244a874b,fbfaa119f55a477984e42d80498f54d3,0.9007295966148376
6e42a161c552498789623a17244a874b,643fbbdd6b764ba9904a4ee67a86b9fd,0.887782096862793
6e42a161c552498789623a17244a874b,e511c40ca6324803b5021e47b4e777f8,0.8849732875823975
6e42a161c552498789623a17244a874b,36ac84a73ad34261ad45cf569edb60af,0.8838597536087036
6e42a161c552498789623a17244a874b,5d5baf5ce88b4b529e28ab9c7c114148,0.8782037496566772
6e42a161c552498789623a17244a874b,0a2c24dead204be9ae36be358e1223f9,0.8764032125473022
6e42a161c552498789623a17244a874b,999a2b52a5004ee984e587d5a1327b23,0.8747307658195496
6e42a161c552498789623a17244a874b,5a6f4a2f7f6a4b1fa146493472e6d721,0.8733202815055847
6e42a161c552498789623a17244a874b,b0d2e6c4b2384950b3696c4414870282,0.873038649559021
6e42a161c552498789623a17244a874b,da61d9bc8f024a4aba18d5c3072b7838,0.8722217082977295
947c873b63474e1c81b5f7d75177694b,52ee59901f3b4de884d7a6720538aed6,0.8887516260147095
947c873b63474e1c81b5f7d75177694b,590df34aa41f46e9ad13ffc6a98da3b7,0.8863673806190491
947c873b63474e1c81b5f7d75177694b,cf290994a83e4909aec30077477b9d04,0.8862722516059875
947c873b63474e1c81b5f7d75177694b,cd764fbfae774d068af7549c648a02c9,0.8849664926528931
947c873b63474e1c81b5f7d75177694b,da61d9bc8f024a4aba18d5c3072b7838,0.8822429776191711
947c873b63474e1c81b5f7d75177694b,1232f20e710b448e8c0538b9e84dab1c,0.8821046948432922
947c873b63474e1c81b5f7d75177694b,5d5baf5ce88b4b529e28ab9c7c114148,0.881759524345398
947c873b63474e1c81b5f7d75177694b,b0d2e6c4b2384950b3696c4414870282,0.8815882802009583
947c873b63474e1c81b5f7d75177694b,e511c40ca6324803b5021e47b4e777f8,0.8809908628463745
947c873b63474e1c81b5f7d75177694b,6f57d1175ad243edada61643d01fcd54,0.8797942399978638
1869a01128ef42e787aac2c1e61067fd,43464ed6733f4642a0b90e7d995a5e40,0.928490400314331
1869a01128ef42e787aac2c1e61067fd,1d70bc69b2f84bef9aa5fb0d9917e38d,0.9214938879013062
1869a01128ef42e787aac2c1e61067fd,ccb62901750b4d13a922fc161b607f83,0.9111803770065308
1869a01128ef42e787aac2c1e61067fd,6b4676aba2a746b3ab778315afc8ee82,0.9099656343460083
1869a01128ef42e787aac2c1e61067fd,29088685e31a4d86b60b514e98117361,0.9068682193756104
1869a01128ef42e787aac2c1e61067fd,b77d8b7bb0114c379139d280a9210e83,0.9057261347770691
1869a01128ef42e787aac2c1e61067fd,b702b2b61ce048c6bf5af3c4dca18b1a,0.9050153493881226
1869a01128ef42e787aac2c1e61067fd,e2e0c8c96aff4c00896ac6986bbb20c2,0.904468834400177
1869a01128ef42e787aac2c1e61067fd,724a3f6551e74ad585bdeac9a75fd639,0.9021356105804443
1869a01128ef42e787aac2c1e61067fd,1f3cf50fe1f947d8a56e02ebca441c4c,0.9017621278762817
4e741c03bcf2485b841a422cf7af28e7,6ea31a945d494834a3d243f1f90af02a,0.9168927669525146
4e741c03bcf2485b841a422cf7af28e7,41e657daa20545a588584578bdb4101c,0.9133191108703613
4e741c03bcf2485b841a422cf7af28e7,d445ccdb4cda497e9f0343a3298022d2,0.9031751155853271
4e741c03bcf2485b841a422cf7af28e7,6b4676aba2a746b3ab778315afc8ee82,0.9018696546554565
4e741c03bcf2485b841a422cf7af28e7,0cdb0f32850f4585a16de4886462bbe0,0.9008746147155762
4e741c03bcf2485b841a422cf7af28e7,0971af4212484a958eb0f60f93d1dfe0,0.9003267288208008
4e741c03bcf2485b841a422cf7af28e7,0f52f676197e4d4e92dec0a7bc4c4f7d,0.9002758264541626
4e741c03bcf2485b841a422cf7af28e7,1f3cf50fe1f947d8a56e02ebca441c4c,0.8972197771072388
4e741c03bcf2485b841a422cf7af28e7,daed5458403e49e3aea72f4bcc6dd224,0.8971071243286133
4e741c03bcf2485b841a422cf7af28e7,d9096650c434432c871effeca9acd5c6,0.896674633026123
3b718c2254b44a6b98577df37cfcf2e6,724a3f6551e74ad585bdeac9a75fd639,0.9333653450012207
3b718c2254b44a6b98577df37cfcf2e6,e2e0c8c96aff4c00896ac6986bbb20c2,0.9244357347488403
3b718c2254b44a6b98577df37cfcf2e6,be8953cc364d46cebbcc2c2da2c348ab,0.9239560961723328
3b718c2254b44a6b98577df37cfcf2e6,0eb119aabc884795a4768c6d3e677ea1,0.9204641580581665
3b718c2254b44a6b98577df37cfcf2e6,1419b2c686f44896a0ae2a43e93b5402,0.9183287024497986
3b718c2254b44a6b98577df37cfcf2e6,097f2ce3b88c4d008488b9908076497e,0.9173982739448547
3b718c2254b44a6b98577df37cfcf2e6,eb21a4e2b7bd43efbdf0c365415e7fef,0.9161759614944458
3b718c2254b44a6b98577df37cfcf2e6,6c79712e67b54dd0a11d426a91207939,0.9136080145835876
3b718c2254b44a6b98577df37cfcf2e6,00614d60b3544ba790dfd23dd53992e0,0.912456750869751
3b718c2254b44a6b98577df37cfcf2e6,7bbe3c76bcc04d73969f920d43fcc67d,0.9117143154144287
5c555c29b0864fed9559512fc8b56e7e,e2e0c8c96aff4c00896ac6986bbb20c2,0.9290484189987183
5c555c29b0864fed9559512fc8b56e7e,8b038cd0dafd45d8b1ce75177ca3a76b,0.9237732887268066
5c555c29b0864fed9559512fc8b56e7e,19098957d8c24cab95daa30c2baefd8f,0.922354519367218
5c555c29b0864fed9559512fc8b56e7e,04d24d1cf42b4f7787d8d300cbad6d50,0.921594500541687
5c555c29b0864fed9559512fc8b56e7e,3d3e8565d2f84e0cad5ae622f2909765,0.9191241264343262
5c555c29b0864fed9559512fc8b56e7e,25afb6f7e9314af09008644bca5955b9,0.9187191724777222
5c555c29b0864fed9559512fc8b56e7e,f12e9e5805534d719f829332d1ea5d29,0.9084548950195312
5c555c29b0864fed9559512fc8b56e7e,eb21a4e2b7bd43efbdf0c365415e7fef,0.9072219133377075
5c555c29b0864fed9559512fc8b56e7e,724a3f6551e74ad585bdeac9a75fd639,0.9070492386817932
5c555c29b0864fed9559512fc8b56e7e,33b5e2ae5ebe4f548bac3a00ab0a59eb,0.9025606513023376
62c7211abab24fcca853aeb2813a880d,9460474d89704a68aaa6ccb62310ae3d,0.9716412425041199
62c7211abab24fcca853aeb2813a880d,01bbbf1caa554d94b5decb69cc1add41,0.897934079170227
62c7211abab24fcca853aeb2813a880d,2639b6540bda414f8a9baa3b5cdb612a,0.895434558391571
62c7211abab24fcca853aeb2813a880d,c1d504dfeded4b8bb3c07777b7c7abde,0.8944208025932312
62c7211abab24fcca853aeb2813a880d,b77d8b7bb0114c379139d280a9210e83,0.8907225131988525
62c7211abab24fcca853aeb2813a880d,e96fae6d607246b18b8494aabe521036,0.8872063159942627
62c7211abab24fcca853aeb2813a880d,3d3e8565d2f84e0cad5ae622f2909765,0.8861505389213562
62c7211abab24fcca853aeb2813a880d,ff51ca928cd54f4da620c27983e221f8,0.8848220705986023
62c7211abab24fcca853aeb2813a880d,afaf2edba0ee4d58860a5a04e4aabc5c,0.8831495046615601
62c7211abab24fcca853aeb2813a880d,70aa10580bfe4069bdaa5721ae2d29db,0.8824421167373657
0883118ad1b2497ab0b9df2a1e2b16b9,9460474d89704a68aaa6ccb62310ae3d,0.9588668942451477
0883118ad1b2497ab0b9df2a1e2b16b9,2639b6540bda414f8a9baa3b5cdb612a,0.8998579382896423
0883118ad1b2497ab0b9df2a1e2b16b9,c1d504dfeded4b8bb3c07777b7c7abde,0.8938344120979309
0883118ad1b2497ab0b9df2a1e2b16b9,19098957d8c24cab95daa30c2baefd8f,0.8927642703056335
0883118ad1b2497ab0b9df2a1e2b16b9,14ca42308d3141fba50b774042144343,0.8927574157714844
0883118ad1b2497ab0b9df2a1e2b16b9,01bbbf1caa554d94b5decb69cc1add41,0.8923021554946899
0883118ad1b2497ab0b9df2a1e2b16b9,3d3e8565d2f84e0cad5ae622f2909765,0.8884437680244446
0883118ad1b2497ab0b9df2a1e2b16b9,e96fae6d607246b18b8494aabe521036,0.8879623413085938
0883118ad1b2497ab0b9df2a1e2b16b9,097f2ce3b88c4d008488b9908076497e,0.8822798728942871
0883118ad1b2497ab0b9df2a1e2b16b9,48240083d13148bd84ddee8c7f9fcd22,0.8821554780006409
f79a2bf431ab4c86b494e19d1845d00c,c66c6f1449d44728a2ef72de53dd6d5e,0.9801285862922668
f79a2bf431ab4c86b494e19d1845d00c,eb21a4e2b7bd43efbdf0c365415e7fef,0.9019554853439331
f79a2bf431ab4c86b494e19d1845d00c,90b560de76b149c09c7cd6efb3f12cfd,0.8921226859092712
f79a2bf431ab4c86b494e19d1845d00c,b98519f97e424c1389f5553f0869b15a,0.8910419940948486
f79a2bf431ab4c86b494e19d1845d00c,ff276acede2f4c14876ef47257758ae8,0.8909100294113159
f79a2bf431ab4c86b494e19d1845d00c,19098957d8c24cab95daa30c2baefd8f,0.8895783424377441
f79a2bf431ab4c86b494e19d1845d00c,41047823f2cb4194ba1e0709443c719a,0.8866853713989258
f79a2bf431ab4c86b494e19d1845d00c,c1d504dfeded4b8bb3c07777b7c7abde,0.8865329623222351
f79a2bf431ab4c86b494e19d1845d00c,7862a63720b34104abf5bfa44bc8178d,0.8857985734939575
f79a2bf431ab4c86b494e19d1845d00c,34b736136487439389c10cc6bd4e9f4e,0.885460376739502
a57e9b989c854296a345aa9dea1c5cb4,3f1c2bb09c4e4400b6ba19542fafce18,0.9800251722335815
a57e9b989c854296a345aa9dea1c5cb4,5760084aabef4d8095b2d21902151f64,0.9086123108863831
a57e9b989c854296a345aa9dea1c5cb4,6bedb2d6ace34e18811b7f1206b2d1b0,0.9053370952606201
a57e9b989c854296a345aa9dea1c5cb4,9094e936e13641cc9bfcc7dc1408d86e,0.9033695459365845
a57e9b989c854296a345aa9dea1c5cb4,a9d82bb43410405ca21b44a5e82e22b6,0.8966025114059448
a57e9b989c854296a345aa9dea1c5cb4,1393dac7d34b4c34b1a8091a5bea3663,0.8942615985870361
a57e9b989c854296a345aa9dea1c5cb4,f5b766ea6abe4b5fb27d49cc3bc06020,0.8934293985366821
a57e9b989c854296a345aa9dea1c5cb4,c84deec0ecf843c39f52d4cb8e7300f8,0.8917155265808105
a57e9b989c854296a345aa9dea1c5cb4,0bd1cce9370a461089e25393086800a8,0.8888850808143616
a57e9b989c854296a345aa9dea1c5cb4,15b7b988bba143989cfd98d5c6c4d203,0.8879359364509583
8c894f4ececa48fe8b64acf34a77674e,c66c6f1449d44728a2ef72de53dd6d5e,0.9763521552085876
8c894f4ececa48fe8b64acf34a77674e,eb21a4e2b7bd43efbdf0c365415e7fef,0.9064382314682007
8c894f4ececa48fe8b64acf34a77674e,90b560de76b149c09c7cd6efb3f12cfd,0.899891197681427
8c894f4ececa48fe8b64acf34a77674e,b98519f97e424c1389f5553f0869b15a,0.891336977481842
8c894f4ececa48fe8b64acf34a77674e,ff276acede2f4c14876ef47257758ae8,0.8906804919242859
8c894f4ececa48fe8b64acf34a77674e,41047823f2cb4194ba1e0709443c719a,0.8897732496261597
8c894f4ececa48fe8b64acf34a77674e,34b736136487439389c10cc6bd4e9f4e,0.8894867300987244
8c894f4ececa48fe8b64acf34a77674e,7862a63720b34104abf5bfa44bc8178d,0.8892863392829895
8c894f4ececa48fe8b64acf34a77674e,70aa10580bfe4069bdaa5721ae2d29db,0.8853436708450317
8c894f4ececa48fe8b64acf34a77674e,bcfa4a4177d44d8b8cda17b7a23196b0,0.8843625783920288
8257521498a64a9fb7b41143b713373b,1027a336232c4454a9c4ae450a562788,0.9853931665420532
8257521498a64a9fb7b41143b713373b,64e74af099b0485f8b6e71ac73aa2cb8,0.923814058303833
8257521498a64a9fb7b41143b713373b,4a3d4daed4b24a1898551f0fd1ba44f1,0.9206723570823669
8257521498a64a9fb7b41143b713373b,13e659415ac84c7a81fc769111d43417,0.9200590252876282
8257521498a64a9fb7b41143b713373b,4926607aafe749538c930e108275547e,0.9193076491355896
8257521498a64a9fb7b41143b713373b,66690895454847fea5a000202fbfab2e,0.9175961017608643
8257521498a64a9fb7b41143b713373b,26869cc099c44c4a86f6043476ab4890,0.9174767136573792
8257521498a64a9fb7b41143b713373b,ad054da7e1704a53931a341173f0605f,0.914759635925293
8257521498a64a9fb7b41143b713373b,f69855cdf66d4f6887ecfd0ddb9014b5,0.912151575088501
8257521498a64a9fb7b41143b713373b,cae139b6e4914ce7b0ef1e68b8b857eb,0.9113888740539551
78188b8c0642428fb591262e5d86ce6d,5a6f4a2f7f6a4b1fa146493472e6d721,0.9217740297317505
78188b8c0642428fb591262e5d86ce6d,19a124c6dad14a4fa7864463b081009c,0.919288158416748
78188b8c0642428fb591262e5d86ce6d,d87e5facd03b45f9829e8a1cd0fe0190,0.9184580445289612
78188b8c0642428fb591262e5d86ce6d,4a3d4daed4b24a1898551f0fd1ba44f1,0.9182387590408325
78188b8c0642428fb591262e5d86ce6d,e7ee85dd47ca43eeb2fdcd70b802f0ec,0.9176014065742493
78188b8c0642428fb591262e5d86ce6d,6866efc8987a4ec8b04b7abd28fb5777,0.917296290397644
78188b8c0642428fb591262e5d86ce6d,7dd5e88dfdd24cafab2c765939757354,0.9169811606407166
78188b8c0642428fb591262e5d86ce6d,f5bcc6f48ed2447581b401d453039866,0.9161174297332764
78188b8c0642428fb591262e5d86ce6d,9bf3b77eb9874f5f9e006a9cff111ea9,0.914441704750061
78188b8c0642428fb591262e5d86ce6d,764b8280445d4023aecaa53cf7758932,0.9123213291168213
03d5ce4601154cbdad2bd459235427ad,1027a336232c4454a9c4ae450a562788,0.9847190380096436
03d5ce4601154cbdad2bd459235427ad,64e74af099b0485f8b6e71ac73aa2cb8,0.9257640838623047
03d5ce4601154cbdad2bd459235427ad,4a3d4daed4b24a1898551f0fd1ba44f1,0.9254028797149658
03d5ce4601154cbdad2bd459235427ad,66690895454847fea5a000202fbfab2e,0.9201639890670776
03d5ce4601154cbdad2bd459235427ad,4926607aafe749538c930e108275547e,0.9170961380004883
03d5ce4601154cbdad2bd459235427ad,c713a0ca69864ee7b240069c98dc44dc,0.9126595258712769
03d5ce4601154cbdad2bd459235427ad,cae139b6e4914ce7b0ef1e68b8b857eb,0.9114792346954346
03d5ce4601154cbdad2bd459235427ad,eff24b01b2f5428baa4c3fef6cb40d41,0.9114398956298828
03d5ce4601154cbdad2bd459235427ad,7e17bbd109dc486c8f0a76f913782180,0.9111917018890381
03d5ce4601154cbdad2bd459235427ad,d87e5facd03b45f9829e8a1cd0fe0190,0.9108759164810181
e46f5e15b5ba480db90f0be1f5c6b070,c65af18670ea437c8986884645b3afe9,0.9910390377044678
e46f5e15b5ba480db90f0be1f5c6b070,19a124c6dad14a4fa7864463b081009c,0.9107478857040405
e46f5e15b5ba480db90f0be1f5c6b070,f12e9e5805534d719f829332d1ea5d29,0.9092773795127869
e46f5e15b5ba480db90f0be1f5c6b070,e12ad1ce8e7940a999b9a4f91a95fab7,0.9034395217895508
e46f5e15b5ba480db90f0be1f5c6b070,19098957d8c24cab95daa30c2baefd8f,0.9030994176864624
e46f5e15b5ba480db90f0be1f5c6b070,6c874292dbcc49ff8bb8bbe5643593a5,0.9027884006500244
e46f5e15b5ba480db90f0be1f5c6b070,bcfa4a4177d44d8b8cda17b7a23196b0,0.9001438617706299
e46f5e15b5ba480db90f0be1f5c6b070,eb21a4e2b7bd43efbdf0c365415e7fef,0.9001018404960632
e46f5e15b5ba480db90f0be1f5c6b070,d756970269e9443fb9bbf645a96aa84e,0.8978112936019897
e46f5e15b5ba480db90f0be1f5c6b070,ad42c467d0fe43dbb328073f9a16bc4d,0.8969959616661072
0e8d635cc3e241ddbe108bab5a0f863f,c65af18670ea437c8986884645b3afe9,0.9507340788841248
0e8d635cc3e241ddbe108bab5a0f863f,b3f8b4bec0164d0e81997b4f5a277e8f,0.8972281813621521
0e8d635cc3e241ddbe108bab5a0f863f,039f8e63b273472d8f1d99d9a5de5cf5,0.8962074518203735
0e8d635cc3e241ddbe108bab5a0f863f,19a124c6dad14a4fa7864463b081009c,0.8960530161857605
0e8d635cc3e241ddbe108bab5a0f863f,e12ad1ce8e7940a999b9a4f91a95fab7,0.8919935822486877
0e8d635cc3e241ddbe108bab5a0f863f,f91157bb8fca4a8e98db33591a76be9a,0.8879283666610718
0e8d635cc3e241ddbe108bab5a0f863f,d756970269e9443fb9bbf645a96aa84e,0.8868461847305298
0e8d635cc3e241ddbe108bab5a0f863f,69ac8397e9624bfd8aee237b9f9ea3b5,0.8850879073143005
0e8d635cc3e241ddbe108bab5a0f863f,df0c94234d9d4890b5b4b95c441b3e9a,0.8828104734420776
0e8d635cc3e241ddbe108bab5a0f863f,7dd5e88dfdd24cafab2c765939757354,0.8815460801124573
b6a711f4ec9b4b1bb1bcd06f684f9c22,82d68ea370f8451aa16ea08f4601245c,0.9285842776298523
b6a711f4ec9b4b1bb1bcd06f684f9c22,a9573f188204436090fb4a5240e4eccd,0.9070298671722412
b6a711f4ec9b4b1bb1bcd06f684f9c22,02a3cd76ce534d188b4d5ac4778bd652,0.9062132239341736
b6a711f4ec9b4b1bb1bcd06f684f9c22,1d70bc69b2f84bef9aa5fb0d9917e38d,0.9048618674278259
b6a711f4ec9b4b1bb1bcd06f684f9c22,ca5add3cbf044a95a5bec88a5841ce98,0.9047790765762329
b6a711f4ec9b4b1bb1bcd06f684f9c22,f335a944a27a4504a82ecf70c2d4a5e4,0.903396487236023
b6a711f4ec9b4b1bb1bcd06f684f9c22,feb980ae999948ce9be0266b4ddc048d,0.9021895527839661
b6a711f4ec9b4b1bb1bcd06f684f9c22,b277101390e1465685ef79bf3519f8d7,0.900842547416687
b6a711f4ec9b4b1bb1bcd06f684f9c22,70558882c04e46bd99d15e9786468418,0.9006739854812622
b6a711f4ec9b4b1bb1bcd06f684f9c22,a2612682d9854a30a7684c91c8619ec9,0.9005070924758911
10346a6c05be419ba2fd6398a619c44e,24c55bb5cd694770ba895c7401da2ba5,0.9512434005737305
10346a6c05be419ba2fd6398a619c44e,3aa003c1e31b476e999c3a808a1d5dc6,0.9255844354629517
10346a6c05be419ba2fd6398a619c44e,0accd1d0138b49049d437c0d9b1c23c3,0.9218403100967407
10346a6c05be419ba2fd6398a619c44e,5fc200cab89346658c9c91cce27e85fe,0.9139209985733032
10346a6c05be419ba2fd6398a619c44e,f6207eb593394ff78e2cb35057477422,0.9126033782958984
10346a6c05be419ba2fd6398a619c44e,2b3ecf8be2b242f3b8a1e714390749fb,0.9122011661529541
10346a6c05be419ba2fd6398a619c44e,7ef653f7e5f64e1b8bba73b9518b87b7,0.9118359088897705
10346a6c05be419ba2fd6398a619c44e,da14e9dc2c3d4963b725de8102de5028,0.9100944995880127
10346a6c05be419ba2fd6398a619c44e,2d43cf91509846e29ab4febd7781919f,0.9099043607711792
10346a6c05be419ba2fd6398a619c44e,a5d5fb459a1844088e93ae557ab34afe,0.9098813533782959
c2b5ae1e1c2c49d39e7b25d5660dfc10,02a3cd76ce534d188b4d5ac4778bd652,0.9206706285476685
c2b5ae1e1c2c49d39e7b25d5660dfc10,5fc200cab89346658c9c91cce27e85fe,0.9141055345535278
c2b5ae1e1c2c49d39e7b25d5660dfc10,e0d8aee46b1d4d998858cd05027251b6,0.913758397102356
c2b5ae1e1c2c49d39e7b25d5660dfc10,3e59b61eb70146308db2308b988b54cf,0.9136573076248169
c2b5ae1e1c2c49d39e7b25d5660dfc10,24c55bb5cd694770ba895c7401da2ba5,0.9127672910690308
c2b5ae1e1c2c49d39e7b25d5660dfc10,35c5a560ecdc4d6a9d20f057ed1fa0e6,0.9118202924728394
c2b5ae1e1c2c49d39e7b25d5660dfc10,39a08a87897f47d3bdbbdc5ed8c9cd7f,0.9117117524147034
c2b5ae1e1c2c49d39e7b25d5660dfc10,2b3ecf8be2b242f3b8a1e714390749fb,0.9095632433891296
c2b5ae1e1c2c49d39e7b25d5660dfc10,57bcda73abab44ee930b20cdaee9d24b,0.9066989421844482
c2b5ae1e1c2c49d39e7b25d5660dfc10,bbdf9065122d499d9d8f80ad3e0ef6f3,0.9042538404464722
4a7c88e745974776bdca788eeafcb775,35c5a560ecdc4d6a9d20f057ed1fa0e6,0.9086223840713501
4a7c88e745974776bdca788eeafcb775,3e59b61eb70146308db2308b988b54cf,0.9084299802780151
4a7c88e745974776bdca788eeafcb775,02a3cd76ce534d188b4d5ac4778bd652,0.9042600393295288
4a7c88e745974776bdca788eeafcb775,39a08a87897f47d3bdbbdc5ed8c9cd7f,0.9034144878387451
4a7c88e745974776bdca788eeafcb775,e0d8aee46b1d4d998858cd05027251b6,0.9031751155853271
4a7c88e745974776bdca788eeafcb775,57bcda73abab44ee930b20cdaee9d24b,0.9007809162139893
4a7c88e745974776bdca788eeafcb775,2b3ecf8be2b242f3b8a1e714390749fb,0.8999760150909424
4a7c88e745974776bdca788eeafcb775,24c55bb5cd694770ba895c7401da2ba5,0.898991584777832
4a7c88e745974776bdca788eeafcb775,cb550e5ff4694fe9a19eaa6588cef250,0.8986992835998535
4a7c88e745974776bdca788eeafcb775,2f0401170d104b47b0a8f087f69dee88,0.8984964489936829
350aae48399c41099ec9c648db89df25,0ecfdd96e0054841883acba75e83b232,0.9811751246452332
350aae48399c41099ec9c648db89df25,eeca68825e2a4bbdaa5ae962998fc33b,0.929315984249115
350aae48399c41099ec9c648db89df25,f69855cdf66d4f6887ecfd0ddb9014b5,0.9114717245101929
350aae48399c41099ec9c648db89df25,01ffceddb5b34406a08bb982b424b3cf,0.9103113412857056
350aae48399c41099ec9c648db89df25,e4e12f4711fd41e39075e26cc274df45,0.9100886583328247
350aae48399c41099ec9c648db89df25,2b3ecf8be2b242f3b8a1e714390749fb,0.9096384048461914
350aae48399c41099ec9c648db89df25,7aceed0dbea645b091207f4a53d879f2,0.909561276435852
350aae48399c41099ec9c648db89df25,da14e9dc2c3d4963b725de8102de5028,0.9093143939971924
350aae48399c41099ec9c648db89df25,2839430464164d5ba00713b42d4d96e4,0.9092570543289185
350aae48399c41099ec9c648db89df25,1099cb6f4fac4eb8a1fb6db50e18296b,0.9067872166633606
09b37860da4b43c98172983e0ca57104,da61d9bc8f024a4aba18d5c3072b7838,0.9087572693824768
09b37860da4b43c98172983e0ca57104,9bf3b77eb9874f5f9e006a9cff111ea9,0.9077368974685669
09b37860da4b43c98172983e0ca57104,c84deec0ecf843c39f52d4cb8e7300f8,0.9060801863670349
09b37860da4b43c98172983e0ca57104,77cecb221149474896d9b2eb848bf150,0.9058526754379272
09b37860da4b43c98172983e0ca57104,444fa28d9ed54c82a522699041eae592,0.904792308807373
09b37860da4b43c98172983e0ca57104,c2a665cec90e46db8d2a74389beb4649,0.9037696719169617
09b37860da4b43c98172983e0ca57104,c4b9d7a8d5d342459d2282589b3af293,0.9029356241226196
09b37860da4b43c98172983e0ca57104,b8995466f0eb4e7ba141e23216e8b974,0.900944709777832
09b37860da4b43c98172983e0ca57104,434551fdf9e443ed91679a9557ae6fd5,0.9002481698989868
09b37860da4b43c98172983e0ca57104,ffc5805e29a74be0a55b40318aa321d7,0.8996473550796509
1a78505b4d0640aa9f35eb528818e54d,764b8280445d4023aecaa53cf7758932,0.8838644027709961
1a78505b4d0640aa9f35eb528818e54d,b834c0b0c10b471b87ad3f11468de619,0.8673466444015503
1a78505b4d0640aa9f35eb528818e54d,6dc5832f0ac04df2bd99c6415b3ecf09,0.8642351627349854
1a78505b4d0640aa9f35eb528818e54d,7dd5e88dfdd24cafab2c765939757354,0.8626904487609863
1a78505b4d0640aa9f35eb528818e54d,7f0b453cc8c14156802497f5cbae9d62,0.861199676990509
1a78505b4d0640aa9f35eb528818e54d,444fa28d9ed54c82a522699041eae592,0.8590862154960632
1a78505b4d0640aa9f35eb528818e54d,3356a8a8c6ee4f30bc2b028e360d4471,0.8589791059494019
1a78505b4d0640aa9f35eb528818e54d,8350ea8cd6514c2c8d7b625abe7e895b,0.8566752672195435
1a78505b4d0640aa9f35eb528818e54d,039f8e63b273472d8f1d99d9a5de5cf5,0.8564381003379822
1a78505b4d0640aa9f35eb528818e54d,91f9f8576e5142a49926bd623b0bc19c,0.8561351299285889
b2decece9a254aa29e885325d7e10a91,764b8280445d4023aecaa53cf7758932,0.8829758763313293
b2decece9a254aa29e885325d7e10a91,b834c0b0c10b471b87ad3f11468de619,0.8690348863601685
b2decece9a254aa29e885325d7e10a91,6c6de17135be4f8c9423be633eaefcd4,0.860608696937561
b2decece9a254aa29e885325d7e10a91,7dd5e88dfdd24cafab2c765939757354,0.8550446629524231
b2decece9a254aa29e885325d7e10a91,6732de8994744decbb3306c74aaa7882,0.8543913960456848
b2decece9a254aa29e885325d7e10a91,91f9f8576e5142a49926bd623b0bc19c,0.852910041809082
b2decece9a254aa29e885325d7e10a91,3356a8a8c6ee4f30bc2b028e360d4471,0.8504406809806824
b2decece9a254aa29e885325d7e10a91,8350ea8cd6514c2c8d7b625abe7e895b,0.8496026396751404
b2decece9a254aa29e885325d7e10a91,599feb1e512c43ad8c0a1845922acf78,0.8491448760032654
b2decece9a254aa29e885325d7e10a91,98fbdf945d0c4206a48a4f7260e56017,0.848680853843689
1ba78638d99a453298a17f233049c981,c1d504dfeded4b8bb3c07777b7c7abde,0.9527499675750732
1ba78638d99a453298a17f233049c981,43ee0103cba54b4e9d165717735ca0f6,0.9182615876197815
1ba78638d99a453298a17f233049c981,97959d02a64f4a3fbbebe7cbece6c012,0.9087216854095459
1ba78638d99a453298a17f233049c981,31cf7db26a3249c5a6205b005662ddcf,0.9033694267272949
1ba78638d99a453298a17f233049c981,590df34aa41f46e9ad13ffc6a98da3b7,0.9032636880874634
1ba78638d99a453298a17f233049c981,e96fae6d607246b18b8494aabe521036,0.9001972079277039
1ba78638d99a453298a17f233049c981,f69dcaceb6074ddebfe1dc7e5978fcff,0.899962306022644
1ba78638d99a453298a17f233049c981,babbeca1f6a244a2a11ea77a3855e70f,0.897899866104126
1ba78638d99a453298a17f233049c981,ff51ca928cd54f4da620c27983e221f8,0.894558846950531
1ba78638d99a453298a17f233049c981,d65e3a3657ae455e954b6d7221afc84c,0.8944394588470459
e796ebb3bb6040dfb158ab774e2073f5,ab57f83304bc4005998bbd6bc063fb4f,0.9817076921463013
e796ebb3bb6040dfb158ab774e2073f5,9909a671f7414c19b2727e7d4d4dcf1b,0.9071910977363586
e796ebb3bb6040dfb158ab774e2073f5,eee7f32249c5452ea36c8ed3a3540010,0.898230254650116
e796ebb3bb6040dfb158ab774e2073f5,db0c3a952e454b90aa4a68feb6a50e87,0.8774178624153137
e796ebb3bb6040dfb158ab774e2073f5,8b4e9e3d234e4eec99a7651e246bbfa3,0.8734631538391113
e796ebb3bb6040dfb158ab774e2073f5,22d9d5ad33e947fd857c5c4a8b7dfae1,0.8572200536727905
e796ebb3bb6040dfb158ab774e2073f5,c1def54262224e23acf67a9870725ce5,0.8540561199188232
e796ebb3bb6040dfb158ab774e2073f5,5e2f1a45f7174f1aa39a194179985876,0.8534800410270691
e796ebb3bb6040dfb158ab774e2073f5,3c0f3b44c0844df49b5898406fe9195a,0.8511894345283508
e796ebb3bb6040dfb158ab774e2073f5,11e1e3cdfe214385a2c24d0f957dde9b,0.8486317992210388
1ee672ab946e4272a171ede24ff00adb,c1d504dfeded4b8bb3c07777b7c7abde,0.9628223180770874
1ee672ab946e4272a171ede24ff00adb,67dd23cfd20f46dc82acc82c108a1dc6,0.9122517704963684
1ee672ab946e4272a171ede24ff00adb,31cf7db26a3249c5a6205b005662ddcf,0.909879744052887
1ee672ab946e4272a171ede24ff00adb,97959d02a64f4a3fbbebe7cbece6c012,0.9093213677406311
1ee672ab946e4272a171ede24ff00adb,daed5458403e49e3aea72f4bcc6dd224,0.9058867692947388
1ee672ab946e4272a171ede24ff00adb,43ee0103cba54b4e9d165717735ca0f6,0.9051814079284668
1ee672ab946e4272a171ede24ff00adb,e96fae6d607246b18b8494aabe521036,0.9048318266868591
1ee672ab946e4272a171ede24ff00adb,babbeca1f6a244a2a11ea77a3855e70f,0.9047601819038391
1ee672ab946e4272a171ede24ff00adb,e8c8742459dc48a49080bf0e5b3fdee0,0.9025901556015015
1ee672ab946e4272a171ede24ff00adb,d65e3a3657ae455e954b6d7221afc84c,0.8990002870559692
b38d1801df8a4cad9d5ac01b703946cd,b3209c60460a437294e2b30a9e9d3f53,0.9055681228637695
b38d1801df8a4cad9d5ac01b703946cd,1232f20e710b448e8c0538b9e84dab1c,0.8910089731216431
b38d1801df8a4cad9d5ac01b703946cd,643fbbdd6b764ba9904a4ee67a86b9fd,0.8904051184654236
b38d1801df8a4cad9d5ac01b703946cd,6c874292dbcc49ff8bb8bbe5643593a5,0.8866245746612549
b38d1801df8a4cad9d5ac01b703946cd,f37d285ad0de42f0b1546d0d1acfb221,0.8846604824066162
b38d1801df8a4cad9d5ac01b703946cd,ccb62901750b4d13a922fc161b607f83,0.8846361637115479
b38d1801df8a4cad9d5ac01b703946cd,f12e9e5805534d719f829332d1ea5d29,0.8842733502388
b38d1801df8a4cad9d5ac01b703946cd,d756970269e9443fb9bbf645a96aa84e,0.8829496502876282
b38d1801df8a4cad9d5ac01b703946cd,eb21a4e2b7bd43efbdf0c365415e7fef,0.8816161155700684
b38d1801df8a4cad9d5ac01b703946cd,25109e3a7df549e5b380aae716d71366,0.8794245719909668
c93b2527aefe464c88f83b2c5c05a5f3,ab57f83304bc4005998bbd6bc063fb4f,0.9570546746253967
c93b2527aefe464c88f83b2c5c05a5f3,9909a671f7414c19b2727e7d4d4dcf1b,0.9169719815254211
c93b2527aefe464c88f83b2c5c05a5f3,eee7f32249c5452ea36c8ed3a3540010,0.9013200998306274
c93b2527aefe464c88f83b2c5c05a5f3,db0c3a952e454b90aa4a68feb6a50e87,0.8972172737121582
c93b2527aefe464c88f83b2c5c05a5f3,c1def54262224e23acf67a9870725ce5,0.8890619277954102
c93b2527aefe464c88f83b2c5c05a5f3,22d9d5ad33e947fd857c5c4a8b7dfae1,0.869507908821106
c93b2527aefe464c88f83b2c5c05a5f3,8b4e9e3d234e4eec99a7651e246bbfa3,0.8657673597335815
c93b2527aefe464c88f83b2c5c05a5f3,5e2f1a45f7174f1aa39a194179985876,0.8616812229156494
c93b2527aefe464c88f83b2c5c05a5f3,b8995466f0eb4e7ba141e23216e8b974,0.8614817261695862
c93b2527aefe464c88f83b2c5c05a5f3,3c0f3b44c0844df49b5898406fe9195a,0.859363317489624
6ba0f16f8a794139aa559865c689f392,de6ac628a786435f9925c8cc1d707d6b,0.9563153386116028
6ba0f16f8a794139aa559865c689f392,77cecb221149474896d9b2eb848bf150,0.9147466421127319
6ba0f16f8a794139aa559865c689f392,e79ae27b52fa4d54aa37735fd275c66e,0.9122989177703857
6ba0f16f8a794139aa559865c689f392,ad054da7e1704a53931a341173f0605f,0.9114221930503845
6ba0f16f8a794139aa559865c689f392,ffc5805e29a74be0a55b40318aa321d7,0.909780740737915
6ba0f16f8a794139aa559865c689f392,9bf3b77eb9874f5f9e006a9cff111ea9,0.9089028239250183
6ba0f16f8a794139aa559865c689f392,342aaa81ed004635bbf9cbc2592cd7b6,0.9087433815002441
6ba0f16f8a794139aa559865c689f392,1393dac7d34b4c34b1a8091a5bea3663,0.9051584005355835
6ba0f16f8a794139aa559865c689f392,34b736136487439389c10cc6bd4e9f4e,0.901064395904541
6ba0f16f8a794139aa559865c689f392,f4474150010f4021a4620372062f3797,0.900734543800354
011e2395f6a74299aafef3ad4c6e1bd5,4422777ed51142a99aacf05f446cfea1,0.9843301773071289
011e2395f6a74299aafef3ad4c6e1bd5,a9573f188204436090fb4a5240e4eccd,0.8943629264831543
011e2395f6a74299aafef3ad4c6e1bd5,8f0e477fc779414e9b47995c0b25a87d,0.8941888809204102
011e2395f6a74299aafef3ad4c6e1bd5,02a3cd76ce534d188b4d5ac4778bd652,0.8922699689865112
011e2395f6a74299aafef3ad4c6e1bd5,94ed54abfdc74b04b0dcb19c278e66f4,0.8913366794586182
011e2395f6a74299aafef3ad4c6e1bd5,938147b72e9540da8513910871e0830a,0.8880553245544434
011e2395f6a74299aafef3ad4c6e1bd5,41e657daa20545a588584578bdb4101c,0.8858392238616943
011e2395f6a74299aafef3ad4c6e1bd5,5f65785004054c67a618fe43b6a30f56,0.8834148645401001
011e2395f6a74299aafef3ad4c6e1bd5,d9096650c434432c871effeca9acd5c6,0.8814375996589661
011e2395f6a74299aafef3ad4c6e1bd5,e4fcd30261804b089efa940359057ba2,0.8802861571311951
fbcfef1ef1bc43e3bf9e78155f27de0e,de6ac628a786435f9925c8cc1d707d6b,0.8772369027137756
fbcfef1ef1bc43e3bf9e78155f27de0e,30578712823948b086e3781343982938,0.8709179162979126
fbcfef1ef1bc43e3bf9e78155f27de0e,1e376f9d0945477983c8d851e4b2cf5e,0.866422176361084
fbcfef1ef1bc43e3bf9e78155f27de0e,0a2c24dead204be9ae36be358e1223f9,0.863152027130127
fbcfef1ef1bc43e3bf9e78155f27de0e,5537ddec608a4ec586ea068fa27547ca,0.8625549674034119
fbcfef1ef1bc43e3bf9e78155f27de0e,23a16d69ffe848d593a4808907d8aa98,0.8616999983787537
fbcfef1ef1bc43e3bf9e78155f27de0e,5a6f4a2f7f6a4b1fa146493472e6d721,0.8610861897468567
fbcfef1ef1bc43e3bf9e78155f27de0e,8d595c7da42545c88052e7b213b6c97c,0.8596045970916748
fbcfef1ef1bc43e3bf9e78155f27de0e,245212a659504b9b9cdbaf1ab1d040ff,0.8581781983375549
fbcfef1ef1bc43e3bf9e78155f27de0e,77cecb221149474896d9b2eb848bf150,0.8568698763847351
e213427aa5fa426b826fb892aee20bcd,984058b7165d4c6385bec3c94afa9fb2,0.9871609807014465
e213427aa5fa426b826fb892aee20bcd,3cb231e1167e45f9bf5771a4e0074092,0.8977824449539185
e213427aa5fa426b826fb892aee20bcd,9bf3b77eb9874f5f9e006a9cff111ea9,0.8860731720924377
e213427aa5fa426b826fb892aee20bcd,57bcda73abab44ee930b20cdaee9d24b,0.8856858015060425
e213427aa5fa426b826fb892aee20bcd,da61e0de396149208c9ebd0fd6d7415d,0.8833341598510742
e213427aa5fa426b826fb892aee20bcd,211ef3181e524685866fb8574d9bf456,0.883065402507782
e213427aa5fa426b826fb892aee20bcd,8fdee0611965465eb45387b8c39f4136,0.8819147348403931
e213427aa5fa426b826fb892aee20bcd,8350ea8cd6514c2c8d7b625abe7e895b,0.8801660537719727
e213427aa5fa426b826fb892aee20bcd,0b57f893483647c3aed811775a4c4c04,0.878916323184967
e213427aa5fa426b826fb892aee20bcd,35d06fce2df446569702778e2250bd82,0.8777284026145935
4d0df524bcae4a17b817d5eb1edde03d,984058b7165d4c6385bec3c94afa9fb2,0.982454776763916
4d0df524bcae4a17b817d5eb1edde03d,211ef3181e524685866fb8574d9bf456,0.8951022624969482
4d0df524bcae4a17b817d5eb1edde03d,3cb231e1167e45f9bf5771a4e0074092,0.8843376040458679
4d0df524bcae4a17b817d5eb1edde03d,c84deec0ecf843c39f52d4cb8e7300f8,0.8830353021621704
4d0df524bcae4a17b817d5eb1edde03d,3b37a4c34b6e4ca89a04da864e141422,0.8826137781143188
4d0df524bcae4a17b817d5eb1edde03d,ef8c056ecb524439a48c881089537951,0.8791587352752686
4d0df524bcae4a17b817d5eb1edde03d,8fdee0611965465eb45387b8c39f4136,0.878950834274292
4d0df524bcae4a17b817d5eb1edde03d,02a3cd76ce534d188b4d5ac4778bd652,0.8788641691207886
4d0df524bcae4a17b817d5eb1edde03d,57bcda73abab44ee930b20cdaee9d24b,0.8788306713104248
4d0df524bcae4a17b817d5eb1edde03d,9bf3b77eb9874f5f9e006a9cff111ea9,0.8785075545310974
2382285186b14233b2a574461eead3a9,b277101390e1465685ef79bf3519f8d7,0.938419759273529
2382285186b14233b2a574461eead3a9,7e190e3c05d74e6b9f103e39142c1684,0.9211949110031128
2382285186b14233b2a574461eead3a9,63eab812f3254cccb9631b09725aec3d,0.9153187274932861
2382285186b14233b2a574461eead3a9,daed5458403e49e3aea72f4bcc6dd224,0.914345383644104
2382285186b14233b2a574461eead3a9,6ea31a945d494834a3d243f1f90af02a,0.9134626388549805
2382285186b14233b2a574461eead3a9,be8953cc364d46cebbcc2c2da2c348ab,0.9120796918869019
2382285186b14233b2a574461eead3a9,1d70bc69b2f84bef9aa5fb0d9917e38d,0.9102945327758789
2382285186b14233b2a574461eead3a9,384b14b18c3c43b1a4dc1aa2f661e076,0.9085677862167358
2382285186b14233b2a574461eead3a9,0cdb0f32850f4585a16de4886462bbe0,0.9077205657958984
2382285186b14233b2a574461eead3a9,b77d8b7bb0114c379139d280a9210e83,0.9072364568710327
91918319e16747aa9a1d9dd6b13b960e,b277101390e1465685ef79bf3519f8d7,0.9715149402618408
91918319e16747aa9a1d9dd6b13b960e,52ee59901f3b4de884d7a6720538aed6,0.9081905484199524
91918319e16747aa9a1d9dd6b13b960e,19593c97fef0474dbe6051e28338f1e9,0.9012004733085632
91918319e16747aa9a1d9dd6b13b960e,7e190e3c05d74e6b9f103e39142c1684,0.8992574214935303
91918319e16747aa9a1d9dd6b13b960e,521004289ebc4e6da6623381d40a5e73,0.8973495960235596
91918319e16747aa9a1d9dd6b13b960e,41e657daa20545a588584578bdb4101c,0.8971898555755615
91918319e16747aa9a1d9dd6b13b960e,9bf3b77eb9874f5f9e006a9cff111ea9,0.896125316619873
91918319e16747aa9a1d9dd6b13b960e,d9096650c434432c871effeca9acd5c6,0.8958084583282471
91918319e16747aa9a1d9dd6b13b960e,82d68ea370f8451aa16ea08f4601245c,0.893601655960083
91918319e16747aa9a1d9dd6b13b960e,70558882c04e46bd99d15e9786468418,0.8934155106544495
de360956bf524b1783abb303a77d92b5,eee7f32249c5452ea36c8ed3a3540010,0.9063907861709595
de360956bf524b1783abb303a77d92b5,3574ab91c29940b3afc62354ae06b73b,0.9008932113647461
de360956bf524b1783abb303a77d92b5,a0b4d283f12a407286dbeaa3a4d128a5,0.8966377973556519
de360956bf524b1783abb303a77d92b5,0592b57e490d4206a3f12eb004a0afe0,0.8956815600395203
de360956bf524b1783abb303a77d92b5,d9ac372330a4446886fa19bac0d19877,0.8941174745559692
de360956bf524b1783abb303a77d92b5,66f4c650b7ca48f1bc27f9daff8d312a,0.893679141998291
de360956bf524b1783abb303a77d92b5,eb21a4e2b7bd43efbdf0c365415e7fef,0.8920538425445557
de360956bf524b1783abb303a77d92b5,77cecb221149474896d9b2eb848bf150,0.890939474105835
de360956bf524b1783abb303a77d92b5,db0c3a952e454b90aa4a68feb6a50e87,0.8902347087860107
de360956bf524b1783abb303a77d92b5,bf789f42ccfc42c5a330a3f6e30ddb83,0.8896832466125488
18eca8b91ef14435a8d3dc3cf888e60d,0592b57e490d4206a3f12eb004a0afe0,0.91143798828125
18eca8b91ef14435a8d3dc3cf888e60d,93dc50abd35349f7923100dca2f41002,0.9022216796875
18eca8b91ef14435a8d3dc3cf888e60d,f1eecad10a61421eb16b1be7435d9c19,0.8956681489944458
18eca8b91ef14435a8d3dc3cf888e60d,643fbbdd6b764ba9904a4ee67a86b9fd,0.8938843607902527
18eca8b91ef14435a8d3dc3cf888e60d,d756970269e9443fb9bbf645a96aa84e,0.8931800127029419
18eca8b91ef14435a8d3dc3cf888e60d,bcfa4a4177d44d8b8cda17b7a23196b0,0.8916248083114624
18eca8b91ef14435a8d3dc3cf888e60d,b9228fdb5f0c413d81cffb51829d95c6,0.8905990123748779
18eca8b91ef14435a8d3dc3cf888e60d,4a6eba10a02a4ecdbb6b25e8651c3789,0.8905055522918701
18eca8b91ef14435a8d3dc3cf888e60d,bf789f42ccfc42c5a330a3f6e30ddb83,0.8904162645339966
18eca8b91ef14435a8d3dc3cf888e60d,6f57d1175ad243edada61643d01fcd54,0.8903588056564331
71a406ea72c94b068788a3f7435fb47e,0592b57e490d4206a3f12eb004a0afe0,0.9143635034561157
71a406ea72c94b068788a3f7435fb47e,b9228fdb5f0c413d81cffb51829d95c6,0.888134241104126
71a406ea72c94b068788a3f7435fb47e,63ba014f9cc747ac87013da6be0ceab9,0.8875303864479065
71a406ea72c94b068788a3f7435fb47e,bcfa4a4177d44d8b8cda17b7a23196b0,0.8847562074661255
71a406ea72c94b068788a3f7435fb47e,655a618282cd4fa39a26f0967c033f4b,0.8833169937133789
71a406ea72c94b068788a3f7435fb47e,f1eecad10a61421eb16b1be7435d9c19,0.8803352117538452
71a406ea72c94b068788a3f7435fb47e,93dc50abd35349f7923100dca2f41002,0.8787986636161804
71a406ea72c94b068788a3f7435fb47e,ff276acede2f4c14876ef47257758ae8,0.8785369992256165
71a406ea72c94b068788a3f7435fb47e,f37d285ad0de42f0b1546d0d1acfb221,0.8775204420089722
71a406ea72c94b068788a3f7435fb47e,d756970269e9443fb9bbf645a96aa84e,0.8768025636672974
d67d3ded66fd47dcbd06a4e0d110046a,0cdb0f32850f4585a16de4886462bbe0,0.9791394472122192
d67d3ded66fd47dcbd06a4e0d110046a,aa082284f9894b5aa210c179d59999b1,0.9411346912384033
d67d3ded66fd47dcbd06a4e0d110046a,6ea31a945d494834a3d243f1f90af02a,0.9343794584274292
d67d3ded66fd47dcbd06a4e0d110046a,1d70bc69b2f84bef9aa5fb0d9917e38d,0.9323413372039795
d67d3ded66fd47dcbd06a4e0d110046a,6b4676aba2a746b3ab778315afc8ee82,0.9249725341796875
d67d3ded66fd47dcbd06a4e0d110046a,ccb62901750b4d13a922fc161b607f83,0.9151349067687988
d67d3ded66fd47dcbd06a4e0d110046a,1f3cf50fe1f947d8a56e02ebca441c4c,0.9107489585876465
d67d3ded66fd47dcbd06a4e0d110046a,b702b2b61ce048c6bf5af3c4dca18b1a,0.9098881483078003
d67d3ded66fd47dcbd06a4e0d110046a,097f2ce3b88c4d008488b9908076497e,0.9084054231643677
d67d3ded66fd47dcbd06a4e0d110046a,ff171f0b29974f78b0e81fee30abdd38,0.9083446264266968
a1ee60380a8341b4a22b01efc9c91484,0cdb0f32850f4585a16de4886462bbe0,0.9716753959655762
a1ee60380a8341b4a22b01efc9c91484,1d70bc69b2f84bef9aa5fb0d9917e38d,0.932466983795166
a1ee60380a8341b4a22b01efc9c91484,6ea31a945d494834a3d243f1f90af02a,0.9275891780853271
a1ee60380a8341b4a22b01efc9c91484,aa082284f9894b5aa210c179d59999b1,0.9234440326690674
a1ee60380a8341b4a22b01efc9c91484,6b4676aba2a746b3ab778315afc8ee82,0.9132377505302429
a1ee60380a8341b4a22b01efc9c91484,f335a944a27a4504a82ecf70c2d4a5e4,0.9111807346343994
a1ee60380a8341b4a22b01efc9c91484,26e55eb4d910464497d700bfdf5a36ca,0.9110419750213623
a1ee60380a8341b4a22b01efc9c91484,71c1a8479b194efca65b44fb7f327afb,0.9082720875740051
a1ee60380a8341b4a22b01efc9c91484,74de04f31db94a99b757685c91779412,0.9074423313140869
a1ee60380a8341b4a22b01efc9c91484,63eab812f3254cccb9631b09725aec3d,0.9064885973930359
0ba701552aa94bf68368b5382edfd973,c3502ff31ce6459a96164c934f297562,0.8889323472976685
0ba701552aa94bf68368b5382edfd973,13e659415ac84c7a81fc769111d43417,0.888076663017273
0ba701552aa94bf68368b5382edfd973,c3a741d302d94ee294bb6e4090fd2da9,0.8842144012451172
0ba701552aa94bf68368b5382edfd973,fadf133e0e684a24ac79b5fa9515bac2,0.8824517726898193
0ba701552aa94bf68368b5382edfd973,cf290994a83e4909aec30077477b9d04,0.8793907165527344
0ba701552aa94bf68368b5382edfd973,c713a0ca69864ee7b240069c98dc44dc,0.8787012100219727
0ba701552aa94bf68368b5382edfd973,4a3d4daed4b24a1898551f0fd1ba44f1,0.8777687549591064
0ba701552aa94bf68368b5382edfd973,d5ecdd142b544edca1b16ee83a9cf908,0.8751199245452881
0ba701552aa94bf68368b5382edfd973,26869cc099c44c4a86f6043476ab4890,0.8738999962806702
0ba701552aa94bf68368b5382edfd973,5c09482fc8dc45bdbf7919f00dd540e0,0.8732517957687378
d80469792ba1435797dbbd8c826c4dcc,0c889c151e094b948c13b0275e660a9c,0.9200089573860168
d80469792ba1435797dbbd8c826c4dcc,8889c114b071429cbe2418f5b0f2024b,0.9040312767028809
d80469792ba1435797dbbd8c826c4dcc,bbdf9065122d499d9d8f80ad3e0ef6f3,0.9012075662612915
d80469792ba1435797dbbd8c826c4dcc,f1c9c5051bdd4a11a064260bbb9d6d7b,0.8927417993545532
d80469792ba1435797dbbd8c826c4dcc,7dd5e88dfdd24cafab2c765939757354,0.8916661143302917
d80469792ba1435797dbbd8c826c4dcc,5537ddec608a4ec586ea068fa27547ca,0.8883038759231567
d80469792ba1435797dbbd8c826c4dcc,cd6ce920d00e4d17a6cf04f9f7e550b7,0.8863441944122314
d80469792ba1435797dbbd8c826c4dcc,e7ee85dd47ca43eeb2fdcd70b802f0ec,0.8845100998878479
d80469792ba1435797dbbd8c826c4dcc,13e659415ac84c7a81fc769111d43417,0.8838441371917725
d80469792ba1435797dbbd8c826c4dcc,5c09482fc8dc45bdbf7919f00dd540e0,0.8832559585571289
a2c9e517dc6d4e6bbbfc226aa45adb37,403835bbf2f1447188bcc78e062b0028,0.957086980342865
a2c9e517dc6d4e6bbbfc226aa45adb37,be8953cc364d46cebbcc2c2da2c348ab,0.9247198104858398
a2c9e517dc6d4e6bbbfc226aa45adb37,714e47cd21e5416f864a4bc938850a72,0.9124869704246521
a2c9e517dc6d4e6bbbfc226aa45adb37,d695b7afdc3841a28a56df578e56afce,0.9120181202888489
a2c9e517dc6d4e6bbbfc226aa45adb37,26e55eb4d910464497d700bfdf5a36ca,0.9000841975212097
a2c9e517dc6d4e6bbbfc226aa45adb37,415641aa43724ed9bc4710302b77edc3,0.8977771997451782
a2c9e517dc6d4e6bbbfc226aa45adb37,7584980704ae4617bb27ca162cc9c5db,0.8925544619560242
a2c9e517dc6d4e6bbbfc226aa45adb37,f335a944a27a4504a82ecf70c2d4a5e4,0.8907507658004761
a2c9e517dc6d4e6bbbfc226aa45adb37,a297e08effdf4a69a6c4d79a34a0c6ad,0.8883523941040039
a2c9e517dc6d4e6bbbfc226aa45adb37,e06d08ff594a4acbac12edf579743fcf,0.8869661092758179
94e80e2185c943e49ef7d81012376cbc,3356a8a8c6ee4f30bc2b028e360d4471,0.9802215695381165
94e80e2185c943e49ef7d81012376cbc,f91157bb8fca4a8e98db33591a76be9a,0.922280490398407
94e80e2185c943e49ef7d81012376cbc,5f481b07f9734f518a14853831233b78,0.906413733959198
94e80e2185c943e49ef7d81012376cbc,1232f20e710b448e8c0538b9e84dab1c,0.9020708799362183
94e80e2185c943e49ef7d81012376cbc,5a6f4a2f7f6a4b1fa146493472e6d721,0.9015511274337769
94e80e2185c943e49ef7d81012376cbc,e12ad1ce8e7940a999b9a4f91a95fab7,0.9007153511047363
94e80e2185c943e49ef7d81012376cbc,039f8e63b273472d8f1d99d9a5de5cf5,0.8980928659439087
94e80e2185c943e49ef7d81012376cbc,d476be2399b7424a88d242b771c32041,0.8972568511962891
94e80e2185c943e49ef7d81012376cbc,9bf3b77eb9874f5f9e006a9cff111ea9,0.8958472013473511
94e80e2185c943e49ef7d81012376cbc,5e44915237fc4445b54b037e1c4e29a4,0.8945894241333008
dc79be5806cf4fa1b7fdf18adcb8af3d,4a3d4daed4b24a1898551f0fd1ba44f1,0.977118730545044
dc79be5806cf4fa1b7fdf18adcb8af3d,1027a336232c4454a9c4ae450a562788,0.923120379447937
dc79be5806cf4fa1b7fdf18adcb8af3d,66690895454847fea5a000202fbfab2e,0.921553909778595
dc79be5806cf4fa1b7fdf18adcb8af3d,fadf133e0e684a24ac79b5fa9515bac2,0.9195594787597656
dc79be5806cf4fa1b7fdf18adcb8af3d,e79ae27b52fa4d54aa37735fd275c66e,0.9149014949798584
dc79be5806cf4fa1b7fdf18adcb8af3d,64e74af099b0485f8b6e71ac73aa2cb8,0.9145210385322571
dc79be5806cf4fa1b7fdf18adcb8af3d,19a124c6dad14a4fa7864463b081009c,0.9143120050430298
dc79be5806cf4fa1b7fdf18adcb8af3d,cae139b6e4914ce7b0ef1e68b8b857eb,0.9130904674530029
dc79be5806cf4fa1b7fdf18adcb8af3d,7dd5e88dfdd24cafab2c765939757354,0.9121967554092407
dc79be5806cf4fa1b7fdf18adcb8af3d,ad054da7e1704a53931a341173f0605f,0.9118680953979492
7301669f98674b658396f1d96eaf98d3,df5ca61304074da1bec8f536ab50baf3,0.9132316708564758
7301669f98674b658396f1d96eaf98d3,1232f20e710b448e8c0538b9e84dab1c,0.9047629833221436
7301669f98674b658396f1d96eaf98d3,bcfa4a4177d44d8b8cda17b7a23196b0,0.9028580188751221
7301669f98674b658396f1d96eaf98d3,c65af18670ea437c8986884645b3afe9,0.9010780453681946
7301669f98674b658396f1d96eaf98d3,643fbbdd6b764ba9904a4ee67a86b9fd,0.9005080461502075
7301669f98674b658396f1d96eaf98d3,d476be2399b7424a88d242b771c32041,0.8994583487510681
7301669f98674b658396f1d96eaf98d3,3356a8a8c6ee4f30bc2b028e360d4471,0.8970291018486023
7301669f98674b658396f1d96eaf98d3,b23a9c50eada4286a4f7ce8668b92db1,0.8966742157936096
7301669f98674b658396f1d96eaf98d3,b8995466f0eb4e7ba141e23216e8b974,0.8952573537826538
7301669f98674b658396f1d96eaf98d3,5a6f4a2f7f6a4b1fa146493472e6d721,0.894832193851471
8d37ca8985e84bd297602e977ec9487a,4a3d4daed4b24a1898551f0fd1ba44f1,0.9766312837600708
8d37ca8985e84bd297602e977ec9487a,1027a336232c4454a9c4ae450a562788,0.9323083758354187
8d37ca8985e84bd297602e977ec9487a,64e74af099b0485f8b6e71ac73aa2cb8,0.9214034080505371
8d37ca8985e84bd297602e977ec9487a,ad054da7e1704a53931a341173f0605f,0.9189240336418152
8d37ca8985e84bd297602e977ec9487a,fadf133e0e684a24ac79b5fa9515bac2,0.9181681871414185
8d37ca8985e84bd297602e977ec9487a,cae139b6e4914ce7b0ef1e68b8b857eb,0.9151598811149597
8d37ca8985e84bd297602e977ec9487a,19a124c6dad14a4fa7864463b081009c,0.9149531126022339
8d37ca8985e84bd297602e977ec9487a,66690895454847fea5a000202fbfab2e,0.9145671725273132
8d37ca8985e84bd297602e977ec9487a,4926607aafe749538c930e108275547e,0.9082916975021362
8d37ca8985e84bd297602e977ec9487a,26869cc099c44c4a86f6043476ab4890,0.9082465171813965
d7577481d2284677970ac7a876a6d295,3356a8a8c6ee4f30bc2b028e360d4471,0.9824383854866028
d7577481d2284677970ac7a876a6d295,f91157bb8fca4a8e98db33591a76be9a,0.917091965675354
d7577481d2284677970ac7a876a6d295,5f481b07f9734f518a14853831233b78,0.9068573713302612
d7577481d2284677970ac7a876a6d295,7dd5e88dfdd24cafab2c765939757354,0.9031230807304382
d7577481d2284677970ac7a876a6d295,1232f20e710b448e8c0538b9e84dab1c,0.9024301767349243
d7577481d2284677970ac7a876a6d295,8fdee0611965465eb45387b8c39f4136,0.9012830853462219
d7577481d2284677970ac7a876a6d295,9bf3b77eb9874f5f9e006a9cff111ea9,0.9001976251602173
d7577481d2284677970ac7a876a6d295,5a6f4a2f7f6a4b1fa146493472e6d721,0.8996949195861816
d7577481d2284677970ac7a876a6d295,6732de8994744decbb3306c74aaa7882,0.8990100622177124
d7577481d2284677970ac7a876a6d295,7199f2fe77824236a392e1f00a5bdfc3,0.8969810009002686
499f89e2519849bfbdcfb7f09d470c08,44156e6482884acaaee1938e04d8b6ff,0.9093177914619446
499f89e2519849bfbdcfb7f09d470c08,599feb1e512c43ad8c0a1845922acf78,0.880650520324707
499f89e2519849bfbdcfb7f09d470c08,5f481b07f9734f518a14853831233b78,0.8761094808578491
499f89e2519849bfbdcfb7f09d470c08,039f8e63b273472d8f1d99d9a5de5cf5,0.875878095626831
499f89e2519849bfbdcfb7f09d470c08,5e44915237fc4445b54b037e1c4e29a4,0.8725664019584656
499f89e2519849bfbdcfb7f09d470c08,f91157bb8fca4a8e98db33591a76be9a,0.8624231219291687
499f89e2519849bfbdcfb7f09d470c08,35d06fce2df446569702778e2250bd82,0.8597438931465149
499f89e2519849bfbdcfb7f09d470c08,3356a8a8c6ee4f30bc2b028e360d4471,0.859183669090271
499f89e2519849bfbdcfb7f09d470c08,98b2022b2cb84af09ee8b789db928b13,0.8581036925315857
499f89e2519849bfbdcfb7f09d470c08,f69bf682935e47e1b4c72d237becd13a,0.8557971119880676
1e4b598167924e35b74d3da0df1f2de1,796eade2ee4f466781d9f6669db43e48,0.9638321399688721
1e4b598167924e35b74d3da0df1f2de1,9948a890ef25479e834f70944cb42eae,0.8817430138587952
1e4b598167924e35b74d3da0df1f2de1,24c55bb5cd694770ba895c7401da2ba5,0.8792953491210938
1e4b598167924e35b74d3da0df1f2de1,e343a998f4df4ac195c84e0fb571a393,0.8760089874267578
1e4b598167924e35b74d3da0df1f2de1,5605fa1188974644937bbf92fec50e21,0.8735507130622864
1e4b598167924e35b74d3da0df1f2de1,d8b3ad3b5c4e474db41a671ab286424f,0.8718354105949402
1e4b598167924e35b74d3da0df1f2de1,3f1c2bb09c4e4400b6ba19542fafce18,0.8699362277984619
1e4b598167924e35b74d3da0df1f2de1,e0d8aee46b1d4d998858cd05027251b6,0.8668904304504395
1e4b598167924e35b74d3da0df1f2de1,ee7c00877ae64dac87123a3d75251530,0.8667221665382385
1e4b598167924e35b74d3da0df1f2de1,75801225047a4c019100660c13f1e0f1,0.866108238697052
c7bd4b551343446fb8edc262aec1a374,796eade2ee4f466781d9f6669db43e48,0.9827427864074707
c7bd4b551343446fb8edc262aec1a374,24c55bb5cd694770ba895c7401da2ba5,0.8903274536132812
c7bd4b551343446fb8edc262aec1a374,2b3ecf8be2b242f3b8a1e714390749fb,0.8901783227920532
c7bd4b551343446fb8edc262aec1a374,d8b3ad3b5c4e474db41a671ab286424f,0.8895788192749023
c7bd4b551343446fb8edc262aec1a374,9094e936e13641cc9bfcc7dc1408d86e,0.8859177827835083
c7bd4b551343446fb8edc262aec1a374,e343a998f4df4ac195c84e0fb571a393,0.8855807781219482
c7bd4b551343446fb8edc262aec1a374,ed4449952a9e45339b76fc5f123cb917,0.8847269415855408
c7bd4b551343446fb8edc262aec1a374,9948a890ef25479e834f70944cb42eae,0.8843930959701538
c7bd4b551343446fb8edc262aec1a374,f6207eb593394ff78e2cb35057477422,0.8814111948013306
c7bd4b551343446fb8edc262aec1a374,65e52d14d4d64d4fbad3de6ad319e745,0.8774678707122803
219b73b7828646f9bb608aec046837ee,44156e6482884acaaee1938e04d8b6ff,0.9499019384384155
219b73b7828646f9bb608aec046837ee,e53dd6188816429ab915de6f9649a026,0.8860882520675659
219b73b7828646f9bb608aec046837ee,039f8e63b273472d8f1d99d9a5de5cf5,0.8813756704330444
219b73b7828646f9bb608aec046837ee,5e44915237fc4445b54b037e1c4e29a4,0.8787920475006104
219b73b7828646f9bb608aec046837ee,5f481b07f9734f518a14853831233b78,0.8786447644233704
219b73b7828646f9bb608aec046837ee,98b2022b2cb84af09ee8b789db928b13,0.8773465156555176
219b73b7828646f9bb608aec046837ee,3766b26b53874893ae48693880e1942c,0.8767618536949158
219b73b7828646f9bb608aec046837ee,4c36aafaf38f4e9e9e09991737196fe1,0.8747318387031555
219b73b7828646f9bb608aec046837ee,21019944fc2c4838a682a6dcdc62c4ef,0.8732897043228149
219b73b7828646f9bb608aec046837ee,be9e713988ba4bbba869885cad419259,0.8731669187545776
9d11ca9aa5d24f68aab627b9e93e698b,3138244ae91040948d5bd6772e4075ea,0.9835691452026367
9d11ca9aa5d24f68aab627b9e93e698b,fadf133e0e684a24ac79b5fa9515bac2,0.9150424003601074
9d11ca9aa5d24f68aab627b9e93e698b,cae139b6e4914ce7b0ef1e68b8b857eb,0.8983075618743896
9d11ca9aa5d24f68aab627b9e93e698b,da61d9bc8f024a4aba18d5c3072b7838,0.8972731828689575
9d11ca9aa5d24f68aab627b9e93e698b,4a3d4daed4b24a1898551f0fd1ba44f1,0.8970435857772827
9d11ca9aa5d24f68aab627b9e93e698b,79721c9bb6a54ecdb3d0a0f4011762c1,0.8959596753120422
9d11ca9aa5d24f68aab627b9e93e698b,9bf3b77eb9874f5f9e006a9cff111ea9,0.8943586945533752
9d11ca9aa5d24f68aab627b9e93e698b,e511c40ca6324803b5021e47b4e777f8,0.8927638530731201
9d11ca9aa5d24f68aab627b9e93e698b,c84deec0ecf843c39f52d4cb8e7300f8,0.8917995691299438
9d11ca9aa5d24f68aab627b9e93e698b,5a6f4a2f7f6a4b1fa146493472e6d721,0.8904672861099243
cc89d7fa93924af1a154d57f1f1cfbc3,70558882c04e46bd99d15e9786468418,0.9635894894599915
cc89d7fa93924af1a154d57f1f1cfbc3,0971af4212484a958eb0f60f93d1dfe0,0.9166415929794312
cc89d7fa93924af1a154d57f1f1cfbc3,9bf3b77eb9874f5f9e006a9cff111ea9,0.9144247770309448
cc89d7fa93924af1a154d57f1f1cfbc3,1f3cf50fe1f947d8a56e02ebca441c4c,0.9137390851974487
cc89d7fa93924af1a154d57f1f1cfbc3,41e657daa20545a588584578bdb4101c,0.9137009382247925
cc89d7fa93924af1a154d57f1f1cfbc3,67dd23cfd20f46dc82acc82c108a1dc6,0.909959077835083
cc89d7fa93924af1a154d57f1f1cfbc3,97959d02a64f4a3fbbebe7cbece6c012,0.9092919826507568
cc89d7fa93924af1a154d57f1f1cfbc3,b77d8b7bb0114c379139d280a9210e83,0.9084657430648804
cc89d7fa93924af1a154d57f1f1cfbc3,82d68ea370f8451aa16ea08f4601245c,0.9071353673934937
cc89d7fa93924af1a154d57f1f1cfbc3,b277101390e1465685ef79bf3519f8d7,0.9064211845397949
a3a0aa5e67f44552af621d1abeb18c13,3138244ae91040948d5bd6772e4075ea,0.9596194624900818
a3a0aa5e67f44552af621d1abeb18c13,fadf133e0e684a24ac79b5fa9515bac2,0.9202970862388611
a3a0aa5e67f44552af621d1abeb18c13,4a3d4daed4b24a1898551f0fd1ba44f1,0.9052523374557495
a3a0aa5e67f44552af621d1abeb18c13,eff24b01b2f5428baa4c3fef6cb40d41,0.9026804566383362
a3a0aa5e67f44552af621d1abeb18c13,66690895454847fea5a000202fbfab2e,0.8936129808425903
a3a0aa5e67f44552af621d1abeb18c13,b3a022950e444682a113cec5a0537f6a,0.8934665322303772
a3a0aa5e67f44552af621d1abeb18c13,c84deec0ecf843c39f52d4cb8e7300f8,0.8917989730834961
a3a0aa5e67f44552af621d1abeb18c13,79721c9bb6a54ecdb3d0a0f4011762c1,0.8914550542831421
a3a0aa5e67f44552af621d1abeb18c13,b0d2e6c4b2384950b3696c4414870282,0.8899590373039246
a3a0aa5e67f44552af621d1abeb18c13,da61d9bc8f024a4aba18d5c3072b7838,0.8890422582626343
2832c5b8870946c69ac69731c0ec1d68,0971af4212484a958eb0f60f93d1dfe0,0.9225374460220337
2832c5b8870946c69ac69731c0ec1d68,8f0e477fc779414e9b47995c0b25a87d,0.9054412245750427
2832c5b8870946c69ac69731c0ec1d68,70558882c04e46bd99d15e9786468418,0.9044176340103149
2832c5b8870946c69ac69731c0ec1d68,f69dcaceb6074ddebfe1dc7e5978fcff,0.8977702856063843
2832c5b8870946c69ac69731c0ec1d68,938147b72e9540da8513910871e0830a,0.8934262990951538
2832c5b8870946c69ac69731c0ec1d68,daed5458403e49e3aea72f4bcc6dd224,0.8901337385177612
2832c5b8870946c69ac69731c0ec1d68,41e657daa20545a588584578bdb4101c,0.8881497383117676
2832c5b8870946c69ac69731c0ec1d68,1f3cf50fe1f947d8a56e02ebca441c4c,0.8862327337265015
2832c5b8870946c69ac69731c0ec1d68,f0084465b2e646c9a53d9dc766067d9b,0.8847447633743286
2832c5b8870946c69ac69731c0ec1d68,fbfaa119f55a477984e42d80498f54d3,0.8845736980438232
1403f18946f64e94915e337242ec189f,556743bab70d4b75bafcf192fef95b16,0.9857790470123291
1403f18946f64e94915e337242ec189f,1d70bc69b2f84bef9aa5fb0d9917e38d,0.8999406099319458
1403f18946f64e94915e337242ec189f,e06d08ff594a4acbac12edf579743fcf,0.8922355771064758
1403f18946f64e94915e337242ec189f,724a3f6551e74ad585bdeac9a75fd639,0.8895144462585449
1403f18946f64e94915e337242ec189f,33b5e2ae5ebe4f548bac3a00ab0a59eb,0.889498233795166
1403f18946f64e94915e337242ec189f,e2e0c8c96aff4c00896ac6986bbb20c2,0.8874136805534363
1403f18946f64e94915e337242ec189f,0f785440b29548e1a1968868262fd42e,0.8873658180236816
1403f18946f64e94915e337242ec189f,be8953cc364d46cebbcc2c2da2c348ab,0.8861081600189209
1403f18946f64e94915e337242ec189f,82d68ea370f8451aa16ea08f4601245c,0.8831996917724609
1403f18946f64e94915e337242ec189f,2639b6540bda414f8a9baa3b5cdb612a,0.8817199468612671
104c41a52ade420c9d3dac7c3c0aaf80,be9e713988ba4bbba869885cad419259,0.9659649133682251
104c41a52ade420c9d3dac7c3c0aaf80,4c36aafaf38f4e9e9e09991737196fe1,0.910333514213562
104c41a52ade420c9d3dac7c3c0aaf80,4e4495962a9b4864882397042f1a2b3e,0.9040709733963013
104c41a52ade420c9d3dac7c3c0aaf80,8c7c9eaae41a44a3a4ebe39ce167d300,0.9010680317878723
104c41a52ade420c9d3dac7c3c0aaf80,b834c0b0c10b471b87ad3f11468de619,0.8948367238044739
104c41a52ade420c9d3dac7c3c0aaf80,636c21e19a5845e1b8d69a5fca928030,0.8932899236679077
104c41a52ade420c9d3dac7c3c0aaf80,f91157bb8fca4a8e98db33591a76be9a,0.8927679061889648
104c41a52ade420c9d3dac7c3c0aaf80,434551fdf9e443ed91679a9557ae6fd5,0.8889836072921753
104c41a52ade420c9d3dac7c3c0aaf80,db69f22fe72246ea85d33991961a649a,0.8869431018829346
104c41a52ade420c9d3dac7c3c0aaf80,8fdee0611965465eb45387b8c39f4136,0.8852872848510742
e8a3dc97d68d46b6b42514168c735abb,be9e713988ba4bbba869885cad419259,0.9265584945678711
e8a3dc97d68d46b6b42514168c735abb,5e44915237fc4445b54b037e1c4e29a4,0.8876523971557617
e8a3dc97d68d46b6b42514168c735abb,cb2505b30d8a4dc086c353cf94424b6d,0.8857322931289673
e8a3dc97d68d46b6b42514168c735abb,6b7b5d28293d4a5a8075f7f7dd231ddb,0.8806017637252808
e8a3dc97d68d46b6b42514168c735abb,3356a8a8c6ee4f30bc2b028e360d4471,0.8776849508285522
e8a3dc97d68d46b6b42514168c735abb,df5ca61304074da1bec8f536ab50baf3,0.8762921094894409
e8a3dc97d68d46b6b42514168c735abb,b834c0b0c10b471b87ad3f11468de619,0.8750768303871155
e8a3dc97d68d46b6b42514168c735abb,e53dd6188816429ab915de6f9649a026,0.8740040063858032
e8a3dc97d68d46b6b42514168c735abb,b675be39e8ff421aa59811f146da945b,0.8736274838447571
e8a3dc97d68d46b6b42514168c735abb,3fce01bbc56d49d39f61cba3d17648f2,0.8730012774467468
d93d116f2e364d0c956fe7f93f434129,cd6ce920d00e4d17a6cf04f9f7e550b7,0.9238344430923462
d93d116f2e364d0c956fe7f93f434129,3aa003c1e31b476e999c3a808a1d5dc6,0.912582516670227
d93d116f2e364d0c956fe7f93f434129,5fc200cab89346658c9c91cce27e85fe,0.9076147079467773
d93d116f2e364d0c956fe7f93f434129,26869cc099c44c4a86f6043476ab4890,0.9075360298156738
d93d116f2e364d0c956fe7f93f434129,a2612682d9854a30a7684c91c8619ec9,0.9070819616317749
d93d116f2e364d0c956fe7f93f434129,24c55bb5cd694770ba895c7401da2ba5,0.9068663120269775
d93d116f2e364d0c956fe7f93f434129,a5d5fb459a1844088e93ae557ab34afe,0.9045693874359131
d93d116f2e364d0c956fe7f93f434129,78809cb3c6b841a9b8b132133dd6bb96,0.9021195769309998
d93d116f2e364d0c956fe7f93f434129,8dfe01febd46475ab5aef97033716ce1,0.9015176296234131
d93d116f2e364d0c956fe7f93f434129,f4b7e6e902e344859cb041126b69ce3c,0.8987041711807251
8b13db18ea734cf391e49a434b75757e,6b7b5d28293d4a5a8075f7f7dd231ddb,0.9473075270652771
8b13db18ea734cf391e49a434b75757e,7584980704ae4617bb27ca162cc9c5db,0.9192035794258118
8b13db18ea734cf391e49a434b75757e,8d595c7da42545c88052e7b213b6c97c,0.9168472290039062
8b13db18ea734cf391e49a434b75757e,17b5eb6fab65476f827dd355b4a20a55,0.9158574342727661
8b13db18ea734cf391e49a434b75757e,4e4495962a9b4864882397042f1a2b3e,0.914241373538971
8b13db18ea734cf391e49a434b75757e,5e44915237fc4445b54b037e1c4e29a4,0.91422438621521
8b13db18ea734cf391e49a434b75757e,ccb62901750b4d13a922fc161b607f83,0.9134270548820496
8b13db18ea734cf391e49a434b75757e,be8953cc364d46cebbcc2c2da2c348ab,0.9101792573928833
8b13db18ea734cf391e49a434b75757e,30c71719aed84c07ae21d0eff0deed72,0.9090691804885864
8b13db18ea734cf391e49a434b75757e,f335a944a27a4504a82ecf70c2d4a5e4,0.9085526466369629
89345620586f45b098d21a0c401cf8d7,cd6ce920d00e4d17a6cf04f9f7e550b7,0.9836441278457642
89345620586f45b098d21a0c401cf8d7,8dfe01febd46475ab5aef97033716ce1,0.9018492698669434
89345620586f45b098d21a0c401cf8d7,a2612682d9854a30a7684c91c8619ec9,0.9000853896141052
89345620586f45b098d21a0c401cf8d7,5fc200cab89346658c9c91cce27e85fe,0.8992645144462585
89345620586f45b098d21a0c401cf8d7,be8953cc364d46cebbcc2c2da2c348ab,0.8955919742584229
89345620586f45b098d21a0c401cf8d7,d0e41bf891254ba0872f1641139f84f6,0.8953009843826294
89345620586f45b098d21a0c401cf8d7,f1c9c5051bdd4a11a064260bbb9d6d7b,0.8948892951011658
89345620586f45b098d21a0c401cf8d7,076e2669c305401fb3afcfafdd6c79c7,0.8935993909835815
89345620586f45b098d21a0c401cf8d7,0b57f893483647c3aed811775a4c4c04,0.8917913436889648
89345620586f45b098d21a0c401cf8d7,8fca2e4873e946f7a788af2b846cebd7,0.8875071406364441
8169f7fd48544fa082dae25d882a787a,6b7b5d28293d4a5a8075f7f7dd231ddb,0.9558811187744141
8169f7fd48544fa082dae25d882a787a,5e44915237fc4445b54b037e1c4e29a4,0.910300612449646
8169f7fd48544fa082dae25d882a787a,e12ad1ce8e7940a999b9a4f91a95fab7,0.895779013633728
8169f7fd48544fa082dae25d882a787a,7226603f024c45c6a6e44b00e52e8aad,0.8942102789878845
8169f7fd48544fa082dae25d882a787a,2070754bb5dd4a248be9c2a6a1a9d381,0.8932752013206482
8169f7fd48544fa082dae25d882a787a,3fce01bbc56d49d39f61cba3d17648f2,0.8891714215278625
8169f7fd48544fa082dae25d882a787a,df5ca61304074da1bec8f536ab50baf3,0.8876582384109497
8169f7fd48544fa082dae25d882a787a,d476be2399b7424a88d242b771c32041,0.8857496976852417
8169f7fd48544fa082dae25d882a787a,291130c42a884be2800e026bab5ddf53,0.885038435459137
8169f7fd48544fa082dae25d882a787a,6f8d80f8673144dfa7a4e09190442ab3,0.8846056461334229
7de9406e3c12409081f8c0ebc2127441,a35d7304347a4f81b1ccfb086956921c,0.9721292853355408
7de9406e3c12409081f8c0ebc2127441,02a3cd76ce534d188b4d5ac4778bd652,0.8839564323425293
7de9406e3c12409081f8c0ebc2127441,94ed54abfdc74b04b0dcb19c278e66f4,0.8738927841186523
7de9406e3c12409081f8c0ebc2127441,57bcda73abab44ee930b20cdaee9d24b,0.8736968040466309
7de9406e3c12409081f8c0ebc2127441,d9096650c434432c871effeca9acd5c6,0.8702728748321533
7de9406e3c12409081f8c0ebc2127441,41e657daa20545a588584578bdb4101c,0.8672772645950317
7de9406e3c12409081f8c0ebc2127441,74de04f31db94a99b757685c91779412,0.8665843605995178
7de9406e3c12409081f8c0ebc2127441,85d4175b563d48e5bc6a991b23662f24,0.8650732636451721
7de9406e3c12409081f8c0ebc2127441,0433768f874042a5b2d2e37ad9deae13,0.8647121787071228
7de9406e3c12409081f8c0ebc2127441,98fbdf945d0c4206a48a4f7260e56017,0.8646915555000305
d5f199eff49445b491565e80e55f8e53,b675be39e8ff421aa59811f146da945b,0.9654885530471802
d5f199eff49445b491565e80e55f8e53,3766b26b53874893ae48693880e1942c,0.9169372320175171
d5f199eff49445b491565e80e55f8e53,8fdee0611965465eb45387b8c39f4136,0.8904687762260437
d5f199eff49445b491565e80e55f8e53,31cf7db26a3249c5a6205b005662ddcf,0.8886548280715942
d5f199eff49445b491565e80e55f8e53,57bcda73abab44ee930b20cdaee9d24b,0.8876877427101135
d5f199eff49445b491565e80e55f8e53,b834c0b0c10b471b87ad3f11468de619,0.8869630098342896
d5f199eff49445b491565e80e55f8e53,f92d16d3a970487094292439c3e00923,0.8862342834472656
d5f199eff49445b491565e80e55f8e53,636c21e19a5845e1b8d69a5fca928030,0.8861778974533081
d5f199eff49445b491565e80e55f8e53,1232f20e710b448e8c0538b9e84dab1c,0.8834695816040039
d5f199eff49445b491565e80e55f8e53,8a464aa9e2ee45d0abc7ae6181cd1bda,0.8830039501190186
70e5632cb4e64b128fb44a897571245c,a35d7304347a4f81b1ccfb086956921c,0.9757407307624817
70e5632cb4e64b128fb44a897571245c,57bcda73abab44ee930b20cdaee9d24b,0.9006639122962952
70e5632cb4e64b128fb44a897571245c,02a3cd76ce534d188b4d5ac4778bd652,0.8925817608833313
70e5632cb4e64b128fb44a897571245c,94ed54abfdc74b04b0dcb19c278e66f4,0.8913320302963257
70e5632cb4e64b128fb44a897571245c,e0d8aee46b1d4d998858cd05027251b6,0.8819099068641663
70e5632cb4e64b128fb44a897571245c,d9096650c434432c871effeca9acd5c6,0.8810439109802246
70e5632cb4e64b128fb44a897571245c,41e657daa20545a588584578bdb4101c,0.8809794783592224
70e5632cb4e64b128fb44a897571245c,31cf7db26a3249c5a6205b005662ddcf,0.8798767924308777
70e5632cb4e64b128fb44a897571245c,daed5458403e49e3aea72f4bcc6dd224,0.8797445297241211
70e5632cb4e64b128fb44a897571245c,99dbf0cd0c6343ffbcf97f04efc4143c,0.8768532276153564
aa61f461ceef43859129c5b33e8bd9a5,2f0401170d104b47b0a8f087f69dee88,0.9619014859199524
aa61f461ceef43859129c5b33e8bd9a5,0accd1d0138b49049d437c0d9b1c23c3,0.9090423583984375
aa61f461ceef43859129c5b33e8bd9a5,4a7fa5a1bafe4b6995e2920444ac07c4,0.9040721654891968
aa61f461ceef43859129c5b33e8bd9a5,a0408a6462b24cf18e50a8616359d5ad,0.8956571817398071
aa61f461ceef43859129c5b33e8bd9a5,7ef653f7e5f64e1b8bba73b9518b87b7,0.8919938802719116
aa61f461ceef43859129c5b33e8bd9a5,3e59b61eb70146308db2308b988b54cf,0.8898774981498718
aa61f461ceef43859129c5b33e8bd9a5,ee7c00877ae64dac87123a3d75251530,0.8896448612213135
aa61f461ceef43859129c5b33e8bd9a5,7359a1cc20d54f96aeea121d7247b88d,0.8894962668418884
aa61f461ceef43859129c5b33e8bd9a5,cdd73e0289aa4e2b87cd14e6ff5bd75e,0.8893928527832031
aa61f461ceef43859129c5b33e8bd9a5,98fbdf945d0c4206a48a4f7260e56017,0.8890353441238403
4095895ca5d6432d8c9ca23b6431250c,1ad0cf33e96243888d5f970195a75586,0.9117554426193237
4095895ca5d6432d8c9ca23b6431250c,1419b2c686f44896a0ae2a43e93b5402,0.9042463302612305
4095895ca5d6432d8c9ca23b6431250c,7d6122daabe442ffb5e57ece1882e714,0.8915578126907349
4095895ca5d6432d8c9ca23b6431250c,f5b766ea6abe4b5fb27d49cc3bc06020,0.882793664932251
4095895ca5d6432d8c9ca23b6431250c,119a6d7b4af3458b951fc1c5ab5e1738,0.8820837140083313
4095895ca5d6432d8c9ca23b6431250c,b425f33c33ad4be89a12da266d131a86,0.8811098337173462
4095895ca5d6432d8c9ca23b6431250c,5d5baf5ce88b4b529e28ab9c7c114148,0.8799511194229126
4095895ca5d6432d8c9ca23b6431250c,039f8e63b273472d8f1d99d9a5de5cf5,0.8799194097518921
4095895ca5d6432d8c9ca23b6431250c,c84deec0ecf843c39f52d4cb8e7300f8,0.8788319826126099
4095895ca5d6432d8c9ca23b6431250c,b0d2e6c4b2384950b3696c4414870282,0.8786115646362305
04d06c5defde4dbf85a0c11fdd459eb8,1ad0cf33e96243888d5f970195a75586,0.9712399244308472
04d06c5defde4dbf85a0c11fdd459eb8,82d68ea370f8451aa16ea08f4601245c,0.9032602906227112
04d06c5defde4dbf85a0c11fdd459eb8,51c6049a18b84ee381d0512e40b67c0e,0.9023735523223877
04d06c5defde4dbf85a0c11fdd459eb8,f5b766ea6abe4b5fb27d49cc3bc06020,0.8953307867050171
04d06c5defde4dbf85a0c11fdd459eb8,0ecfdd96e0054841883acba75e83b232,0.8951067924499512
04d06c5defde4dbf85a0c11fdd459eb8,1f9cd7f2b7a14e2f8d490a104a56edcd,0.8911912441253662
04d06c5defde4dbf85a0c11fdd459eb8,1419b2c686f44896a0ae2a43e93b5402,0.890450656414032
04d06c5defde4dbf85a0c11fdd459eb8,3b7d56c26da14b3a9b1cd52b5b35891b,0.8901832103729248
04d06c5defde4dbf85a0c11fdd459eb8,5d5baf5ce88b4b529e28ab9c7c114148,0.8897588849067688
04d06c5defde4dbf85a0c11fdd459eb8,119a6d7b4af3458b951fc1c5ab5e1738,0.8889566659927368
eef8e982ee854ffa9e9c5af62e17c155,ca1a2a6308834baba3140b5ce8f81320,0.9854891896247864
eef8e982ee854ffa9e9c5af62e17c155,bce599075dfd4fac8dd78626106e3071,0.9027858972549438
eef8e982ee854ffa9e9c5af62e17c155,59f62d35b1ad451397b700b3dad25448,0.8949141502380371
eef8e982ee854ffa9e9c5af62e17c155,2b3ecf8be2b242f3b8a1e714390749fb,0.893665611743927
eef8e982ee854ffa9e9c5af62e17c155,9094e936e13641cc9bfcc7dc1408d86e,0.8935115337371826
eef8e982ee854ffa9e9c5af62e17c155,79721c9bb6a54ecdb3d0a0f4011762c1,0.8921710848808289
eef8e982ee854ffa9e9c5af62e17c155,1393dac7d34b4c34b1a8091a5bea3663,0.8905452489852905
eef8e982ee854ffa9e9c5af62e17c155,de6ac628a786435f9925c8cc1d707d6b,0.8902018070220947
eef8e982ee854ffa9e9c5af62e17c155,64e74af099b0485f8b6e71ac73aa2cb8,0.8849426507949829
eef8e982ee854ffa9e9c5af62e17c155,c84deec0ecf843c39f52d4cb8e7300f8,0.8843073844909668
5a7d3f99251048e2ac81d5ea8c49c767,eeb3b60f34af40de850e065b475d8180,0.9895020723342896
5a7d3f99251048e2ac81d5ea8c49c767,ccb62901750b4d13a922fc161b607f83,0.9176806211471558
5a7d3f99251048e2ac81d5ea8c49c767,e2e0c8c96aff4c00896ac6986bbb20c2,0.9100103378295898
5a7d3f99251048e2ac81d5ea8c49c767,e59dba65749140f4a1bdaf2695de2fc6,0.9083561897277832
5a7d3f99251048e2ac81d5ea8c49c767,85d4175b563d48e5bc6a991b23662f24,0.9047050476074219
5a7d3f99251048e2ac81d5ea8c49c767,6c874292dbcc49ff8bb8bbe5643593a5,0.9036915302276611
5a7d3f99251048e2ac81d5ea8c49c767,4e4495962a9b4864882397042f1a2b3e,0.9036023616790771
5a7d3f99251048e2ac81d5ea8c49c767,097f2ce3b88c4d008488b9908076497e,0.9034413695335388
5a7d3f99251048e2ac81d5ea8c49c767,b834c0b0c10b471b87ad3f11468de619,0.9021998047828674
5a7d3f99251048e2ac81d5ea8c49c767,724a3f6551e74ad585bdeac9a75fd639,0.9007642269134521
eca00c36492249e08f99875a5e115d84,eeb3b60f34af40de850e065b475d8180,0.9911070466041565
eca00c36492249e08f99875a5e115d84,ccb62901750b4d13a922fc161b607f83,0.91141676902771
eca00c36492249e08f99875a5e115d84,e2e0c8c96aff4c00896ac6986bbb20c2,0.9067815542221069
eca00c36492249e08f99875a5e115d84,e59dba65749140f4a1bdaf2695de2fc6,0.9050197005271912
eca00c36492249e08f99875a5e115d84,b834c0b0c10b471b87ad3f11468de619,0.9036417007446289
eca00c36492249e08f99875a5e115d84,f92d16d3a970487094292439c3e00923,0.9028246402740479
eca00c36492249e08f99875a5e115d84,4e4495962a9b4864882397042f1a2b3e,0.9023879766464233
eca00c36492249e08f99875a5e115d84,85d4175b563d48e5bc6a991b23662f24,0.900802731513977
eca00c36492249e08f99875a5e115d84,6c874292dbcc49ff8bb8bbe5643593a5,0.8978498578071594
eca00c36492249e08f99875a5e115d84,097f2ce3b88c4d008488b9908076497e,0.8968212604522705
92e3b7a540a547d8ba02bddf82f83380,1d70bc69b2f84bef9aa5fb0d9917e38d,0.9821938276290894
92e3b7a540a547d8ba02bddf82f83380,82d68ea370f8451aa16ea08f4601245c,0.9370599985122681
92e3b7a540a547d8ba02bddf82f83380,43464ed6733f4642a0b90e7d995a5e40,0.9352244138717651
92e3b7a540a547d8ba02bddf82f83380,b702b2b61ce048c6bf5af3c4dca18b1a,0.9344345331192017
92e3b7a540a547d8ba02bddf82f83380,6b4676aba2a746b3ab778315afc8ee82,0.9301428198814392
92e3b7a540a547d8ba02bddf82f83380,aa082284f9894b5aa210c179d59999b1,0.9221936464309692
92e3b7a540a547d8ba02bddf82f83380,0cdb0f32850f4585a16de4886462bbe0,0.920425295829773
92e3b7a540a547d8ba02bddf82f83380,3d3e8565d2f84e0cad5ae622f2909765,0.9194804430007935
92e3b7a540a547d8ba02bddf82f83380,6ea31a945d494834a3d243f1f90af02a,0.9181065559387207
92e3b7a540a547d8ba02bddf82f83380,ca5add3cbf044a95a5bec88a5841ce98,0.9168739914894104
d5bfa4fffcc249fe89deb2d4410919b6,1d70bc69b2f84bef9aa5fb0d9917e38d,0.981021523475647
d5bfa4fffcc249fe89deb2d4410919b6,43464ed6733f4642a0b90e7d995a5e40,0.9378304481506348
d5bfa4fffcc249fe89deb2d4410919b6,82d68ea370f8451aa16ea08f4601245c,0.9361535310745239
d5bfa4fffcc249fe89deb2d4410919b6,aa082284f9894b5aa210c179d59999b1,0.9359440803527832
d5bfa4fffcc249fe89deb2d4410919b6,b702b2b61ce048c6bf5af3c4dca18b1a,0.9342528581619263
d5bfa4fffcc249fe89deb2d4410919b6,6b4676aba2a746b3ab778315afc8ee82,0.9324150681495667
d5bfa4fffcc249fe89deb2d4410919b6,0cdb0f32850f4585a16de4886462bbe0,0.9249363541603088
d5bfa4fffcc249fe89deb2d4410919b6,7e190e3c05d74e6b9f103e39142c1684,0.9246395826339722
d5bfa4fffcc249fe89deb2d4410919b6,ca5add3cbf044a95a5bec88a5841ce98,0.9227310419082642
d5bfa4fffcc249fe89deb2d4410919b6,3d3e8565d2f84e0cad5ae622f2909765,0.9200477600097656
578d9258cbf8456ba7d9f83130e02184,88353d1136d24836816b073de62e5f50,0.9414892196655273
578d9258cbf8456ba7d9f83130e02184,4a7fa5a1bafe4b6995e2920444ac07c4,0.9402247667312622
578d9258cbf8456ba7d9f83130e02184,b6c493a3666c4db193e86c79faf099ab,0.924602746963501
578d9258cbf8456ba7d9f83130e02184,7e17bbd109dc486c8f0a76f913782180,0.9115199446678162
578d9258cbf8456ba7d9f83130e02184,f65b6fb5b40a49d1896de7a115469d40,0.9059332609176636
578d9258cbf8456ba7d9f83130e02184,5cfb876eeb4f410aa1282cc279f0e546,0.9022535085678101
578d9258cbf8456ba7d9f83130e02184,26869cc099c44c4a86f6043476ab4890,0.9005008339881897
578d9258cbf8456ba7d9f83130e02184,3aa003c1e31b476e999c3a808a1d5dc6,0.8995733261108398
578d9258cbf8456ba7d9f83130e02184,0daf8d5687b54d158f7f752884c42334,0.898544192314148
578d9258cbf8456ba7d9f83130e02184,e4e12f4711fd41e39075e26cc274df45,0.896503746509552
281e458eef7b4d77b67d424744237fbc,88353d1136d24836816b073de62e5f50,0.9735965132713318
281e458eef7b4d77b67d424744237fbc,4a7fa5a1bafe4b6995e2920444ac07c4,0.9422683715820312
281e458eef7b4d77b67d424744237fbc,5cfb876eeb4f410aa1282cc279f0e546,0.9168566465377808
281e458eef7b4d77b67d424744237fbc,0daf8d5687b54d158f7f752884c42334,0.9164241552352905
281e458eef7b4d77b67d424744237fbc,b6c493a3666c4db193e86c79faf099ab,0.9148999452590942
281e458eef7b4d77b67d424744237fbc,7e17bbd109dc486c8f0a76f913782180,0.9123435616493225
281e458eef7b4d77b67d424744237fbc,bbdf9065122d499d9d8f80ad3e0ef6f3,0.9063732624053955
281e458eef7b4d77b67d424744237fbc,35c5a560ecdc4d6a9d20f057ed1fa0e6,0.9046652913093567
281e458eef7b4d77b67d424744237fbc,f65b6fb5b40a49d1896de7a115469d40,0.9011321067810059
281e458eef7b4d77b67d424744237fbc,0842a796c09b4089933a4f27e4e5e3bc,0.9007577896118164
7f6fdd98bfc5410fb6c4afa8786e0b48,2b3ecf8be2b242f3b8a1e714390749fb,0.9161609411239624
7f6fdd98bfc5410fb6c4afa8786e0b48,0b57f893483647c3aed811775a4c4c04,0.9105687141418457
7f6fdd98bfc5410fb6c4afa8786e0b48,1393dac7d34b4c34b1a8091a5bea3663,0.9098531007766724
7f6fdd98bfc5410fb6c4afa8786e0b48,01ffceddb5b34406a08bb982b424b3cf,0.9054272770881653
7f6fdd98bfc5410fb6c4afa8786e0b48,06a5f0cec6ce4170a02dad0ad4c55b1c,0.9046468734741211
7f6fdd98bfc5410fb6c4afa8786e0b48,de6ac628a786435f9925c8cc1d707d6b,0.9037402868270874
7f6fdd98bfc5410fb6c4afa8786e0b48,04537eabb0434eb2804d1220770b85a0,0.8971420526504517
7f6fdd98bfc5410fb6c4afa8786e0b48,35c5a560ecdc4d6a9d20f057ed1fa0e6,0.8960403203964233
7f6fdd98bfc5410fb6c4afa8786e0b48,4926607aafe749538c930e108275547e,0.8949644565582275
7f6fdd98bfc5410fb6c4afa8786e0b48,503d2f067a8a4f5798b1c64b07ab0bc5,0.8938997983932495
cb84a0b8bd52401daa4762d7975d4fc7,655a618282cd4fa39a26f0967c033f4b,0.9052801728248596
cb84a0b8bd52401daa4762d7975d4fc7,66f4c650b7ca48f1bc27f9daff8d312a,0.9047551155090332
cb84a0b8bd52401daa4762d7975d4fc7,ff276acede2f4c14876ef47257758ae8,0.9008375406265259
cb84a0b8bd52401daa4762d7975d4fc7,e86a0aae846a4e44bf967ab4972c977c,0.8982149958610535
cb84a0b8bd52401daa4762d7975d4fc7,43464ed6733f4642a0b90e7d995a5e40,0.8967720866203308
cb84a0b8bd52401daa4762d7975d4fc7,e96fae6d607246b18b8494aabe521036,0.8949292898178101
cb84a0b8bd52401daa4762d7975d4fc7,41047823f2cb4194ba1e0709443c719a,0.8945103287696838
cb84a0b8bd52401daa4762d7975d4fc7,b77d8b7bb0114c379139d280a9210e83,0.8937699794769287
cb84a0b8bd52401daa4762d7975d4fc7,51c6049a18b84ee381d0512e40b67c0e,0.8933433890342712
cb84a0b8bd52401daa4762d7975d4fc7,3aaea7fa41fd43cdb88f8ef59062c5df,0.8912469148635864
05021100f4bb4885a338db368a83cc95,06a5f0cec6ce4170a02dad0ad4c55b1c,0.9000574350357056
05021100f4bb4885a338db368a83cc95,0b57f893483647c3aed811775a4c4c04,0.8935810327529907
05021100f4bb4885a338db368a83cc95,2b3ecf8be2b242f3b8a1e714390749fb,0.8927512764930725
05021100f4bb4885a338db368a83cc95,1578afd6ce694d46ab6e24f965f51fd6,0.8901328444480896
05021100f4bb4885a338db368a83cc95,35c5a560ecdc4d6a9d20f057ed1fa0e6,0.8858212232589722
05021100f4bb4885a338db368a83cc95,de6ac628a786435f9925c8cc1d707d6b,0.8833688497543335
05021100f4bb4885a338db368a83cc95,033f1514c78b49dd82148b94f6bcbeba,0.881313681602478
05021100f4bb4885a338db368a83cc95,01ffceddb5b34406a08bb982b424b3cf,0.8785246014595032
05021100f4bb4885a338db368a83cc95,ee7c00877ae64dac87123a3d75251530,0.878044605255127
05021100f4bb4885a338db368a83cc95,04537eabb0434eb2804d1220770b85a0,0.8777403831481934
f7ad8b57414846b993e2ca44f3962ff1,06a5f0cec6ce4170a02dad0ad4c55b1c,0.9776012301445007
f7ad8b57414846b993e2ca44f3962ff1,2b3ecf8be2b242f3b8a1e714390749fb,0.9296544194221497
f7ad8b57414846b993e2ca44f3962ff1,5cfb876eeb4f410aa1282cc279f0e546,0.8988860249519348
f7ad8b57414846b993e2ca44f3962ff1,d8b3ad3b5c4e474db41a671ab286424f,0.8979439735412598
f7ad8b57414846b993e2ca44f3962ff1,24c55bb5cd694770ba895c7401da2ba5,0.8958233594894409
f7ad8b57414846b993e2ca44f3962ff1,35c5a560ecdc4d6a9d20f057ed1fa0e6,0.8951811790466309
f7ad8b57414846b993e2ca44f3962ff1,0ecfdd96e0054841883acba75e83b232,0.8926326036453247
f7ad8b57414846b993e2ca44f3962ff1,f69855cdf66d4f6887ecfd0ddb9014b5,0.891802191734314
f7ad8b57414846b993e2ca44f3962ff1,50a2129b83404b94889a01f4688ebafd,0.8917018175125122
f7ad8b57414846b993e2ca44f3962ff1,0accd1d0138b49049d437c0d9b1c23c3,0.8910377025604248
750cd38aa39e4281ad616eddc8f5a983,48c31b1e2ce94de8968fab433813fa91,0.9575024843215942
750cd38aa39e4281ad616eddc8f5a983,ad054da7e1704a53931a341173f0605f,0.930289626121521
750cd38aa39e4281ad616eddc8f5a983,a9d82bb43410405ca21b44a5e82e22b6,0.9242650270462036
750cd38aa39e4281ad616eddc8f5a983,66690895454847fea5a000202fbfab2e,0.911349356174469
750cd38aa39e4281ad616eddc8f5a983,9bf3b77eb9874f5f9e006a9cff111ea9,0.9063364267349243
750cd38aa39e4281ad616eddc8f5a983,189a3b686ad14c24b5e1a495f76dd239,0.9019989967346191
750cd38aa39e4281ad616eddc8f5a983,b6c493a3666c4db193e86c79faf099ab,0.8988022804260254
750cd38aa39e4281ad616eddc8f5a983,a9573f188204436090fb4a5240e4eccd,0.8973930478096008
750cd38aa39e4281ad616eddc8f5a983,1393dac7d34b4c34b1a8091a5bea3663,0.8969913125038147
750cd38aa39e4281ad616eddc8f5a983,26869cc099c44c4a86f6043476ab4890,0.8969739675521851
c81df43d512e4bcb85b00b5f6763f6cc,c235728f290a44d6a5fc2e14111ae02e,0.9838608503341675
c81df43d512e4bcb85b00b5f6763f6cc,f1eecad10a61421eb16b1be7435d9c19,0.9114183783531189
c81df43d512e4bcb85b00b5f6763f6cc,3f28365e18244eb28cc7d23de8895956,0.8876186013221741
c81df43d512e4bcb85b00b5f6763f6cc,a9573f188204436090fb4a5240e4eccd,0.8732510805130005
c81df43d512e4bcb85b00b5f6763f6cc,8b038cd0dafd45d8b1ce75177ca3a76b,0.8666492104530334
c81df43d512e4bcb85b00b5f6763f6cc,afaf2edba0ee4d58860a5a04e4aabc5c,0.8636389374732971
c81df43d512e4bcb85b00b5f6763f6cc,999a2b52a5004ee984e587d5a1327b23,0.8635956645011902
c81df43d512e4bcb85b00b5f6763f6cc,c4b9d7a8d5d342459d2282589b3af293,0.8543316125869751
c81df43d512e4bcb85b00b5f6763f6cc,babbeca1f6a244a2a11ea77a3855e70f,0.8519420623779297
c81df43d512e4bcb85b00b5f6763f6cc,530b37164090408dbab4e6da51111b8a,0.8515188694000244
a282371ee5c74dd98f0cada75271b7a7,48c31b1e2ce94de8968fab433813fa91,0.9832160472869873
a282371ee5c74dd98f0cada75271b7a7,ad054da7e1704a53931a341173f0605f,0.9369477033615112
a282371ee5c74dd98f0cada75271b7a7,66690895454847fea5a000202fbfab2e,0.9227917790412903
a282371ee5c74dd98f0cada75271b7a7,a9d82bb43410405ca21b44a5e82e22b6,0.9222046136856079
a282371ee5c74dd98f0cada75271b7a7,de6ac628a786435f9925c8cc1d707d6b,0.9019562005996704
a282371ee5c74dd98f0cada75271b7a7,ffc5805e29a74be0a55b40318aa321d7,0.897490382194519
a282371ee5c74dd98f0cada75271b7a7,0e8487b2e6a2439b9e6623a1e2e5e19d,0.8971803784370422
a282371ee5c74dd98f0cada75271b7a7,3c1b91a23b694da1973dbc5f75f2f3ed,0.8959692120552063
a282371ee5c74dd98f0cada75271b7a7,9bf3b77eb9874f5f9e006a9cff111ea9,0.8946893215179443
a282371ee5c74dd98f0cada75271b7a7,4926607aafe749538c930e108275547e,0.8933849930763245
0dedf21ad5ea4607b710bc0cccbcc7b9,c235728f290a44d6a5fc2e14111ae02e,0.9529003500938416
0dedf21ad5ea4607b710bc0cccbcc7b9,f1eecad10a61421eb16b1be7435d9c19,0.9032888412475586
0dedf21ad5ea4607b710bc0cccbcc7b9,3f28365e18244eb28cc7d23de8895956,0.8838340044021606
0dedf21ad5ea4607b710bc0cccbcc7b9,48c31b1e2ce94de8968fab433813fa91,0.8635863065719604
0dedf21ad5ea4607b710bc0cccbcc7b9,74bd120b8f714d03bc9dd1a703fe4d7f,0.863387942314148
0dedf21ad5ea4607b710bc0cccbcc7b9,a9573f188204436090fb4a5240e4eccd,0.863172709941864
0dedf21ad5ea4607b710bc0cccbcc7b9,ca0fe2dd97434e2ca7aecc38d4f1fcd9,0.8626923561096191
0dedf21ad5ea4607b710bc0cccbcc7b9,9fd4c00672d84215b3e21812aef3d6ac,0.8615137934684753
0dedf21ad5ea4607b710bc0cccbcc7b9,b90d74e80c37486eaee89b6fbab13671,0.8598283529281616
0dedf21ad5ea4607b710bc0cccbcc7b9,82d68ea370f8451aa16ea08f4601245c,0.8575325012207031
aebc45203e45452db8eee17826ef2c46,e22e1ad3c1fc4493bcb7c9b923566ff7,0.9438716173171997
aebc45203e45452db8eee17826ef2c46,f5b766ea6abe4b5fb27d49cc3bc06020,0.8902930021286011
aebc45203e45452db8eee17826ef2c46,563043f180e54e238ad4876974e5db4c,0.884334921836853
aebc45203e45452db8eee17826ef2c46,033f1514c78b49dd82148b94f6bcbeba,0.8837205767631531
aebc45203e45452db8eee17826ef2c46,3766b26b53874893ae48693880e1942c,0.8824608325958252
aebc45203e45452db8eee17826ef2c46,8228c9eb29a542ba98c8b9b854eadaa4,0.8818391561508179
aebc45203e45452db8eee17826ef2c46,6c6de17135be4f8c9423be633eaefcd4,0.8808377385139465
aebc45203e45452db8eee17826ef2c46,b69c17a10a55494d8caa56c33e8f4a56,0.8799617886543274
aebc45203e45452db8eee17826ef2c46,5605fa1188974644937bbf92fec50e21,0.877437949180603
aebc45203e45452db8eee17826ef2c46,91f9f8576e5142a49926bd623b0bc19c,0.8765535354614258
3e10372aff9641bb88682abca29e907e,8228c9eb29a542ba98c8b9b854eadaa4,0.9686194658279419
3e10372aff9641bb88682abca29e907e,b626eb67c2e14afeae2846bb150976f3,0.8962521553039551
3e10372aff9641bb88682abca29e907e,9bf3b77eb9874f5f9e006a9cff111ea9,0.8924503326416016
3e10372aff9641bb88682abca29e907e,7d0190486da540718e4dc4ca4bd1f573,0.8870776891708374
3e10372aff9641bb88682abca29e907e,c4e79c8992e54866b0c6f26c55b1a774,0.8844791054725647
3e10372aff9641bb88682abca29e907e,ffe2740eee8c49b39b2ce41f9983bcb4,0.8831962943077087
3e10372aff9641bb88682abca29e907e,98b2022b2cb84af09ee8b789db928b13,0.8819363713264465
3e10372aff9641bb88682abca29e907e,99830b8da7c24f909914f7bb167f3ea6,0.8817411065101624
3e10372aff9641bb88682abca29e907e,99ba4cc9355f4d79a68bc69ac12a716f,0.8811789155006409
3e10372aff9641bb88682abca29e907e,2b039224b54142d185a406b31fe01de2,0.8810282945632935
9dce4a0759174753b62b3cb51b8fb679,d2a03ea4b2d3439ca3dc6fe056ab0f04,0.9722324013710022
9dce4a0759174753b62b3cb51b8fb679,66cba49431224a3788f914d6a80165e1,0.8913949131965637
9dce4a0759174753b62b3cb51b8fb679,00614d60b3544ba790dfd23dd53992e0,0.8893229365348816
9dce4a0759174753b62b3cb51b8fb679,5455e62f52ae4e03b2a5d0e8b9899506,0.8861120343208313
9dce4a0759174753b62b3cb51b8fb679,b0236c76ae244fd8aacbea7da10e55ca,0.8850178718566895
9dce4a0759174753b62b3cb51b8fb679,ca544e6629b14e8fab5f7cb40d1ac88e,0.8839579224586487
9dce4a0759174753b62b3cb51b8fb679,da88fa5efc674368b593444ca950dff9,0.8804843425750732
9dce4a0759174753b62b3cb51b8fb679,b7f5c165ea2242709a2fb71f3a3f1bcb,0.8793214559555054
9dce4a0759174753b62b3cb51b8fb679,cc243eebbb2b44a581745865a60c423a,0.8786827325820923
9dce4a0759174753b62b3cb51b8fb679,e735729c80d84f76a6133c065d5380f8,0.8777016401290894
5596e047713c4a59b1e70561fa034e37,b0236c76ae244fd8aacbea7da10e55ca,0.9804702997207642
5596e047713c4a59b1e70561fa034e37,f4b7e6e902e344859cb041126b69ce3c,0.897935152053833
5596e047713c4a59b1e70561fa034e37,6866efc8987a4ec8b04b7abd28fb5777,0.8924460411071777
5596e047713c4a59b1e70561fa034e37,26869cc099c44c4a86f6043476ab4890,0.8918797373771667
5596e047713c4a59b1e70561fa034e37,ef511457ee7c490c8e10eccf6e18fef6,0.8893731832504272
5596e047713c4a59b1e70561fa034e37,076e2669c305401fb3afcfafdd6c79c7,0.8850047588348389
5596e047713c4a59b1e70561fa034e37,d2a03ea4b2d3439ca3dc6fe056ab0f04,0.8845744132995605
5596e047713c4a59b1e70561fa034e37,7c1126d46a934db6b951d1e98feae327,0.8845402598381042
5596e047713c4a59b1e70561fa034e37,f91157bb8fca4a8e98db33591a76be9a,0.8824461698532104
5596e047713c4a59b1e70561fa034e37,d9096650c434432c871effeca9acd5c6,0.8811333179473877
6c348ea51c8b4750b956383a3b9a84c5,d2a03ea4b2d3439ca3dc6fe056ab0f04,0.9934934973716736
6c348ea51c8b4750b956383a3b9a84c5,e735729c80d84f76a6133c065d5380f8,0.8812870979309082
6c348ea51c8b4750b956383a3b9a84c5,b7f5c165ea2242709a2fb71f3a3f1bcb,0.8798456192016602
6c348ea51c8b4750b956383a3b9a84c5,da88fa5efc674368b593444ca950dff9,0.8766782879829407
6c348ea51c8b4750b956383a3b9a84c5,b0236c76ae244fd8aacbea7da10e55ca,0.8760628700256348
6c348ea51c8b4750b956383a3b9a84c5,66cba49431224a3788f914d6a80165e1,0.87460857629776
6c348ea51c8b4750b956383a3b9a84c5,6866efc8987a4ec8b04b7abd28fb5777,0.8734005689620972
6c348ea51c8b4750b956383a3b9a84c5,5455e62f52ae4e03b2a5d0e8b9899506,0.8719593286514282
6c348ea51c8b4750b956383a3b9a84c5,00614d60b3544ba790dfd23dd53992e0,0.8713154792785645
6c348ea51c8b4750b956383a3b9a84c5,ca544e6629b14e8fab5f7cb40d1ac88e,0.868619978427887
c56449c78d8549cd9d227e4693e51c7e,b0236c76ae244fd8aacbea7da10e55ca,0.9676936864852905
c56449c78d8549cd9d227e4693e51c7e,26869cc099c44c4a86f6043476ab4890,0.9008325934410095
c56449c78d8549cd9d227e4693e51c7e,f4b7e6e902e344859cb041126b69ce3c,0.8950550556182861
c56449c78d8549cd9d227e4693e51c7e,6866efc8987a4ec8b04b7abd28fb5777,0.8940112590789795
c56449c78d8549cd9d227e4693e51c7e,f91157bb8fca4a8e98db33591a76be9a,0.8894028663635254
c56449c78d8549cd9d227e4693e51c7e,d9096650c434432c871effeca9acd5c6,0.8887683153152466
c56449c78d8549cd9d227e4693e51c7e,7bbe3c76bcc04d73969f920d43fcc67d,0.8885229229927063
c56449c78d8549cd9d227e4693e51c7e,00614d60b3544ba790dfd23dd53992e0,0.8878872394561768
c56449c78d8549cd9d227e4693e51c7e,9500823cb050427696343b1ea5cf8881,0.8867616653442383
c56449c78d8549cd9d227e4693e51c7e,ef511457ee7c490c8e10eccf6e18fef6,0.8839318752288818
8a4a2cf4736e43f8b21f72daeffc76ee,29fb30a75c57451a85f310aa6423a662,0.984194815158844
8a4a2cf4736e43f8b21f72daeffc76ee,e511c40ca6324803b5021e47b4e777f8,0.902480959892273
8a4a2cf4736e43f8b21f72daeffc76ee,0bd1cce9370a461089e25393086800a8,0.8997254371643066
8a4a2cf4736e43f8b21f72daeffc76ee,36ac84a73ad34261ad45cf569edb60af,0.8966482877731323
8a4a2cf4736e43f8b21f72daeffc76ee,5cf392f15360460bae6a6b0182bb99b9,0.8952970504760742
8a4a2cf4736e43f8b21f72daeffc76ee,9bf3b77eb9874f5f9e006a9cff111ea9,0.8922390341758728
8a4a2cf4736e43f8b21f72daeffc76ee,79721c9bb6a54ecdb3d0a0f4011762c1,0.888921856880188
8a4a2cf4736e43f8b21f72daeffc76ee,baf841bad27c456c9de7227555ea3ef8,0.8847730159759521
8a4a2cf4736e43f8b21f72daeffc76ee,b83013f4c5524232814efa0f8651867f,0.8820581436157227
8a4a2cf4736e43f8b21f72daeffc76ee,8dfe01febd46475ab5aef97033716ce1,0.8817801475524902
f6bdc5e4c3894a41897ace2fe9061a90,73f684f538ea452cbb4fbecc2e8126a4,0.983901858329773
f6bdc5e4c3894a41897ace2fe9061a90,cc243eebbb2b44a581745865a60c423a,0.8661109805107117
f6bdc5e4c3894a41897ace2fe9061a90,d75a52d716984f318f976bbfc7bee787,0.8641929626464844
f6bdc5e4c3894a41897ace2fe9061a90,33e2a95109e647cbb4ba2687631b169a,0.8637728691101074
f6bdc5e4c3894a41897ace2fe9061a90,8dfe01febd46475ab5aef97033716ce1,0.8542784452438354
f6bdc5e4c3894a41897ace2fe9061a90,7d6122daabe442ffb5e57ece1882e714,0.8535747528076172
f6bdc5e4c3894a41897ace2fe9061a90,b52468fc0af2435f9ba91939f72bbf6a,0.8499891757965088
f6bdc5e4c3894a41897ace2fe9061a90,1ad0cf33e96243888d5f970195a75586,0.8485330939292908
f6bdc5e4c3894a41897ace2fe9061a90,1f9cd7f2b7a14e2f8d490a104a56edcd,0.8479534387588501
f6bdc5e4c3894a41897ace2fe9061a90,9452a2f21f7d4feeb2605d9b6647fc13,0.8463866710662842
bf133adcf34f4470ae9ab34f8bcac84b,29fb30a75c57451a85f310aa6423a662,0.9844120740890503
bf133adcf34f4470ae9ab34f8bcac84b,0bd1cce9370a461089e25393086800a8,0.9024173617362976
bf133adcf34f4470ae9ab34f8bcac84b,e511c40ca6324803b5021e47b4e777f8,0.898894727230072
bf133adcf34f4470ae9ab34f8bcac84b,36ac84a73ad34261ad45cf569edb60af,0.8931213617324829
bf133adcf34f4470ae9ab34f8bcac84b,5cf392f15360460bae6a6b0182bb99b9,0.891076922416687
bf133adcf34f4470ae9ab34f8bcac84b,9bf3b77eb9874f5f9e006a9cff111ea9,0.8822735548019409
bf133adcf34f4470ae9ab34f8bcac84b,66690895454847fea5a000202fbfab2e,0.8784915208816528
bf133adcf34f4470ae9ab34f8bcac84b,6bedb2d6ace34e18811b7f1206b2d1b0,0.8781852126121521
bf133adcf34f4470ae9ab34f8bcac84b,79721c9bb6a54ecdb3d0a0f4011762c1,0.8774020671844482
bf133adcf34f4470ae9ab34f8bcac84b,b83013f4c5524232814efa0f8651867f,0.8767858743667603
198ce01eda8e4bc0b31c457e65ddc39b,73f684f538ea452cbb4fbecc2e8126a4,0.9819167256355286
198ce01eda8e4bc0b31c457e65ddc39b,cc243eebbb2b44a581745865a60c423a,0.8743188381195068
198ce01eda8e4bc0b31c457e65ddc39b,33e2a95109e647cbb4ba2687631b169a,0.8719547986984253
198ce01eda8e4bc0b31c457e65ddc39b,d75a52d716984f318f976bbfc7bee787,0.8603951930999756
198ce01eda8e4bc0b31c457e65ddc39b,1f9cd7f2b7a14e2f8d490a104a56edcd,0.8592962026596069
198ce01eda8e4bc0b31c457e65ddc39b,9452a2f21f7d4feeb2605d9b6647fc13,0.8580619096755981
198ce01eda8e4bc0b31c457e65ddc39b,8dfe01febd46475ab5aef97033716ce1,0.8551433086395264
198ce01eda8e4bc0b31c457e65ddc39b,66cba49431224a3788f914d6a80165e1,0.8537626266479492
198ce01eda8e4bc0b31c457e65ddc39b,7d6122daabe442ffb5e57ece1882e714,0.8510751128196716
198ce01eda8e4bc0b31c457e65ddc39b,b0d2e6c4b2384950b3696c4414870282,0.8507474660873413
442c28225ce642b182163c39ab4c776b,31f80e4c87164e2893375ec7e73b372e,0.9680132269859314
442c28225ce642b182163c39ab4c776b,f91157bb8fca4a8e98db33591a76be9a,0.8966176509857178
442c28225ce642b182163c39ab4c776b,673aee19895b4d339ada93213d8874ac,0.8934217095375061
442c28225ce642b182163c39ab4c776b,7f0b453cc8c14156802497f5cbae9d62,0.8920943737030029
442c28225ce642b182163c39ab4c776b,039f8e63b273472d8f1d99d9a5de5cf5,0.8890509605407715
442c28225ce642b182163c39ab4c776b,4c36aafaf38f4e9e9e09991737196fe1,0.8887037038803101
442c28225ce642b182163c39ab4c776b,8c7c9eaae41a44a3a4ebe39ce167d300,0.8866616487503052
442c28225ce642b182163c39ab4c776b,4d0a737f396d4a95808085bd1306746c,0.8838600516319275
442c28225ce642b182163c39ab4c776b,444fa28d9ed54c82a522699041eae592,0.8830106258392334
442c28225ce642b182163c39ab4c776b,23a16d69ffe848d593a4808907d8aa98,0.8805574178695679
bc44523c44214d88ac687d8e05a28a8a,31f80e4c87164e2893375ec7e73b372e,0.930524468421936
bc44523c44214d88ac687d8e05a28a8a,f91157bb8fca4a8e98db33591a76be9a,0.8753876686096191
bc44523c44214d88ac687d8e05a28a8a,039f8e63b273472d8f1d99d9a5de5cf5,0.8718675374984741
bc44523c44214d88ac687d8e05a28a8a,c2a665cec90e46db8d2a74389beb4649,0.8693587779998779
bc44523c44214d88ac687d8e05a28a8a,444fa28d9ed54c82a522699041eae592,0.8682990074157715
bc44523c44214d88ac687d8e05a28a8a,c78547bdc2e64ac8935559f7de2efd41,0.8661220073699951
bc44523c44214d88ac687d8e05a28a8a,8d595c7da42545c88052e7b213b6c97c,0.865684449672699
bc44523c44214d88ac687d8e05a28a8a,664da77d25e74df693eaad44a5e7617f,0.8639565706253052
bc44523c44214d88ac687d8e05a28a8a,4a6eba10a02a4ecdbb6b25e8651c3789,0.862379789352417
bc44523c44214d88ac687d8e05a28a8a,07958f43551e459eb30638b632e3cd64,0.861979603767395
e41cc56f88244ce7a26e583bd54f506f,b85d652ba8d244f8ab9e941966094f28,0.9766329526901245
e41cc56f88244ce7a26e583bd54f506f,f335a944a27a4504a82ecf70c2d4a5e4,0.8969689607620239
e41cc56f88244ce7a26e583bd54f506f,e735729c80d84f76a6133c065d5380f8,0.8962315917015076
e41cc56f88244ce7a26e583bd54f506f,cd6ce920d00e4d17a6cf04f9f7e550b7,0.8949969410896301
e41cc56f88244ce7a26e583bd54f506f,f2cfa68a47ce4a43a0fe1cc7dc860418,0.894551157951355
e41cc56f88244ce7a26e583bd54f506f,8dfe01febd46475ab5aef97033716ce1,0.8941974639892578
e41cc56f88244ce7a26e583bd54f506f,33e2a95109e647cbb4ba2687631b169a,0.8933684825897217
e41cc56f88244ce7a26e583bd54f506f,cc243eebbb2b44a581745865a60c423a,0.8933140635490417
e41cc56f88244ce7a26e583bd54f506f,0842a796c09b4089933a4f27e4e5e3bc,0.8896790146827698
e41cc56f88244ce7a26e583bd54f506f,d0e41bf891254ba0872f1641139f84f6,0.888802707195282
b6cd550fbc9a48008039483d12ad44eb,b85d652ba8d244f8ab9e941966094f28,0.9093453288078308
b6cd550fbc9a48008039483d12ad44eb,7f0b453cc8c14156802497f5cbae9d62,0.8739830255508423
b6cd550fbc9a48008039483d12ad44eb,68aefc97056440af874039a28497cf98,0.867840588092804
b6cd550fbc9a48008039483d12ad44eb,98fbdf945d0c4206a48a4f7260e56017,0.860163688659668
b6cd550fbc9a48008039483d12ad44eb,887e323cc38f4cf8adc5970617f1c286,0.8581305146217346
b6cd550fbc9a48008039483d12ad44eb,7d6cdff8c9ac434196df803628fe9f62,0.8564562201499939
b6cd550fbc9a48008039483d12ad44eb,85d4175b563d48e5bc6a991b23662f24,0.8557412624359131
b6cd550fbc9a48008039483d12ad44eb,71c1a8479b194efca65b44fb7f327afb,0.8543938398361206
b6cd550fbc9a48008039483d12ad44eb,673aee19895b4d339ada93213d8874ac,0.8533810377120972
b6cd550fbc9a48008039483d12ad44eb,e59dba65749140f4a1bdaf2695de2fc6,0.8526809811592102
d425f86b0d264c76a6ff6edbbb718fd8,f7f600880b064920ab59b907d26aedc6,0.9416409730911255
d425f86b0d264c76a6ff6edbbb718fd8,664da77d25e74df693eaad44a5e7617f,0.8668444156646729
d425f86b0d264c76a6ff6edbbb718fd8,dd9e8283197b473d8ffd502561bdaaec,0.8618391752243042
d425f86b0d264c76a6ff6edbbb718fd8,5e44915237fc4445b54b037e1c4e29a4,0.859083890914917
d425f86b0d264c76a6ff6edbbb718fd8,403835bbf2f1447188bcc78e062b0028,0.8585246801376343
d425f86b0d264c76a6ff6edbbb718fd8,e5a3c8867e44498d9182e8be934e0fce,0.858482837677002
d425f86b0d264c76a6ff6edbbb718fd8,e511c40ca6324803b5021e47b4e777f8,0.8553985357284546
d425f86b0d264c76a6ff6edbbb718fd8,59e4dcf2794943b18fb902a6eb475ff8,0.8540595769882202
d425f86b0d264c76a6ff6edbbb718fd8,2070754bb5dd4a248be9c2a6a1a9d381,0.8524296283721924
d425f86b0d264c76a6ff6edbbb718fd8,8dfe01febd46475ab5aef97033716ce1,0.85101318359375
a0ef1a7a1e304bfe91a8c12abf972c6c,d9096650c434432c871effeca9acd5c6,0.9749181270599365
a0ef1a7a1e304bfe91a8c12abf972c6c,41e657daa20545a588584578bdb4101c,0.9235349893569946
a0ef1a7a1e304bfe91a8c12abf972c6c,02a3cd76ce534d188b4d5ac4778bd652,0.9175518751144409
a0ef1a7a1e304bfe91a8c12abf972c6c,cb75c6ef71cb4991805920f2894e0e96,0.917229413986206
a0ef1a7a1e304bfe91a8c12abf972c6c,a055f8188384479a8bad418f7dffd9a5,0.9154149293899536
a0ef1a7a1e304bfe91a8c12abf972c6c,39a08a87897f47d3bdbbdc5ed8c9cd7f,0.9150228500366211
a0ef1a7a1e304bfe91a8c12abf972c6c,076e2669c305401fb3afcfafdd6c79c7,0.9126497507095337
a0ef1a7a1e304bfe91a8c12abf972c6c,b277101390e1465685ef79bf3519f8d7,0.9119372367858887
a0ef1a7a1e304bfe91a8c12abf972c6c,0971af4212484a958eb0f60f93d1dfe0,0.9116214513778687
a0ef1a7a1e304bfe91a8c12abf972c6c,5fc200cab89346658c9c91cce27e85fe,0.9114309549331665
d8ec79e0dcba49fcaa2e32c4a56d98fe,f0084465b2e646c9a53d9dc766067d9b,0.8772099018096924
d8ec79e0dcba49fcaa2e32c4a56d98fe,91f9f8576e5142a49926bd623b0bc19c,0.8745263814926147
d8ec79e0dcba49fcaa2e32c4a56d98fe,ee7c00877ae64dac87123a3d75251530,0.8739979267120361
d8ec79e0dcba49fcaa2e32c4a56d98fe,7f23e27e5652406784fdc2dea3918125,0.8718931078910828
d8ec79e0dcba49fcaa2e32c4a56d98fe,200f7fc78e4c403982f61b2894e50bad,0.8714084625244141
d8ec79e0dcba49fcaa2e32c4a56d98fe,6400e3f6a14c492ba399bd414faca075,0.8671226501464844
d8ec79e0dcba49fcaa2e32c4a56d98fe,b0d2e6c4b2384950b3696c4414870282,0.865176796913147
d8ec79e0dcba49fcaa2e32c4a56d98fe,6c6de17135be4f8c9423be633eaefcd4,0.864425003528595
d8ec79e0dcba49fcaa2e32c4a56d98fe,8a9dc60359ba49cd8ac170cfb4ac3913,0.8639006614685059
d8ec79e0dcba49fcaa2e32c4a56d98fe,5605fa1188974644937bbf92fec50e21,0.863580584526062
88e851f978154b16a0a01f8df5255703,b69c17a10a55494d8caa56c33e8f4a56,0.9789504408836365
88e851f978154b16a0a01f8df5255703,250d411ae270441085be3501b7b55d86,0.9094935655593872
88e851f978154b16a0a01f8df5255703,5605fa1188974644937bbf92fec50e21,0.9067438840866089
88e851f978154b16a0a01f8df5255703,db0c3a952e454b90aa4a68feb6a50e87,0.9002901911735535
88e851f978154b16a0a01f8df5255703,3c0f3b44c0844df49b5898406fe9195a,0.8989297151565552
88e851f978154b16a0a01f8df5255703,6dc5832f0ac04df2bd99c6415b3ecf09,0.898406982421875
88e851f978154b16a0a01f8df5255703,5cf392f15360460bae6a6b0182bb99b9,0.8977327346801758
88e851f978154b16a0a01f8df5255703,eee7f32249c5452ea36c8ed3a3540010,0.8956503868103027
88e851f978154b16a0a01f8df5255703,7862a63720b34104abf5bfa44bc8178d,0.8951467275619507
88e851f978154b16a0a01f8df5255703,c84deec0ecf843c39f52d4cb8e7300f8,0.894628643989563
3ad82a6c3cc7421199dabde4d1c630d1,0d0973762130427eaa2ce9a7a34517db,0.8559953570365906
3ad82a6c3cc7421199dabde4d1c630d1,2939ef012c5c4a1b94b49df9469dfb3c,0.8517569303512573
3ad82a6c3cc7421199dabde4d1c630d1,77c8b175ca9d411b8d28d1ed0dc40304,0.841855525970459
3ad82a6c3cc7421199dabde4d1c630d1,9bf3b77eb9874f5f9e006a9cff111ea9,0.8413794040679932
3ad82a6c3cc7421199dabde4d1c630d1,e22e1ad3c1fc4493bcb7c9b923566ff7,0.8403525352478027
3ad82a6c3cc7421199dabde4d1c630d1,beccee3a988f48c1ad207e2380766fa4,0.8395153880119324
3ad82a6c3cc7421199dabde4d1c630d1,61d2391e8bc548b6bfa08f1ef2a0c47a,0.8393529653549194
3ad82a6c3cc7421199dabde4d1c630d1,8fdee0611965465eb45387b8c39f4136,0.8382527232170105
3ad82a6c3cc7421199dabde4d1c630d1,8350ea8cd6514c2c8d7b625abe7e895b,0.8365364670753479
3ad82a6c3cc7421199dabde4d1c630d1,bb84a4cf60c84a8d8e23276b1863d293,0.8348698616027832
957fd0aaa98b49cd8b0aeeeff8fe554a,ee7c00877ae64dac87123a3d75251530,0.8962700366973877
957fd0aaa98b49cd8b0aeeeff8fe554a,cb75c6ef71cb4991805920f2894e0e96,0.8953584432601929
957fd0aaa98b49cd8b0aeeeff8fe554a,b3a022950e444682a113cec5a0537f6a,0.8923184871673584
957fd0aaa98b49cd8b0aeeeff8fe554a,6400e3f6a14c492ba399bd414faca075,0.8921527862548828
957fd0aaa98b49cd8b0aeeeff8fe554a,91f9f8576e5142a49926bd623b0bc19c,0.8856252431869507
957fd0aaa98b49cd8b0aeeeff8fe554a,f0084465b2e646c9a53d9dc766067d9b,0.8833573460578918
957fd0aaa98b49cd8b0aeeeff8fe554a,200f7fc78e4c403982f61b2894e50bad,0.8814157843589783
957fd0aaa98b49cd8b0aeeeff8fe554a,5605fa1188974644937bbf92fec50e21,0.8784152269363403
957fd0aaa98b49cd8b0aeeeff8fe554a,39a08a87897f47d3bdbbdc5ed8c9cd7f,0.8759996891021729
957fd0aaa98b49cd8b0aeeeff8fe554a,6c6de17135be4f8c9423be633eaefcd4,0.8756790161132812
3ae64cd8d99e463d84ad390f0770863a,8dfbb6a204a0441492c35baca6190969,0.9585503935813904
3ae64cd8d99e463d84ad390f0770863a,eafb3480db704d7baa8216ce857d1610,0.8963913917541504
3ae64cd8d99e463d84ad390f0770863a,31cf7db26a3249c5a6205b005662ddcf,0.8930933475494385
3ae64cd8d99e463d84ad390f0770863a,df5ca61304074da1bec8f536ab50baf3,0.8928390741348267
3ae64cd8d99e463d84ad390f0770863a,30f654c6e69e48888f9f42dd95ab3c77,0.8895231485366821
3ae64cd8d99e463d84ad390f0770863a,0971af4212484a958eb0f60f93d1dfe0,0.8879446983337402
3ae64cd8d99e463d84ad390f0770863a,1f3cf50fe1f947d8a56e02ebca441c4c,0.8870444893836975
3ae64cd8d99e463d84ad390f0770863a,2ece45504eff42469c104dc2a2d03caf,0.884617805480957
3ae64cd8d99e463d84ad390f0770863a,105ad424733e4cffa7c474b51e3980aa,0.8838471174240112
3ae64cd8d99e463d84ad390f0770863a,0cdb0f32850f4585a16de4886462bbe0,0.8814928531646729
83caabc655aa413fa28ce75908fc82c3,8dfbb6a204a0441492c35baca6190969,0.9860167503356934
83caabc655aa413fa28ce75908fc82c3,eafb3480db704d7baa8216ce857d1610,0.8962439298629761
83caabc655aa413fa28ce75908fc82c3,1f3cf50fe1f947d8a56e02ebca441c4c,0.8957860469818115
83caabc655aa413fa28ce75908fc82c3,31cf7db26a3249c5a6205b005662ddcf,0.8946858048439026
83caabc655aa413fa28ce75908fc82c3,6ea31a945d494834a3d243f1f90af02a,0.888378381729126
83caabc655aa413fa28ce75908fc82c3,4a6eba10a02a4ecdbb6b25e8651c3789,0.8879179358482361
83caabc655aa413fa28ce75908fc82c3,df5ca61304074da1bec8f536ab50baf3,0.8857351541519165
83caabc655aa413fa28ce75908fc82c3,105ad424733e4cffa7c474b51e3980aa,0.884158730506897
83caabc655aa413fa28ce75908fc82c3,8d595c7da42545c88052e7b213b6c97c,0.8816574215888977
83caabc655aa413fa28ce75908fc82c3,44f41e6e6faa4facb0bb9a72205229f8,0.8802019953727722
b2a8b82d886042029e4d7b75f606d3f7,57430214baf045cb92fa3b3b70a4ca3f,0.9875370860099792
b2a8b82d886042029e4d7b75f606d3f7,52ee59901f3b4de884d7a6720538aed6,0.9045443534851074
b2a8b82d886042029e4d7b75f606d3f7,e1c63000ace94c1d9381d82389fe6afd,0.9041744470596313
b2a8b82d886042029e4d7b75f606d3f7,2b039224b54142d185a406b31fe01de2,0.9026448130607605
b2a8b82d886042029e4d7b75f606d3f7,ffc5805e29a74be0a55b40318aa321d7,0.9001340866088867
b2a8b82d886042029e4d7b75f606d3f7,0592b57e490d4206a3f12eb004a0afe0,0.8982609510421753
b2a8b82d886042029e4d7b75f606d3f7,eafb3480db704d7baa8216ce857d1610,0.8974127769470215
b2a8b82d886042029e4d7b75f606d3f7,e79ae27b52fa4d54aa37735fd275c66e,0.8971099257469177
b2a8b82d886042029e4d7b75f606d3f7,5a6f4a2f7f6a4b1fa146493472e6d721,0.8957934379577637
b2a8b82d886042029e4d7b75f606d3f7,4a6eba10a02a4ecdbb6b25e8651c3789,0.8907351493835449
5ed3368f73bb44e6b4ad520a68661e92,57430214baf045cb92fa3b3b70a4ca3f,0.9694975018501282
5ed3368f73bb44e6b4ad520a68661e92,e1c63000ace94c1d9381d82389fe6afd,0.9064375162124634
5ed3368f73bb44e6b4ad520a68661e92,52ee59901f3b4de884d7a6720538aed6,0.8927289843559265
5ed3368f73bb44e6b4ad520a68661e92,ffc5805e29a74be0a55b40318aa321d7,0.8884006142616272
5ed3368f73bb44e6b4ad520a68661e92,7ab9086baf99475d8c93862a7dd36344,0.8882712125778198
5ed3368f73bb44e6b4ad520a68661e92,e511c40ca6324803b5021e47b4e777f8,0.8860890865325928
5ed3368f73bb44e6b4ad520a68661e92,8228c9eb29a542ba98c8b9b854eadaa4,0.8851608037948608
5ed3368f73bb44e6b4ad520a68661e92,7d0190486da540718e4dc4ca4bd1f573,0.8847825527191162
5ed3368f73bb44e6b4ad520a68661e92,72a7e2ce22d045efbdbbab9c68f5d026,0.8847233057022095
5ed3368f73bb44e6b4ad520a68661e92,2b039224b54142d185a406b31fe01de2,0.8845473527908325
55b8c9724a3a454c9e37de654b24d293,4926607aafe749538c930e108275547e,0.9785441160202026
55b8c9724a3a454c9e37de654b24d293,1027a336232c4454a9c4ae450a562788,0.9208455681800842
55b8c9724a3a454c9e37de654b24d293,64e74af099b0485f8b6e71ac73aa2cb8,0.9156648516654968
55b8c9724a3a454c9e37de654b24d293,ad054da7e1704a53931a341173f0605f,0.91419517993927
55b8c9724a3a454c9e37de654b24d293,0b57f893483647c3aed811775a4c4c04,0.9124979972839355
55b8c9724a3a454c9e37de654b24d293,01ffceddb5b34406a08bb982b424b3cf,0.912355363368988
55b8c9724a3a454c9e37de654b24d293,4a3d4daed4b24a1898551f0fd1ba44f1,0.9112473726272583
55b8c9724a3a454c9e37de654b24d293,26869cc099c44c4a86f6043476ab4890,0.911221981048584
55b8c9724a3a454c9e37de654b24d293,c713a0ca69864ee7b240069c98dc44dc,0.9107919931411743
55b8c9724a3a454c9e37de654b24d293,434551fdf9e443ed91679a9557ae6fd5,0.9071305990219116
515bbdb925064e5080053f5a3bfa72c2,f5b766ea6abe4b5fb27d49cc3bc06020,0.987937331199646
515bbdb925064e5080053f5a3bfa72c2,1ad0cf33e96243888d5f970195a75586,0.9074544906616211
515bbdb925064e5080053f5a3bfa72c2,3f1c2bb09c4e4400b6ba19542fafce18,0.9036793112754822
515bbdb925064e5080053f5a3bfa72c2,c84deec0ecf843c39f52d4cb8e7300f8,0.8998544216156006
515bbdb925064e5080053f5a3bfa72c2,200f7fc78e4c403982f61b2894e50bad,0.8956557512283325
515bbdb925064e5080053f5a3bfa72c2,119a6d7b4af3458b951fc1c5ab5e1738,0.8951468467712402
515bbdb925064e5080053f5a3bfa72c2,15b7b988bba143989cfd98d5c6c4d203,0.8947306871414185
515bbdb925064e5080053f5a3bfa72c2,8a9dc60359ba49cd8ac170cfb4ac3913,0.893943727016449
515bbdb925064e5080053f5a3bfa72c2,5760084aabef4d8095b2d21902151f64,0.8931426405906677
515bbdb925064e5080053f5a3bfa72c2,b277101390e1465685ef79bf3519f8d7,0.8912928700447083
bd68648028064b068d1c788b7b8b35cf,4926607aafe749538c930e108275547e,0.9785377979278564
bd68648028064b068d1c788b7b8b35cf,1027a336232c4454a9c4ae450a562788,0.9238979816436768
bd68648028064b068d1c788b7b8b35cf,ad054da7e1704a53931a341173f0605f,0.9199377298355103
bd68648028064b068d1c788b7b8b35cf,c713a0ca69864ee7b240069c98dc44dc,0.9188961982727051
bd68648028064b068d1c788b7b8b35cf,4a3d4daed4b24a1898551f0fd1ba44f1,0.9163362383842468
bd68648028064b068d1c788b7b8b35cf,26869cc099c44c4a86f6043476ab4890,0.9146231412887573
bd68648028064b068d1c788b7b8b35cf,cae139b6e4914ce7b0ef1e68b8b857eb,0.9138312935829163
bd68648028064b068d1c788b7b8b35cf,c84deec0ecf843c39f52d4cb8e7300f8,0.9109511971473694
bd68648028064b068d1c788b7b8b35cf,64e74af099b0485f8b6e71ac73aa2cb8,0.9103341102600098
bd68648028064b068d1c788b7b8b35cf,77cecb221149474896d9b2eb848bf150,0.9071779847145081
191675e5da5649c9ad0e649fba7469fd,f5b766ea6abe4b5fb27d49cc3bc06020,0.9768322706222534
191675e5da5649c9ad0e649fba7469fd,1ad0cf33e96243888d5f970195a75586,0.9070403575897217
191675e5da5649c9ad0e649fba7469fd,c84deec0ecf843c39f52d4cb8e7300f8,0.9009314179420471
191675e5da5649c9ad0e649fba7469fd,3f1c2bb09c4e4400b6ba19542fafce18,0.8959057927131653
191675e5da5649c9ad0e649fba7469fd,7d0190486da540718e4dc4ca4bd1f573,0.8955637216567993
191675e5da5649c9ad0e649fba7469fd,7862a63720b34104abf5bfa44bc8178d,0.8931930661201477
191675e5da5649c9ad0e649fba7469fd,e343a998f4df4ac195c84e0fb571a393,0.8910089135169983
191675e5da5649c9ad0e649fba7469fd,8a9dc60359ba49cd8ac170cfb4ac3913,0.8901628255844116
191675e5da5649c9ad0e649fba7469fd,15b7b988bba143989cfd98d5c6c4d203,0.8894241452217102
191675e5da5649c9ad0e649fba7469fd,b0d2e6c4b2384950b3696c4414870282,0.8886089324951172
917a01f6ae4049189b017ae05f4e8282,ef60b54aa4b5490890da32d0bb8c9cbf,0.9819080829620361
917a01f6ae4049189b017ae05f4e8282,b585a2970e9f421da236241f603883f2,0.8931012153625488
917a01f6ae4049189b017ae05f4e8282,4a3d4daed4b24a1898551f0fd1ba44f1,0.889897346496582
917a01f6ae4049189b017ae05f4e8282,ffc5805e29a74be0a55b40318aa321d7,0.8858888149261475
917a01f6ae4049189b017ae05f4e8282,fadf133e0e684a24ac79b5fa9515bac2,0.8855677843093872
917a01f6ae4049189b017ae05f4e8282,93dc50abd35349f7923100dca2f41002,0.8840405941009521
917a01f6ae4049189b017ae05f4e8282,c3a741d302d94ee294bb6e4090fd2da9,0.8832545876502991
917a01f6ae4049189b017ae05f4e8282,b3a022950e444682a113cec5a0537f6a,0.8828098773956299
917a01f6ae4049189b017ae05f4e8282,4d5cbe57c3094d01843e4f950a280b50,0.8823620080947876
917a01f6ae4049189b017ae05f4e8282,e79ae27b52fa4d54aa37735fd275c66e,0.8816277980804443
8099552462944c5483e6c7e77019cd09,ef60b54aa4b5490890da32d0bb8c9cbf,0.9556636810302734
8099552462944c5483e6c7e77019cd09,4a3d4daed4b24a1898551f0fd1ba44f1,0.9065068364143372
8099552462944c5483e6c7e77019cd09,fadf133e0e684a24ac79b5fa9515bac2,0.9057459831237793
8099552462944c5483e6c7e77019cd09,4d5cbe57c3094d01843e4f950a280b50,0.9013407826423645
8099552462944c5483e6c7e77019cd09,e9428816b054499298745b742f128f65,0.8961129188537598
8099552462944c5483e6c7e77019cd09,b585a2970e9f421da236241f603883f2,0.8959226608276367
8099552462944c5483e6c7e77019cd09,d0b6e9c1cc5341faba9e03c17767bc2e,0.892575204372406
8099552462944c5483e6c7e77019cd09,13e659415ac84c7a81fc769111d43417,0.8909793496131897
8099552462944c5483e6c7e77019cd09,1419b2c686f44896a0ae2a43e93b5402,0.8896202445030212
8099552462944c5483e6c7e77019cd09,da88fa5efc674368b593444ca950dff9,0.8887085914611816
a9a932d9787f4b1c9d13926b41d68e8e,26869cc099c44c4a86f6043476ab4890,0.9247953295707703
a9a932d9787f4b1c9d13926b41d68e8e,bbdf9065122d499d9d8f80ad3e0ef6f3,0.9242261648178101
a9a932d9787f4b1c9d13926b41d68e8e,0daf8d5687b54d158f7f752884c42334,0.9203393459320068
a9a932d9787f4b1c9d13926b41d68e8e,c3a741d302d94ee294bb6e4090fd2da9,0.9161217212677002
a9a932d9787f4b1c9d13926b41d68e8e,64e74af099b0485f8b6e71ac73aa2cb8,0.9138520359992981
a9a932d9787f4b1c9d13926b41d68e8e,78809cb3c6b841a9b8b132133dd6bb96,0.913829505443573
a9a932d9787f4b1c9d13926b41d68e8e,0b57f893483647c3aed811775a4c4c04,0.9119648337364197
a9a932d9787f4b1c9d13926b41d68e8e,59f62d35b1ad451397b700b3dad25448,0.9113391041755676
a9a932d9787f4b1c9d13926b41d68e8e,b6c493a3666c4db193e86c79faf099ab,0.9111342430114746
a9a932d9787f4b1c9d13926b41d68e8e,9500823cb050427696343b1ea5cf8881,0.9103634357452393
69a7253a5317474a980b4e9538e2df59,cae139b6e4914ce7b0ef1e68b8b857eb,0.9672026634216309
69a7253a5317474a980b4e9538e2df59,f1c9c5051bdd4a11a064260bbb9d6d7b,0.9117986559867859
69a7253a5317474a980b4e9538e2df59,26869cc099c44c4a86f6043476ab4890,0.9088668823242188
69a7253a5317474a980b4e9538e2df59,1027a336232c4454a9c4ae450a562788,0.908693790435791
69a7253a5317474a980b4e9538e2df59,bbdf9065122d499d9d8f80ad3e0ef6f3,0.902813732624054
69a7253a5317474a980b4e9538e2df59,19a124c6dad14a4fa7864463b081009c,0.9016150832176208
69a7253a5317474a980b4e9538e2df59,4a3d4daed4b24a1898551f0fd1ba44f1,0.9000815153121948
69a7253a5317474a980b4e9538e2df59,cc243eebbb2b44a581745865a60c423a,0.8996400833129883
69a7253a5317474a980b4e9538e2df59,0a2c24dead204be9ae36be358e1223f9,0.8991632461547852
69a7253a5317474a980b4e9538e2df59,77cecb221149474896d9b2eb848bf150,0.8976894617080688
54e1f0b191a74c1fbe587bd189dbefde,1232f20e710b448e8c0538b9e84dab1c,0.9866158962249756
54e1f0b191a74c1fbe587bd189dbefde,bcfa4a4177d44d8b8cda17b7a23196b0,0.9225282669067383
54e1f0b191a74c1fbe587bd189dbefde,99a52c93a3304ec18dab9206f98f2a8b,0.9202064275741577
54e1f0b191a74c1fbe587bd189dbefde,8d595c7da42545c88052e7b213b6c97c,0.9188264012336731
54e1f0b191a74c1fbe587bd189dbefde,4a6eba10a02a4ecdbb6b25e8651c3789,0.9142423868179321
54e1f0b191a74c1fbe587bd189dbefde,eb21a4e2b7bd43efbdf0c365415e7fef,0.9093804359436035
54e1f0b191a74c1fbe587bd189dbefde,b23a9c50eada4286a4f7ce8668b92db1,0.9083284139633179
54e1f0b191a74c1fbe587bd189dbefde,6c874292dbcc49ff8bb8bbe5643593a5,0.9071006178855896
54e1f0b191a74c1fbe587bd189dbefde,643fbbdd6b764ba9904a4ee67a86b9fd,0.907093346118927
54e1f0b191a74c1fbe587bd189dbefde,3356a8a8c6ee4f30bc2b028e360d4471,0.9059211015701294
eab46b3eacfd4c65a5d3acea93bcd635,cae139b6e4914ce7b0ef1e68b8b857eb,0.9693053960800171
eab46b3eacfd4c65a5d3acea93bcd635,f1c9c5051bdd4a11a064260bbb9d6d7b,0.9077311754226685
eab46b3eacfd4c65a5d3acea93bcd635,26869cc099c44c4a86f6043476ab4890,0.9060695171356201
eab46b3eacfd4c65a5d3acea93bcd635,77cecb221149474896d9b2eb848bf150,0.8986635208129883
eab46b3eacfd4c65a5d3acea93bcd635,4926607aafe749538c930e108275547e,0.8986374735832214
eab46b3eacfd4c65a5d3acea93bcd635,3138244ae91040948d5bd6772e4075ea,0.898267924785614
eab46b3eacfd4c65a5d3acea93bcd635,1027a336232c4454a9c4ae450a562788,0.8962172865867615
eab46b3eacfd4c65a5d3acea93bcd635,d658e3a743af41899183fecff6b2628d,0.895569920539856
eab46b3eacfd4c65a5d3acea93bcd635,19a124c6dad14a4fa7864463b081009c,0.8951331973075867
eab46b3eacfd4c65a5d3acea93bcd635,bbdf9065122d499d9d8f80ad3e0ef6f3,0.8932541608810425
77ba7373423f4871aa84b0e9e90558da,1232f20e710b448e8c0538b9e84dab1c,0.9845273494720459
77ba7373423f4871aa84b0e9e90558da,bcfa4a4177d44d8b8cda17b7a23196b0,0.9182835817337036
77ba7373423f4871aa84b0e9e90558da,b23a9c50eada4286a4f7ce8668b92db1,0.9169126152992249
77ba7373423f4871aa84b0e9e90558da,4a6eba10a02a4ecdbb6b25e8651c3789,0.9168875813484192
77ba7373423f4871aa84b0e9e90558da,8d595c7da42545c88052e7b213b6c97c,0.9149121046066284
77ba7373423f4871aa84b0e9e90558da,3356a8a8c6ee4f30bc2b028e360d4471,0.9129732847213745
77ba7373423f4871aa84b0e9e90558da,5f481b07f9734f518a14853831233b78,0.9105931520462036
77ba7373423f4871aa84b0e9e90558da,77cecb221149474896d9b2eb848bf150,0.9101611971855164
77ba7373423f4871aa84b0e9e90558da,eb21a4e2b7bd43efbdf0c365415e7fef,0.9097704887390137
77ba7373423f4871aa84b0e9e90558da,643fbbdd6b764ba9904a4ee67a86b9fd,0.9074031114578247
ada711f5328244f298daf7e98150c7b2,ffe2740eee8c49b39b2ce41f9983bcb4,0.9869913458824158
ada711f5328244f298daf7e98150c7b2,eff24b01b2f5428baa4c3fef6cb40d41,0.913806676864624
ada711f5328244f298daf7e98150c7b2,0bd1cce9370a461089e25393086800a8,0.912039577960968
ada711f5328244f298daf7e98150c7b2,c756409435634fc48c643a64e73c93ce,0.9058570861816406
ada711f5328244f298daf7e98150c7b2,fadf133e0e684a24ac79b5fa9515bac2,0.9050469994544983
ada711f5328244f298daf7e98150c7b2,66690895454847fea5a000202fbfab2e,0.90321946144104
ada711f5328244f298daf7e98150c7b2,9677dd2a3aae457a8079087ce4177e14,0.9026353359222412
ada711f5328244f298daf7e98150c7b2,225818abe99e45a0bf5b0b3ec30db76b,0.9000576734542847
ada711f5328244f298daf7e98150c7b2,79721c9bb6a54ecdb3d0a0f4011762c1,0.899962306022644
ada711f5328244f298daf7e98150c7b2,3c1b91a23b694da1973dbc5f75f2f3ed,0.8987109065055847
b59f7290ee4240fba85223d721d2aefe,ffe2740eee8c49b39b2ce41f9983bcb4,0.9843088388442993
b59f7290ee4240fba85223d721d2aefe,c756409435634fc48c643a64e73c93ce,0.9109469652175903
b59f7290ee4240fba85223d721d2aefe,0bd1cce9370a461089e25393086800a8,0.9056646823883057
b59f7290ee4240fba85223d721d2aefe,eff24b01b2f5428baa4c3fef6cb40d41,0.9048844575881958
b59f7290ee4240fba85223d721d2aefe,9677dd2a3aae457a8079087ce4177e14,0.9042321443557739
b59f7290ee4240fba85223d721d2aefe,225818abe99e45a0bf5b0b3ec30db76b,0.9022151231765747
b59f7290ee4240fba85223d721d2aefe,66690895454847fea5a000202fbfab2e,0.9014999866485596
b59f7290ee4240fba85223d721d2aefe,8228c9eb29a542ba98c8b9b854eadaa4,0.9012472629547119
b59f7290ee4240fba85223d721d2aefe,fadf133e0e684a24ac79b5fa9515bac2,0.8989293575286865
b59f7290ee4240fba85223d721d2aefe,79721c9bb6a54ecdb3d0a0f4011762c1,0.8982229232788086
d8235671d5bc44ea9bb7b027f4c3bb3e,77ce0587a12b46bab8814225ba86753e,0.9466254711151123
d8235671d5bc44ea9bb7b027f4c3bb3e,71c1a8479b194efca65b44fb7f327afb,0.9253275990486145
d8235671d5bc44ea9bb7b027f4c3bb3e,6c874292dbcc49ff8bb8bbe5643593a5,0.9182723164558411
d8235671d5bc44ea9bb7b027f4c3bb3e,f12e9e5805534d719f829332d1ea5d29,0.9172642230987549
d8235671d5bc44ea9bb7b027f4c3bb3e,ccb62901750b4d13a922fc161b607f83,0.9162648320198059
d8235671d5bc44ea9bb7b027f4c3bb3e,bcfa4a4177d44d8b8cda17b7a23196b0,0.9129152297973633
d8235671d5bc44ea9bb7b027f4c3bb3e,c1def54262224e23acf67a9870725ce5,0.9121481776237488
d8235671d5bc44ea9bb7b027f4c3bb3e,6b4676aba2a746b3ab778315afc8ee82,0.9119239449501038
d8235671d5bc44ea9bb7b027f4c3bb3e,724a3f6551e74ad585bdeac9a75fd639,0.9102723598480225
d8235671d5bc44ea9bb7b027f4c3bb3e,b77d8b7bb0114c379139d280a9210e83,0.9099429249763489
518f59c8010c4dd48362de2cb03f5167,77ce0587a12b46bab8814225ba86753e,0.9608347415924072
518f59c8010c4dd48362de2cb03f5167,bcfa4a4177d44d8b8cda17b7a23196b0,0.9293447136878967
518f59c8010c4dd48362de2cb03f5167,b77d8b7bb0114c379139d280a9210e83,0.9260167479515076
518f59c8010c4dd48362de2cb03f5167,71c1a8479b194efca65b44fb7f327afb,0.9239449501037598
518f59c8010c4dd48362de2cb03f5167,c1def54262224e23acf67a9870725ce5,0.9177384972572327
518f59c8010c4dd48362de2cb03f5167,70aa10580bfe4069bdaa5721ae2d29db,0.9174026846885681
518f59c8010c4dd48362de2cb03f5167,f92d16d3a970487094292439c3e00923,0.9172631502151489
518f59c8010c4dd48362de2cb03f5167,3d3e8565d2f84e0cad5ae622f2909765,0.9143403768539429
518f59c8010c4dd48362de2cb03f5167,97959d02a64f4a3fbbebe7cbece6c012,0.9127105474472046
518f59c8010c4dd48362de2cb03f5167,1232f20e710b448e8c0538b9e84dab1c,0.9119769334793091
c313a0d413ec48a6a2cbd1df9d98d820,71c1a8479b194efca65b44fb7f327afb,0.9878946542739868
c313a0d413ec48a6a2cbd1df9d98d820,77ce0587a12b46bab8814225ba86753e,0.93943190574646
c313a0d413ec48a6a2cbd1df9d98d820,8a464aa9e2ee45d0abc7ae6181cd1bda,0.9080328941345215
c313a0d413ec48a6a2cbd1df9d98d820,98fbdf945d0c4206a48a4f7260e56017,0.9073241353034973
c313a0d413ec48a6a2cbd1df9d98d820,97959d02a64f4a3fbbebe7cbece6c012,0.9022565484046936
c313a0d413ec48a6a2cbd1df9d98d820,8683a3ad55d84a78834fabe20cde5269,0.9002606868743896
c313a0d413ec48a6a2cbd1df9d98d820,8c7c9eaae41a44a3a4ebe39ce167d300,0.899817943572998
c313a0d413ec48a6a2cbd1df9d98d820,1232f20e710b448e8c0538b9e84dab1c,0.8995665311813354
c313a0d413ec48a6a2cbd1df9d98d820,724a3f6551e74ad585bdeac9a75fd639,0.8993383646011353
c313a0d413ec48a6a2cbd1df9d98d820,097f2ce3b88c4d008488b9908076497e,0.898750901222229
83661848dd63461885371664f7c4bc51,71c1a8479b194efca65b44fb7f327afb,0.9784929752349854
83661848dd63461885371664f7c4bc51,77ce0587a12b46bab8814225ba86753e,0.9278771877288818
83661848dd63461885371664f7c4bc51,98fbdf945d0c4206a48a4f7260e56017,0.9043076038360596
83661848dd63461885371664f7c4bc51,724a3f6551e74ad585bdeac9a75fd639,0.9032852649688721
83661848dd63461885371664f7c4bc51,c1def54262224e23acf67a9870725ce5,0.9007149934768677
83661848dd63461885371664f7c4bc51,059a284910e849efbbc7073b8681409f,0.8976072669029236
83661848dd63461885371664f7c4bc51,8a464aa9e2ee45d0abc7ae6181cd1bda,0.8974613547325134
83661848dd63461885371664f7c4bc51,8683a3ad55d84a78834fabe20cde5269,0.8953961133956909
83661848dd63461885371664f7c4bc51,9909a671f7414c19b2727e7d4d4dcf1b,0.8942872285842896
83661848dd63461885371664f7c4bc51,e06d08ff594a4acbac12edf579743fcf,0.8935993909835815
0b47b27e631a492c8956eba727078681,3e59b61eb70146308db2308b988b54cf,0.9294745922088623
0b47b27e631a492c8956eba727078681,e0d8aee46b1d4d998858cd05027251b6,0.9159354567527771
0b47b27e631a492c8956eba727078681,02a3cd76ce534d188b4d5ac4778bd652,0.9050207138061523
0b47b27e631a492c8956eba727078681,82d68ea370f8451aa16ea08f4601245c,0.9042423963546753
0b47b27e631a492c8956eba727078681,08ecf89bc10942a4bd894482f6fcdfa7,0.9021899700164795
0b47b27e631a492c8956eba727078681,2f0401170d104b47b0a8f087f69dee88,0.8984277248382568
0b47b27e631a492c8956eba727078681,ee7c00877ae64dac87123a3d75251530,0.8978052139282227
0b47b27e631a492c8956eba727078681,ca5add3cbf044a95a5bec88a5841ce98,0.8972311019897461
0b47b27e631a492c8956eba727078681,4a7fa5a1bafe4b6995e2920444ac07c4,0.8968995809555054
0b47b27e631a492c8956eba727078681,7ef653f7e5f64e1b8bba73b9518b87b7,0.8960772752761841
d0e0af0e83ea4c3b855152177e8295c4,a4af9472683c4df0a86f9400c99c2b61,0.9866141080856323
d0e0af0e83ea4c3b855152177e8295c4,097f2ce3b88c4d008488b9908076497e,0.91070556640625
d0e0af0e83ea4c3b855152177e8295c4,70aa10580bfe4069bdaa5721ae2d29db,0.9081883430480957
d0e0af0e83ea4c3b855152177e8295c4,98fbdf945d0c4206a48a4f7260e56017,0.9045393466949463
d0e0af0e83ea4c3b855152177e8295c4,724a3f6551e74ad585bdeac9a75fd639,0.9005785584449768
d0e0af0e83ea4c3b855152177e8295c4,19098957d8c24cab95daa30c2baefd8f,0.88843834400177
d0e0af0e83ea4c3b855152177e8295c4,105ad424733e4cffa7c474b51e3980aa,0.8853093385696411
d0e0af0e83ea4c3b855152177e8295c4,ccb62901750b4d13a922fc161b607f83,0.8840489387512207
d0e0af0e83ea4c3b855152177e8295c4,c1def54262224e23acf67a9870725ce5,0.8825884461402893
d0e0af0e83ea4c3b855152177e8295c4,77ce0587a12b46bab8814225ba86753e,0.8789076805114746
3c7adf3c0f6a48ddae27f1be8bf94c98,98fbdf945d0c4206a48a4f7260e56017,0.9827228784561157
3c7adf3c0f6a48ddae27f1be8bf94c98,724a3f6551e74ad585bdeac9a75fd639,0.9129699468612671
3c7adf3c0f6a48ddae27f1be8bf94c98,70aa10580bfe4069bdaa5721ae2d29db,0.9103361964225769
3c7adf3c0f6a48ddae27f1be8bf94c98,a94cb58f1ca8456b96e39b5b1ebfb7ea,0.9065788984298706
3c7adf3c0f6a48ddae27f1be8bf94c98,f335a944a27a4504a82ecf70c2d4a5e4,0.9051100015640259
3c7adf3c0f6a48ddae27f1be8bf94c98,8c7c9eaae41a44a3a4ebe39ce167d300,0.9050650596618652
3c7adf3c0f6a48ddae27f1be8bf94c98,b77d8b7bb0114c379139d280a9210e83,0.9037421345710754
3c7adf3c0f6a48ddae27f1be8bf94c98,6c79712e67b54dd0a11d426a91207939,0.9029632806777954
3c7adf3c0f6a48ddae27f1be8bf94c98,82d68ea370f8451aa16ea08f4601245c,0.902624785900116
3c7adf3c0f6a48ddae27f1be8bf94c98,71c1a8479b194efca65b44fb7f327afb,0.9015860557556152
9ece5d7b95974244a7560e0a5516708d,3e59b61eb70146308db2308b988b54cf,0.9191912412643433
9ece5d7b95974244a7560e0a5516708d,e6afe89ff7bc491193141c057083d8a8,0.8751332759857178
9ece5d7b95974244a7560e0a5516708d,4c36aafaf38f4e9e9e09991737196fe1,0.8745591044425964
9ece5d7b95974244a7560e0a5516708d,211ef3181e524685866fb8574d9bf456,0.8705611228942871
9ece5d7b95974244a7560e0a5516708d,e22e1ad3c1fc4493bcb7c9b923566ff7,0.8679442405700684
9ece5d7b95974244a7560e0a5516708d,ee7c00877ae64dac87123a3d75251530,0.8643932938575745
9ece5d7b95974244a7560e0a5516708d,98fbdf945d0c4206a48a4f7260e56017,0.8633299469947815
9ece5d7b95974244a7560e0a5516708d,e0d8aee46b1d4d998858cd05027251b6,0.8618695735931396
9ece5d7b95974244a7560e0a5516708d,7d3d751215194e649a03457226f599d7,0.8604196310043335
9ece5d7b95974244a7560e0a5516708d,8746ae2ca7514699b629b4d9b5fe95a7,0.8589504957199097
6b69e25d73f148c98af914e308e2396e,3e59b61eb70146308db2308b988b54cf,0.9779347777366638
6b69e25d73f148c98af914e308e2396e,e0d8aee46b1d4d998858cd05027251b6,0.9121279716491699
6b69e25d73f148c98af914e308e2396e,4c36aafaf38f4e9e9e09991737196fe1,0.9075651168823242
6b69e25d73f148c98af914e308e2396e,98fbdf945d0c4206a48a4f7260e56017,0.9042094945907593
6b69e25d73f148c98af914e308e2396e,02a3cd76ce534d188b4d5ac4778bd652,0.9011131525039673
6b69e25d73f148c98af914e308e2396e,211ef3181e524685866fb8574d9bf456,0.9004321098327637
6b69e25d73f148c98af914e308e2396e,26e55eb4d910464497d700bfdf5a36ca,0.8999584913253784
6b69e25d73f148c98af914e308e2396e,82d68ea370f8451aa16ea08f4601245c,0.8992829322814941
6b69e25d73f148c98af914e308e2396e,2f0401170d104b47b0a8f087f69dee88,0.8989249467849731
6b69e25d73f148c98af914e308e2396e,7e190e3c05d74e6b9f103e39142c1684,0.892727255821228
f443d2b48e9f48748ed811a3ffbfeeb0,5e44915237fc4445b54b037e1c4e29a4,0.9798875451087952
f443d2b48e9f48748ed811a3ffbfeeb0,7584980704ae4617bb27ca162cc9c5db,0.9300025701522827
f443d2b48e9f48748ed811a3ffbfeeb0,4d0a737f396d4a95808085bd1306746c,0.9232341051101685
f443d2b48e9f48748ed811a3ffbfeeb0,636c21e19a5845e1b8d69a5fca928030,0.9158068895339966
f443d2b48e9f48748ed811a3ffbfeeb0,f91157bb8fca4a8e98db33591a76be9a,0.9148008823394775
f443d2b48e9f48748ed811a3ffbfeeb0,e12ad1ce8e7940a999b9a4f91a95fab7,0.9137336611747742
f443d2b48e9f48748ed811a3ffbfeeb0,be9e713988ba4bbba869885cad419259,0.9067862033843994
f443d2b48e9f48748ed811a3ffbfeeb0,6b7b5d28293d4a5a8075f7f7dd231ddb,0.9033629894256592
f443d2b48e9f48748ed811a3ffbfeeb0,69ac8397e9624bfd8aee237b9f9ea3b5,0.9030981659889221
f443d2b48e9f48748ed811a3ffbfeeb0,039f8e63b273472d8f1d99d9a5de5cf5,0.897991418838501
ca49f30627f348ebb9db4ee0577e1d96,0cdb0f32850f4585a16de4886462bbe0,0.9374045133590698
ca49f30627f348ebb9db4ee0577e1d96,6ea31a945d494834a3d243f1f90af02a,0.8989810943603516
ca49f30627f348ebb9db4ee0577e1d96,33b5e2ae5ebe4f548bac3a00ab0a59eb,0.8960721492767334
ca49f30627f348ebb9db4ee0577e1d96,aa082284f9894b5aa210c179d59999b1,0.8943783044815063
ca49f30627f348ebb9db4ee0577e1d96,d695b7afdc3841a28a56df578e56afce,0.893162727355957
ca49f30627f348ebb9db4ee0577e1d96,4e22dc65beb7450b9260cf27e50919e4,0.8928689956665039
ca49f30627f348ebb9db4ee0577e1d96,097f2ce3b88c4d008488b9908076497e,0.8925890922546387
ca49f30627f348ebb9db4ee0577e1d96,ccb62901750b4d13a922fc161b607f83,0.8920254707336426
ca49f30627f348ebb9db4ee0577e1d96,1d70bc69b2f84bef9aa5fb0d9917e38d,0.8906071186065674
ca49f30627f348ebb9db4ee0577e1d96,eabdd2813a954f9aa01f0eb8212ee387,0.8906059265136719
3edc2638f7bf459c90061b70e170d78e,0cdb0f32850f4585a16de4886462bbe0,0.9162372946739197
3edc2638f7bf459c90061b70e170d78e,4e22dc65beb7450b9260cf27e50919e4,0.8878538012504578
3edc2638f7bf459c90061b70e170d78e,e06d08ff594a4acbac12edf579743fcf,0.8871848583221436
3edc2638f7bf459c90061b70e170d78e,f335a944a27a4504a82ecf70c2d4a5e4,0.8869701623916626
3edc2638f7bf459c90061b70e170d78e,be8953cc364d46cebbcc2c2da2c348ab,0.8858542442321777
3edc2638f7bf459c90061b70e170d78e,33b5e2ae5ebe4f548bac3a00ab0a59eb,0.8835509419441223
3edc2638f7bf459c90061b70e170d78e,39e2b00e1cbd471488cf56f31d2cec7f,0.8827512264251709
3edc2638f7bf459c90061b70e170d78e,eabdd2813a954f9aa01f0eb8212ee387,0.8812987208366394
3edc2638f7bf459c90061b70e170d78e,6ea31a945d494834a3d243f1f90af02a,0.879035234451294
3edc2638f7bf459c90061b70e170d78e,feb980ae999948ce9be0266b4ddc048d,0.8788310289382935
4241e3037cc4416b9760a32dc49b4d49,5e44915237fc4445b54b037e1c4e29a4,0.9585031270980835
4241e3037cc4416b9760a32dc49b4d49,7584980704ae4617bb27ca162cc9c5db,0.9093149304389954
4241e3037cc4416b9760a32dc49b4d49,4d0a737f396d4a95808085bd1306746c,0.9043483734130859
4241e3037cc4416b9760a32dc49b4d49,be8953cc364d46cebbcc2c2da2c348ab,0.8994596600532532
4241e3037cc4416b9760a32dc49b4d49,f91157bb8fca4a8e98db33591a76be9a,0.899226725101471
4241e3037cc4416b9760a32dc49b4d49,e12ad1ce8e7940a999b9a4f91a95fab7,0.8981069922447205
4241e3037cc4416b9760a32dc49b4d49,69ac8397e9624bfd8aee237b9f9ea3b5,0.8940846920013428
4241e3037cc4416b9760a32dc49b4d49,249c2d8d8d2345c6990b3c4d94385b5a,0.8933985829353333
4241e3037cc4416b9760a32dc49b4d49,039f8e63b273472d8f1d99d9a5de5cf5,0.8917229175567627
4241e3037cc4416b9760a32dc49b4d49,f2cfa68a47ce4a43a0fe1cc7dc860418,0.8882365822792053
2c1eb27749b548ee9cc13137105c60f9,21019944fc2c4838a682a6dcdc62c4ef,0.9672173857688904
2c1eb27749b548ee9cc13137105c60f9,e53dd6188816429ab915de6f9649a026,0.8726113438606262
2c1eb27749b548ee9cc13137105c60f9,3356a8a8c6ee4f30bc2b028e360d4471,0.8707289695739746
2c1eb27749b548ee9cc13137105c60f9,bcfa4a4177d44d8b8cda17b7a23196b0,0.8687097430229187
2c1eb27749b548ee9cc13137105c60f9,7d6cdff8c9ac434196df803628fe9f62,0.8682898879051208
2c1eb27749b548ee9cc13137105c60f9,039f8e63b273472d8f1d99d9a5de5cf5,0.8679280281066895
2c1eb27749b548ee9cc13137105c60f9,f91157bb8fca4a8e98db33591a76be9a,0.8661086559295654
2c1eb27749b548ee9cc13137105c60f9,1232f20e710b448e8c0538b9e84dab1c,0.86472487449646
2c1eb27749b548ee9cc13137105c60f9,97959d02a64f4a3fbbebe7cbece6c012,0.8630791902542114
2c1eb27749b548ee9cc13137105c60f9,9bf3b77eb9874f5f9e006a9cff111ea9,0.8625097274780273
879584d5b62041dfb4cfbb779df86357,e4ee90d625d44a6d9adc138390eef0f8,0.9250928163528442
879584d5b62041dfb4cfbb779df86357,e22e1ad3c1fc4493bcb7c9b923566ff7,0.9062234163284302
879584d5b62041dfb4cfbb779df86357,563043f180e54e238ad4876974e5db4c,0.8879100680351257
879584d5b62041dfb4cfbb779df86357,211ef3181e524685866fb8574d9bf456,0.8847270607948303
879584d5b62041dfb4cfbb779df86357,570f08ce2a1a47978eab16bf7ad16a68,0.8825984001159668
879584d5b62041dfb4cfbb779df86357,a865b8d581b44104afe7c8508e3486f5,0.8793677091598511
879584d5b62041dfb4cfbb779df86357,7d3d751215194e649a03457226f599d7,0.8752399682998657
879584d5b62041dfb4cfbb779df86357,5a9a716f53364389864a4018d9e9c6c0,0.8720245361328125
879584d5b62041dfb4cfbb779df86357,9bf3b77eb9874f5f9e006a9cff111ea9,0.8715263605117798
879584d5b62041dfb4cfbb779df86357,b626eb67c2e14afeae2846bb150976f3,0.8704581260681152
f21b02728ff6484fb3fd4a60399ab492,e4ee90d625d44a6d9adc138390eef0f8,0.923446774482727
f21b02728ff6484fb3fd4a60399ab492,e22e1ad3c1fc4493bcb7c9b923566ff7,0.9089659452438354
f21b02728ff6484fb3fd4a60399ab492,211ef3181e524685866fb8574d9bf456,0.895256757736206
f21b02728ff6484fb3fd4a60399ab492,563043f180e54e238ad4876974e5db4c,0.890508770942688
f21b02728ff6484fb3fd4a60399ab492,9bf3b77eb9874f5f9e006a9cff111ea9,0.8901504278182983
f21b02728ff6484fb3fd4a60399ab492,a865b8d581b44104afe7c8508e3486f5,0.8883957862854004
f21b02728ff6484fb3fd4a60399ab492,570f08ce2a1a47978eab16bf7ad16a68,0.8861392736434937
f21b02728ff6484fb3fd4a60399ab492,d7c9dafddaf547159d366dacf7b68a7e,0.8807885646820068
f21b02728ff6484fb3fd4a60399ab492,7d3d751215194e649a03457226f599d7,0.8764885067939758
f21b02728ff6484fb3fd4a60399ab492,f5b766ea6abe4b5fb27d49cc3bc06020,0.8764595985412598
d8456095cf7c4204a086a014ff2b3c14,21019944fc2c4838a682a6dcdc62c4ef,0.9840424060821533
d8456095cf7c4204a086a014ff2b3c14,039f8e63b273472d8f1d99d9a5de5cf5,0.884576678276062
d8456095cf7c4204a086a014ff2b3c14,1232f20e710b448e8c0538b9e84dab1c,0.8834772109985352
d8456095cf7c4204a086a014ff2b3c14,9bf3b77eb9874f5f9e006a9cff111ea9,0.8818325996398926
d8456095cf7c4204a086a014ff2b3c14,6dc5832f0ac04df2bd99c6415b3ecf09,0.8818306922912598
d8456095cf7c4204a086a014ff2b3c14,77cecb221149474896d9b2eb848bf150,0.8797608613967896
d8456095cf7c4204a086a014ff2b3c14,b626eb67c2e14afeae2846bb150976f3,0.8785409331321716
d8456095cf7c4204a086a014ff2b3c14,67dd23cfd20f46dc82acc82c108a1dc6,0.8781033754348755
d8456095cf7c4204a086a014ff2b3c14,bcfa4a4177d44d8b8cda17b7a23196b0,0.8780498504638672
d8456095cf7c4204a086a014ff2b3c14,0592b57e490d4206a3f12eb004a0afe0,0.8769097328186035
3afae5ea042d4934b4e05a905c277730,1c6bbf19b3d2498696a5baf0f53a0f18,0.9858075380325317
3afae5ea042d4934b4e05a905c277730,8ad1f345ca194b29bde0a924f27b2de5,0.9078962802886963
3afae5ea042d4934b4e05a905c277730,b2b22c673e554db39c8acdbe42687a6d,0.9048066139221191
3afae5ea042d4934b4e05a905c277730,a297e08effdf4a69a6c4d79a34a0c6ad,0.8925232887268066
3afae5ea042d4934b4e05a905c277730,4230775a9d51448396cacb9061f0e5f9,0.883103609085083
3afae5ea042d4934b4e05a905c277730,116f6c1f0cb54312986a0a729508a33e,0.8787431716918945
3afae5ea042d4934b4e05a905c277730,fe363cef357840fcb35f320fe7c27e4e,0.87275230884552
3afae5ea042d4934b4e05a905c277730,f12e9e5805534d719f829332d1ea5d29,0.8708358407020569
3afae5ea042d4934b4e05a905c277730,403835bbf2f1447188bcc78e062b0028,0.869474470615387
3afae5ea042d4934b4e05a905c277730,f37d285ad0de42f0b1546d0d1acfb221,0.8681076765060425
c6c6941b06454b858b384b129f635fbc,b2b22c673e554db39c8acdbe42687a6d,0.9952607154846191
c6c6941b06454b858b384b129f635fbc,1c6bbf19b3d2498696a5baf0f53a0f18,0.9105319976806641
c6c6941b06454b858b384b129f635fbc,a297e08effdf4a69a6c4d79a34a0c6ad,0.8858996629714966
c6c6941b06454b858b384b129f635fbc,403835bbf2f1447188bcc78e062b0028,0.8809412717819214
c6c6941b06454b858b384b129f635fbc,8c5f38853679436ba434b6a696e43168,0.8743748664855957
c6c6941b06454b858b384b129f635fbc,5e199f7727cc4910ad88dbd81ed1ec82,0.8696532249450684
c6c6941b06454b858b384b129f635fbc,a8904adcdd21495f890bc614bfdbf86f,0.8672106266021729
c6c6941b06454b858b384b129f635fbc,4230775a9d51448396cacb9061f0e5f9,0.8632574677467346
c6c6941b06454b858b384b129f635fbc,f12e9e5805534d719f829332d1ea5d29,0.8564549088478088
c6c6941b06454b858b384b129f635fbc,93bf0b86be094f68a9d308ca5ecfb4e3,0.8556247353553772
164fd25714484642abf3c2f90a97a8fd,8a9dc60359ba49cd8ac170cfb4ac3913,0.9803719520568848
164fd25714484642abf3c2f90a97a8fd,e8c8742459dc48a49080bf0e5b3fdee0,0.9139969944953918
164fd25714484642abf3c2f90a97a8fd,f0084465b2e646c9a53d9dc766067d9b,0.9086995720863342
164fd25714484642abf3c2f90a97a8fd,15b7b988bba143989cfd98d5c6c4d203,0.904658854007721
164fd25714484642abf3c2f90a97a8fd,033f1514c78b49dd82148b94f6bcbeba,0.9018269181251526
164fd25714484642abf3c2f90a97a8fd,b0d2e6c4b2384950b3696c4414870282,0.8971865773200989
164fd25714484642abf3c2f90a97a8fd,b277101390e1465685ef79bf3519f8d7,0.8916072845458984
164fd25714484642abf3c2f90a97a8fd,570f08ce2a1a47978eab16bf7ad16a68,0.8901311159133911
164fd25714484642abf3c2f90a97a8fd,a055f8188384479a8bad418f7dffd9a5,0.8892239332199097
164fd25714484642abf3c2f90a97a8fd,03df72bcf3504272a27f4bbaea89118a,0.8868829011917114
3a05b06fa1e34ff0b02748d47a9e6360,8a9dc60359ba49cd8ac170cfb4ac3913,0.9809311032295227
3a05b06fa1e34ff0b02748d47a9e6360,e8c8742459dc48a49080bf0e5b3fdee0,0.9203250408172607
3a05b06fa1e34ff0b02748d47a9e6360,033f1514c78b49dd82148b94f6bcbeba,0.9077830910682678
3a05b06fa1e34ff0b02748d47a9e6360,15b7b988bba143989cfd98d5c6c4d203,0.9016328454017639
3a05b06fa1e34ff0b02748d47a9e6360,f0084465b2e646c9a53d9dc766067d9b,0.8983746767044067
3a05b06fa1e34ff0b02748d47a9e6360,570f08ce2a1a47978eab16bf7ad16a68,0.8910098671913147
3a05b06fa1e34ff0b02748d47a9e6360,03df72bcf3504272a27f4bbaea89118a,0.8909264802932739
3a05b06fa1e34ff0b02748d47a9e6360,a055f8188384479a8bad418f7dffd9a5,0.8899976015090942
3a05b06fa1e34ff0b02748d47a9e6360,d9096650c434432c871effeca9acd5c6,0.8854111433029175
3a05b06fa1e34ff0b02748d47a9e6360,b277101390e1465685ef79bf3519f8d7,0.8850559592247009
fec5eb7ba2734bf5b777bcb611801028,7d5c0a2bfccf4255a43d9bd0f84a6d3a,0.9084697365760803
fec5eb7ba2734bf5b777bcb611801028,9fd4c00672d84215b3e21812aef3d6ac,0.8956026434898376
fec5eb7ba2734bf5b777bcb611801028,632cc2bc04034dd4848855fe6497262d,0.8948162794113159
fec5eb7ba2734bf5b777bcb611801028,9dd98c9126c44642a20711729f2e731e,0.8918111324310303
fec5eb7ba2734bf5b777bcb611801028,1578afd6ce694d46ab6e24f965f51fd6,0.8870517015457153
fec5eb7ba2734bf5b777bcb611801028,de1102228a324428989533278cd482f6,0.8662967681884766
fec5eb7ba2734bf5b777bcb611801028,6bedb2d6ace34e18811b7f1206b2d1b0,0.8646219968795776
fec5eb7ba2734bf5b777bcb611801028,a9573f188204436090fb4a5240e4eccd,0.8621265888214111
fec5eb7ba2734bf5b777bcb611801028,48c31b1e2ce94de8968fab433813fa91,0.8619940876960754
fec5eb7ba2734bf5b777bcb611801028,3f1c2bb09c4e4400b6ba19542fafce18,0.8590052127838135
99fd1c486f1c4dd591b9a6ecf8054b7d,7d5c0a2bfccf4255a43d9bd0f84a6d3a,0.9060272574424744
99fd1c486f1c4dd591b9a6ecf8054b7d,9dd98c9126c44642a20711729f2e731e,0.8988860249519348
99fd1c486f1c4dd591b9a6ecf8054b7d,1578afd6ce694d46ab6e24f965f51fd6,0.8946058750152588
99fd1c486f1c4dd591b9a6ecf8054b7d,9fd4c00672d84215b3e21812aef3d6ac,0.8940608501434326
99fd1c486f1c4dd591b9a6ecf8054b7d,632cc2bc04034dd4848855fe6497262d,0.893283486366272
99fd1c486f1c4dd591b9a6ecf8054b7d,de1102228a324428989533278cd482f6,0.8658585548400879
99fd1c486f1c4dd591b9a6ecf8054b7d,48c31b1e2ce94de8968fab433813fa91,0.8636059761047363
99fd1c486f1c4dd591b9a6ecf8054b7d,3f1c2bb09c4e4400b6ba19542fafce18,0.8635849356651306
99fd1c486f1c4dd591b9a6ecf8054b7d,6bedb2d6ace34e18811b7f1206b2d1b0,0.8611186742782593
99fd1c486f1c4dd591b9a6ecf8054b7d,a9573f188204436090fb4a5240e4eccd,0.8599519729614258
7613bd74728b4f0baa8eabd0aefbbc29,4a6eba10a02a4ecdbb6b25e8651c3789,0.9667733311653137
7613bd74728b4f0baa8eabd0aefbbc29,1232f20e710b448e8c0538b9e84dab1c,0.9126982688903809
7613bd74728b4f0baa8eabd0aefbbc29,039f8e63b273472d8f1d99d9a5de5cf5,0.9059172868728638
7613bd74728b4f0baa8eabd0aefbbc29,434551fdf9e443ed91679a9557ae6fd5,0.8972152471542358
7613bd74728b4f0baa8eabd0aefbbc29,fbfaa119f55a477984e42d80498f54d3,0.896332859992981
7613bd74728b4f0baa8eabd0aefbbc29,7daa434073604cb98a04fefb55468dda,0.8940988183021545
7613bd74728b4f0baa8eabd0aefbbc29,8d595c7da42545c88052e7b213b6c97c,0.8933719992637634
7613bd74728b4f0baa8eabd0aefbbc29,eb21a4e2b7bd43efbdf0c365415e7fef,0.8926740288734436
7613bd74728b4f0baa8eabd0aefbbc29,25109e3a7df549e5b380aae716d71366,0.8925837278366089
7613bd74728b4f0baa8eabd0aefbbc29,97959d02a64f4a3fbbebe7cbece6c012,0.8915787935256958
4c482b037ef04720a8eafa90efddd03b,eafb3480db704d7baa8216ce857d1610,0.9710866212844849
4c482b037ef04720a8eafa90efddd03b,4a6eba10a02a4ecdbb6b25e8651c3789,0.9240735769271851
4c482b037ef04720a8eafa90efddd03b,6c874292dbcc49ff8bb8bbe5643593a5,0.9205443859100342
4c482b037ef04720a8eafa90efddd03b,eb21a4e2b7bd43efbdf0c365415e7fef,0.916452169418335
4c482b037ef04720a8eafa90efddd03b,dee9eddb2eac41bfaf36d3279d43674a,0.90526282787323
4c482b037ef04720a8eafa90efddd03b,1232f20e710b448e8c0538b9e84dab1c,0.9035625457763672
4c482b037ef04720a8eafa90efddd03b,8d595c7da42545c88052e7b213b6c97c,0.9032573699951172
4c482b037ef04720a8eafa90efddd03b,b77d8b7bb0114c379139d280a9210e83,0.9019740223884583
4c482b037ef04720a8eafa90efddd03b,097f2ce3b88c4d008488b9908076497e,0.901792049407959
4c482b037ef04720a8eafa90efddd03b,31cf7db26a3249c5a6205b005662ddcf,0.9007977247238159
596b8b0b72be41a4842150fbbd18aead,4a6eba10a02a4ecdbb6b25e8651c3789,0.9644359946250916
596b8b0b72be41a4842150fbbd18aead,eafb3480db704d7baa8216ce857d1610,0.9058395624160767
596b8b0b72be41a4842150fbbd18aead,69ac8397e9624bfd8aee237b9f9ea3b5,0.8993823528289795
596b8b0b72be41a4842150fbbd18aead,1232f20e710b448e8c0538b9e84dab1c,0.896510660648346
596b8b0b72be41a4842150fbbd18aead,039f8e63b273472d8f1d99d9a5de5cf5,0.8960452675819397
596b8b0b72be41a4842150fbbd18aead,b3f8b4bec0164d0e81997b4f5a277e8f,0.8911858201026917
596b8b0b72be41a4842150fbbd18aead,60e87368fe334a92b57088b03cccbfc1,0.889808177947998
596b8b0b72be41a4842150fbbd18aead,8dfbb6a204a0441492c35baca6190969,0.8889974355697632
596b8b0b72be41a4842150fbbd18aead,44f41e6e6faa4facb0bb9a72205229f8,0.888359010219574
596b8b0b72be41a4842150fbbd18aead,fbfaa119f55a477984e42d80498f54d3,0.8881287574768066
99794362eca94e2ea0536c628c097ee0,eafb3480db704d7baa8216ce857d1610,0.9723537564277649
99794362eca94e2ea0536c628c097ee0,4a6eba10a02a4ecdbb6b25e8651c3789,0.9242280721664429
99794362eca94e2ea0536c628c097ee0,6c874292dbcc49ff8bb8bbe5643593a5,0.9113113880157471
99794362eca94e2ea0536c628c097ee0,8dfbb6a204a0441492c35baca6190969,0.9087871313095093
99794362eca94e2ea0536c628c097ee0,eb21a4e2b7bd43efbdf0c365415e7fef,0.9013705253601074
99794362eca94e2ea0536c628c097ee0,8d595c7da42545c88052e7b213b6c97c,0.9012877345085144
99794362eca94e2ea0536c628c097ee0,e1c63000ace94c1d9381d82389fe6afd,0.9000572562217712
99794362eca94e2ea0536c628c097ee0,eeb3b60f34af40de850e065b475d8180,0.8984338045120239
99794362eca94e2ea0536c628c097ee0,57430214baf045cb92fa3b3b70a4ca3f,0.897514283657074
99794362eca94e2ea0536c628c097ee0,097f2ce3b88c4d008488b9908076497e,0.8972132205963135
517088ff1e71421dbc66c81c7b6d809f,69ac8397e9624bfd8aee237b9f9ea3b5,0.9668115377426147
517088ff1e71421dbc66c81c7b6d809f,b3f8b4bec0164d0e81997b4f5a277e8f,0.9214389324188232
517088ff1e71421dbc66c81c7b6d809f,097f2ce3b88c4d008488b9908076497e,0.9091336727142334
517088ff1e71421dbc66c81c7b6d809f,f12e9e5805534d719f829332d1ea5d29,0.9031787514686584
517088ff1e71421dbc66c81c7b6d809f,6c874292dbcc49ff8bb8bbe5643593a5,0.9030613899230957
517088ff1e71421dbc66c81c7b6d809f,c65af18670ea437c8986884645b3afe9,0.9002666473388672
517088ff1e71421dbc66c81c7b6d809f,f91157bb8fca4a8e98db33591a76be9a,0.8969459533691406
517088ff1e71421dbc66c81c7b6d809f,5e44915237fc4445b54b037e1c4e29a4,0.8966361284255981
517088ff1e71421dbc66c81c7b6d809f,17b5eb6fab65476f827dd355b4a20a55,0.8954037427902222
517088ff1e71421dbc66c81c7b6d809f,75bf181ea5dc490e95d364a5f5c7af1d,0.8921188116073608
67f17a1293154579a1047cd28690d783,a055f8188384479a8bad418f7dffd9a5,0.9117391705513
67f17a1293154579a1047cd28690d783,5be48a6bc26044f2a2e4e9b6a223c319,0.8936740159988403
67f17a1293154579a1047cd28690d783,1ad0cf33e96243888d5f970195a75586,0.8924211859703064
67f17a1293154579a1047cd28690d783,5760084aabef4d8095b2d21902151f64,0.8872683048248291
67f17a1293154579a1047cd28690d783,b3a022950e444682a113cec5a0537f6a,0.8863233327865601
67f17a1293154579a1047cd28690d783,e8c8742459dc48a49080bf0e5b3fdee0,0.8838456273078918
67f17a1293154579a1047cd28690d783,b83013f4c5524232814efa0f8651867f,0.883763313293457
67f17a1293154579a1047cd28690d783,3f1c2bb09c4e4400b6ba19542fafce18,0.8836122751235962
67f17a1293154579a1047cd28690d783,0ecfdd96e0054841883acba75e83b232,0.8824325203895569
67f17a1293154579a1047cd28690d783,da14e9dc2c3d4963b725de8102de5028,0.8815540075302124
376dc48ffd5842e2b10ce1bfe8617a4f,a055f8188384479a8bad418f7dffd9a5,0.9174190759658813
376dc48ffd5842e2b10ce1bfe8617a4f,5760084aabef4d8095b2d21902151f64,0.9041364192962646
376dc48ffd5842e2b10ce1bfe8617a4f,5be48a6bc26044f2a2e4e9b6a223c319,0.8988586068153381
376dc48ffd5842e2b10ce1bfe8617a4f,3f1c2bb09c4e4400b6ba19542fafce18,0.8978631496429443
376dc48ffd5842e2b10ce1bfe8617a4f,1ad0cf33e96243888d5f970195a75586,0.8965001106262207
376dc48ffd5842e2b10ce1bfe8617a4f,b83013f4c5524232814efa0f8651867f,0.8910827040672302
376dc48ffd5842e2b10ce1bfe8617a4f,da14e9dc2c3d4963b725de8102de5028,0.8888802528381348
376dc48ffd5842e2b10ce1bfe8617a4f,e8c8742459dc48a49080bf0e5b3fdee0,0.8885115385055542
376dc48ffd5842e2b10ce1bfe8617a4f,15b7b988bba143989cfd98d5c6c4d203,0.8873213529586792
376dc48ffd5842e2b10ce1bfe8617a4f,e4e12f4711fd41e39075e26cc274df45,0.8870869278907776
e35f15c7fc564b948c6220d15268f95e,69ac8397e9624bfd8aee237b9f9ea3b5,0.9746687412261963
e35f15c7fc564b948c6220d15268f95e,b3f8b4bec0164d0e81997b4f5a277e8f,0.925470232963562
e35f15c7fc564b948c6220d15268f95e,097f2ce3b88c4d008488b9908076497e,0.8995063304901123
e35f15c7fc564b948c6220d15268f95e,7584980704ae4617bb27ca162cc9c5db,0.8989195823669434
e35f15c7fc564b948c6220d15268f95e,f91157bb8fca4a8e98db33591a76be9a,0.8980304002761841
e35f15c7fc564b948c6220d15268f95e,5e44915237fc4445b54b037e1c4e29a4,0.8977102041244507
e35f15c7fc564b948c6220d15268f95e,105ad424733e4cffa7c474b51e3980aa,0.8946340084075928
e35f15c7fc564b948c6220d15268f95e,6c874292dbcc49ff8bb8bbe5643593a5,0.8945198059082031
e35f15c7fc564b948c6220d15268f95e,c65af18670ea437c8986884645b3afe9,0.8933405876159668
e35f15c7fc564b948c6220d15268f95e,f12e9e5805534d719f829332d1ea5d29,0.8876288533210754
7abc7ac040a84ae88177c3b2d510f7cb,e86a0aae846a4e44bf967ab4972c977c,0.9313620924949646
7abc7ac040a84ae88177c3b2d510f7cb,1232f20e710b448e8c0538b9e84dab1c,0.8920602798461914
7abc7ac040a84ae88177c3b2d510f7cb,babbeca1f6a244a2a11ea77a3855e70f,0.8919681906700134
7abc7ac040a84ae88177c3b2d510f7cb,31cf7db26a3249c5a6205b005662ddcf,0.8815121054649353
7abc7ac040a84ae88177c3b2d510f7cb,ff276acede2f4c14876ef47257758ae8,0.8808184266090393
7abc7ac040a84ae88177c3b2d510f7cb,e96fae6d607246b18b8494aabe521036,0.8764009475708008
7abc7ac040a84ae88177c3b2d510f7cb,f32f4607b4714e378831f924c5e6084d,0.8757845163345337
7abc7ac040a84ae88177c3b2d510f7cb,99a52c93a3304ec18dab9206f98f2a8b,0.8749072551727295
7abc7ac040a84ae88177c3b2d510f7cb,b425f33c33ad4be89a12da266d131a86,0.8733230829238892
7abc7ac040a84ae88177c3b2d510f7cb,d476be2399b7424a88d242b771c32041,0.8713667988777161
dc2a5233c1944b37aa2c99dd76665f2b,1e376f9d0945477983c8d851e4b2cf5e,0.9812060594558716
dc2a5233c1944b37aa2c99dd76665f2b,0a2c24dead204be9ae36be358e1223f9,0.8952857255935669
dc2a5233c1944b37aa2c99dd76665f2b,599feb1e512c43ad8c0a1845922acf78,0.8937414884567261
dc2a5233c1944b37aa2c99dd76665f2b,4a3d4daed4b24a1898551f0fd1ba44f1,0.8902205228805542
dc2a5233c1944b37aa2c99dd76665f2b,23a16d69ffe848d593a4808907d8aa98,0.8844609260559082
dc2a5233c1944b37aa2c99dd76665f2b,f1c9c5051bdd4a11a064260bbb9d6d7b,0.8793624639511108
dc2a5233c1944b37aa2c99dd76665f2b,19a124c6dad14a4fa7864463b081009c,0.879119873046875
dc2a5233c1944b37aa2c99dd76665f2b,f5bcc6f48ed2447581b401d453039866,0.879033088684082
dc2a5233c1944b37aa2c99dd76665f2b,6732de8994744decbb3306c74aaa7882,0.8785125017166138
dc2a5233c1944b37aa2c99dd76665f2b,6866efc8987a4ec8b04b7abd28fb5777,0.8781356811523438
27b25d301ad34851bd0df3863116a2e2,e86a0aae846a4e44bf967ab4972c977c,0.9488773345947266
27b25d301ad34851bd0df3863116a2e2,babbeca1f6a244a2a11ea77a3855e70f,0.8932380080223083
27b25d301ad34851bd0df3863116a2e2,14ca42308d3141fba50b774042144343,0.8861850500106812
27b25d301ad34851bd0df3863116a2e2,ff276acede2f4c14876ef47257758ae8,0.8831729888916016
27b25d301ad34851bd0df3863116a2e2,90b560de76b149c09c7cd6efb3f12cfd,0.881738543510437
27b25d301ad34851bd0df3863116a2e2,655a618282cd4fa39a26f0967c033f4b,0.8808280229568481
27b25d301ad34851bd0df3863116a2e2,41047823f2cb4194ba1e0709443c719a,0.879996657371521
27b25d301ad34851bd0df3863116a2e2,71c1a8479b194efca65b44fb7f327afb,0.8791191577911377
27b25d301ad34851bd0df3863116a2e2,1232f20e710b448e8c0538b9e84dab1c,0.8771579265594482
27b25d301ad34851bd0df3863116a2e2,f37d285ad0de42f0b1546d0d1acfb221,0.8764263391494751
2b2bf37314104deaa800c3918ab54a33,1e376f9d0945477983c8d851e4b2cf5e,0.9815195202827454
2b2bf37314104deaa800c3918ab54a33,4a3d4daed4b24a1898551f0fd1ba44f1,0.8864125609397888
2b2bf37314104deaa800c3918ab54a33,0a2c24dead204be9ae36be358e1223f9,0.8861209154129028
2b2bf37314104deaa800c3918ab54a33,599feb1e512c43ad8c0a1845922acf78,0.8829870223999023
2b2bf37314104deaa800c3918ab54a33,5a6f4a2f7f6a4b1fa146493472e6d721,0.8818545341491699
2b2bf37314104deaa800c3918ab54a33,b5f237fefb38465bb6a068c9cf75ba31,0.8799629807472229
2b2bf37314104deaa800c3918ab54a33,23a16d69ffe848d593a4808907d8aa98,0.878838837146759
2b2bf37314104deaa800c3918ab54a33,e511c40ca6324803b5021e47b4e777f8,0.8771471977233887
2b2bf37314104deaa800c3918ab54a33,2c3599a1611644f4908562f8fb8870d3,0.8724551200866699
2b2bf37314104deaa800c3918ab54a33,e5a3c8867e44498d9182e8be934e0fce,0.8723233342170715
3c56e94879364377bc8bfb7a92d403d1,a9d82bb43410405ca21b44a5e82e22b6,0.9370719194412231
3c56e94879364377bc8bfb7a92d403d1,66690895454847fea5a000202fbfab2e,0.9040518403053284
3c56e94879364377bc8bfb7a92d403d1,189a3b686ad14c24b5e1a495f76dd239,0.901541531085968
3c56e94879364377bc8bfb7a92d403d1,b6c493a3666c4db193e86c79faf099ab,0.8973307609558105
3c56e94879364377bc8bfb7a92d403d1,48c31b1e2ce94de8968fab433813fa91,0.8957267999649048
3c56e94879364377bc8bfb7a92d403d1,8c674a7b65e24114a45dd3c861a7ccfc,0.8927710652351379
3c56e94879364377bc8bfb7a92d403d1,9bf3b77eb9874f5f9e006a9cff111ea9,0.8898136615753174
3c56e94879364377bc8bfb7a92d403d1,f4474150010f4021a4620372062f3797,0.8890976905822754
3c56e94879364377bc8bfb7a92d403d1,04537eabb0434eb2804d1220770b85a0,0.8874332904815674
3c56e94879364377bc8bfb7a92d403d1,a9573f188204436090fb4a5240e4eccd,0.8848400115966797
c28224ae63704fec95ee0278f177f277,521004289ebc4e6da6623381d40a5e73,0.9554337859153748
c28224ae63704fec95ee0278f177f277,295d0d40791245ff838c73a2aa27d065,0.9338202476501465
c28224ae63704fec95ee0278f177f277,5455e62f52ae4e03b2a5d0e8b9899506,0.9053893685340881
c28224ae63704fec95ee0278f177f277,74de04f31db94a99b757685c91779412,0.9049155712127686
c28224ae63704fec95ee0278f177f277,3675c688960a4f3b9f82c4ccf4049e93,0.9021521210670471
c28224ae63704fec95ee0278f177f277,b277101390e1465685ef79bf3519f8d7,0.9019542932510376
c28224ae63704fec95ee0278f177f277,039a871609044cb1b69f70c082fe61d8,0.9017043113708496
c28224ae63704fec95ee0278f177f277,d9096650c434432c871effeca9acd5c6,0.9012324810028076
c28224ae63704fec95ee0278f177f277,41e657daa20545a588584578bdb4101c,0.9002987146377563
c28224ae63704fec95ee0278f177f277,feb980ae999948ce9be0266b4ddc048d,0.9002246260643005
2c9175bf65da4030a4bca9f358cadeda,521004289ebc4e6da6623381d40a5e73,0.9501974582672119
2c9175bf65da4030a4bca9f358cadeda,295d0d40791245ff838c73a2aa27d065,0.9189444184303284
2c9175bf65da4030a4bca9f358cadeda,d9096650c434432c871effeca9acd5c6,0.9185798764228821
2c9175bf65da4030a4bca9f358cadeda,5455e62f52ae4e03b2a5d0e8b9899506,0.912232518196106
2c9175bf65da4030a4bca9f358cadeda,41e657daa20545a588584578bdb4101c,0.9095559120178223
2c9175bf65da4030a4bca9f358cadeda,5fc200cab89346658c9c91cce27e85fe,0.9089020490646362
2c9175bf65da4030a4bca9f358cadeda,b277101390e1465685ef79bf3519f8d7,0.9076597094535828
2c9175bf65da4030a4bca9f358cadeda,feb980ae999948ce9be0266b4ddc048d,0.9073045253753662
2c9175bf65da4030a4bca9f358cadeda,f69855cdf66d4f6887ecfd0ddb9014b5,0.9043363928794861
2c9175bf65da4030a4bca9f358cadeda,74de04f31db94a99b757685c91779412,0.9042258858680725
7567134f761c40a79567b3f82e31afdc,f91157bb8fca4a8e98db33591a76be9a,0.9885337948799133
7567134f761c40a79567b3f82e31afdc,7dd5e88dfdd24cafab2c765939757354,0.9192591905593872
7567134f761c40a79567b3f82e31afdc,7199f2fe77824236a392e1f00a5bdfc3,0.9168597459793091
7567134f761c40a79567b3f82e31afdc,3356a8a8c6ee4f30bc2b028e360d4471,0.9153831005096436
7567134f761c40a79567b3f82e31afdc,e12ad1ce8e7940a999b9a4f91a95fab7,0.9152533411979675
7567134f761c40a79567b3f82e31afdc,8fdee0611965465eb45387b8c39f4136,0.9132311344146729
7567134f761c40a79567b3f82e31afdc,19a124c6dad14a4fa7864463b081009c,0.9116864800453186
7567134f761c40a79567b3f82e31afdc,00614d60b3544ba790dfd23dd53992e0,0.9111475348472595
7567134f761c40a79567b3f82e31afdc,039f8e63b273472d8f1d99d9a5de5cf5,0.9100456237792969
7567134f761c40a79567b3f82e31afdc,30f654c6e69e48888f9f42dd95ab3c77,0.9096314907073975
e95e0daa9ae049ef8be95f459b99d584,e511c40ca6324803b5021e47b4e777f8,0.9375953674316406
e95e0daa9ae049ef8be95f459b99d584,9bf3b77eb9874f5f9e006a9cff111ea9,0.9169714450836182
e95e0daa9ae049ef8be95f459b99d584,0bd1cce9370a461089e25393086800a8,0.9092469215393066
e95e0daa9ae049ef8be95f459b99d584,fadf133e0e684a24ac79b5fa9515bac2,0.9080876708030701
e95e0daa9ae049ef8be95f459b99d584,6bedb2d6ace34e18811b7f1206b2d1b0,0.907805860042572
e95e0daa9ae049ef8be95f459b99d584,99830b8da7c24f909914f7bb167f3ea6,0.9070849418640137
e95e0daa9ae049ef8be95f459b99d584,e7ee85dd47ca43eeb2fdcd70b802f0ec,0.903055727481842
e95e0daa9ae049ef8be95f459b99d584,29fb30a75c57451a85f310aa6423a662,0.9030100703239441
e95e0daa9ae049ef8be95f459b99d584,36ac84a73ad34261ad45cf569edb60af,0.899263858795166
e95e0daa9ae049ef8be95f459b99d584,ffc5805e29a74be0a55b40318aa321d7,0.898859977722168
ee401564da1d407da8d97b804a5e3801,643fbbdd6b764ba9904a4ee67a86b9fd,0.9221397638320923
ee401564da1d407da8d97b804a5e3801,6b7b5d28293d4a5a8075f7f7dd231ddb,0.8943178653717041
ee401564da1d407da8d97b804a5e3801,69ac8397e9624bfd8aee237b9f9ea3b5,0.8930422067642212
ee401564da1d407da8d97b804a5e3801,e1c63000ace94c1d9381d82389fe6afd,0.8897289633750916
ee401564da1d407da8d97b804a5e3801,f12e9e5805534d719f829332d1ea5d29,0.88831627368927
ee401564da1d407da8d97b804a5e3801,8d595c7da42545c88052e7b213b6c97c,0.887982189655304
ee401564da1d407da8d97b804a5e3801,7226603f024c45c6a6e44b00e52e8aad,0.8876914978027344
ee401564da1d407da8d97b804a5e3801,99a52c93a3304ec18dab9206f98f2a8b,0.8866913318634033
ee401564da1d407da8d97b804a5e3801,5537ddec608a4ec586ea068fa27547ca,0.885765552520752
ee401564da1d407da8d97b804a5e3801,b3209c60460a437294e2b30a9e9d3f53,0.8857178688049316
77ae6ded0d014f36b371a4153e05c4ed,89e983dca0a34b768e17b3871b9cea1e,0.9450937509536743
77ae6ded0d014f36b371a4153e05c4ed,c2a665cec90e46db8d2a74389beb4649,0.9059268832206726
77ae6ded0d014f36b371a4153e05c4ed,c4b9d7a8d5d342459d2282589b3af293,0.9043707847595215
77ae6ded0d014f36b371a4153e05c4ed,01930613ce7d4a5f90ccf78d1e92a55d,0.9021024703979492
77ae6ded0d014f36b371a4153e05c4ed,5cf392f15360460bae6a6b0182bb99b9,0.9011520147323608
77ae6ded0d014f36b371a4153e05c4ed,ffc5805e29a74be0a55b40318aa321d7,0.8988527059555054
77ae6ded0d014f36b371a4153e05c4ed,da61d9bc8f024a4aba18d5c3072b7838,0.8985582590103149
77ae6ded0d014f36b371a4153e05c4ed,baf841bad27c456c9de7227555ea3ef8,0.8953583240509033
77ae6ded0d014f36b371a4153e05c4ed,0092d1d820c64646b8bee9fd14f77acf,0.8951683044433594
77ae6ded0d014f36b371a4153e05c4ed,99830b8da7c24f909914f7bb167f3ea6,0.8931224942207336
8a0213e5d51f4d7ca596a5163d04d39b,b40d3c588ad647ff85e397a6bc5f9d8b,0.9376250505447388
8a0213e5d51f4d7ca596a5163d04d39b,ff276acede2f4c14876ef47257758ae8,0.918984055519104
8a0213e5d51f4d7ca596a5163d04d39b,bf789f42ccfc42c5a330a3f6e30ddb83,0.9037413001060486
8a0213e5d51f4d7ca596a5163d04d39b,bcfa4a4177d44d8b8cda17b7a23196b0,0.90300452709198
8a0213e5d51f4d7ca596a5163d04d39b,eee7f32249c5452ea36c8ed3a3540010,0.9002171158790588
8a0213e5d51f4d7ca596a5163d04d39b,db0c3a952e454b90aa4a68feb6a50e87,0.9000312089920044
8a0213e5d51f4d7ca596a5163d04d39b,e86a0aae846a4e44bf967ab4972c977c,0.898133397102356
8a0213e5d51f4d7ca596a5163d04d39b,90b560de76b149c09c7cd6efb3f12cfd,0.8981191515922546
8a0213e5d51f4d7ca596a5163d04d39b,c1def54262224e23acf67a9870725ce5,0.8972229361534119
8a0213e5d51f4d7ca596a5163d04d39b,191b01e1728e4583a8ead5a86db27370,0.8942459225654602
49a13f972cb940089aa409b42b7e809b,b425f33c33ad4be89a12da266d131a86,0.9781319499015808
49a13f972cb940089aa409b42b7e809b,66f4c650b7ca48f1bc27f9daff8d312a,0.9112210869789124
49a13f972cb940089aa409b42b7e809b,babbeca1f6a244a2a11ea77a3855e70f,0.9058657884597778
49a13f972cb940089aa409b42b7e809b,43464ed6733f4642a0b90e7d995a5e40,0.902010440826416
49a13f972cb940089aa409b42b7e809b,a70909d3ce0d4235913b5ce6a138dcce,0.8972809314727783
49a13f972cb940089aa409b42b7e809b,08ecf89bc10942a4bd894482f6fcdfa7,0.8948867321014404
49a13f972cb940089aa409b42b7e809b,1232f20e710b448e8c0538b9e84dab1c,0.89410400390625
49a13f972cb940089aa409b42b7e809b,e2769c67dadd4c988f7ccf249a998a56,0.8936978578567505
49a13f972cb940089aa409b42b7e809b,ff276acede2f4c14876ef47257758ae8,0.893126368522644
49a13f972cb940089aa409b42b7e809b,211ef3181e524685866fb8574d9bf456,0.8926674723625183
42b7373e7edb4471bd9cd69dd50bf4f1,66f4c650b7ca48f1bc27f9daff8d312a,0.907490611076355
42b7373e7edb4471bd9cd69dd50bf4f1,43464ed6733f4642a0b90e7d995a5e40,0.8990226984024048
42b7373e7edb4471bd9cd69dd50bf4f1,c1d504dfeded4b8bb3c07777b7c7abde,0.8985344767570496
42b7373e7edb4471bd9cd69dd50bf4f1,b425f33c33ad4be89a12da266d131a86,0.8968954086303711
42b7373e7edb4471bd9cd69dd50bf4f1,e96fae6d607246b18b8494aabe521036,0.8878529071807861
42b7373e7edb4471bd9cd69dd50bf4f1,cb32ec9a538a4c0f8462771946ced93b,0.8867635726928711
42b7373e7edb4471bd9cd69dd50bf4f1,e2769c67dadd4c988f7ccf249a998a56,0.8835024833679199
42b7373e7edb4471bd9cd69dd50bf4f1,1232f20e710b448e8c0538b9e84dab1c,0.8816356658935547
42b7373e7edb4471bd9cd69dd50bf4f1,82d68ea370f8451aa16ea08f4601245c,0.8808128833770752
42b7373e7edb4471bd9cd69dd50bf4f1,b702b2b61ce048c6bf5af3c4dca18b1a,0.8805637359619141
f387e105e9d440d199759eb2c79cd950,34b736136487439389c10cc6bd4e9f4e,0.9202709197998047
f387e105e9d440d199759eb2c79cd950,434551fdf9e443ed91679a9557ae6fd5,0.9086333513259888
f387e105e9d440d199759eb2c79cd950,9bf3b77eb9874f5f9e006a9cff111ea9,0.9084585905075073
f387e105e9d440d199759eb2c79cd950,0092d1d820c64646b8bee9fd14f77acf,0.9075354337692261
f387e105e9d440d199759eb2c79cd950,2c3599a1611644f4908562f8fb8870d3,0.9071696996688843
f387e105e9d440d199759eb2c79cd950,1232f20e710b448e8c0538b9e84dab1c,0.9061210751533508
f387e105e9d440d199759eb2c79cd950,444fa28d9ed54c82a522699041eae592,0.9059795141220093
f387e105e9d440d199759eb2c79cd950,77cecb221149474896d9b2eb848bf150,0.9054009914398193
f387e105e9d440d199759eb2c79cd950,6c874292dbcc49ff8bb8bbe5643593a5,0.9049459099769592
f387e105e9d440d199759eb2c79cd950,bcfa4a4177d44d8b8cda17b7a23196b0,0.9043989181518555
a75e0b290bc941358cd4614e21662749,9bf3b77eb9874f5f9e006a9cff111ea9,0.909833550453186
a75e0b290bc941358cd4614e21662749,033f1514c78b49dd82148b94f6bcbeba,0.9028080105781555
a75e0b290bc941358cd4614e21662749,8c674a7b65e24114a45dd3c861a7ccfc,0.9011913537979126
a75e0b290bc941358cd4614e21662749,ee7c00877ae64dac87123a3d75251530,0.8940686583518982
a75e0b290bc941358cd4614e21662749,77cecb221149474896d9b2eb848bf150,0.893433690071106
a75e0b290bc941358cd4614e21662749,de6ac628a786435f9925c8cc1d707d6b,0.8917715549468994
a75e0b290bc941358cd4614e21662749,2c3599a1611644f4908562f8fb8870d3,0.8910783529281616
a75e0b290bc941358cd4614e21662749,82d68ea370f8451aa16ea08f4601245c,0.8905692100524902
a75e0b290bc941358cd4614e21662749,119a6d7b4af3458b951fc1c5ab5e1738,0.8902469873428345
a75e0b290bc941358cd4614e21662749,b90d74e80c37486eaee89b6fbab13671,0.889702558517456
1c30f9917de0495eae26b471a7cd3e1d,b425f33c33ad4be89a12da266d131a86,0.9768169522285461
1c30f9917de0495eae26b471a7cd3e1d,43464ed6733f4642a0b90e7d995a5e40,0.9141302108764648
1c30f9917de0495eae26b471a7cd3e1d,66f4c650b7ca48f1bc27f9daff8d312a,0.9098201394081116
1c30f9917de0495eae26b471a7cd3e1d,e2769c67dadd4c988f7ccf249a998a56,0.908018946647644
1c30f9917de0495eae26b471a7cd3e1d,babbeca1f6a244a2a11ea77a3855e70f,0.9047859907150269
1c30f9917de0495eae26b471a7cd3e1d,82d68ea370f8451aa16ea08f4601245c,0.9038306474685669
1c30f9917de0495eae26b471a7cd3e1d,a70909d3ce0d4235913b5ce6a138dcce,0.9006229639053345
1c30f9917de0495eae26b471a7cd3e1d,29088685e31a4d86b60b514e98117361,0.8966573476791382
1c30f9917de0495eae26b471a7cd3e1d,6b4676aba2a746b3ab778315afc8ee82,0.8948132991790771
1c30f9917de0495eae26b471a7cd3e1d,3aaea7fa41fd43cdb88f8ef59062c5df,0.8945763111114502
57378df73d2a41698b22cc6d6171529d,2acbd3ec289a47f7b4108896ec632585,0.9395864009857178
57378df73d2a41698b22cc6d6171529d,8dfe01febd46475ab5aef97033716ce1,0.8772475719451904
57378df73d2a41698b22cc6d6171529d,4230775a9d51448396cacb9061f0e5f9,0.8764732480049133
57378df73d2a41698b22cc6d6171529d,f12e9e5805534d719f829332d1ea5d29,0.8739185333251953
57378df73d2a41698b22cc6d6171529d,a9573f188204436090fb4a5240e4eccd,0.8735991716384888
57378df73d2a41698b22cc6d6171529d,664da77d25e74df693eaad44a5e7617f,0.8683328628540039
57378df73d2a41698b22cc6d6171529d,a8904adcdd21495f890bc614bfdbf86f,0.867927074432373
57378df73d2a41698b22cc6d6171529d,2d43cf91509846e29ab4febd7781919f,0.8658884763717651
57378df73d2a41698b22cc6d6171529d,a297e08effdf4a69a6c4d79a34a0c6ad,0.8638292551040649
57378df73d2a41698b22cc6d6171529d,71d4b4036e594d7399506e6fd9b88063,0.8617921471595764
ffa661c1e7484ac0bd1e6fd235a3cc5a,2acbd3ec289a47f7b4108896ec632585,0.9510342478752136
ffa661c1e7484ac0bd1e6fd235a3cc5a,2d43cf91509846e29ab4febd7781919f,0.8968635201454163
ffa661c1e7484ac0bd1e6fd235a3cc5a,50aa0f56e00d4c23ac78b3e63bc0f0e1,0.8896691203117371
ffa661c1e7484ac0bd1e6fd235a3cc5a,f12e9e5805534d719f829332d1ea5d29,0.8810755610466003
ffa661c1e7484ac0bd1e6fd235a3cc5a,a8904adcdd21495f890bc614bfdbf86f,0.8756452798843384
ffa661c1e7484ac0bd1e6fd235a3cc5a,26869cc099c44c4a86f6043476ab4890,0.8731592297554016
ffa661c1e7484ac0bd1e6fd235a3cc5a,503d2f067a8a4f5798b1c64b07ab0bc5,0.8704179525375366
ffa661c1e7484ac0bd1e6fd235a3cc5a,4230775a9d51448396cacb9061f0e5f9,0.867260754108429
ffa661c1e7484ac0bd1e6fd235a3cc5a,59f62d35b1ad451397b700b3dad25448,0.8666704893112183
ffa661c1e7484ac0bd1e6fd235a3cc5a,71d4b4036e594d7399506e6fd9b88063,0.8658536672592163
b2ab0d60cd84497b8493bee493f63c20,33e2a95109e647cbb4ba2687631b169a,0.8980757594108582
b2ab0d60cd84497b8493bee493f63c20,41e657daa20545a588584578bdb4101c,0.8966423273086548
b2ab0d60cd84497b8493bee493f63c20,26869cc099c44c4a86f6043476ab4890,0.8955999612808228
b2ab0d60cd84497b8493bee493f63c20,2acbd3ec289a47f7b4108896ec632585,0.8914336562156677
b2ab0d60cd84497b8493bee493f63c20,2d43cf91509846e29ab4febd7781919f,0.8890470266342163
b2ab0d60cd84497b8493bee493f63c20,71d4b4036e594d7399506e6fd9b88063,0.8875637054443359
b2ab0d60cd84497b8493bee493f63c20,35c5a560ecdc4d6a9d20f057ed1fa0e6,0.8870671391487122
b2ab0d60cd84497b8493bee493f63c20,24c55bb5cd694770ba895c7401da2ba5,0.8868304491043091
b2ab0d60cd84497b8493bee493f63c20,ef8c056ecb524439a48c881089537951,0.884984016418457
b2ab0d60cd84497b8493bee493f63c20,a9573f188204436090fb4a5240e4eccd,0.8841864466667175
5cbead44a3a74909ab9ed4a89f1396cf,33e2a95109e647cbb4ba2687631b169a,0.9119529724121094
5cbead44a3a74909ab9ed4a89f1396cf,41e657daa20545a588584578bdb4101c,0.893980860710144
5cbead44a3a74909ab9ed4a89f1396cf,26869cc099c44c4a86f6043476ab4890,0.8888235092163086
5cbead44a3a74909ab9ed4a89f1396cf,02a3cd76ce534d188b4d5ac4778bd652,0.8884372711181641
5cbead44a3a74909ab9ed4a89f1396cf,24c55bb5cd694770ba895c7401da2ba5,0.8849788904190063
5cbead44a3a74909ab9ed4a89f1396cf,cc243eebbb2b44a581745865a60c423a,0.8830299973487854
5cbead44a3a74909ab9ed4a89f1396cf,39a08a87897f47d3bdbbdc5ed8c9cd7f,0.8822191953659058
5cbead44a3a74909ab9ed4a89f1396cf,71d4b4036e594d7399506e6fd9b88063,0.8812768459320068
5cbead44a3a74909ab9ed4a89f1396cf,74de04f31db94a99b757685c91779412,0.8789323568344116
5cbead44a3a74909ab9ed4a89f1396cf,e0d8aee46b1d4d998858cd05027251b6,0.8763662576675415
6e174164c10a49d8a9483ad16d690598,d658e3a743af41899183fecff6b2628d,0.9631457328796387
6e174164c10a49d8a9483ad16d690598,f1c9c5051bdd4a11a064260bbb9d6d7b,0.9342033267021179
6e174164c10a49d8a9483ad16d690598,d695b7afdc3841a28a56df578e56afce,0.9187757968902588
6e174164c10a49d8a9483ad16d690598,26869cc099c44c4a86f6043476ab4890,0.9170290231704712
6e174164c10a49d8a9483ad16d690598,19a124c6dad14a4fa7864463b081009c,0.9117656946182251
6e174164c10a49d8a9483ad16d690598,434551fdf9e443ed91679a9557ae6fd5,0.9089305996894836
6e174164c10a49d8a9483ad16d690598,7dd5e88dfdd24cafab2c765939757354,0.9078956246376038
6e174164c10a49d8a9483ad16d690598,bbdf9065122d499d9d8f80ad3e0ef6f3,0.9066568613052368
6e174164c10a49d8a9483ad16d690598,23a16d69ffe848d593a4808907d8aa98,0.9043391942977905
6e174164c10a49d8a9483ad16d690598,0b57f893483647c3aed811775a4c4c04,0.9036652445793152
1472ac5adbe24310ac0366a2fb7c4d66,0592b57e490d4206a3f12eb004a0afe0,0.8925983309745789
1472ac5adbe24310ac0366a2fb7c4d66,1232f20e710b448e8c0538b9e84dab1c,0.8912112712860107
1472ac5adbe24310ac0366a2fb7c4d66,eb21a4e2b7bd43efbdf0c365415e7fef,0.8878865242004395
1472ac5adbe24310ac0366a2fb7c4d66,724a3f6551e74ad585bdeac9a75fd639,0.8873491287231445
1472ac5adbe24310ac0366a2fb7c4d66,33b5e2ae5ebe4f548bac3a00ab0a59eb,0.8858222961425781
1472ac5adbe24310ac0366a2fb7c4d66,71c1a8479b194efca65b44fb7f327afb,0.8843481540679932
1472ac5adbe24310ac0366a2fb7c4d66,3574ab91c29940b3afc62354ae06b73b,0.8838469982147217
1472ac5adbe24310ac0366a2fb7c4d66,d43b0f94627d45918e18a80be127aa2c,0.8835586309432983
1472ac5adbe24310ac0366a2fb7c4d66,07958f43551e459eb30638b632e3cd64,0.8818148970603943
1472ac5adbe24310ac0366a2fb7c4d66,b2992fe473124dd0b895cf81f59f6db6,0.8782525062561035
7df15c3f44244335b645553730704ae6,724a3f6551e74ad585bdeac9a75fd639,0.9152491092681885
7df15c3f44244335b645553730704ae6,17b5eb6fab65476f827dd355b4a20a55,0.9095178842544556
7df15c3f44244335b645553730704ae6,eb21a4e2b7bd43efbdf0c365415e7fef,0.9004738330841064
7df15c3f44244335b645553730704ae6,1232f20e710b448e8c0538b9e84dab1c,0.8979049921035767
7df15c3f44244335b645553730704ae6,3d3e8565d2f84e0cad5ae622f2909765,0.897874116897583
7df15c3f44244335b645553730704ae6,33b5e2ae5ebe4f548bac3a00ab0a59eb,0.894798219203949
7df15c3f44244335b645553730704ae6,98fbdf945d0c4206a48a4f7260e56017,0.8942732214927673
7df15c3f44244335b645553730704ae6,0592b57e490d4206a3f12eb004a0afe0,0.8937103152275085
7df15c3f44244335b645553730704ae6,71c1a8479b194efca65b44fb7f327afb,0.8934903144836426
7df15c3f44244335b645553730704ae6,19098957d8c24cab95daa30c2baefd8f,0.8934406638145447
d59e2a4a21bf40f9b53614eb370d1190,d658e3a743af41899183fecff6b2628d,0.9913651943206787
d59e2a4a21bf40f9b53614eb370d1190,26869cc099c44c4a86f6043476ab4890,0.923819899559021
d59e2a4a21bf40f9b53614eb370d1190,bbdf9065122d499d9d8f80ad3e0ef6f3,0.9202210307121277
d59e2a4a21bf40f9b53614eb370d1190,67984873125e4a0f9562179c906d1b0f,0.9122927188873291
d59e2a4a21bf40f9b53614eb370d1190,f1c9c5051bdd4a11a064260bbb9d6d7b,0.9113576412200928
d59e2a4a21bf40f9b53614eb370d1190,1419b2c686f44896a0ae2a43e93b5402,0.911283016204834
d59e2a4a21bf40f9b53614eb370d1190,0842a796c09b4089933a4f27e4e5e3bc,0.91034996509552
d59e2a4a21bf40f9b53614eb370d1190,c713a0ca69864ee7b240069c98dc44dc,0.9099388122558594
d59e2a4a21bf40f9b53614eb370d1190,119a6d7b4af3458b951fc1c5ab5e1738,0.9098284244537354
d59e2a4a21bf40f9b53614eb370d1190,4a7fa5a1bafe4b6995e2920444ac07c4,0.9089794158935547
fa321eafe1a9412bb6e66f46ae22286c,6400e3f6a14c492ba399bd414faca075,0.9873268604278564
fa321eafe1a9412bb6e66f46ae22286c,cb75c6ef71cb4991805920f2894e0e96,0.9113856554031372
fa321eafe1a9412bb6e66f46ae22286c,1099cb6f4fac4eb8a1fb6db50e18296b,0.9049440622329712
fa321eafe1a9412bb6e66f46ae22286c,2b3ecf8be2b242f3b8a1e714390749fb,0.8988919258117676
fa321eafe1a9412bb6e66f46ae22286c,521004289ebc4e6da6623381d40a5e73,0.8984498381614685
fa321eafe1a9412bb6e66f46ae22286c,2839430464164d5ba00713b42d4d96e4,0.8969324231147766
fa321eafe1a9412bb6e66f46ae22286c,19593c97fef0474dbe6051e28338f1e9,0.8925055265426636
fa321eafe1a9412bb6e66f46ae22286c,0ecfdd96e0054841883acba75e83b232,0.8913549184799194
fa321eafe1a9412bb6e66f46ae22286c,7aceed0dbea645b091207f4a53d879f2,0.8893948793411255
fa321eafe1a9412bb6e66f46ae22286c,a055f8188384479a8bad418f7dffd9a5,0.8890585899353027
503f076c7e794fbca12dae4217643acd,6400e3f6a14c492ba399bd414faca075,0.9818456768989563
503f076c7e794fbca12dae4217643acd,cb75c6ef71cb4991805920f2894e0e96,0.9009087085723877
503f076c7e794fbca12dae4217643acd,1099cb6f4fac4eb8a1fb6db50e18296b,0.8999441862106323
503f076c7e794fbca12dae4217643acd,2b3ecf8be2b242f3b8a1e714390749fb,0.8976637125015259
503f076c7e794fbca12dae4217643acd,7aceed0dbea645b091207f4a53d879f2,0.891708493232727
503f076c7e794fbca12dae4217643acd,b3a022950e444682a113cec5a0537f6a,0.891278862953186
503f076c7e794fbca12dae4217643acd,39a08a87897f47d3bdbbdc5ed8c9cd7f,0.8910166025161743
503f076c7e794fbca12dae4217643acd,2471f23cb9b64d35a72deed09c9c8975,0.8893380761146545
503f076c7e794fbca12dae4217643acd,0ecfdd96e0054841883acba75e83b232,0.8868398666381836
503f076c7e794fbca12dae4217643acd,2839430464164d5ba00713b42d4d96e4,0.8854423761367798
14780abe56584d7c820310e42bef8f59,72a7e2ce22d045efbdbbab9c68f5d026,0.9755071997642517
14780abe56584d7c820310e42bef8f59,99830b8da7c24f909914f7bb167f3ea6,0.914731502532959
14780abe56584d7c820310e42bef8f59,7dd5e88dfdd24cafab2c765939757354,0.9031788110733032
14780abe56584d7c820310e42bef8f59,e79ae27b52fa4d54aa37735fd275c66e,0.9021950960159302
14780abe56584d7c820310e42bef8f59,8228c9eb29a542ba98c8b9b854eadaa4,0.9018332958221436
14780abe56584d7c820310e42bef8f59,250d411ae270441085be3501b7b55d86,0.8989062905311584
14780abe56584d7c820310e42bef8f59,fb8c2b83e46441c2aaa7c81d3642e2da,0.8987129330635071
14780abe56584d7c820310e42bef8f59,3c1b91a23b694da1973dbc5f75f2f3ed,0.8954461812973022
14780abe56584d7c820310e42bef8f59,e7aaa514f6f64a258a640ea341aa1a18,0.8940439224243164
14780abe56584d7c820310e42bef8f59,ffc5805e29a74be0a55b40318aa321d7,0.8931488990783691
695fbae9ce4c4e3ab42253368b1e2cd2,72a7e2ce22d045efbdbbab9c68f5d026,0.9604918956756592
695fbae9ce4c4e3ab42253368b1e2cd2,3c1b91a23b694da1973dbc5f75f2f3ed,0.9092586040496826
695fbae9ce4c4e3ab42253368b1e2cd2,8c674a7b65e24114a45dd3c861a7ccfc,0.9075519442558289
695fbae9ce4c4e3ab42253368b1e2cd2,0b57f893483647c3aed811775a4c4c04,0.9053102731704712
695fbae9ce4c4e3ab42253368b1e2cd2,8350ea8cd6514c2c8d7b625abe7e895b,0.9045326709747314
695fbae9ce4c4e3ab42253368b1e2cd2,7dd5e88dfdd24cafab2c765939757354,0.9041398167610168
695fbae9ce4c4e3ab42253368b1e2cd2,434551fdf9e443ed91679a9557ae6fd5,0.9028179049491882
695fbae9ce4c4e3ab42253368b1e2cd2,da61e0de396149208c9ebd0fd6d7415d,0.901678204536438
695fbae9ce4c4e3ab42253368b1e2cd2,e79ae27b52fa4d54aa37735fd275c66e,0.9015237092971802
695fbae9ce4c4e3ab42253368b1e2cd2,a9d82bb43410405ca21b44a5e82e22b6,0.8997578024864197
c4b6717a4b55444ca077700ab06da875,afaf2edba0ee4d58860a5a04e4aabc5c,0.9897470474243164
c4b6717a4b55444ca077700ab06da875,eb21a4e2b7bd43efbdf0c365415e7fef,0.9022524356842041
c4b6717a4b55444ca077700ab06da875,f1eecad10a61421eb16b1be7435d9c19,0.9021691083908081
c4b6717a4b55444ca077700ab06da875,3d3e8565d2f84e0cad5ae622f2909765,0.8986072540283203
c4b6717a4b55444ca077700ab06da875,2639b6540bda414f8a9baa3b5cdb612a,0.8975117206573486
c4b6717a4b55444ca077700ab06da875,14ca42308d3141fba50b774042144343,0.8966633081436157
c4b6717a4b55444ca077700ab06da875,724a3f6551e74ad585bdeac9a75fd639,0.8960373997688293
c4b6717a4b55444ca077700ab06da875,82d68ea370f8451aa16ea08f4601245c,0.895680844783783
c4b6717a4b55444ca077700ab06da875,452d645d5bf4485185e996dcec9523e5,0.8932972550392151
c4b6717a4b55444ca077700ab06da875,97959d02a64f4a3fbbebe7cbece6c012,0.8922492265701294
7ddb092a89824767b09eb8b07c8f67de,afaf2edba0ee4d58860a5a04e4aabc5c,0.9885022044181824
7ddb092a89824767b09eb8b07c8f67de,f1eecad10a61421eb16b1be7435d9c19,0.9094422459602356
7ddb092a89824767b09eb8b07c8f67de,eb21a4e2b7bd43efbdf0c365415e7fef,0.9007052183151245
7ddb092a89824767b09eb8b07c8f67de,90b560de76b149c09c7cd6efb3f12cfd,0.8953036069869995
7ddb092a89824767b09eb8b07c8f67de,2639b6540bda414f8a9baa3b5cdb612a,0.8923102617263794
7ddb092a89824767b09eb8b07c8f67de,3d3e8565d2f84e0cad5ae622f2909765,0.8917752504348755
7ddb092a89824767b09eb8b07c8f67de,34b736136487439389c10cc6bd4e9f4e,0.8883569240570068
7ddb092a89824767b09eb8b07c8f67de,1232f20e710b448e8c0538b9e84dab1c,0.8869518041610718
7ddb092a89824767b09eb8b07c8f67de,97959d02a64f4a3fbbebe7cbece6c012,0.884928822517395
7ddb092a89824767b09eb8b07c8f67de,452d645d5bf4485185e996dcec9523e5,0.8844908475875854
21ff6809479e4f828a199d580c8ae4c1,66690895454847fea5a000202fbfab2e,0.9454943537712097
21ff6809479e4f828a199d580c8ae4c1,99ba4cc9355f4d79a68bc69ac12a716f,0.9122909903526306
21ff6809479e4f828a199d580c8ae4c1,4a3d4daed4b24a1898551f0fd1ba44f1,0.9073121547698975
21ff6809479e4f828a199d580c8ae4c1,e3854d75221c4e38879a6106bb5c1941,0.8966066241264343
21ff6809479e4f828a199d580c8ae4c1,ad054da7e1704a53931a341173f0605f,0.8961441516876221
21ff6809479e4f828a199d580c8ae4c1,fadf133e0e684a24ac79b5fa9515bac2,0.8957090377807617
21ff6809479e4f828a199d580c8ae4c1,48c31b1e2ce94de8968fab433813fa91,0.8941417932510376
21ff6809479e4f828a199d580c8ae4c1,64e74af099b0485f8b6e71ac73aa2cb8,0.8931894898414612
21ff6809479e4f828a199d580c8ae4c1,1027a336232c4454a9c4ae450a562788,0.8927574157714844
21ff6809479e4f828a199d580c8ae4c1,c3a741d302d94ee294bb6e4090fd2da9,0.8911123275756836
763242c8ded1422bb4439fdb575fad5b,66690895454847fea5a000202fbfab2e,0.9528436064720154
763242c8ded1422bb4439fdb575fad5b,99ba4cc9355f4d79a68bc69ac12a716f,0.9141339063644409
763242c8ded1422bb4439fdb575fad5b,48c31b1e2ce94de8968fab433813fa91,0.9047330021858215
763242c8ded1422bb4439fdb575fad5b,ad054da7e1704a53931a341173f0605f,0.9034879803657532
763242c8ded1422bb4439fdb575fad5b,1027a336232c4454a9c4ae450a562788,0.9034426212310791
763242c8ded1422bb4439fdb575fad5b,4a3d4daed4b24a1898551f0fd1ba44f1,0.9010733366012573
763242c8ded1422bb4439fdb575fad5b,64e74af099b0485f8b6e71ac73aa2cb8,0.8985844254493713
763242c8ded1422bb4439fdb575fad5b,e3854d75221c4e38879a6106bb5c1941,0.897964596748352
763242c8ded1422bb4439fdb575fad5b,fadf133e0e684a24ac79b5fa9515bac2,0.8949145078659058
763242c8ded1422bb4439fdb575fad5b,9bf3b77eb9874f5f9e006a9cff111ea9,0.8919061422348022
5ebf97c863dd4c5ba61093f8ab07b15d,45f4192f485a49d9a75219ae4d0c41ee,0.8869538307189941
5ebf97c863dd4c5ba61093f8ab07b15d,0cc5015848a044b59fa4b290813f859c,0.8852904438972473
5ebf97c863dd4c5ba61093f8ab07b15d,e511c40ca6324803b5021e47b4e777f8,0.8844780921936035
5ebf97c863dd4c5ba61093f8ab07b15d,5a6f4a2f7f6a4b1fa146493472e6d721,0.876051664352417
5ebf97c863dd4c5ba61093f8ab07b15d,1aaf8edc37ea412b85e3d1b5c5317051,0.8760137557983398
5ebf97c863dd4c5ba61093f8ab07b15d,d476be2399b7424a88d242b771c32041,0.8757895827293396
5ebf97c863dd4c5ba61093f8ab07b15d,3356a8a8c6ee4f30bc2b028e360d4471,0.8747597932815552
5ebf97c863dd4c5ba61093f8ab07b15d,6732de8994744decbb3306c74aaa7882,0.8746641874313354
5ebf97c863dd4c5ba61093f8ab07b15d,0971af4212484a958eb0f60f93d1dfe0,0.8708182573318481
5ebf97c863dd4c5ba61093f8ab07b15d,57430214baf045cb92fa3b3b70a4ca3f,0.8707236647605896
a9852ab7f40a4b35a004ce7c87aac7b6,3675c688960a4f3b9f82c4ccf4049e93,0.9582403898239136
a9852ab7f40a4b35a004ce7c87aac7b6,97959d02a64f4a3fbbebe7cbece6c012,0.885245680809021
a9852ab7f40a4b35a004ce7c87aac7b6,feb980ae999948ce9be0266b4ddc048d,0.8816693425178528
a9852ab7f40a4b35a004ce7c87aac7b6,cc243eebbb2b44a581745865a60c423a,0.879767656326294
a9852ab7f40a4b35a004ce7c87aac7b6,30f654c6e69e48888f9f42dd95ab3c77,0.8785123825073242
a9852ab7f40a4b35a004ce7c87aac7b6,3574ab91c29940b3afc62354ae06b73b,0.8757511377334595
a9852ab7f40a4b35a004ce7c87aac7b6,022e16490d1949b9ab2fc1de5a837031,0.8754639029502869
a9852ab7f40a4b35a004ce7c87aac7b6,7e190e3c05d74e6b9f103e39142c1684,0.8736932277679443
a9852ab7f40a4b35a004ce7c87aac7b6,4285b02dc9164cb9bae36b0566bb42f0,0.8718317151069641
a9852ab7f40a4b35a004ce7c87aac7b6,63eab812f3254cccb9631b09725aec3d,0.865277886390686
c8186591409f4404a006b302ed5475d5,45f4192f485a49d9a75219ae4d0c41ee,0.9662019610404968
c8186591409f4404a006b302ed5475d5,8683a3ad55d84a78834fabe20cde5269,0.8678714036941528
c8186591409f4404a006b302ed5475d5,6b7b5d28293d4a5a8075f7f7dd231ddb,0.866445779800415
c8186591409f4404a006b302ed5475d5,54e9bbd0093947a3bda5fef48ef7493d,0.8622772693634033
c8186591409f4404a006b302ed5475d5,e511c40ca6324803b5021e47b4e777f8,0.8596729040145874
c8186591409f4404a006b302ed5475d5,6732de8994744decbb3306c74aaa7882,0.8532048463821411
c8186591409f4404a006b302ed5475d5,d476be2399b7424a88d242b771c32041,0.8524192571640015
c8186591409f4404a006b302ed5475d5,f32f4607b4714e378831f924c5e6084d,0.8506211638450623
c8186591409f4404a006b302ed5475d5,fbfaa119f55a477984e42d80498f54d3,0.8493974804878235
c8186591409f4404a006b302ed5475d5,df5ca61304074da1bec8f536ab50baf3,0.8487644791603088
afc4b3ff44d1405c9ff0cce76fa55d76,c5486d5e31084ee797da0ebdacb17abc,0.9528818726539612
afc4b3ff44d1405c9ff0cce76fa55d76,0d0973762130427eaa2ce9a7a34517db,0.8366086483001709
afc4b3ff44d1405c9ff0cce76fa55d76,e43d8e7bc32f406b9a692e2604f5b45a,0.8311687111854553
afc4b3ff44d1405c9ff0cce76fa55d76,c78547bdc2e64ac8935559f7de2efd41,0.8175860643386841
afc4b3ff44d1405c9ff0cce76fa55d76,91f9f8576e5142a49926bd623b0bc19c,0.8161574602127075
afc4b3ff44d1405c9ff0cce76fa55d76,45e440d874a54bb591862ff441114cd3,0.8130360841751099
afc4b3ff44d1405c9ff0cce76fa55d76,fa190e42ce5a47c99bcaa76138dbc615,0.8076062202453613
afc4b3ff44d1405c9ff0cce76fa55d76,5b588e34588940788a22036b775ecc2f,0.807330846786499
afc4b3ff44d1405c9ff0cce76fa55d76,fb8c2b83e46441c2aaa7c81d3642e2da,0.8047288060188293
afc4b3ff44d1405c9ff0cce76fa55d76,f676e16c6a134bd5a7bbeee4590adcfe,0.7977246642112732
9df4eaf2213048e4a4ca33f6d817a0b9,f2077addeb6142c8b3540916522126e8,0.9723014235496521
9df4eaf2213048e4a4ca33f6d817a0b9,9ffa09a2b9bd4da0ba98fc537ca68802,0.884595513343811
9df4eaf2213048e4a4ca33f6d817a0b9,3c1b91a23b694da1973dbc5f75f2f3ed,0.8757233619689941
9df4eaf2213048e4a4ca33f6d817a0b9,eff24b01b2f5428baa4c3fef6cb40d41,0.8717759251594543
9df4eaf2213048e4a4ca33f6d817a0b9,0bd1cce9370a461089e25393086800a8,0.8706891536712646
9df4eaf2213048e4a4ca33f6d817a0b9,a64f6232ee1e4357937008a327a63cf4,0.8648742437362671
9df4eaf2213048e4a4ca33f6d817a0b9,01930613ce7d4a5f90ccf78d1e92a55d,0.8642798066139221
9df4eaf2213048e4a4ca33f6d817a0b9,cf293392122347a180cf2126f4589acb,0.8603683710098267
9df4eaf2213048e4a4ca33f6d817a0b9,ad054da7e1704a53931a341173f0605f,0.8581136465072632
9df4eaf2213048e4a4ca33f6d817a0b9,99ba4cc9355f4d79a68bc69ac12a716f,0.8576161861419678
452c8a69dd45447f976e014338d22ae6,1004b33e3126472faa78e1929ed974e6,0.9644169807434082
452c8a69dd45447f976e014338d22ae6,3b7d56c26da14b3a9b1cd52b5b35891b,0.9119555354118347
452c8a69dd45447f976e014338d22ae6,9ffa09a2b9bd4da0ba98fc537ca68802,0.8819222450256348
452c8a69dd45447f976e014338d22ae6,022e16490d1949b9ab2fc1de5a837031,0.8778849840164185
452c8a69dd45447f976e014338d22ae6,3675c688960a4f3b9f82c4ccf4049e93,0.876137912273407
452c8a69dd45447f976e014338d22ae6,7ab9086baf99475d8c93862a7dd36344,0.8723480701446533
452c8a69dd45447f976e014338d22ae6,52f20bd7eb50430c95f0916727880a1b,0.8718274831771851
452c8a69dd45447f976e014338d22ae6,9aca522158f443fd8a9caaec38ae5e2c,0.8689765930175781
452c8a69dd45447f976e014338d22ae6,eff24b01b2f5428baa4c3fef6cb40d41,0.8636018633842468
452c8a69dd45447f976e014338d22ae6,2b039224b54142d185a406b31fe01de2,0.8627268075942993
9294a2cddd6848f5a6bc5c647fe94884,c5486d5e31084ee797da0ebdacb17abc,0.9455549716949463
9294a2cddd6848f5a6bc5c647fe94884,0d0973762130427eaa2ce9a7a34517db,0.8564355373382568
9294a2cddd6848f5a6bc5c647fe94884,e43d8e7bc32f406b9a692e2604f5b45a,0.82962965965271
9294a2cddd6848f5a6bc5c647fe94884,c14e45f5201b4038bdddddb238d888a3,0.8271726965904236
9294a2cddd6848f5a6bc5c647fe94884,5b588e34588940788a22036b775ecc2f,0.8251944184303284
9294a2cddd6848f5a6bc5c647fe94884,f676e16c6a134bd5a7bbeee4590adcfe,0.8240616321563721
9294a2cddd6848f5a6bc5c647fe94884,c78547bdc2e64ac8935559f7de2efd41,0.8199976682662964
9294a2cddd6848f5a6bc5c647fe94884,7c061d36393540b49e20d98086bdb5bd,0.8196860551834106
9294a2cddd6848f5a6bc5c647fe94884,701ac1447f5a414e81156a56c3593a31,0.8176584839820862
9294a2cddd6848f5a6bc5c647fe94884,47eb17da319d440aa52da8008c26327a,0.8159576058387756
eb3962be88734097b437832a832493f0,42805d29975b400ea7c570fc45ec4938,0.9807537198066711
eb3962be88734097b437832a832493f0,643fbbdd6b764ba9904a4ee67a86b9fd,0.9012439250946045
eb3962be88734097b437832a832493f0,f32f4607b4714e378831f924c5e6084d,0.8893845081329346
eb3962be88734097b437832a832493f0,d476be2399b7424a88d242b771c32041,0.888627290725708
eb3962be88734097b437832a832493f0,5e44915237fc4445b54b037e1c4e29a4,0.88367760181427
eb3962be88734097b437832a832493f0,6b7b5d28293d4a5a8075f7f7dd231ddb,0.8810628652572632
eb3962be88734097b437832a832493f0,7584980704ae4617bb27ca162cc9c5db,0.8801771402359009
eb3962be88734097b437832a832493f0,fbfaa119f55a477984e42d80498f54d3,0.8778681755065918
eb3962be88734097b437832a832493f0,30f654c6e69e48888f9f42dd95ab3c77,0.8759679794311523
eb3962be88734097b437832a832493f0,ad42c467d0fe43dbb328073f9a16bc4d,0.8755373954772949
4bb99b51272145f8be128cac5ef3bd65,63eab812f3254cccb9631b09725aec3d,0.9813143014907837
4bb99b51272145f8be128cac5ef3bd65,ff51ca928cd54f4da620c27983e221f8,0.9185780882835388
4bb99b51272145f8be128cac5ef3bd65,6ea31a945d494834a3d243f1f90af02a,0.912743330001831
4bb99b51272145f8be128cac5ef3bd65,1d70bc69b2f84bef9aa5fb0d9917e38d,0.9078484177589417
4bb99b51272145f8be128cac5ef3bd65,b277101390e1465685ef79bf3519f8d7,0.906596302986145
4bb99b51272145f8be128cac5ef3bd65,feb980ae999948ce9be0266b4ddc048d,0.9050894975662231
4bb99b51272145f8be128cac5ef3bd65,6b4676aba2a746b3ab778315afc8ee82,0.9047044515609741
4bb99b51272145f8be128cac5ef3bd65,b77d8b7bb0114c379139d280a9210e83,0.9015071392059326
4bb99b51272145f8be128cac5ef3bd65,41e657daa20545a588584578bdb4101c,0.9013180732727051
4bb99b51272145f8be128cac5ef3bd65,7e190e3c05d74e6b9f103e39142c1684,0.900944709777832
122365aed2d049328715f0fe1b2a43c7,63eab812f3254cccb9631b09725aec3d,0.9761747121810913
122365aed2d049328715f0fe1b2a43c7,6ea31a945d494834a3d243f1f90af02a,0.9066427946090698
122365aed2d049328715f0fe1b2a43c7,b277101390e1465685ef79bf3519f8d7,0.9053926467895508
122365aed2d049328715f0fe1b2a43c7,ff51ca928cd54f4da620c27983e221f8,0.9053112268447876
122365aed2d049328715f0fe1b2a43c7,7e190e3c05d74e6b9f103e39142c1684,0.9016392230987549
122365aed2d049328715f0fe1b2a43c7,d9ac372330a4446886fa19bac0d19877,0.8994549512863159
122365aed2d049328715f0fe1b2a43c7,41e657daa20545a588584578bdb4101c,0.8993130326271057
122365aed2d049328715f0fe1b2a43c7,1d70bc69b2f84bef9aa5fb0d9917e38d,0.8989109992980957
122365aed2d049328715f0fe1b2a43c7,b77d8b7bb0114c379139d280a9210e83,0.8983926773071289
122365aed2d049328715f0fe1b2a43c7,6b4676aba2a746b3ab778315afc8ee82,0.8982211351394653
742fec743e3e477785a08d04b8407e64,42805d29975b400ea7c570fc45ec4938,0.9840428233146667
742fec743e3e477785a08d04b8407e64,643fbbdd6b764ba9904a4ee67a86b9fd,0.8938335180282593
742fec743e3e477785a08d04b8407e64,f32f4607b4714e378831f924c5e6084d,0.8778587579727173
742fec743e3e477785a08d04b8407e64,30f654c6e69e48888f9f42dd95ab3c77,0.8752642869949341
742fec743e3e477785a08d04b8407e64,d476be2399b7424a88d242b771c32041,0.8744432330131531
742fec743e3e477785a08d04b8407e64,e511c40ca6324803b5021e47b4e777f8,0.8726713061332703
742fec743e3e477785a08d04b8407e64,1232f20e710b448e8c0538b9e84dab1c,0.8722293376922607
742fec743e3e477785a08d04b8407e64,25109e3a7df549e5b380aae716d71366,0.8701417446136475
742fec743e3e477785a08d04b8407e64,ad42c467d0fe43dbb328073f9a16bc4d,0.8686436414718628
742fec743e3e477785a08d04b8407e64,6b7b5d28293d4a5a8075f7f7dd231ddb,0.8678574562072754
c3484b8c5f024854997f34baca483cc0,2d812431f07c44f1a56a71c72766e0b0,0.9877813458442688
c3484b8c5f024854997f34baca483cc0,74644c8cc17449cf89379868e7b21398,0.9015063047409058
c3484b8c5f024854997f34baca483cc0,07d869789eda4445a1ecfe59c331db0d,0.8988161683082581
c3484b8c5f024854997f34baca483cc0,01ffceddb5b34406a08bb982b424b3cf,0.8977984189987183
c3484b8c5f024854997f34baca483cc0,878e5c41be5c477e9f660ca361fdd727,0.8973044157028198
c3484b8c5f024854997f34baca483cc0,e4e12f4711fd41e39075e26cc274df45,0.8971574306488037
c3484b8c5f024854997f34baca483cc0,2b3ecf8be2b242f3b8a1e714390749fb,0.8960509896278381
c3484b8c5f024854997f34baca483cc0,24c55bb5cd694770ba895c7401da2ba5,0.8953187465667725
c3484b8c5f024854997f34baca483cc0,7359a1cc20d54f96aeea121d7247b88d,0.8936647772789001
c3484b8c5f024854997f34baca483cc0,5fc200cab89346658c9c91cce27e85fe,0.8934836387634277
94e0d776b3794ee083e5c1681cef5d04,7ee65b33f8f44852ada468b1fed83433,0.9759671688079834
94e0d776b3794ee083e5c1681cef5d04,26b18153216b48d793b75598ddb54d77,0.8763487339019775
94e0d776b3794ee083e5c1681cef5d04,a9573f188204436090fb4a5240e4eccd,0.8648709058761597
94e0d776b3794ee083e5c1681cef5d04,20297482a5014732a843c9fdafba548e,0.859277069568634
94e0d776b3794ee083e5c1681cef5d04,6d3b4c95066e4dd8a6ad1c66b1c1ea4f,0.8575738668441772
94e0d776b3794ee083e5c1681cef5d04,2639b6540bda414f8a9baa3b5cdb612a,0.8568048477172852
94e0d776b3794ee083e5c1681cef5d04,9460474d89704a68aaa6ccb62310ae3d,0.8566539287567139
94e0d776b3794ee083e5c1681cef5d04,4285b02dc9164cb9bae36b0566bb42f0,0.8562140464782715
94e0d776b3794ee083e5c1681cef5d04,a9d82bb43410405ca21b44a5e82e22b6,0.8560242056846619
94e0d776b3794ee083e5c1681cef5d04,75bf181ea5dc490e95d364a5f5c7af1d,0.855930745601654
2b23b46313714edcb7da655ef18a0f03,7ee65b33f8f44852ada468b1fed83433,0.9719324111938477
2b23b46313714edcb7da655ef18a0f03,26b18153216b48d793b75598ddb54d77,0.8884517550468445
2b23b46313714edcb7da655ef18a0f03,434551fdf9e443ed91679a9557ae6fd5,0.8704210519790649
2b23b46313714edcb7da655ef18a0f03,d9ac372330a4446886fa19bac0d19877,0.8684735298156738
2b23b46313714edcb7da655ef18a0f03,6c79712e67b54dd0a11d426a91207939,0.8648375272750854
2b23b46313714edcb7da655ef18a0f03,75bf181ea5dc490e95d364a5f5c7af1d,0.8646054863929749
2b23b46313714edcb7da655ef18a0f03,6d3b4c95066e4dd8a6ad1c66b1c1ea4f,0.863165020942688
2b23b46313714edcb7da655ef18a0f03,be8953cc364d46cebbcc2c2da2c348ab,0.8624126315116882
2b23b46313714edcb7da655ef18a0f03,d756970269e9443fb9bbf645a96aa84e,0.8619991540908813
2b23b46313714edcb7da655ef18a0f03,384b14b18c3c43b1a4dc1aa2f661e076,0.8614956140518188
fad34cbf60564c3f99677bb2e06263aa,af532d6e5090478ba520505d5f9107f2,0.9271241426467896
fad34cbf60564c3f99677bb2e06263aa,df0c94234d9d4890b5b4b95c441b3e9a,0.8973078727722168
fad34cbf60564c3f99677bb2e06263aa,d87e5facd03b45f9829e8a1cd0fe0190,0.894109845161438
fad34cbf60564c3f99677bb2e06263aa,7199f2fe77824236a392e1f00a5bdfc3,0.8874820470809937
fad34cbf60564c3f99677bb2e06263aa,5e0a2bc284cf4002914ae4e6aaef41e8,0.8830035924911499
fad34cbf60564c3f99677bb2e06263aa,8fdee0611965465eb45387b8c39f4136,0.8813372254371643
fad34cbf60564c3f99677bb2e06263aa,f91157bb8fca4a8e98db33591a76be9a,0.8789277076721191
fad34cbf60564c3f99677bb2e06263aa,b626eb67c2e14afeae2846bb150976f3,0.8737853765487671
fad34cbf60564c3f99677bb2e06263aa,434551fdf9e443ed91679a9557ae6fd5,0.8713055849075317
fad34cbf60564c3f99677bb2e06263aa,039f8e63b273472d8f1d99d9a5de5cf5,0.8695005178451538
a47ae5564b854b989994a2a30367bfa4,2d812431f07c44f1a56a71c72766e0b0,0.9916788339614868
a47ae5564b854b989994a2a30367bfa4,74644c8cc17449cf89379868e7b21398,0.9149346947669983
a47ae5564b854b989994a2a30367bfa4,35c5a560ecdc4d6a9d20f057ed1fa0e6,0.9107152223587036
a47ae5564b854b989994a2a30367bfa4,01ffceddb5b34406a08bb982b424b3cf,0.9100598096847534
a47ae5564b854b989994a2a30367bfa4,2b3ecf8be2b242f3b8a1e714390749fb,0.9080474376678467
a47ae5564b854b989994a2a30367bfa4,24c55bb5cd694770ba895c7401da2ba5,0.9080463647842407
a47ae5564b854b989994a2a30367bfa4,0b57f893483647c3aed811775a4c4c04,0.9065245389938354
a47ae5564b854b989994a2a30367bfa4,878e5c41be5c477e9f660ca361fdd727,0.9054168462753296
a47ae5564b854b989994a2a30367bfa4,e4e12f4711fd41e39075e26cc274df45,0.9052925109863281
a47ae5564b854b989994a2a30367bfa4,07d869789eda4445a1ecfe59c331db0d,0.9052305221557617
9113b0a4a5e24e61aed364a478da29ee,bcfa4a4177d44d8b8cda17b7a23196b0,0.9856399297714233
9113b0a4a5e24e61aed364a478da29ee,97959d02a64f4a3fbbebe7cbece6c012,0.9359105825424194
9113b0a4a5e24e61aed364a478da29ee,1232f20e710b448e8c0538b9e84dab1c,0.912310004234314
9113b0a4a5e24e61aed364a478da29ee,eb21a4e2b7bd43efbdf0c365415e7fef,0.9092833399772644
9113b0a4a5e24e61aed364a478da29ee,99a52c93a3304ec18dab9206f98f2a8b,0.9087685942649841
9113b0a4a5e24e61aed364a478da29ee,7fe9e665bf41491c9788941aa2894a10,0.908090353012085
9113b0a4a5e24e61aed364a478da29ee,c1def54262224e23acf67a9870725ce5,0.9072359204292297
9113b0a4a5e24e61aed364a478da29ee,ff276acede2f4c14876ef47257758ae8,0.9072142243385315
9113b0a4a5e24e61aed364a478da29ee,ad42c467d0fe43dbb328073f9a16bc4d,0.905813992023468
9113b0a4a5e24e61aed364a478da29ee,07958f43551e459eb30638b632e3cd64,0.9049906730651855
b3926611d2914adc8eadda384ed96905,c1def54262224e23acf67a9870725ce5,0.9754409193992615
b3926611d2914adc8eadda384ed96905,db0c3a952e454b90aa4a68feb6a50e87,0.917284369468689
b3926611d2914adc8eadda384ed96905,bcfa4a4177d44d8b8cda17b7a23196b0,0.9079319834709167
b3926611d2914adc8eadda384ed96905,8683a3ad55d84a78834fabe20cde5269,0.8987678289413452
b3926611d2914adc8eadda384ed96905,3c0f3b44c0844df49b5898406fe9195a,0.8956947326660156
b3926611d2914adc8eadda384ed96905,9909a671f7414c19b2727e7d4d4dcf1b,0.8954046964645386
b3926611d2914adc8eadda384ed96905,ad42c467d0fe43dbb328073f9a16bc4d,0.8953719139099121
b3926611d2914adc8eadda384ed96905,22d9d5ad33e947fd857c5c4a8b7dfae1,0.8924322128295898
b3926611d2914adc8eadda384ed96905,97959d02a64f4a3fbbebe7cbece6c012,0.8917528390884399
b3926611d2914adc8eadda384ed96905,f92d16d3a970487094292439c3e00923,0.8916020393371582
36bc21f1eb9547d6acfa87c18625fa92,c1def54262224e23acf67a9870725ce5,0.9648964405059814
36bc21f1eb9547d6acfa87c18625fa92,8683a3ad55d84a78834fabe20cde5269,0.9081175327301025
36bc21f1eb9547d6acfa87c18625fa92,db0c3a952e454b90aa4a68feb6a50e87,0.9023523330688477
36bc21f1eb9547d6acfa87c18625fa92,ad42c467d0fe43dbb328073f9a16bc4d,0.8937132358551025
36bc21f1eb9547d6acfa87c18625fa92,bcfa4a4177d44d8b8cda17b7a23196b0,0.893478512763977
36bc21f1eb9547d6acfa87c18625fa92,105ad424733e4cffa7c474b51e3980aa,0.8905130624771118
36bc21f1eb9547d6acfa87c18625fa92,7d6cdff8c9ac434196df803628fe9f62,0.890348494052887
36bc21f1eb9547d6acfa87c18625fa92,b8da01ceddcb45a491a288ddbc658e90,0.8855938911437988
36bc21f1eb9547d6acfa87c18625fa92,3c0f3b44c0844df49b5898406fe9195a,0.8855873346328735
36bc21f1eb9547d6acfa87c18625fa92,9909a671f7414c19b2727e7d4d4dcf1b,0.8829988241195679
d7becb5524844f73b41af1cad1c1266b,999a2b52a5004ee984e587d5a1327b23,0.9130362272262573
d7becb5524844f73b41af1cad1c1266b,f1eecad10a61421eb16b1be7435d9c19,0.8754148483276367
d7becb5524844f73b41af1cad1c1266b,89e983dca0a34b768e17b3871b9cea1e,0.8734777569770813
d7becb5524844f73b41af1cad1c1266b,250d411ae270441085be3501b7b55d86,0.8682314157485962
d7becb5524844f73b41af1cad1c1266b,bf789f42ccfc42c5a330a3f6e30ddb83,0.8590821623802185
d7becb5524844f73b41af1cad1c1266b,99830b8da7c24f909914f7bb167f3ea6,0.858102560043335
d7becb5524844f73b41af1cad1c1266b,0092d1d820c64646b8bee9fd14f77acf,0.8575955033302307
d7becb5524844f73b41af1cad1c1266b,c2a665cec90e46db8d2a74389beb4649,0.8560460805892944
d7becb5524844f73b41af1cad1c1266b,444fa28d9ed54c82a522699041eae592,0.8560367226600647
d7becb5524844f73b41af1cad1c1266b,434551fdf9e443ed91679a9557ae6fd5,0.8553193807601929
f63ec53d7383437a8d1e627efc4dd528,bcfa4a4177d44d8b8cda17b7a23196b0,0.954509973526001
f63ec53d7383437a8d1e627efc4dd528,97959d02a64f4a3fbbebe7cbece6c012,0.9106701016426086
f63ec53d7383437a8d1e627efc4dd528,643fbbdd6b764ba9904a4ee67a86b9fd,0.90606290102005
f63ec53d7383437a8d1e627efc4dd528,1232f20e710b448e8c0538b9e84dab1c,0.8989273309707642
f63ec53d7383437a8d1e627efc4dd528,eb21a4e2b7bd43efbdf0c365415e7fef,0.895811915397644
f63ec53d7383437a8d1e627efc4dd528,9bf3b77eb9874f5f9e006a9cff111ea9,0.8941841721534729
f63ec53d7383437a8d1e627efc4dd528,f32f4607b4714e378831f924c5e6084d,0.8922401666641235
f63ec53d7383437a8d1e627efc4dd528,ccb62901750b4d13a922fc161b607f83,0.8912762403488159
f63ec53d7383437a8d1e627efc4dd528,e511c40ca6324803b5021e47b4e777f8,0.8903056383132935
f63ec53d7383437a8d1e627efc4dd528,71c1a8479b194efca65b44fb7f327afb,0.8902285099029541
d76ebc807f524eb9b8f95b523304233d,b3a022950e444682a113cec5a0537f6a,0.9581855535507202
d76ebc807f524eb9b8f95b523304233d,9094e936e13641cc9bfcc7dc1408d86e,0.9112526178359985
d76ebc807f524eb9b8f95b523304233d,0ecfdd96e0054841883acba75e83b232,0.9099814891815186
d76ebc807f524eb9b8f95b523304233d,e343a998f4df4ac195c84e0fb571a393,0.900549590587616
d76ebc807f524eb9b8f95b523304233d,01930613ce7d4a5f90ccf78d1e92a55d,0.8977231383323669
d76ebc807f524eb9b8f95b523304233d,1099cb6f4fac4eb8a1fb6db50e18296b,0.8969846963882446
d76ebc807f524eb9b8f95b523304233d,baf841bad27c456c9de7227555ea3ef8,0.8968455791473389
d76ebc807f524eb9b8f95b523304233d,13cda6e8f2d948eeb5508288a172e76f,0.8950379490852356
d76ebc807f524eb9b8f95b523304233d,e4e12f4711fd41e39075e26cc274df45,0.8936653137207031
d76ebc807f524eb9b8f95b523304233d,c84deec0ecf843c39f52d4cb8e7300f8,0.8931787610054016
4b8fd90e4d5b4a25a57652c495f66ea5,b3a022950e444682a113cec5a0537f6a,0.9588524699211121
4b8fd90e4d5b4a25a57652c495f66ea5,0ecfdd96e0054841883acba75e83b232,0.9241843223571777
4b8fd90e4d5b4a25a57652c495f66ea5,64e74af099b0485f8b6e71ac73aa2cb8,0.9134386777877808
4b8fd90e4d5b4a25a57652c495f66ea5,c84deec0ecf843c39f52d4cb8e7300f8,0.9089430570602417
4b8fd90e4d5b4a25a57652c495f66ea5,9094e936e13641cc9bfcc7dc1408d86e,0.908166766166687
4b8fd90e4d5b4a25a57652c495f66ea5,7d6122daabe442ffb5e57ece1882e714,0.9078744649887085
4b8fd90e4d5b4a25a57652c495f66ea5,06b7dd1b701544ac80dd7ca54ed707cf,0.9070404171943665
4b8fd90e4d5b4a25a57652c495f66ea5,f69855cdf66d4f6887ecfd0ddb9014b5,0.9063635468482971
4b8fd90e4d5b4a25a57652c495f66ea5,baf841bad27c456c9de7227555ea3ef8,0.9057920575141907
4b8fd90e4d5b4a25a57652c495f66ea5,cb75c6ef71cb4991805920f2894e0e96,0.9045422077178955
9ac82778d5784882b02b03d8ce1a4ccd,35d06fce2df446569702778e2250bd82,0.9400848150253296
9ac82778d5784882b02b03d8ce1a4ccd,98b2022b2cb84af09ee8b789db928b13,0.8930584788322449
9ac82778d5784882b02b03d8ce1a4ccd,7dd5e88dfdd24cafab2c765939757354,0.8914300203323364
9ac82778d5784882b02b03d8ce1a4ccd,984058b7165d4c6385bec3c94afa9fb2,0.8849789500236511
9ac82778d5784882b02b03d8ce1a4ccd,8fdee0611965465eb45387b8c39f4136,0.8842154741287231
9ac82778d5784882b02b03d8ce1a4ccd,211ef3181e524685866fb8574d9bf456,0.8831511735916138
9ac82778d5784882b02b03d8ce1a4ccd,b834c0b0c10b471b87ad3f11468de619,0.881813108921051
9ac82778d5784882b02b03d8ce1a4ccd,6ae72ad649c54129b992d321f8f29122,0.8815398216247559
9ac82778d5784882b02b03d8ce1a4ccd,da61e0de396149208c9ebd0fd6d7415d,0.8810824751853943
9ac82778d5784882b02b03d8ce1a4ccd,8350ea8cd6514c2c8d7b625abe7e895b,0.8808208107948303
dee104ae444246ed89dd5a5796eafc0a,2c65a898314b42e6b2e93dca66fd15c2,0.9752468466758728
dee104ae444246ed89dd5a5796eafc0a,514537782f6549c488a1b932939b4128,0.8945083022117615
dee104ae444246ed89dd5a5796eafc0a,0f52f676197e4d4e92dec0a7bc4c4f7d,0.8709108233451843
dee104ae444246ed89dd5a5796eafc0a,0a2c24dead204be9ae36be358e1223f9,0.8687326908111572
dee104ae444246ed89dd5a5796eafc0a,7326afe68eb64b63993b3dae022c645d,0.8681976199150085
dee104ae444246ed89dd5a5796eafc0a,4a6eba10a02a4ecdbb6b25e8651c3789,0.8675409555435181
dee104ae444246ed89dd5a5796eafc0a,1419b2c686f44896a0ae2a43e93b5402,0.8671421408653259
dee104ae444246ed89dd5a5796eafc0a,bf789f42ccfc42c5a330a3f6e30ddb83,0.8650819063186646
dee104ae444246ed89dd5a5796eafc0a,097c30a7f39a4a3abf6da2ca80cad3a5,0.8638260364532471
dee104ae444246ed89dd5a5796eafc0a,eafb3480db704d7baa8216ce857d1610,0.8628160953521729
9a46e2903ca8474d9cb7fe93138049f0,2c65a898314b42e6b2e93dca66fd15c2,0.9559586644172668
9a46e2903ca8474d9cb7fe93138049f0,514537782f6549c488a1b932939b4128,0.874814510345459
9a46e2903ca8474d9cb7fe93138049f0,059a284910e849efbbc7073b8681409f,0.8709371089935303
9a46e2903ca8474d9cb7fe93138049f0,0f52f676197e4d4e92dec0a7bc4c4f7d,0.86590176820755
9a46e2903ca8474d9cb7fe93138049f0,4a6eba10a02a4ecdbb6b25e8651c3789,0.8654654622077942
9a46e2903ca8474d9cb7fe93138049f0,3f28365e18244eb28cc7d23de8895956,0.8626729249954224
9a46e2903ca8474d9cb7fe93138049f0,9909a671f7414c19b2727e7d4d4dcf1b,0.8625731468200684
9a46e2903ca8474d9cb7fe93138049f0,71c1a8479b194efca65b44fb7f327afb,0.8616141080856323
9a46e2903ca8474d9cb7fe93138049f0,eafb3480db704d7baa8216ce857d1610,0.8612760305404663
9a46e2903ca8474d9cb7fe93138049f0,0a2c24dead204be9ae36be358e1223f9,0.8611054420471191
bfa6dfb11d9e42a98ba3ab87d5f2ffde,da9cfbdf124143b78bec89393dd5287a,0.9035362005233765
bfa6dfb11d9e42a98ba3ab87d5f2ffde,90b560de76b149c09c7cd6efb3f12cfd,0.8656670451164246
bfa6dfb11d9e42a98ba3ab87d5f2ffde,41047823f2cb4194ba1e0709443c719a,0.8651403188705444
bfa6dfb11d9e42a98ba3ab87d5f2ffde,b98519f97e424c1389f5553f0869b15a,0.8636759519577026
bfa6dfb11d9e42a98ba3ab87d5f2ffde,e86a0aae846a4e44bf967ab4972c977c,0.863371729850769
bfa6dfb11d9e42a98ba3ab87d5f2ffde,eee7f32249c5452ea36c8ed3a3540010,0.8576939105987549
bfa6dfb11d9e42a98ba3ab87d5f2ffde,39e2b00e1cbd471488cf56f31d2cec7f,0.8556509017944336
bfa6dfb11d9e42a98ba3ab87d5f2ffde,97959d02a64f4a3fbbebe7cbece6c012,0.8553684949874878
bfa6dfb11d9e42a98ba3ab87d5f2ffde,71c1a8479b194efca65b44fb7f327afb,0.8551400899887085
bfa6dfb11d9e42a98ba3ab87d5f2ffde,563043f180e54e238ad4876974e5db4c,0.8532242774963379
f677dfcf19e14a9faf24ac74066422c2,f59a3ee5387440d981754b6595e8664c,0.9873117804527283
f677dfcf19e14a9faf24ac74066422c2,3356a8a8c6ee4f30bc2b028e360d4471,0.9030305743217468
f677dfcf19e14a9faf24ac74066422c2,f91157bb8fca4a8e98db33591a76be9a,0.8985803723335266
f677dfcf19e14a9faf24ac74066422c2,5f481b07f9734f518a14853831233b78,0.8985572457313538
f677dfcf19e14a9faf24ac74066422c2,8fdee0611965465eb45387b8c39f4136,0.8982337713241577
f677dfcf19e14a9faf24ac74066422c2,b626eb67c2e14afeae2846bb150976f3,0.8952568769454956
f677dfcf19e14a9faf24ac74066422c2,6732de8994744decbb3306c74aaa7882,0.8899192810058594
f677dfcf19e14a9faf24ac74066422c2,039f8e63b273472d8f1d99d9a5de5cf5,0.8880699276924133
f677dfcf19e14a9faf24ac74066422c2,599feb1e512c43ad8c0a1845922acf78,0.8857321739196777
f677dfcf19e14a9faf24ac74066422c2,c14e45f5201b4038bdddddb238d888a3,0.8842004537582397
98fd88d0387e44c3950f7955f062c9b3,761a3a01495143f0a86beac4234cae3a,0.9731202721595764
98fd88d0387e44c3950f7955f062c9b3,07d869789eda4445a1ecfe59c331db0d,0.8918054103851318
98fd88d0387e44c3950f7955f062c9b3,b7f5c165ea2242709a2fb71f3a3f1bcb,0.8872585892677307
98fd88d0387e44c3950f7955f062c9b3,8c5f38853679436ba434b6a696e43168,0.8867738246917725
98fd88d0387e44c3950f7955f062c9b3,13aca0959cc948cabeee0d7255f55a65,0.8850486874580383
98fd88d0387e44c3950f7955f062c9b3,00614d60b3544ba790dfd23dd53992e0,0.8811796307563782
98fd88d0387e44c3950f7955f062c9b3,1d93c07de74c482ebf0a76ec564c3252,0.8770233392715454
98fd88d0387e44c3950f7955f062c9b3,b01fd4d037a84a7aa777e1fc345c73c5,0.8745822310447693
98fd88d0387e44c3950f7955f062c9b3,b4dadb3ea3a04cc3932094471debce13,0.8714090585708618
98fd88d0387e44c3950f7955f062c9b3,e735729c80d84f76a6133c065d5380f8,0.871130108833313
90efefd1c3314a96b5fd32625e55a054,5e199f7727cc4910ad88dbd81ed1ec82,0.9788635969161987
90efefd1c3314a96b5fd32625e55a054,93bf0b86be094f68a9d308ca5ecfb4e3,0.9010025262832642
90efefd1c3314a96b5fd32625e55a054,1c6bbf19b3d2498696a5baf0f53a0f18,0.8852334022521973
90efefd1c3314a96b5fd32625e55a054,673aee19895b4d339ada93213d8874ac,0.8726388216018677
90efefd1c3314a96b5fd32625e55a054,b2b22c673e554db39c8acdbe42687a6d,0.8726043701171875
90efefd1c3314a96b5fd32625e55a054,4230775a9d51448396cacb9061f0e5f9,0.8688317537307739
90efefd1c3314a96b5fd32625e55a054,f12e9e5805534d719f829332d1ea5d29,0.8671202063560486
90efefd1c3314a96b5fd32625e55a054,a8904adcdd21495f890bc614bfdbf86f,0.8628232479095459
90efefd1c3314a96b5fd32625e55a054,40f040fd5c824c8e8e710af1fdf70b5f,0.8622675538063049
90efefd1c3314a96b5fd32625e55a054,1e376f9d0945477983c8d851e4b2cf5e,0.8614504933357239
b77b731d5a9c49139163f1fac2ed9337,5e199f7727cc4910ad88dbd81ed1ec82,0.9845740795135498
b77b731d5a9c49139163f1fac2ed9337,93bf0b86be094f68a9d308ca5ecfb4e3,0.9008969068527222
b77b731d5a9c49139163f1fac2ed9337,1c6bbf19b3d2498696a5baf0f53a0f18,0.8836212158203125
b77b731d5a9c49139163f1fac2ed9337,673aee19895b4d339ada93213d8874ac,0.8746330738067627
b77b731d5a9c49139163f1fac2ed9337,b2b22c673e554db39c8acdbe42687a6d,0.8711168766021729
b77b731d5a9c49139163f1fac2ed9337,a297e08effdf4a69a6c4d79a34a0c6ad,0.866956353187561
b77b731d5a9c49139163f1fac2ed9337,4230775a9d51448396cacb9061f0e5f9,0.8666586875915527
b77b731d5a9c49139163f1fac2ed9337,1d93c07de74c482ebf0a76ec564c3252,0.8658790588378906
b77b731d5a9c49139163f1fac2ed9337,f12e9e5805534d719f829332d1ea5d29,0.8653779029846191
b77b731d5a9c49139163f1fac2ed9337,a8904adcdd21495f890bc614bfdbf86f,0.864066481590271
dd2de907048e4d1ba625a54ad1bdeb2a,d37bf09399d848df9a4d880fb097239c,0.9696973562240601
dd2de907048e4d1ba625a54ad1bdeb2a,07d869789eda4445a1ecfe59c331db0d,0.9010389447212219
dd2de907048e4d1ba625a54ad1bdeb2a,761a3a01495143f0a86beac4234cae3a,0.8945958614349365
dd2de907048e4d1ba625a54ad1bdeb2a,a8904adcdd21495f890bc614bfdbf86f,0.8943273425102234
dd2de907048e4d1ba625a54ad1bdeb2a,b01fd4d037a84a7aa777e1fc345c73c5,0.8930544257164001
dd2de907048e4d1ba625a54ad1bdeb2a,716a15d66b63424a8068da89e75733b4,0.8909319639205933
dd2de907048e4d1ba625a54ad1bdeb2a,8af25c7ae8e14435a6e27a5671968f50,0.8850110769271851
dd2de907048e4d1ba625a54ad1bdeb2a,2d43cf91509846e29ab4febd7781919f,0.8834184408187866
dd2de907048e4d1ba625a54ad1bdeb2a,d0e41bf891254ba0872f1641139f84f6,0.8824325799942017
dd2de907048e4d1ba625a54ad1bdeb2a,0b57f893483647c3aed811775a4c4c04,0.8789223432540894
b1494352b57f4f809fbe88f8f61ab247,11e9586d6c7a443c8025278f8ef53b6d,0.9335929155349731
b1494352b57f4f809fbe88f8f61ab247,57bcda73abab44ee930b20cdaee9d24b,0.8825392127037048
b1494352b57f4f809fbe88f8f61ab247,b626eb67c2e14afeae2846bb150976f3,0.881197988986969
b1494352b57f4f809fbe88f8f61ab247,7f0b453cc8c14156802497f5cbae9d62,0.8780929446220398
b1494352b57f4f809fbe88f8f61ab247,3766b26b53874893ae48693880e1942c,0.8774165511131287
b1494352b57f4f809fbe88f8f61ab247,636c21e19a5845e1b8d69a5fca928030,0.8772833943367004
b1494352b57f4f809fbe88f8f61ab247,b8da01ceddcb45a491a288ddbc658e90,0.8769611120223999
b1494352b57f4f809fbe88f8f61ab247,e59dba65749140f4a1bdaf2695de2fc6,0.87633216381073
b1494352b57f4f809fbe88f8f61ab247,8683a3ad55d84a78834fabe20cde5269,0.8746368885040283
b1494352b57f4f809fbe88f8f61ab247,f91157bb8fca4a8e98db33591a76be9a,0.870323121547699
841cacf592b14de2bc2fcdaf4995bf39,75bf181ea5dc490e95d364a5f5c7af1d,0.9693975448608398
841cacf592b14de2bc2fcdaf4995bf39,4e4495962a9b4864882397042f1a2b3e,0.929480791091919
841cacf592b14de2bc2fcdaf4995bf39,17b5eb6fab65476f827dd355b4a20a55,0.922484278678894
841cacf592b14de2bc2fcdaf4995bf39,724a3f6551e74ad585bdeac9a75fd639,0.9184161424636841
841cacf592b14de2bc2fcdaf4995bf39,097f2ce3b88c4d008488b9908076497e,0.9108400940895081
841cacf592b14de2bc2fcdaf4995bf39,4285b02dc9164cb9bae36b0566bb42f0,0.9100422859191895
841cacf592b14de2bc2fcdaf4995bf39,f91157bb8fca4a8e98db33591a76be9a,0.9090087413787842
841cacf592b14de2bc2fcdaf4995bf39,4d0a737f396d4a95808085bd1306746c,0.9088510870933533
841cacf592b14de2bc2fcdaf4995bf39,ccb62901750b4d13a922fc161b607f83,0.9074720144271851
841cacf592b14de2bc2fcdaf4995bf39,8c7c9eaae41a44a3a4ebe39ce167d300,0.906831681728363
a8c2576da05048d4a652ebaf10c7447d,2ece45504eff42469c104dc2a2d03caf,0.8776367902755737
a8c2576da05048d4a652ebaf10c7447d,b8da01ceddcb45a491a288ddbc658e90,0.8769791126251221
a8c2576da05048d4a652ebaf10c7447d,3766b26b53874893ae48693880e1942c,0.8752442598342896
a8c2576da05048d4a652ebaf10c7447d,9909a671f7414c19b2727e7d4d4dcf1b,0.8742957711219788
a8c2576da05048d4a652ebaf10c7447d,4285b02dc9164cb9bae36b0566bb42f0,0.8740994930267334
a8c2576da05048d4a652ebaf10c7447d,511fe9c8b20b4fda94969745238c9474,0.872856855392456
a8c2576da05048d4a652ebaf10c7447d,3675c688960a4f3b9f82c4ccf4049e93,0.8726971745491028
a8c2576da05048d4a652ebaf10c7447d,0a61f52258f643b6a6436a1ec234e197,0.8726649284362793
a8c2576da05048d4a652ebaf10c7447d,5e44915237fc4445b54b037e1c4e29a4,0.8718397617340088
a8c2576da05048d4a652ebaf10c7447d,7627d5e28ba74cbeaf9225e88a7a44cc,0.8714881539344788
4237232296b841bd8be058dc85f807b1,4285b02dc9164cb9bae36b0566bb42f0,0.8849880695343018
4237232296b841bd8be058dc85f807b1,69ac8397e9624bfd8aee237b9f9ea3b5,0.8845862150192261
4237232296b841bd8be058dc85f807b1,f91157bb8fca4a8e98db33591a76be9a,0.8807724714279175
4237232296b841bd8be058dc85f807b1,5e44915237fc4445b54b037e1c4e29a4,0.8806006908416748
4237232296b841bd8be058dc85f807b1,039f8e63b273472d8f1d99d9a5de5cf5,0.8773221373558044
4237232296b841bd8be058dc85f807b1,2ece45504eff42469c104dc2a2d03caf,0.8753997087478638
4237232296b841bd8be058dc85f807b1,b8da01ceddcb45a491a288ddbc658e90,0.8746517300605774
4237232296b841bd8be058dc85f807b1,3675c688960a4f3b9f82c4ccf4049e93,0.8744984865188599
4237232296b841bd8be058dc85f807b1,f65c7f50929f431dbf31b441d87616d0,0.8730223178863525
4237232296b841bd8be058dc85f807b1,0a61f52258f643b6a6436a1ec234e197,0.8726091384887695
9c8f594f127f4823807c7d9a40bc9547,7d5c0a2bfccf4255a43d9bd0f84a6d3a,0.9774224758148193
9c8f594f127f4823807c7d9a40bc9547,632cc2bc04034dd4848855fe6497262d,0.9057213664054871
9c8f594f127f4823807c7d9a40bc9547,1578afd6ce694d46ab6e24f965f51fd6,0.9024586081504822
9c8f594f127f4823807c7d9a40bc9547,de6ac628a786435f9925c8cc1d707d6b,0.8984259366989136
9c8f594f127f4823807c7d9a40bc9547,ca0fe2dd97434e2ca7aecc38d4f1fcd9,0.891215443611145
9c8f594f127f4823807c7d9a40bc9547,f5b766ea6abe4b5fb27d49cc3bc06020,0.8889101147651672
9c8f594f127f4823807c7d9a40bc9547,1393dac7d34b4c34b1a8091a5bea3663,0.8870705962181091
9c8f594f127f4823807c7d9a40bc9547,04537eabb0434eb2804d1220770b85a0,0.8853066563606262
9c8f594f127f4823807c7d9a40bc9547,3f1c2bb09c4e4400b6ba19542fafce18,0.8851230144500732
9c8f594f127f4823807c7d9a40bc9547,9dd98c9126c44642a20711729f2e731e,0.8847826719284058
e0f3fe21dd04463787d620860a0ec6a2,7d5c0a2bfccf4255a43d9bd0f84a6d3a,0.9471162557601929
e0f3fe21dd04463787d620860a0ec6a2,632cc2bc04034dd4848855fe6497262d,0.9100916385650635
e0f3fe21dd04463787d620860a0ec6a2,f5b766ea6abe4b5fb27d49cc3bc06020,0.9003400802612305
e0f3fe21dd04463787d620860a0ec6a2,1578afd6ce694d46ab6e24f965f51fd6,0.8943081498146057
e0f3fe21dd04463787d620860a0ec6a2,de6ac628a786435f9925c8cc1d707d6b,0.891157329082489
e0f3fe21dd04463787d620860a0ec6a2,3f1c2bb09c4e4400b6ba19542fafce18,0.8909962773323059
e0f3fe21dd04463787d620860a0ec6a2,a055f8188384479a8bad418f7dffd9a5,0.8909315466880798
e0f3fe21dd04463787d620860a0ec6a2,1393dac7d34b4c34b1a8091a5bea3663,0.8860703706741333
e0f3fe21dd04463787d620860a0ec6a2,9bf3b77eb9874f5f9e006a9cff111ea9,0.8853566646575928
e0f3fe21dd04463787d620860a0ec6a2,b277101390e1465685ef79bf3519f8d7,0.8851070404052734
26a7ded48a0842c28c407984aa614b3c,c713a0ca69864ee7b240069c98dc44dc,0.9638665914535522
26a7ded48a0842c28c407984aa614b3c,26869cc099c44c4a86f6043476ab4890,0.9357215166091919
26a7ded48a0842c28c407984aa614b3c,bbdf9065122d499d9d8f80ad3e0ef6f3,0.9324044585227966
26a7ded48a0842c28c407984aa614b3c,d658e3a743af41899183fecff6b2628d,0.9261236190795898
26a7ded48a0842c28c407984aa614b3c,1027a336232c4454a9c4ae450a562788,0.926110029220581
26a7ded48a0842c28c407984aa614b3c,6866efc8987a4ec8b04b7abd28fb5777,0.9238826632499695
26a7ded48a0842c28c407984aa614b3c,0b57f893483647c3aed811775a4c4c04,0.9223073124885559
26a7ded48a0842c28c407984aa614b3c,f1c9c5051bdd4a11a064260bbb9d6d7b,0.9207552671432495
26a7ded48a0842c28c407984aa614b3c,2d43cf91509846e29ab4febd7781919f,0.9205331802368164
26a7ded48a0842c28c407984aa614b3c,c750a2994555414790abb3281572bb42,0.9197859168052673
95e4e242519d4cd9bae0a574d881fa7b,c713a0ca69864ee7b240069c98dc44dc,0.9553092122077942
95e4e242519d4cd9bae0a574d881fa7b,26869cc099c44c4a86f6043476ab4890,0.9197732210159302
95e4e242519d4cd9bae0a574d881fa7b,6866efc8987a4ec8b04b7abd28fb5777,0.918962836265564
95e4e242519d4cd9bae0a574d881fa7b,d658e3a743af41899183fecff6b2628d,0.9174844622612
95e4e242519d4cd9bae0a574d881fa7b,bbdf9065122d499d9d8f80ad3e0ef6f3,0.9140699505805969
95e4e242519d4cd9bae0a574d881fa7b,1419b2c686f44896a0ae2a43e93b5402,0.9121522903442383
95e4e242519d4cd9bae0a574d881fa7b,88353d1136d24836816b073de62e5f50,0.9094375371932983
95e4e242519d4cd9bae0a574d881fa7b,01ffceddb5b34406a08bb982b424b3cf,0.9089347720146179
95e4e242519d4cd9bae0a574d881fa7b,f4474150010f4021a4620372062f3797,0.9077306985855103
95e4e242519d4cd9bae0a574d881fa7b,feb980ae999948ce9be0266b4ddc048d,0.907576858997345
e8f5726fe08646aab29fd6e5202c7f88,feb980ae999948ce9be0266b4ddc048d,0.9382890462875366
e8f5726fe08646aab29fd6e5202c7f88,97959d02a64f4a3fbbebe7cbece6c012,0.9160066246986389
e8f5726fe08646aab29fd6e5202c7f88,938147b72e9540da8513910871e0830a,0.9142822027206421
e8f5726fe08646aab29fd6e5202c7f88,0cdb0f32850f4585a16de4886462bbe0,0.9130344390869141
e8f5726fe08646aab29fd6e5202c7f88,71c1a8479b194efca65b44fb7f327afb,0.9126174449920654
e8f5726fe08646aab29fd6e5202c7f88,82d68ea370f8451aa16ea08f4601245c,0.9120290875434875
e8f5726fe08646aab29fd6e5202c7f88,1f3cf50fe1f947d8a56e02ebca441c4c,0.9117140173912048
e8f5726fe08646aab29fd6e5202c7f88,98fbdf945d0c4206a48a4f7260e56017,0.9064347147941589
e8f5726fe08646aab29fd6e5202c7f88,70558882c04e46bd99d15e9786468418,0.905326247215271
e8f5726fe08646aab29fd6e5202c7f88,d9096650c434432c871effeca9acd5c6,0.9037697315216064
3bdf75b6d56a422d94e6c850d515d3ed,feb980ae999948ce9be0266b4ddc048d,0.9735231399536133
3bdf75b6d56a422d94e6c850d515d3ed,82d68ea370f8451aa16ea08f4601245c,0.9220412373542786
3bdf75b6d56a422d94e6c850d515d3ed,7e190e3c05d74e6b9f103e39142c1684,0.9190351366996765
3bdf75b6d56a422d94e6c850d515d3ed,63eab812f3254cccb9631b09725aec3d,0.9159011840820312
3bdf75b6d56a422d94e6c850d515d3ed,6b4676aba2a746b3ab778315afc8ee82,0.9102698564529419
3bdf75b6d56a422d94e6c850d515d3ed,74de04f31db94a99b757685c91779412,0.909152626991272
3bdf75b6d56a422d94e6c850d515d3ed,0eb119aabc884795a4768c6d3e677ea1,0.9072394967079163
3bdf75b6d56a422d94e6c850d515d3ed,8fca2e4873e946f7a788af2b846cebd7,0.9067411422729492
3bdf75b6d56a422d94e6c850d515d3ed,1d70bc69b2f84bef9aa5fb0d9917e38d,0.9050424098968506
3bdf75b6d56a422d94e6c850d515d3ed,d9096650c434432c871effeca9acd5c6,0.9045307636260986
978f36c5e8ff41efa416cf6c32ca240e,7d3d751215194e649a03457226f599d7,0.9695925712585449
978f36c5e8ff41efa416cf6c32ca240e,5a9a716f53364389864a4018d9e9c6c0,0.8951097726821899
978f36c5e8ff41efa416cf6c32ca240e,e22e1ad3c1fc4493bcb7c9b923566ff7,0.892274022102356
978f36c5e8ff41efa416cf6c32ca240e,8746ae2ca7514699b629b4d9b5fe95a7,0.8698394298553467
978f36c5e8ff41efa416cf6c32ca240e,6c6de17135be4f8c9423be633eaefcd4,0.8682524561882019
978f36c5e8ff41efa416cf6c32ca240e,2f0401170d104b47b0a8f087f69dee88,0.8648883700370789
978f36c5e8ff41efa416cf6c32ca240e,1a0ac2d40cb04ca993e1db68d787728a,0.8631448745727539
978f36c5e8ff41efa416cf6c32ca240e,a0408a6462b24cf18e50a8616359d5ad,0.8611588478088379
978f36c5e8ff41efa416cf6c32ca240e,91f9f8576e5142a49926bd623b0bc19c,0.8607478737831116
978f36c5e8ff41efa416cf6c32ca240e,3766b26b53874893ae48693880e1942c,0.8585544228553772
57add4e71a1c4202a2502065ae10d002,3e6a4b65a1004c08a6f3f570cf986c2f,0.9221856594085693
57add4e71a1c4202a2502065ae10d002,8b4e9e3d234e4eec99a7651e246bbfa3,0.8997156620025635
57add4e71a1c4202a2502065ae10d002,9909a671f7414c19b2727e7d4d4dcf1b,0.8976910710334778
57add4e71a1c4202a2502065ae10d002,0592b57e490d4206a3f12eb004a0afe0,0.8936762809753418
57add4e71a1c4202a2502065ae10d002,bf789f42ccfc42c5a330a3f6e30ddb83,0.8928607702255249
57add4e71a1c4202a2502065ae10d002,7d0190486da540718e4dc4ca4bd1f573,0.8925259709358215
57add4e71a1c4202a2502065ae10d002,2b039224b54142d185a406b31fe01de2,0.8918650150299072
57add4e71a1c4202a2502065ae10d002,174581fc299840e18e827432c0cce4dc,0.891598641872406
57add4e71a1c4202a2502065ae10d002,eee7f32249c5452ea36c8ed3a3540010,0.891243040561676
57add4e71a1c4202a2502065ae10d002,f5d09519cf7647f8a107cd8fadd322e5,0.8850371837615967
9509c30cb1bb48f38a20b700b4c3456e,7ab9086baf99475d8c93862a7dd36344,0.9797908663749695
9509c30cb1bb48f38a20b700b4c3456e,2b039224b54142d185a406b31fe01de2,0.9279221892356873
9509c30cb1bb48f38a20b700b4c3456e,8228c9eb29a542ba98c8b9b854eadaa4,0.915083646774292
9509c30cb1bb48f38a20b700b4c3456e,342aaa81ed004635bbf9cbc2592cd7b6,0.9118455648422241
9509c30cb1bb48f38a20b700b4c3456e,ffc5805e29a74be0a55b40318aa321d7,0.901839017868042
9509c30cb1bb48f38a20b700b4c3456e,da61d9bc8f024a4aba18d5c3072b7838,0.9004229307174683
9509c30cb1bb48f38a20b700b4c3456e,89e983dca0a34b768e17b3871b9cea1e,0.8998056650161743
9509c30cb1bb48f38a20b700b4c3456e,99ba4cc9355f4d79a68bc69ac12a716f,0.8957740068435669
9509c30cb1bb48f38a20b700b4c3456e,57430214baf045cb92fa3b3b70a4ca3f,0.8938525915145874
9509c30cb1bb48f38a20b700b4c3456e,99830b8da7c24f909914f7bb167f3ea6,0.8934145569801331
e25640a5cf1a493db2690655a45676b5,7ab9086baf99475d8c93862a7dd36344,0.9826510548591614
e25640a5cf1a493db2690655a45676b5,342aaa81ed004635bbf9cbc2592cd7b6,0.929232656955719
e25640a5cf1a493db2690655a45676b5,2b039224b54142d185a406b31fe01de2,0.927597165107727
e25640a5cf1a493db2690655a45676b5,89e983dca0a34b768e17b3871b9cea1e,0.9141098260879517
e25640a5cf1a493db2690655a45676b5,ffc5805e29a74be0a55b40318aa321d7,0.9071813821792603
e25640a5cf1a493db2690655a45676b5,8228c9eb29a542ba98c8b9b854eadaa4,0.9071316719055176
e25640a5cf1a493db2690655a45676b5,da61d9bc8f024a4aba18d5c3072b7838,0.9039565324783325
e25640a5cf1a493db2690655a45676b5,de6ac628a786435f9925c8cc1d707d6b,0.9007447957992554
e25640a5cf1a493db2690655a45676b5,99830b8da7c24f909914f7bb167f3ea6,0.8988661766052246
e25640a5cf1a493db2690655a45676b5,52f20bd7eb50430c95f0916727880a1b,0.8980125188827515
ce1ecc1569cc4b1ca2945be90a005698,3e6a4b65a1004c08a6f3f570cf986c2f,0.9083970785140991
ce1ecc1569cc4b1ca2945be90a005698,b69c17a10a55494d8caa56c33e8f4a56,0.8858457803726196
ce1ecc1569cc4b1ca2945be90a005698,f5d09519cf7647f8a107cd8fadd322e5,0.8844041228294373
ce1ecc1569cc4b1ca2945be90a005698,bc607fd6000b43108e49b3d05688fe90,0.8741562366485596
ce1ecc1569cc4b1ca2945be90a005698,7d0190486da540718e4dc4ca4bd1f573,0.8671170473098755
ce1ecc1569cc4b1ca2945be90a005698,9909a671f7414c19b2727e7d4d4dcf1b,0.8663026690483093
ce1ecc1569cc4b1ca2945be90a005698,563043f180e54e238ad4876974e5db4c,0.8592164516448975
ce1ecc1569cc4b1ca2945be90a005698,0bd1cce9370a461089e25393086800a8,0.8588714599609375
ce1ecc1569cc4b1ca2945be90a005698,22d9d5ad33e947fd857c5c4a8b7dfae1,0.8564560413360596
ce1ecc1569cc4b1ca2945be90a005698,e53dd6188816429ab915de6f9649a026,0.8557740449905396
0c0b0a3a57ae44f5bc9a682ecdf7017e,ad3d372fbf054ea1ad06cfcb7490df4b,0.950465977191925
0c0b0a3a57ae44f5bc9a682ecdf7017e,1f3cf50fe1f947d8a56e02ebca441c4c,0.8788939118385315
0c0b0a3a57ae44f5bc9a682ecdf7017e,41e657daa20545a588584578bdb4101c,0.8767913579940796
0c0b0a3a57ae44f5bc9a682ecdf7017e,70558882c04e46bd99d15e9786468418,0.873570442199707
0c0b0a3a57ae44f5bc9a682ecdf7017e,67dd23cfd20f46dc82acc82c108a1dc6,0.8726011514663696
0c0b0a3a57ae44f5bc9a682ecdf7017e,6ea31a945d494834a3d243f1f90af02a,0.8724645972251892
0c0b0a3a57ae44f5bc9a682ecdf7017e,5f65785004054c67a618fe43b6a30f56,0.8714045286178589
0c0b0a3a57ae44f5bc9a682ecdf7017e,7199f2fe77824236a392e1f00a5bdfc3,0.870452880859375
0c0b0a3a57ae44f5bc9a682ecdf7017e,ff171f0b29974f78b0e81fee30abdd38,0.870086669921875
0c0b0a3a57ae44f5bc9a682ecdf7017e,039a871609044cb1b69f70c082fe61d8,0.8694467544555664
60de40f69385488097a1e4a1e36a7e71,ad3d372fbf054ea1ad06cfcb7490df4b,0.9665555953979492
60de40f69385488097a1e4a1e36a7e71,41e657daa20545a588584578bdb4101c,0.8813985586166382
60de40f69385488097a1e4a1e36a7e71,ff171f0b29974f78b0e81fee30abdd38,0.872613251209259
60de40f69385488097a1e4a1e36a7e71,67dd23cfd20f46dc82acc82c108a1dc6,0.8713195323944092
60de40f69385488097a1e4a1e36a7e71,1f3cf50fe1f947d8a56e02ebca441c4c,0.8700510859489441
60de40f69385488097a1e4a1e36a7e71,cb32ec9a538a4c0f8462771946ced93b,0.8697932958602905
60de40f69385488097a1e4a1e36a7e71,039a871609044cb1b69f70c082fe61d8,0.868057906627655
60de40f69385488097a1e4a1e36a7e71,1f9cd7f2b7a14e2f8d490a104a56edcd,0.8673573136329651
60de40f69385488097a1e4a1e36a7e71,cc243eebbb2b44a581745865a60c423a,0.8669279217720032
60de40f69385488097a1e4a1e36a7e71,70558882c04e46bd99d15e9786468418,0.8655635714530945
e24bf2d26b3447a0a1cabfedc1474778,44f41e6e6faa4facb0bb9a72205229f8,0.9716148376464844
e24bf2d26b3447a0a1cabfedc1474778,eb21a4e2b7bd43efbdf0c365415e7fef,0.9159396886825562
e24bf2d26b3447a0a1cabfedc1474778,f12e9e5805534d719f829332d1ea5d29,0.9116101264953613
e24bf2d26b3447a0a1cabfedc1474778,4a6eba10a02a4ecdbb6b25e8651c3789,0.9112171530723572
e24bf2d26b3447a0a1cabfedc1474778,ccb62901750b4d13a922fc161b607f83,0.909588098526001
e24bf2d26b3447a0a1cabfedc1474778,6b4676aba2a746b3ab778315afc8ee82,0.9089597463607788
e24bf2d26b3447a0a1cabfedc1474778,7dd5e88dfdd24cafab2c765939757354,0.9081712365150452
e24bf2d26b3447a0a1cabfedc1474778,7199f2fe77824236a392e1f00a5bdfc3,0.9073800444602966
e24bf2d26b3447a0a1cabfedc1474778,19a124c6dad14a4fa7864463b081009c,0.9073769450187683
e24bf2d26b3447a0a1cabfedc1474778,cc243eebbb2b44a581745865a60c423a,0.906444787979126
26e498e22958483fb8c239d967efe176,5f65785004054c67a618fe43b6a30f56,0.9259071350097656
26e498e22958483fb8c239d967efe176,7aceed0dbea645b091207f4a53d879f2,0.9112162590026855
26e498e22958483fb8c239d967efe176,35c5a560ecdc4d6a9d20f057ed1fa0e6,0.9095516204833984
26e498e22958483fb8c239d967efe176,67dd23cfd20f46dc82acc82c108a1dc6,0.9025222659111023
26e498e22958483fb8c239d967efe176,e0d8aee46b1d4d998858cd05027251b6,0.9004185795783997
26e498e22958483fb8c239d967efe176,b90d74e80c37486eaee89b6fbab13671,0.9003396034240723
26e498e22958483fb8c239d967efe176,02a3cd76ce534d188b4d5ac4778bd652,0.8993521928787231
26e498e22958483fb8c239d967efe176,f69855cdf66d4f6887ecfd0ddb9014b5,0.8973401784896851
26e498e22958483fb8c239d967efe176,5fc200cab89346658c9c91cce27e85fe,0.8964480757713318
26e498e22958483fb8c239d967efe176,1f9cd7f2b7a14e2f8d490a104a56edcd,0.8963803648948669
0e5860811dd84425862213b698237538,44f41e6e6faa4facb0bb9a72205229f8,0.9399760961532593
0e5860811dd84425862213b698237538,77cecb221149474896d9b2eb848bf150,0.9188060760498047
0e5860811dd84425862213b698237538,e0ff5d4ae0ec4871a49041d550cdcaa9,0.9168654680252075
0e5860811dd84425862213b698237538,7199f2fe77824236a392e1f00a5bdfc3,0.9159121513366699
0e5860811dd84425862213b698237538,19a124c6dad14a4fa7864463b081009c,0.9143412113189697
0e5860811dd84425862213b698237538,3aaea7fa41fd43cdb88f8ef59062c5df,0.9125101566314697
0e5860811dd84425862213b698237538,434551fdf9e443ed91679a9557ae6fd5,0.9113692045211792
0e5860811dd84425862213b698237538,35c5a560ecdc4d6a9d20f057ed1fa0e6,0.9107166528701782
0e5860811dd84425862213b698237538,26869cc099c44c4a86f6043476ab4890,0.9102836847305298
0e5860811dd84425862213b698237538,cb75c6ef71cb4991805920f2894e0e96,0.9078832268714905
