486dd80d22f94a5496b3e670b19399a7,df7ea50171af48df81584ab7e8107d15,2ece45504eff42469c104dc2a2d03caf,57430214baf045cb92fa3b3b70a4ca3f,0a61f52258f643b6a6436a1ec234e197,31cf7db26a3249c5a6205b005662ddcf,e53dd6188816429ab915de6f9649a026,7d3d751215194e649a03457226f599d7,563043f180e54e238ad4876974e5db4c,44156e6482884acaaee1938e04d8b6ff,2939ef012c5c4a1b94b49df9469dfb3c
9e1bede2ba464377897f1d482b7c49ae,df7ea50171af48df81584ab7e8107d15,31cf7db26a3249c5a6205b005662ddcf,2ece45504eff42469c104dc2a2d03caf,e511c40ca6324803b5021e47b4e777f8,57430214baf045cb92fa3b3b70a4ca3f,02a3cd76ce534d188b4d5ac4778bd652,33e2a95109e647cbb4ba2687631b169a,f69dcaceb6074ddebfe1dc7e5978fcff,245212a659504b9b9cdbaf1ab1d040ff,0971af4212484a958eb0f60f93d1dfe0
a1595c1d280449abbff7742dcdc90b72,e79ae27b52fa4d54aa37735fd275c66e,79721c9bb6a54ecdb3d0a0f4011762c1,99830b8da7c24f909914f7bb167f3ea6,fadf133e0e684a24ac79b5fa9515bac2,ffc5805e29a74be0a55b40318aa321d7,c2a665cec90e46db8d2a74389beb4649,bce599075dfd4fac8dd78626106e3071,1393dac7d34b4c34b1a8091a5bea3663,da61d9bc8f024a4aba18d5c3072b7838,7199f2fe77824236a392e1f00a5bdfc3
58c2bd09ab0c4a56ad05b91a3de36417,34b736136487439389c10cc6bd4e9f4e,250d411ae270441085be3501b7b55d86,52ee59901f3b4de884d7a6720538aed6,ffc5805e29a74be0a55b40318aa321d7,3aaea7fa41fd43cdb88f8ef59062c5df,c84deec0ecf843c39f52d4cb8e7300f8,23a16d69ffe848d593a4808907d8aa98,77cecb221149474896d9b2eb848bf150,eb21a4e2b7bd43efbdf0c365415e7fef,211ef3181e524685866fb8574d9bf456
4d5ef36361734ccdae5d52098bf0123f,34b736136487439389c10cc6bd4e9f4e,ffc5805e29a74be0a55b40318aa321d7,434551fdf9e443ed91679a9557ae6fd5,bcfa4a4177d44d8b8cda17b7a23196b0,23a16d69ffe848d593a4808907d8aa98,52ee59901f3b4de884d7a6720538aed6,250d411ae270441085be3501b7b55d86,3aaea7fa41fd43cdb88f8ef59062c5df,97959d02a64f4a3fbbebe7cbece6c012,6c874292dbcc49ff8bb8bbe5643593a5
4d78e6316a014332815f66e59a8a4099,23199e1859544647893a97ea365c5c83,1f3cf50fe1f947d8a56e02ebca441c4c,938147b72e9540da8513910871e0830a,31cf7db26a3249c5a6205b005662ddcf,590df34aa41f46e9ad13ffc6a98da3b7,e96fae6d607246b18b8494aabe521036,211ef3181e524685866fb8574d9bf456,c1d504dfeded4b8bb3c07777b7c7abde,0f52f676197e4d4e92dec0a7bc4c4f7d,29088685e31a4d86b60b514e98117361
4e7bd3e813564642929978bfa51f30c7,23199e1859544647893a97ea365c5c83,1f3cf50fe1f947d8a56e02ebca441c4c,31cf7db26a3249c5a6205b005662ddcf,70558882c04e46bd99d15e9786468418,211ef3181e524685866fb8574d9bf456,b77d8b7bb0114c379139d280a9210e83,8dfbb6a204a0441492c35baca6190969,590df34aa41f46e9ad13ffc6a98da3b7,02a3cd76ce534d188b4d5ac4778bd652,dee9eddb2eac41bfaf36d3279d43674a
f25af2430f9345bebb1d841e5867c08d,fbfaa119f55a477984e42d80498f54d3,eb21a4e2b7bd43efbdf0c365415e7fef,1232f20e710b448e8c0538b9e84dab1c,25109e3a7df549e5b380aae716d71366,bcfa4a4177d44d8b8cda17b7a23196b0,97959d02a64f4a3fbbebe7cbece6c012,8d595c7da42545c88052e7b213b6c97c,30f654c6e69e48888f9f42dd95ab3c77,ff276acede2f4c14876ef47257758ae8,77cecb221149474896d9b2eb848bf150
44b22297fb9049d682c5ca2921bfc8fa,fbfaa119f55a477984e42d80498f54d3,643fbbdd6b764ba9904a4ee67a86b9fd,1232f20e710b448e8c0538b9e84dab1c,8d595c7da42545c88052e7b213b6c97c,bcfa4a4177d44d8b8cda17b7a23196b0,25109e3a7df549e5b380aae716d71366,df5ca61304074da1bec8f536ab50baf3,4a6eba10a02a4ecdbb6b25e8651c3789,9bf3b77eb9874f5f9e006a9cff111ea9,e511c40ca6324803b5021e47b4e777f8
115a8b58da1343fd928c9b8e89d40878,41e657daa20545a588584578bdb4101c,33e2a95109e647cbb4ba2687631b169a,8f0e477fc779414e9b47995c0b25a87d,02a3cd76ce534d188b4d5ac4778bd652,8889c114b071429cbe2418f5b0f2024b,dd36cc0867b94d55a43b82c1c9a0e95c,7e190e3c05d74e6b9f103e39142c1684,7326afe68eb64b63993b3dae022c645d,5c09482fc8dc45bdbf7919f00dd540e0,0f52f676197e4d4e92dec0a7bc4c4f7d
dcb5bc6262f24669a59aadae1fe8a9c6,41e657daa20545a588584578bdb4101c,02a3cd76ce534d188b4d5ac4778bd652,70558882c04e46bd99d15e9786468418,33e2a95109e647cbb4ba2687631b169a,b277101390e1465685ef79bf3519f8d7,cc243eebbb2b44a581745865a60c423a,8f0e477fc779414e9b47995c0b25a87d,0971af4212484a958eb0f60f93d1dfe0,f439b5616ba24b7f82eccfa095a0eff8,5c09482fc8dc45bdbf7919f00dd540e0
16bb236a08d141388ef98f19a4ca335b,57bcda73abab44ee930b20cdaee9d24b,b675be39e8ff421aa59811f146da945b,636c21e19a5845e1b8d69a5fca928030,e7ee85dd47ca43eeb2fdcd70b802f0ec,fc430b7683934be2aba12468b2409bb8,9bf3b77eb9874f5f9e006a9cff111ea9,6ae72ad649c54129b992d321f8f29122,8987ceafff324f9599b842542e37eddd,94ed54abfdc74b04b0dcb19c278e66f4,35d06fce2df446569702778e2250bd82
6bb81302398a41f3a58838ff31bdb0f8,57bcda73abab44ee930b20cdaee9d24b,94ed54abfdc74b04b0dcb19c278e66f4,b675be39e8ff421aa59811f146da945b,ca5add3cbf044a95a5bec88a5841ce98,636c21e19a5845e1b8d69a5fca928030,e7ee85dd47ca43eeb2fdcd70b802f0ec,9bf3b77eb9874f5f9e006a9cff111ea9,35c5a560ecdc4d6a9d20f057ed1fa0e6,8987ceafff324f9599b842542e37eddd,5fc200cab89346658c9c91cce27e85fe
efa58554232841b693eb71ccc7417f3d,0accd1d0138b49049d437c0d9b1c23c3,35c5a560ecdc4d6a9d20f057ed1fa0e6,4a7fa5a1bafe4b6995e2920444ac07c4,d8b3ad3b5c4e474db41a671ab286424f,a5d5fb459a1844088e93ae557ab34afe,878e5c41be5c477e9f660ca361fdd727,2d43cf91509846e29ab4febd7781919f,7359a1cc20d54f96aeea121d7247b88d,2d812431f07c44f1a56a71c72766e0b0,2b3ecf8be2b242f3b8a1e714390749fb
9b715a377ba548f682027f97bfd90fef,0accd1d0138b49049d437c0d9b1c23c3,35c5a560ecdc4d6a9d20f057ed1fa0e6,4a7fa5a1bafe4b6995e2920444ac07c4,7359a1cc20d54f96aeea121d7247b88d,878e5c41be5c477e9f660ca361fdd727,a5d5fb459a1844088e93ae557ab34afe,d8b3ad3b5c4e474db41a671ab286424f,2b3ecf8be2b242f3b8a1e714390749fb,24c55bb5cd694770ba895c7401da2ba5,2f0401170d104b47b0a8f087f69dee88
1423a1c6689d4577818b5aa7d4dce019,04d24d1cf42b4f7787d8d300cbad6d50,3d3e8565d2f84e0cad5ae622f2909765,7627d5e28ba74cbeaf9225e88a7a44cc,e2e0c8c96aff4c00896ac6986bbb20c2,85d4175b563d48e5bc6a991b23662f24,17b5eb6fab65476f827dd355b4a20a55,19098957d8c24cab95daa30c2baefd8f,b77d8b7bb0114c379139d280a9210e83,724a3f6551e74ad585bdeac9a75fd639,98fbdf945d0c4206a48a4f7260e56017
dd907a79f4e744e2851eafcd9227e602,dd36cc0867b94d55a43b82c1c9a0e95c,b77d8b7bb0114c379139d280a9210e83,02a3cd76ce534d188b4d5ac4778bd652,41e657daa20545a588584578bdb4101c,a94cb58f1ca8456b96e39b5b1ebfb7ea,7e190e3c05d74e6b9f103e39142c1684,1f3cf50fe1f947d8a56e02ebca441c4c,43464ed6733f4642a0b90e7d995a5e40,cc243eebbb2b44a581745865a60c423a,feb980ae999948ce9be0266b4ddc048d
7c541d4fc72e49c0ab64a3c1d0fd1c08,dd36cc0867b94d55a43b82c1c9a0e95c,a94cb58f1ca8456b96e39b5b1ebfb7ea,0cdb0f32850f4585a16de4886462bbe0,aedd476072b345e9be46ebd7260e93a6,1f3cf50fe1f947d8a56e02ebca441c4c,74de04f31db94a99b757685c91779412,8dfbb6a204a0441492c35baca6190969,b77d8b7bb0114c379139d280a9210e83,0f52f676197e4d4e92dec0a7bc4c4f7d,3675c688960a4f3b9f82c4ccf4049e93
518c046dd36b449fab3f0ffe249b1282,b83013f4c5524232814efa0f8651867f,f4b7e6e902e344859cb041126b69ce3c,503d2f067a8a4f5798b1c64b07ab0bc5,a055f8188384479a8bad418f7dffd9a5,5fc200cab89346658c9c91cce27e85fe,eeca68825e2a4bbdaa5ae962998fc33b,898eabaaa1a047e18aecbb1c5a8decbf,d2a03ea4b2d3439ca3dc6fe056ab0f04,06b7dd1b701544ac80dd7ca54ed707cf,0ecfdd96e0054841883acba75e83b232
623639be18e04aeba2e0129efe84aab8,27fe100af7884932a33bf30f10dacc55,4285b02dc9164cb9bae36b0566bb42f0,97959d02a64f4a3fbbebe7cbece6c012,3aaea7fa41fd43cdb88f8ef59062c5df,e59dba65749140f4a1bdaf2695de2fc6,17b5eb6fab65476f827dd355b4a20a55,1232f20e710b448e8c0538b9e84dab1c,b834c0b0c10b471b87ad3f11468de619,a297e08effdf4a69a6c4d79a34a0c6ad,e12ad1ce8e7940a999b9a4f91a95fab7
12c13948584341d6a5e45dde227253f8,b83013f4c5524232814efa0f8651867f,503d2f067a8a4f5798b1c64b07ab0bc5,06b7dd1b701544ac80dd7ca54ed707cf,5fc200cab89346658c9c91cce27e85fe,f4b7e6e902e344859cb041126b69ce3c,da14e9dc2c3d4963b725de8102de5028,a055f8188384479a8bad418f7dffd9a5,eeca68825e2a4bbdaa5ae962998fc33b,6866efc8987a4ec8b04b7abd28fb5777,0ecfdd96e0054841883acba75e83b232
4d070f30ba5d4a11b0b78073f47f11a8,27fe100af7884932a33bf30f10dacc55,40f040fd5c824c8e8e710af1fdf70b5f,97959d02a64f4a3fbbebe7cbece6c012,e59dba65749140f4a1bdaf2695de2fc6,4285b02dc9164cb9bae36b0566bb42f0,a297e08effdf4a69a6c4d79a34a0c6ad,3aaea7fa41fd43cdb88f8ef59062c5df,17b5eb6fab65476f827dd355b4a20a55,1232f20e710b448e8c0538b9e84dab1c,aaab880f032a4e00904cf50566164044
a376e7d651454d5490a6836fdcfbb986,c3f66637872c4141ab3898296739457d,590df34aa41f46e9ad13ffc6a98da3b7,211ef3181e524685866fb8574d9bf456,c1d504dfeded4b8bb3c07777b7c7abde,7d0190486da540718e4dc4ca4bd1f573,31cf7db26a3249c5a6205b005662ddcf,bf789f42ccfc42c5a330a3f6e30ddb83,d75a52d716984f318f976bbfc7bee787,0f52f676197e4d4e92dec0a7bc4c4f7d,b0d2e6c4b2384950b3696c4414870282
127639f543af45dba72da3cecff7c65a,ce4fdd5499f8498793c11e586f7da70c,da61d9bc8f024a4aba18d5c3072b7838,ec07b4e88bea4086a5eafed96d81edb5,c4b9d7a8d5d342459d2282589b3af293,99830b8da7c24f909914f7bb167f3ea6,eff24b01b2f5428baa4c3fef6cb40d41,01930613ce7d4a5f90ccf78d1e92a55d,ffe2740eee8c49b39b2ce41f9983bcb4,bf789f42ccfc42c5a330a3f6e30ddb83,5cf392f15360460bae6a6b0182bb99b9
c91c2c649312417aa86fe0975f437d9f,ce4fdd5499f8498793c11e586f7da70c,da61d9bc8f024a4aba18d5c3072b7838,c4b9d7a8d5d342459d2282589b3af293,ec07b4e88bea4086a5eafed96d81edb5,99830b8da7c24f909914f7bb167f3ea6,bf789f42ccfc42c5a330a3f6e30ddb83,225818abe99e45a0bf5b0b3ec30db76b,8228c9eb29a542ba98c8b9b854eadaa4,9aca522158f443fd8a9caaec38ae5e2c,eff24b01b2f5428baa4c3fef6cb40d41
06975950c6134fdfb4b0ed6a5cf0a50d,1aaf8edc37ea412b85e3d1b5c5317051,3356a8a8c6ee4f30bc2b028e360d4471,5a6f4a2f7f6a4b1fa146493472e6d721,039f8e63b273472d8f1d99d9a5de5cf5,6732de8994744decbb3306c74aaa7882,1232f20e710b448e8c0538b9e84dab1c,643fbbdd6b764ba9904a4ee67a86b9fd,4a6eba10a02a4ecdbb6b25e8651c3789,f59a3ee5387440d981754b6595e8664c,444fa28d9ed54c82a522699041eae592
8b60f7f0b86c4168ad03970ab04f5e6f,51c6049a18b84ee381d0512e40b67c0e,43464ed6733f4642a0b90e7d995a5e40,82d68ea370f8451aa16ea08f4601245c,e2e0c8c96aff4c00896ac6986bbb20c2,6b4676aba2a746b3ab778315afc8ee82,eabdd2813a954f9aa01f0eb8212ee387,eb21a4e2b7bd43efbdf0c365415e7fef,0cdb0f32850f4585a16de4886462bbe0,70aa10580bfe4069bdaa5721ae2d29db,e96fae6d607246b18b8494aabe521036
514ebe94b40c403482de042102289b46,51c6049a18b84ee381d0512e40b67c0e,43464ed6733f4642a0b90e7d995a5e40,eb21a4e2b7bd43efbdf0c365415e7fef,82d68ea370f8451aa16ea08f4601245c,e96fae6d607246b18b8494aabe521036,6b4676aba2a746b3ab778315afc8ee82,3574ab91c29940b3afc62354ae06b73b,2639b6540bda414f8a9baa3b5cdb612a,1419b2c686f44896a0ae2a43e93b5402,a0b4d283f12a407286dbeaa3a4d128a5
543ddcbf2bd941a58120dad59c45ceb0,6b4676aba2a746b3ab778315afc8ee82,1d70bc69b2f84bef9aa5fb0d9917e38d,43464ed6733f4642a0b90e7d995a5e40,77ce0587a12b46bab8814225ba86753e,71c1a8479b194efca65b44fb7f327afb,aa082284f9894b5aa210c179d59999b1,0cdb0f32850f4585a16de4886462bbe0,6ea31a945d494834a3d243f1f90af02a,82d68ea370f8451aa16ea08f4601245c,eb21a4e2b7bd43efbdf0c365415e7fef
107e548bacc844d38e74d9d3d4c6daef,7226603f024c45c6a6e44b00e52e8aad,6b7b5d28293d4a5a8075f7f7dd231ddb,85d4175b563d48e5bc6a991b23662f24,1232f20e710b448e8c0538b9e84dab1c,e12ad1ce8e7940a999b9a4f91a95fab7,f12e9e5805534d719f829332d1ea5d29,5e44915237fc4445b54b037e1c4e29a4,f32f4607b4714e378831f924c5e6084d,f37d285ad0de42f0b1546d0d1acfb221,3fce01bbc56d49d39f61cba3d17648f2
2b96b856fb814e1ea13121869bdfba59,f12e9e5805534d719f829332d1ea5d29,6c874292dbcc49ff8bb8bbe5643593a5,eb21a4e2b7bd43efbdf0c365415e7fef,d756970269e9443fb9bbf645a96aa84e,ccb62901750b4d13a922fc161b607f83,97959d02a64f4a3fbbebe7cbece6c012,c65af18670ea437c8986884645b3afe9,3aaea7fa41fd43cdb88f8ef59062c5df,39e2b00e1cbd471488cf56f31d2cec7f,19a124c6dad14a4fa7864463b081009c
b2bd2aeb78c846db8046a83ff0fa2cd1,f12e9e5805534d719f829332d1ea5d29,6c874292dbcc49ff8bb8bbe5643593a5,eb21a4e2b7bd43efbdf0c365415e7fef,ccb62901750b4d13a922fc161b607f83,97959d02a64f4a3fbbebe7cbece6c012,d756970269e9443fb9bbf645a96aa84e,17b5eb6fab65476f827dd355b4a20a55,1232f20e710b448e8c0538b9e84dab1c,3aaea7fa41fd43cdb88f8ef59062c5df,724a3f6551e74ad585bdeac9a75fd639
dba7a96eede9465fb56a4f743a85c9c0,7226603f024c45c6a6e44b00e52e8aad,1232f20e710b448e8c0538b9e84dab1c,f12e9e5805534d719f829332d1ea5d29,e511c40ca6324803b5021e47b4e777f8,eb21a4e2b7bd43efbdf0c365415e7fef,25109e3a7df549e5b380aae716d71366,8dfe01febd46475ab5aef97033716ce1,6f57d1175ad243edada61643d01fcd54,3fce01bbc56d49d39f61cba3d17648f2,cb2505b30d8a4dc086c353cf94424b6d
95a37fbd9d724d448e13f4ffabbe0274,93dc50abd35349f7923100dca2f41002,0592b57e490d4206a3f12eb004a0afe0,b9228fdb5f0c413d81cffb51829d95c6,1232f20e710b448e8c0538b9e84dab1c,1419b2c686f44896a0ae2a43e93b5402,ffc5805e29a74be0a55b40318aa321d7,eb21a4e2b7bd43efbdf0c365415e7fef,039f8e63b273472d8f1d99d9a5de5cf5,7dd5e88dfdd24cafab2c765939757354,ff276acede2f4c14876ef47257758ae8
e365a82950b3437a9ffd8bbebb0713a8,93dc50abd35349f7923100dca2f41002,0592b57e490d4206a3f12eb004a0afe0,ffc5805e29a74be0a55b40318aa321d7,b9228fdb5f0c413d81cffb51829d95c6,1232f20e710b448e8c0538b9e84dab1c,bf789f42ccfc42c5a330a3f6e30ddb83,eb21a4e2b7bd43efbdf0c365415e7fef,19098957d8c24cab95daa30c2baefd8f,1419b2c686f44896a0ae2a43e93b5402,ff276acede2f4c14876ef47257758ae8
5fe3bf5786b54f9f8d85861573fc9d2f,a0b4d283f12a407286dbeaa3a4d128a5,ff51ca928cd54f4da620c27983e221f8,c1d504dfeded4b8bb3c07777b7c7abde,d9ac372330a4446886fa19bac0d19877,590df34aa41f46e9ad13ffc6a98da3b7,2639b6540bda414f8a9baa3b5cdb612a,eb21a4e2b7bd43efbdf0c365415e7fef,82d68ea370f8451aa16ea08f4601245c,daed5458403e49e3aea72f4bcc6dd224,f69dcaceb6074ddebfe1dc7e5978fcff
be8193e46ed74126aa2fa3bd4d20feb7,636c21e19a5845e1b8d69a5fca928030,f91157bb8fca4a8e98db33591a76be9a,8fdee0611965465eb45387b8c39f4136,9bf3b77eb9874f5f9e006a9cff111ea9,57bcda73abab44ee930b20cdaee9d24b,0092d1d820c64646b8bee9fd14f77acf,77cecb221149474896d9b2eb848bf150,8683a3ad55d84a78834fabe20cde5269,6732de8994744decbb3306c74aaa7882,5e44915237fc4445b54b037e1c4e29a4
0d39327b000c4d44854a7870268edacc,7584980704ae4617bb27ca162cc9c5db,291130c42a884be2800e026bab5ddf53,e88ce4cd350f43398a5c0ab8629cee72,5e44915237fc4445b54b037e1c4e29a4,36472797459c462e910846109fa624fc,b2bcb4d9456c4763a0159ffd1f3660bb,7226603f024c45c6a6e44b00e52e8aad,33e2a95109e647cbb4ba2687631b169a,64d9091426f9461c97c98a5428856bcf,e511c40ca6324803b5021e47b4e777f8
e0e982cb170f440b970c9d9d1946f9dd,78809cb3c6b841a9b8b132133dd6bb96,bbdf9065122d499d9d8f80ad3e0ef6f3,0b57f893483647c3aed811775a4c4c04,f4b7e6e902e344859cb041126b69ce3c,be8953cc364d46cebbcc2c2da2c348ab,00614d60b3544ba790dfd23dd53992e0,a2612682d9854a30a7684c91c8619ec9,26869cc099c44c4a86f6043476ab4890,65e30dd62cfa4dccb9ea4d908a9d6fab,8fca2e4873e946f7a788af2b846cebd7
e0249c6a39824516a1c3d7d3d47dfde9,4e4495962a9b4864882397042f1a2b3e,85d4175b563d48e5bc6a991b23662f24,30c71719aed84c07ae21d0eff0deed72,be8953cc364d46cebbcc2c2da2c348ab,7584980704ae4617bb27ca162cc9c5db,ccb62901750b4d13a922fc161b607f83,636c21e19a5845e1b8d69a5fca928030,ca5add3cbf044a95a5bec88a5841ce98,f91157bb8fca4a8e98db33591a76be9a,04d24d1cf42b4f7787d8d300cbad6d50
1c0381823ed0499e8e96e4cfd8b9a64a,ff51ca928cd54f4da620c27983e221f8,8683a3ad55d84a78834fabe20cde5269,1f3cf50fe1f947d8a56e02ebca441c4c,70558882c04e46bd99d15e9786468418,71c1a8479b194efca65b44fb7f327afb,feb980ae999948ce9be0266b4ddc048d,63eab812f3254cccb9631b09725aec3d,b77d8b7bb0114c379139d280a9210e83,77ce0587a12b46bab8814225ba86753e,6ea31a945d494834a3d243f1f90af02a
2282d8cf50554304ab195b1a53c7d9f3,6dc5832f0ac04df2bd99c6415b3ecf09,2b039224b54142d185a406b31fe01de2,fadf133e0e684a24ac79b5fa9515bac2,df0c94234d9d4890b5b4b95c441b3e9a,4a3d4daed4b24a1898551f0fd1ba44f1,eff24b01b2f5428baa4c3fef6cb40d41,225818abe99e45a0bf5b0b3ec30db76b,77cecb221149474896d9b2eb848bf150,c756409435634fc48c643a64e73c93ce,342aaa81ed004635bbf9cbc2592cd7b6
c4f8a865ba2744e0b7c4701468c16ca4,fadf133e0e684a24ac79b5fa9515bac2,64e74af099b0485f8b6e71ac73aa2cb8,4a3d4daed4b24a1898551f0fd1ba44f1,eff24b01b2f5428baa4c3fef6cb40d41,35d06fce2df446569702778e2250bd82,e79ae27b52fa4d54aa37735fd275c66e,b585a2970e9f421da236241f603883f2,1027a336232c4454a9c4ae450a562788,7dd5e88dfdd24cafab2c765939757354,cc243eebbb2b44a581745865a60c423a
2f5d7dabbac54943ab9522573ada0736,6f8d80f8673144dfa7a4e09190442ab3,f9fe93fae6084350b81964d354e2130f,5e44915237fc4445b54b037e1c4e29a4,e5a3c8867e44498d9182e8be934e0fce,2ece45504eff42469c104dc2a2d03caf,fbfaa119f55a477984e42d80498f54d3,69ac8397e9624bfd8aee237b9f9ea3b5,039f8e63b273472d8f1d99d9a5de5cf5,baad022010b44fad8d8410869d909fd1,54e9bbd0093947a3bda5fef48ef7493d
3d2b131349684742968cd2b214a13f76,590df34aa41f46e9ad13ffc6a98da3b7,211ef3181e524685866fb8574d9bf456,0f52f676197e4d4e92dec0a7bc4c4f7d,bf789f42ccfc42c5a330a3f6e30ddb83,c1d504dfeded4b8bb3c07777b7c7abde,d361a9e414fb41c1a605200d9cbba496,97959d02a64f4a3fbbebe7cbece6c012,23199e1859544647893a97ea365c5c83,c3f66637872c4141ab3898296739457d,d9ac372330a4446886fa19bac0d19877
e542409acd694eab90192399d89ccb4c,69ac8397e9624bfd8aee237b9f9ea3b5,b3f8b4bec0164d0e81997b4f5a277e8f,64d9091426f9461c97c98a5428856bcf,2ece45504eff42469c104dc2a2d03caf,5e44915237fc4445b54b037e1c4e29a4,6f8d80f8673144dfa7a4e09190442ab3,361f2b7f3f044907b3a331872fb18755,e5a3c8867e44498d9182e8be934e0fce,0a61f52258f643b6a6436a1ec234e197,fbfaa119f55a477984e42d80498f54d3
317db6fcd5d1443fb6271acc6ec8fe3e,590df34aa41f46e9ad13ffc6a98da3b7,211ef3181e524685866fb8574d9bf456,c1d504dfeded4b8bb3c07777b7c7abde,0f52f676197e4d4e92dec0a7bc4c4f7d,23199e1859544647893a97ea365c5c83,31cf7db26a3249c5a6205b005662ddcf,bf789f42ccfc42c5a330a3f6e30ddb83,43ee0103cba54b4e9d165717735ca0f6,c3f66637872c4141ab3898296739457d,97959d02a64f4a3fbbebe7cbece6c012
b0553ed82597421aabe852652c5915d7,d53fa54d5536463ab0d87648dfc5fd78,268f8ec9f2734029a8e75857db56ccb3,f5d09519cf7647f8a107cd8fadd322e5,eee7f32249c5452ea36c8ed3a3540010,da61d9bc8f024a4aba18d5c3072b7838,5605fa1188974644937bbf92fec50e21,e22e1ad3c1fc4493bcb7c9b923566ff7,3e6a4b65a1004c08a6f3f570cf986c2f,c2b49382e2f34b1c90013236a5fbaef0,6c6de17135be4f8c9423be633eaefcd4
8c59bfc1aa7b42cf882806e395ee4fec,d53fa54d5536463ab0d87648dfc5fd78,268f8ec9f2734029a8e75857db56ccb3,f5d09519cf7647f8a107cd8fadd322e5,bc607fd6000b43108e49b3d05688fe90,da61d9bc8f024a4aba18d5c3072b7838,c2b49382e2f34b1c90013236a5fbaef0,eee7f32249c5452ea36c8ed3a3540010,4152360a4bea4cbbbfbe45ff3bf7f62b,3e6a4b65a1004c08a6f3f570cf986c2f,75801225047a4c019100660c13f1e0f1
deb7d97e50b24c63943a8af997d083f8,ec07b4e88bea4086a5eafed96d81edb5,9aca522158f443fd8a9caaec38ae5e2c,eff24b01b2f5428baa4c3fef6cb40d41,2ea3b46262e649f79900258cd90cce31,c756409435634fc48c643a64e73c93ce,3c0f3b44c0844df49b5898406fe9195a,ffe2740eee8c49b39b2ce41f9983bcb4,ac5a760b45c146ec840193371cfb2d30,c24e3823376b436c8eb46eaeebbc7718,3b7d56c26da14b3a9b1cd52b5b35891b
8ffc24d118e54740a39563141f642fd9,ec07b4e88bea4086a5eafed96d81edb5,eff24b01b2f5428baa4c3fef6cb40d41,e429a2e164a24919a12edcc8d4ea8f09,225818abe99e45a0bf5b0b3ec30db76b,2ea3b46262e649f79900258cd90cce31,3b7d56c26da14b3a9b1cd52b5b35891b,c756409435634fc48c643a64e73c93ce,ffe2740eee8c49b39b2ce41f9983bcb4,5cf392f15360460bae6a6b0182bb99b9,df0c94234d9d4890b5b4b95c441b3e9a
ff75e5d8a9bb46c9b12855ec33529f3f,78d0265d47df4f4cb7153da919763730,e43d8e7bc32f406b9a692e2604f5b45a,174581fc299840e18e827432c0cce4dc,c78547bdc2e64ac8935559f7de2efd41,e22e1ad3c1fc4493bcb7c9b923566ff7,0d0973762130427eaa2ce9a7a34517db,b69c17a10a55494d8caa56c33e8f4a56,e9428816b054499298745b742f128f65,8350ea8cd6514c2c8d7b625abe7e895b,2939ef012c5c4a1b94b49df9469dfb3c
c2b4fed7ce5c4e108721e62f2bfbb819,33b5e2ae5ebe4f548bac3a00ab0a59eb,724a3f6551e74ad585bdeac9a75fd639,0cdb0f32850f4585a16de4886462bbe0,71c1a8479b194efca65b44fb7f327afb,e06d08ff594a4acbac12edf579743fcf,e88ce4cd350f43398a5c0ab8629cee72,097f2ce3b88c4d008488b9908076497e,f335a944a27a4504a82ecf70c2d4a5e4,04fa591263664fb0a6868552ebd3590b,30c71719aed84c07ae21d0eff0deed72
ab1c9263088b477082ee7d7c6f73b671,33b5e2ae5ebe4f548bac3a00ab0a59eb,e06d08ff594a4acbac12edf579743fcf,30c71719aed84c07ae21d0eff0deed72,724a3f6551e74ad585bdeac9a75fd639,1d70bc69b2f84bef9aa5fb0d9917e38d,26e55eb4d910464497d700bfdf5a36ca,e88ce4cd350f43398a5c0ab8629cee72,3d3e8565d2f84e0cad5ae622f2909765,17b5eb6fab65476f827dd355b4a20a55,be8953cc364d46cebbcc2c2da2c348ab
54e5b71847024cdaa9fd8a7d3fc3ea03,6c79712e67b54dd0a11d426a91207939,26e55eb4d910464497d700bfdf5a36ca,5363ae1c905d4879a63259de4954702e,84581d81d46d44bc99ffb8f871646a7a,7e190e3c05d74e6b9f103e39142c1684,daed5458403e49e3aea72f4bcc6dd224,6d3b4c95066e4dd8a6ad1c66b1c1ea4f,b277101390e1465685ef79bf3519f8d7,82d68ea370f8451aa16ea08f4601245c,be8953cc364d46cebbcc2c2da2c348ab
f124583fb5cc42aa903308e1b43296de,6c79712e67b54dd0a11d426a91207939,039a871609044cb1b69f70c082fe61d8,26e55eb4d910464497d700bfdf5a36ca,5363ae1c905d4879a63259de4954702e,82d68ea370f8451aa16ea08f4601245c,b277101390e1465685ef79bf3519f8d7,f335a944a27a4504a82ecf70c2d4a5e4,5f65785004054c67a618fe43b6a30f56,521004289ebc4e6da6623381d40a5e73,daed5458403e49e3aea72f4bcc6dd224
d97ddb9bd5c8460ab3b3a13992c1f179,0433768f874042a5b2d2e37ad9deae13,4285b02dc9164cb9bae36b0566bb42f0,be8953cc364d46cebbcc2c2da2c348ab,0cdb0f32850f4585a16de4886462bbe0,1d70bc69b2f84bef9aa5fb0d9917e38d,7e190e3c05d74e6b9f103e39142c1684,f335a944a27a4504a82ecf70c2d4a5e4,a94cb58f1ca8456b96e39b5b1ebfb7ea,5363ae1c905d4879a63259de4954702e,6ea31a945d494834a3d243f1f90af02a
3bb97a2804c84688a699e6d6b97b5e9d,e6afe89ff7bc491193141c057083d8a8,d8b3ad3b5c4e474db41a671ab286424f,3e59b61eb70146308db2308b988b54cf,b01fd4d037a84a7aa777e1fc345c73c5,6fbdacd3d8814ea2a13e81ee1ec128f2,2f0401170d104b47b0a8f087f69dee88,ee7c00877ae64dac87123a3d75251530,e0d8aee46b1d4d998858cd05027251b6,91f0da6d71574ababd8e868bddec9310,4c36aafaf38f4e9e9e09991737196fe1
929038d5c3ba4b189fc88a3b127ede72,0433768f874042a5b2d2e37ad9deae13,be8953cc364d46cebbcc2c2da2c348ab,7e190e3c05d74e6b9f103e39142c1684,a94cb58f1ca8456b96e39b5b1ebfb7ea,f335a944a27a4504a82ecf70c2d4a5e4,4285b02dc9164cb9bae36b0566bb42f0,30c71719aed84c07ae21d0eff0deed72,6ea31a945d494834a3d243f1f90af02a,94ed54abfdc74b04b0dcb19c278e66f4,ca5add3cbf044a95a5bec88a5841ce98
1d36cd75ee6a4691965cfc6ebdef6a3e,f92d16d3a970487094292439c3e00923,98fbdf945d0c4206a48a4f7260e56017,17b5eb6fab65476f827dd355b4a20a55,b77d8b7bb0114c379139d280a9210e83,8d595c7da42545c88052e7b213b6c97c,724a3f6551e74ad585bdeac9a75fd639,8683a3ad55d84a78834fabe20cde5269,8c7c9eaae41a44a3a4ebe39ce167d300,f91157bb8fca4a8e98db33591a76be9a,b834c0b0c10b471b87ad3f11468de619
7baf188fc4ed41ba826b499b6d495286,f92d16d3a970487094292439c3e00923,b77d8b7bb0114c379139d280a9210e83,b834c0b0c10b471b87ad3f11468de619,41047823f2cb4194ba1e0709443c719a,4e4495962a9b4864882397042f1a2b3e,98fbdf945d0c4206a48a4f7260e56017,17b5eb6fab65476f827dd355b4a20a55,70aa10580bfe4069bdaa5721ae2d29db,8d595c7da42545c88052e7b213b6c97c,30c71719aed84c07ae21d0eff0deed72
6a314fb4bd0e4c2097e70bd43a81fbb7,797cc520b8c94d9bbef187818ab51647,87fc1d6a57ea488786caaec8599c3b8b,0b57f893483647c3aed811775a4c4c04,65e30dd62cfa4dccb9ea4d908a9d6fab,5fc200cab89346658c9c91cce27e85fe,64e74af099b0485f8b6e71ac73aa2cb8,da61e0de396149208c9ebd0fd6d7415d,3aa003c1e31b476e999c3a808a1d5dc6,4c67cc7a1ccc496db132636e3f4853a2,cdd73e0289aa4e2b87cd14e6ff5bd75e
9ae6df3c8f2549109316a434d1741a53,797cc520b8c94d9bbef187818ab51647,87fc1d6a57ea488786caaec8599c3b8b,65e30dd62cfa4dccb9ea4d908a9d6fab,0b57f893483647c3aed811775a4c4c04,2d43cf91509846e29ab4febd7781919f,5fc200cab89346658c9c91cce27e85fe,a7077a82d2c74518b96fb45e35f6e150,cdd73e0289aa4e2b87cd14e6ff5bd75e,0accd1d0138b49049d437c0d9b1c23c3,35c5a560ecdc4d6a9d20f057ed1fa0e6
2a8e892e4b784abf8fb9fd55fa443335,87fc1d6a57ea488786caaec8599c3b8b,797cc520b8c94d9bbef187818ab51647,da61e0de396149208c9ebd0fd6d7415d,0b57f893483647c3aed811775a4c4c04,5fc200cab89346658c9c91cce27e85fe,64e74af099b0485f8b6e71ac73aa2cb8,35c5a560ecdc4d6a9d20f057ed1fa0e6,2d43cf91509846e29ab4febd7781919f,b6da55bea1244cf0a753b258420946b2,503d2f067a8a4f5798b1c64b07ab0bc5
1ac66b061b80428b8b3758bc6dfa066b,87fc1d6a57ea488786caaec8599c3b8b,797cc520b8c94d9bbef187818ab51647,0b57f893483647c3aed811775a4c4c04,2d43cf91509846e29ab4febd7781919f,35c5a560ecdc4d6a9d20f057ed1fa0e6,65e30dd62cfa4dccb9ea4d908a9d6fab,5fc200cab89346658c9c91cce27e85fe,a7077a82d2c74518b96fb45e35f6e150,4a7fa5a1bafe4b6995e2920444ac07c4,bbdf9065122d499d9d8f80ad3e0ef6f3
0d4bb3432ea544988cf3bb308b46c8c8,a297e08effdf4a69a6c4d79a34a0c6ad,4230775a9d51448396cacb9061f0e5f9,1c6bbf19b3d2498696a5baf0f53a0f18,69ac8397e9624bfd8aee237b9f9ea3b5,be8953cc364d46cebbcc2c2da2c348ab,2070754bb5dd4a248be9c2a6a1a9d381,403835bbf2f1447188bcc78e062b0028,75bf181ea5dc490e95d364a5f5c7af1d,4285b02dc9164cb9bae36b0566bb42f0,f12e9e5805534d719f829332d1ea5d29
2b4cf2ff830e462d96c8cfbcee5669da,a297e08effdf4a69a6c4d79a34a0c6ad,4230775a9d51448396cacb9061f0e5f9,baad022010b44fad8d8410869d909fd1,69ac8397e9624bfd8aee237b9f9ea3b5,4285b02dc9164cb9bae36b0566bb42f0,fc70a4c2c4834e0eba1a14470f563b03,2070754bb5dd4a248be9c2a6a1a9d381,75bf181ea5dc490e95d364a5f5c7af1d,be8953cc364d46cebbcc2c2da2c348ab,e59dba65749140f4a1bdaf2695de2fc6
2390c8a3de9e49be9617b01f4f21dfa9,ee337b5c1ef3431e9c120250bfec4cac,8c5f38853679436ba434b6a696e43168,a8904adcdd21495f890bc614bfdbf86f,761a3a01495143f0a86beac4234cae3a,93bf0b86be094f68a9d308ca5ecfb4e3,716a15d66b63424a8068da89e75733b4,8af25c7ae8e14435a6e27a5671968f50,f2cfa68a47ce4a43a0fe1cc7dc860418,d37bf09399d848df9a4d880fb097239c,403835bbf2f1447188bcc78e062b0028
e37905b36c44400c9dc7bc0c71a6db51,0bd1cce9370a461089e25393086800a8,2b039224b54142d185a406b31fe01de2,29fb30a75c57451a85f310aa6423a662,eff24b01b2f5428baa4c3fef6cb40d41,ac5a760b45c146ec840193371cfb2d30,b69c17a10a55494d8caa56c33e8f4a56,f5d09519cf7647f8a107cd8fadd322e5,5cf392f15360460bae6a6b0182bb99b9,c84deec0ecf843c39f52d4cb8e7300f8,da61d9bc8f024a4aba18d5c3072b7838
a9bb430482a1442a958b35a625eecb97,6f57d1175ad243edada61643d01fcd54,69ac8397e9624bfd8aee237b9f9ea3b5,eb21a4e2b7bd43efbdf0c365415e7fef,039f8e63b273472d8f1d99d9a5de5cf5,643fbbdd6b764ba9904a4ee67a86b9fd,25109e3a7df549e5b380aae716d71366,4a6eba10a02a4ecdbb6b25e8651c3789,ad42c467d0fe43dbb328073f9a16bc4d,07958f43551e459eb30638b632e3cd64,19a124c6dad14a4fa7864463b081009c
62c71ed913414a6f9456293a4c566314,0bd1cce9370a461089e25393086800a8,ffe2740eee8c49b39b2ce41f9983bcb4,225818abe99e45a0bf5b0b3ec30db76b,eff24b01b2f5428baa4c3fef6cb40d41,5cf392f15360460bae6a6b0182bb99b9,b69c17a10a55494d8caa56c33e8f4a56,fadf133e0e684a24ac79b5fa9515bac2,3c1b91a23b694da1973dbc5f75f2f3ed,c756409435634fc48c643a64e73c93ce,2b039224b54142d185a406b31fe01de2
c647312353a84341a92cd4486a8b9c3e,6f57d1175ad243edada61643d01fcd54,643fbbdd6b764ba9904a4ee67a86b9fd,eb21a4e2b7bd43efbdf0c365415e7fef,e1c63000ace94c1d9381d82389fe6afd,bcfa4a4177d44d8b8cda17b7a23196b0,25109e3a7df549e5b380aae716d71366,ad42c467d0fe43dbb328073f9a16bc4d,99a52c93a3304ec18dab9206f98f2a8b,1232f20e710b448e8c0538b9e84dab1c,57430214baf045cb92fa3b3b70a4ca3f
cc3afd20f236454a8f3a9ff08992daab,e96fae6d607246b18b8494aabe521036,3d3e8565d2f84e0cad5ae622f2909765,babbeca1f6a244a2a11ea77a3855e70f,66f4c650b7ca48f1bc27f9daff8d312a,c1d504dfeded4b8bb3c07777b7c7abde,43464ed6733f4642a0b90e7d995a5e40,384b14b18c3c43b1a4dc1aa2f661e076,daed5458403e49e3aea72f4bcc6dd224,b77d8b7bb0114c379139d280a9210e83,29088685e31a4d86b60b514e98117361
1e1ec51c4cb84f3285f79f7aeb252500,65e52d14d4d64d4fbad3de6ad319e745,5cfb876eeb4f410aa1282cc279f0e546,2b3ecf8be2b242f3b8a1e714390749fb,7aceed0dbea645b091207f4a53d879f2,f69855cdf66d4f6887ecfd0ddb9014b5,039a871609044cb1b69f70c082fe61d8,1099cb6f4fac4eb8a1fb6db50e18296b,5f65785004054c67a618fe43b6a30f56,e4e12f4711fd41e39075e26cc274df45,06a5f0cec6ce4170a02dad0ad4c55b1c
082920d4f79f4c5eb2e805b195ac3e89,65e52d14d4d64d4fbad3de6ad319e745,5cfb876eeb4f410aa1282cc279f0e546,2b3ecf8be2b242f3b8a1e714390749fb,06a5f0cec6ce4170a02dad0ad4c55b1c,f69855cdf66d4f6887ecfd0ddb9014b5,9094e936e13641cc9bfcc7dc1408d86e,7aceed0dbea645b091207f4a53d879f2,7ef653f7e5f64e1b8bba73b9518b87b7,796eade2ee4f466781d9f6669db43e48,e4e12f4711fd41e39075e26cc274df45
759985fc2dc4496abbc7fe23cf71706f,29088685e31a4d86b60b514e98117361,f0084465b2e646c9a53d9dc766067d9b,6b4676aba2a746b3ab778315afc8ee82,1d70bc69b2f84bef9aa5fb0d9917e38d,e96fae6d607246b18b8494aabe521036,ff51ca928cd54f4da620c27983e221f8,daed5458403e49e3aea72f4bcc6dd224,f335a944a27a4504a82ecf70c2d4a5e4,1f3cf50fe1f947d8a56e02ebca441c4c,d9096650c434432c871effeca9acd5c6
a1b386e9b08e402dba0d820140ba1a00,29088685e31a4d86b60b514e98117361,e96fae6d607246b18b8494aabe521036,452d645d5bf4485185e996dcec9523e5,1d70bc69b2f84bef9aa5fb0d9917e38d,0cdb0f32850f4585a16de4886462bbe0,a94cb58f1ca8456b96e39b5b1ebfb7ea,f0084465b2e646c9a53d9dc766067d9b,82d68ea370f8451aa16ea08f4601245c,0f52f676197e4d4e92dec0a7bc4c4f7d,b277101390e1465685ef79bf3519f8d7
0fed5c48002b4dd1b3ce42653a372fe6,cb2e893276894906976593c3edcb3a5f,be42a43f5186434db4f2815f768a9991,c4b9d7a8d5d342459d2282589b3af293,d361a9e414fb41c1a605200d9cbba496,6af17cec494c4373a95865d270a29171,d25e6f2fc8154dd7816f8f7a41bee12b,bce599075dfd4fac8dd78626106e3071,b00b2395b49949508fade89bb3eac98b,097c30a7f39a4a3abf6da2ca80cad3a5,b9228fdb5f0c413d81cffb51829d95c6
5b5008e2d4f7492abe1ff44e2e3e754b,cb2e893276894906976593c3edcb3a5f,be42a43f5186434db4f2815f768a9991,c4b9d7a8d5d342459d2282589b3af293,d361a9e414fb41c1a605200d9cbba496,b9228fdb5f0c413d81cffb51829d95c6,d25e6f2fc8154dd7816f8f7a41bee12b,77c8b175ca9d411b8d28d1ed0dc40304,04d24d1cf42b4f7787d8d300cbad6d50,bce599075dfd4fac8dd78626106e3071,4a6eba10a02a4ecdbb6b25e8651c3789
8e431e5ca5dd49a8984118e7fb05d12e,2839430464164d5ba00713b42d4d96e4,1099cb6f4fac4eb8a1fb6db50e18296b,0ecfdd96e0054841883acba75e83b232,14f4db886cca4104877ac7d1d7a64133,2b3ecf8be2b242f3b8a1e714390749fb,35c5a560ecdc4d6a9d20f057ed1fa0e6,e4e12f4711fd41e39075e26cc274df45,f69855cdf66d4f6887ecfd0ddb9014b5,5fc200cab89346658c9c91cce27e85fe,a5d5fb459a1844088e93ae557ab34afe
142af56a899c43098ec79a3f762d09b6,2839430464164d5ba00713b42d4d96e4,14f4db886cca4104877ac7d1d7a64133,1099cb6f4fac4eb8a1fb6db50e18296b,0ecfdd96e0054841883acba75e83b232,35c5a560ecdc4d6a9d20f057ed1fa0e6,2b3ecf8be2b242f3b8a1e714390749fb,f69855cdf66d4f6887ecfd0ddb9014b5,e4e12f4711fd41e39075e26cc274df45,7ef653f7e5f64e1b8bba73b9518b87b7,5fc200cab89346658c9c91cce27e85fe
9f14363158ef49309f13b2aa0692d2a9,9bf3b77eb9874f5f9e006a9cff111ea9,61d2391e8bc548b6bfa08f1ef2a0c47a,d658e3a743af41899183fecff6b2628d,c84deec0ecf843c39f52d4cb8e7300f8,b6c493a3666c4db193e86c79faf099ab,1419b2c686f44896a0ae2a43e93b5402,4a3d4daed4b24a1898551f0fd1ba44f1,ef8c056ecb524439a48c881089537951,250d411ae270441085be3501b7b55d86,4926607aafe749538c930e108275547e
ebd3c9006cf5464190f7a5edca24f0ba,9bf3b77eb9874f5f9e006a9cff111ea9,c84deec0ecf843c39f52d4cb8e7300f8,4926607aafe749538c930e108275547e,61d2391e8bc548b6bfa08f1ef2a0c47a,d658e3a743af41899183fecff6b2628d,b6c493a3666c4db193e86c79faf099ab,f4474150010f4021a4620372062f3797,250d411ae270441085be3501b7b55d86,5d5baf5ce88b4b529e28ab9c7c114148,243dbbcdc67c42bfa6f32c47477adf6d
0135e10058cf48aa847fa399f62df6f4,90b560de76b149c09c7cd6efb3f12cfd,41047823f2cb4194ba1e0709443c719a,eb21a4e2b7bd43efbdf0c365415e7fef,3aaea7fa41fd43cdb88f8ef59062c5df,b98519f97e424c1389f5553f0869b15a,34b736136487439389c10cc6bd4e9f4e,babbeca1f6a244a2a11ea77a3855e70f,c66c6f1449d44728a2ef72de53dd6d5e,afaf2edba0ee4d58860a5a04e4aabc5c,97959d02a64f4a3fbbebe7cbece6c012
2e9dbf0f864548ae8bc35b5c0d70934e,b3f8b4bec0164d0e81997b4f5a277e8f,69ac8397e9624bfd8aee237b9f9ea3b5,c65af18670ea437c8986884645b3afe9,f12e9e5805534d719f829332d1ea5d29,4285b02dc9164cb9bae36b0566bb42f0,c1def54262224e23acf67a9870725ce5,df5ca61304074da1bec8f536ab50baf3,6f8d80f8673144dfa7a4e09190442ab3,e12ad1ce8e7940a999b9a4f91a95fab7,f91157bb8fca4a8e98db33591a76be9a
1db84228548c42318f1a33456931f361,c2a665cec90e46db8d2a74389beb4649,e79ae27b52fa4d54aa37735fd275c66e,c4b9d7a8d5d342459d2282589b3af293,434551fdf9e443ed91679a9557ae6fd5,27a67d3e76814297aebf64e03d14c336,89e983dca0a34b768e17b3871b9cea1e,7199f2fe77824236a392e1f00a5bdfc3,c750a2994555414790abb3281572bb42,52f20bd7eb50430c95f0916727880a1b,ca544e6629b14e8fab5f7cb40d1ac88e
1b5bba6ae5ff4f568094280de0bf2c1b,c2a665cec90e46db8d2a74389beb4649,b00b2395b49949508fade89bb3eac98b,0b57f893483647c3aed811775a4c4c04,c750a2994555414790abb3281572bb42,c4b9d7a8d5d342459d2282589b3af293,26869cc099c44c4a86f6043476ab4890,c713a0ca69864ee7b240069c98dc44dc,434551fdf9e443ed91679a9557ae6fd5,4a3d4daed4b24a1898551f0fd1ba44f1,e5a3c8867e44498d9182e8be934e0fce
7265c466b8cf411cb462945d3ceb8145,5e44915237fc4445b54b037e1c4e29a4,b23a9c50eada4286a4f7ce8668b92db1,6732de8994744decbb3306c74aaa7882,9bf3b77eb9874f5f9e006a9cff111ea9,57bcda73abab44ee930b20cdaee9d24b,f5bcc6f48ed2447581b401d453039866,7226603f024c45c6a6e44b00e52e8aad,5a6f4a2f7f6a4b1fa146493472e6d721,1232f20e710b448e8c0538b9e84dab1c,599feb1e512c43ad8c0a1845922acf78
bca392563d0a45d594ce43a0c540b7c9,68aefc97056440af874039a28497cf98,be8953cc364d46cebbcc2c2da2c348ab,ca5add3cbf044a95a5bec88a5841ce98,e735729c80d84f76a6133c065d5380f8,4e4495962a9b4864882397042f1a2b3e,8987ceafff324f9599b842542e37eddd,0b57f893483647c3aed811775a4c4c04,00614d60b3544ba790dfd23dd53992e0,f2cfa68a47ce4a43a0fe1cc7dc860418,85d4175b563d48e5bc6a991b23662f24
bb39e720d9cf4df1a19e4ab20285bf18,86179aff3df24ff59b11e9a34974a3f4,59f62d35b1ad451397b700b3dad25448,b01fd4d037a84a7aa777e1fc345c73c5,64e74af099b0485f8b6e71ac73aa2cb8,1ade4365590a4ac7865100d8c791e340,26869cc099c44c4a86f6043476ab4890,4a7fa5a1bafe4b6995e2920444ac07c4,50aa0f56e00d4c23ac78b3e63bc0f0e1,0b57f893483647c3aed811775a4c4c04,0842a796c09b4089933a4f27e4e5e3bc
5c427d65b21d4bf387d1885f334834c7,b6da55bea1244cf0a753b258420946b2,503d2f067a8a4f5798b1c64b07ab0bc5,7c1126d46a934db6b951d1e98feae327,5fc200cab89346658c9c91cce27e85fe,64e74af099b0485f8b6e71ac73aa2cb8,0b57f893483647c3aed811775a4c4c04,27a67d3e76814297aebf64e03d14c336,e7ee85dd47ca43eeb2fdcd70b802f0ec,87fc1d6a57ea488786caaec8599c3b8b,e735729c80d84f76a6133c065d5380f8
141cab6e49204199a8fb74a74fa8165a,68aefc97056440af874039a28497cf98,be8953cc364d46cebbcc2c2da2c348ab,e735729c80d84f76a6133c065d5380f8,4e4495962a9b4864882397042f1a2b3e,ca5add3cbf044a95a5bec88a5841ce98,85d4175b563d48e5bc6a991b23662f24,d0e41bf891254ba0872f1641139f84f6,e59dba65749140f4a1bdaf2695de2fc6,714e47cd21e5416f864a4bc938850a72,5e44915237fc4445b54b037e1c4e29a4
7f90d0a672a44046bdf2443f14b82cb9,74bd120b8f714d03bc9dd1a703fe4d7f,baf841bad27c456c9de7227555ea3ef8,93dc50abd35349f7923100dca2f41002,0592b57e490d4206a3f12eb004a0afe0,ffc5805e29a74be0a55b40318aa321d7,bf789f42ccfc42c5a330a3f6e30ddb83,e5a3c8867e44498d9182e8be934e0fce,e79ae27b52fa4d54aa37735fd275c66e,f1eecad10a61421eb16b1be7435d9c19,2c3599a1611644f4908562f8fb8870d3
06aa6a2cf00d425998b1a815f23a0094,9677dd2a3aae457a8079087ce4177e14,4a3d4daed4b24a1898551f0fd1ba44f1,1027a336232c4454a9c4ae450a562788,ad054da7e1704a53931a341173f0605f,e79ae27b52fa4d54aa37735fd275c66e,b33a0f5b564a4942b04046ab7a8e2aae,79721c9bb6a54ecdb3d0a0f4011762c1,ffe2740eee8c49b39b2ce41f9983bcb4,4926607aafe749538c930e108275547e,13e659415ac84c7a81fc769111d43417
54a2df3aa63a483b8e33322f74c34dbf,9677dd2a3aae457a8079087ce4177e14,da61d9bc8f024a4aba18d5c3072b7838,e511c40ca6324803b5021e47b4e777f8,c756409435634fc48c643a64e73c93ce,ffe2740eee8c49b39b2ce41f9983bcb4,0228b1e9e3244da3a727930123ba7bda,bc13c2b0221744a29a8ddf56aa015df9,ffc5805e29a74be0a55b40318aa321d7,225818abe99e45a0bf5b0b3ec30db76b,4a3d4daed4b24a1898551f0fd1ba44f1
e2d1cdb4f95c4f47bb20f91e77f469f2,74bd120b8f714d03bc9dd1a703fe4d7f,ffc5805e29a74be0a55b40318aa321d7,f1eecad10a61421eb16b1be7435d9c19,baf841bad27c456c9de7227555ea3ef8,bf789f42ccfc42c5a330a3f6e30ddb83,5537ddec608a4ec586ea068fa27547ca,da61d9bc8f024a4aba18d5c3072b7838,23a16d69ffe848d593a4808907d8aa98,2b039224b54142d185a406b31fe01de2,0092d1d820c64646b8bee9fd14f77acf
4a483247df4540a9badb4a94f17d7760,8683a3ad55d84a78834fabe20cde5269,b44645c11ece4326a45f50fdc5d45dcf,d361a9e414fb41c1a605200d9cbba496,7862a63720b34104abf5bfa44bc8178d,9bf3b77eb9874f5f9e006a9cff111ea9,eee7f32249c5452ea36c8ed3a3540010,8a464aa9e2ee45d0abc7ae6181cd1bda,570f08ce2a1a47978eab16bf7ad16a68,14ca42308d3141fba50b774042144343,9909a671f7414c19b2727e7d4d4dcf1b
ca37d7b02d7542a0bea6535a0d193dbc,6bedb2d6ace34e18811b7f1206b2d1b0,9bf3b77eb9874f5f9e006a9cff111ea9,de1102228a324428989533278cd482f6,c84deec0ecf843c39f52d4cb8e7300f8,0b57f893483647c3aed811775a4c4c04,06b7dd1b701544ac80dd7ca54ed707cf,e7ee85dd47ca43eeb2fdcd70b802f0ec,5cf392f15360460bae6a6b0182bb99b9,64e74af099b0485f8b6e71ac73aa2cb8,2d43cf91509846e29ab4febd7781919f
ada916d5f8044eba9ac39c104e27f797,02641488de414b72b63f62b40200b101,cc243eebbb2b44a581745865a60c423a,e8c8742459dc48a49080bf0e5b3fdee0,39a08a87897f47d3bdbbdc5ed8c9cd7f,67dd23cfd20f46dc82acc82c108a1dc6,f6061b71031b4ddb9384f86c103690a4,636c21e19a5845e1b8d69a5fca928030,de1102228a324428989533278cd482f6,df0c94234d9d4890b5b4b95c441b3e9a,b277101390e1465685ef79bf3519f8d7
985e9b4be1fa45b19b48cbd6b1d37764,02641488de414b72b63f62b40200b101,cc243eebbb2b44a581745865a60c423a,e8c8742459dc48a49080bf0e5b3fdee0,f6061b71031b4ddb9384f86c103690a4,67dd23cfd20f46dc82acc82c108a1dc6,f91157bb8fca4a8e98db33591a76be9a,39a08a87897f47d3bdbbdc5ed8c9cd7f,636c21e19a5845e1b8d69a5fca928030,b277101390e1465685ef79bf3519f8d7,d445ccdb4cda497e9f0343a3298022d2
7b7e0d3f38a3435a83b8d6fb5aba99ba,f6061b71031b4ddb9384f86c103690a4,e8c8742459dc48a49080bf0e5b3fdee0,03df72bcf3504272a27f4bbaea89118a,99dbf0cd0c6343ffbcf97f04efc4143c,9c69642fab6749848e7ea7f5406a6da4,67dd23cfd20f46dc82acc82c108a1dc6,d9096650c434432c871effeca9acd5c6,64fc9fe3c8d5424ebc005e5cf4a608db,cc243eebbb2b44a581745865a60c423a,b277101390e1465685ef79bf3519f8d7
acbc17523c034d799301828aef6ae58f,9909a671f7414c19b2727e7d4d4dcf1b,22d9d5ad33e947fd857c5c4a8b7dfae1,812a1568c77d46e695f8eb7357e24a0e,07958f43551e459eb30638b632e3cd64,db0c3a952e454b90aa4a68feb6a50e87,bf789f42ccfc42c5a330a3f6e30ddb83,c1def54262224e23acf67a9870725ce5,059a284910e849efbbc7073b8681409f,eee7f32249c5452ea36c8ed3a3540010,b8995466f0eb4e7ba141e23216e8b974
68f05d38644e4af6a8b6cb1bef20c57a,f6061b71031b4ddb9384f86c103690a4,31cf7db26a3249c5a6205b005662ddcf,590df34aa41f46e9ad13ffc6a98da3b7,9c69642fab6749848e7ea7f5406a6da4,016e634d566b49c199d07357aae9bf33,daed5458403e49e3aea72f4bcc6dd224,0971af4212484a958eb0f60f93d1dfe0,43ee0103cba54b4e9d165717735ca0f6,99dbf0cd0c6343ffbcf97f04efc4143c,d9096650c434432c871effeca9acd5c6
e34f7090730d4eaa871618aa8bb5627d,5cf392f15360460bae6a6b0182bb99b9,b69c17a10a55494d8caa56c33e8f4a56,0bd1cce9370a461089e25393086800a8,eff24b01b2f5428baa4c3fef6cb40d41,99830b8da7c24f909914f7bb167f3ea6,6bedb2d6ace34e18811b7f1206b2d1b0,9bf3b77eb9874f5f9e006a9cff111ea9,ffe2740eee8c49b39b2ce41f9983bcb4,da61d9bc8f024a4aba18d5c3072b7838,0092d1d820c64646b8bee9fd14f77acf
aff084577eae48fca44757575b1848bc,812a1568c77d46e695f8eb7357e24a0e,1aaf8edc37ea412b85e3d1b5c5317051,22d9d5ad33e947fd857c5c4a8b7dfae1,3356a8a8c6ee4f30bc2b028e360d4471,b44645c11ece4326a45f50fdc5d45dcf,7d0190486da540718e4dc4ca4bd1f573,b69c17a10a55494d8caa56c33e8f4a56,36ac84a73ad34261ad45cf569edb60af,9909a671f7414c19b2727e7d4d4dcf1b,c14e45f5201b4038bdddddb238d888a3
f4763c7dac494231ae593878b63b4961,eff24b01b2f5428baa4c3fef6cb40d41,fadf133e0e684a24ac79b5fa9515bac2,a64f6232ee1e4357937008a327a63cf4,0bd1cce9370a461089e25393086800a8,c84deec0ecf843c39f52d4cb8e7300f8,ffe2740eee8c49b39b2ce41f9983bcb4,99ba4cc9355f4d79a68bc69ac12a716f,1027a336232c4454a9c4ae450a562788,3e923b6e3ceb4901b77c9a18729546eb,250d411ae270441085be3501b7b55d86
adabb6bfc633432cab9ab674c1e0f975,01bbbf1caa554d94b5decb69cc1add41,9460474d89704a68aaa6ccb62310ae3d,ff51ca928cd54f4da620c27983e221f8,c1d504dfeded4b8bb3c07777b7c7abde,bf789f42ccfc42c5a330a3f6e30ddb83,d9ac372330a4446886fa19bac0d19877,e8f18e4bdf054390a1768978dca8e430,22d9d5ad33e947fd857c5c4a8b7dfae1,590df34aa41f46e9ad13ffc6a98da3b7,2639b6540bda414f8a9baa3b5cdb612a
f9d7f4db082c4389a2bdcc19d6d92cba,01bbbf1caa554d94b5decb69cc1add41,9460474d89704a68aaa6ccb62310ae3d,ff51ca928cd54f4da620c27983e221f8,c1d504dfeded4b8bb3c07777b7c7abde,bf789f42ccfc42c5a330a3f6e30ddb83,d9ac372330a4446886fa19bac0d19877,2639b6540bda414f8a9baa3b5cdb612a,22d9d5ad33e947fd857c5c4a8b7dfae1,590df34aa41f46e9ad13ffc6a98da3b7,7862a63720b34104abf5bfa44bc8178d
32ae3069da404e6f843cbd95fa018a71,eff24b01b2f5428baa4c3fef6cb40d41,1027a336232c4454a9c4ae450a562788,c84deec0ecf843c39f52d4cb8e7300f8,4a3d4daed4b24a1898551f0fd1ba44f1,fadf133e0e684a24ac79b5fa9515bac2,250d411ae270441085be3501b7b55d86,64e74af099b0485f8b6e71ac73aa2cb8,66690895454847fea5a000202fbfab2e,79721c9bb6a54ecdb3d0a0f4011762c1,0bd1cce9370a461089e25393086800a8
605d42bbb0154c76b70114f63b807951,01ffceddb5b34406a08bb982b424b3cf,cb550e5ff4694fe9a19eaa6588cef250,2839430464164d5ba00713b42d4d96e4,0ecfdd96e0054841883acba75e83b232,35c5a560ecdc4d6a9d20f057ed1fa0e6,14f4db886cca4104877ac7d1d7a64133,878e5c41be5c477e9f660ca361fdd727,2f0401170d104b47b0a8f087f69dee88,7ef653f7e5f64e1b8bba73b9518b87b7,0b57f893483647c3aed811775a4c4c04
19805d9c7c944703bb05511bc3145812,30c71719aed84c07ae21d0eff0deed72,ccb62901750b4d13a922fc161b607f83,77ce0587a12b46bab8814225ba86753e,a94cb58f1ca8456b96e39b5b1ebfb7ea,4e4495962a9b4864882397042f1a2b3e,b77d8b7bb0114c379139d280a9210e83,71c1a8479b194efca65b44fb7f327afb,17b5eb6fab65476f827dd355b4a20a55,636c21e19a5845e1b8d69a5fca928030,57bcda73abab44ee930b20cdaee9d24b
4ed65c954d584e13a9e98e27808e0c6a,0f52f676197e4d4e92dec0a7bc4c4f7d,8683a3ad55d84a78834fabe20cde5269,0a61f52258f643b6a6436a1ec234e197,86f59bd78b424260b0cf356f2f9ae734,f91157bb8fca4a8e98db33591a76be9a,039f8e63b273472d8f1d99d9a5de5cf5,22d9d5ad33e947fd857c5c4a8b7dfae1,8c7c9eaae41a44a3a4ebe39ce167d300,7f0b453cc8c14156802497f5cbae9d62,059a284910e849efbbc7073b8681409f
9d58ebfc8b864b49a9c970a667fff950,30c71719aed84c07ae21d0eff0deed72,a94cb58f1ca8456b96e39b5b1ebfb7ea,4e4495962a9b4864882397042f1a2b3e,ccb62901750b4d13a922fc161b607f83,b77d8b7bb0114c379139d280a9210e83,17b5eb6fab65476f827dd355b4a20a55,77ce0587a12b46bab8814225ba86753e,57bcda73abab44ee930b20cdaee9d24b,636c21e19a5845e1b8d69a5fca928030,71c1a8479b194efca65b44fb7f327afb
5e1395d13dc84b8abd6f0452e25b3a7f,8889c114b071429cbe2418f5b0f2024b,d658e3a743af41899183fecff6b2628d,bbdf9065122d499d9d8f80ad3e0ef6f3,f1c9c5051bdd4a11a064260bbb9d6d7b,be8953cc364d46cebbcc2c2da2c348ab,26e55eb4d910464497d700bfdf5a36ca,a2612682d9854a30a7684c91c8619ec9,5c09482fc8dc45bdbf7919f00dd540e0,8fca2e4873e946f7a788af2b846cebd7,74de04f31db94a99b757685c91779412
df7a79cf083f40ca846761b9760fc72f,e343a998f4df4ac195c84e0fb571a393,9948a890ef25479e834f70944cb42eae,c84deec0ecf843c39f52d4cb8e7300f8,9094e936e13641cc9bfcc7dc1408d86e,ca0fe2dd97434e2ca7aecc38d4f1fcd9,b3a022950e444682a113cec5a0537f6a,19593c97fef0474dbe6051e28338f1e9,b90d74e80c37486eaee89b6fbab13671,119a6d7b4af3458b951fc1c5ab5e1738,d9b97376c5e44d8786f861a5788af644
489108f0d3474ebb97eeace77d5bcece,e343a998f4df4ac195c84e0fb571a393,9948a890ef25479e834f70944cb42eae,9094e936e13641cc9bfcc7dc1408d86e,ed4449952a9e45339b76fc5f123cb917,c84deec0ecf843c39f52d4cb8e7300f8,0ecfdd96e0054841883acba75e83b232,119a6d7b4af3458b951fc1c5ab5e1738,b277101390e1465685ef79bf3519f8d7,6400e3f6a14c492ba399bd414faca075,796eade2ee4f466781d9f6669db43e48
9cd6d1191c914787875042fd76df0c35,8746ae2ca7514699b629b4d9b5fe95a7,ef8c056ecb524439a48c881089537951,3766b26b53874893ae48693880e1942c,cb550e5ff4694fe9a19eaa6588cef250,2f0401170d104b47b0a8f087f69dee88,6c6de17135be4f8c9423be633eaefcd4,7d3d751215194e649a03457226f599d7,984058b7165d4c6385bec3c94afa9fb2,3e59b61eb70146308db2308b988b54cf,a0408a6462b24cf18e50a8616359d5ad
77f7e4ffce974b33ab54c80177a1c9c0,a0408a6462b24cf18e50a8616359d5ad,0accd1d0138b49049d437c0d9b1c23c3,7ef653f7e5f64e1b8bba73b9518b87b7,878e5c41be5c477e9f660ca361fdd727,cdd73e0289aa4e2b87cd14e6ff5bd75e,6252aa87531748e5bac5f6c65fc87e14,2f0401170d104b47b0a8f087f69dee88,7d3d751215194e649a03457226f599d7,35c5a560ecdc4d6a9d20f057ed1fa0e6,2d43cf91509846e29ab4febd7781919f
27af2d56825b4ded843852cb1cbe3494,8746ae2ca7514699b629b4d9b5fe95a7,dbb3fe11ad004895b302a84e7c066fcc,4c36aafaf38f4e9e9e09991737196fe1,7d3d751215194e649a03457226f599d7,6c6de17135be4f8c9423be633eaefcd4,ef8c056ecb524439a48c881089537951,98fbdf945d0c4206a48a4f7260e56017,78d0265d47df4f4cb7153da919763730,3766b26b53874893ae48693880e1942c,d2bcc978e7aa49908919d9fc40138b27
7a09c2cc2bcd4fbb8b083d6f02a88232,a0408a6462b24cf18e50a8616359d5ad,6252aa87531748e5bac5f6c65fc87e14,7ef653f7e5f64e1b8bba73b9518b87b7,cdd73e0289aa4e2b87cd14e6ff5bd75e,7d3d751215194e649a03457226f599d7,8746ae2ca7514699b629b4d9b5fe95a7,2f0401170d104b47b0a8f087f69dee88,e4e12f4711fd41e39075e26cc274df45,e22e1ad3c1fc4493bcb7c9b923566ff7,14f4db886cca4104877ac7d1d7a64133
c0ff951246c54333b756315834f32971,d53fa54d5536463ab0d87648dfc5fd78,4152360a4bea4cbbbfbe45ff3bf7f62b,ab57f83304bc4005998bbd6bc063fb4f,268f8ec9f2734029a8e75857db56ccb3,c2b49382e2f34b1c90013236a5fbaef0,563043f180e54e238ad4876974e5db4c,f5d09519cf7647f8a107cd8fadd322e5,eee7f32249c5452ea36c8ed3a3540010,3e6a4b65a1004c08a6f3f570cf986c2f,bc607fd6000b43108e49b3d05688fe90
7d8239bb435749bdaaba93674e4c0b98,632cc2bc04034dd4848855fe6497262d,3f1c2bb09c4e4400b6ba19542fafce18,de6ac628a786435f9925c8cc1d707d6b,d7c9dafddaf547159d366dacf7b68a7e,7d5c0a2bfccf4255a43d9bd0f84a6d3a,f5d09519cf7647f8a107cd8fadd322e5,f8856799293e49feab6368e794eb8b00,9fd4c00672d84215b3e21812aef3d6ac,1578afd6ce694d46ab6e24f965f51fd6,f5b766ea6abe4b5fb27d49cc3bc06020
ae918c8fd007427fbc53dbaff23eddbe,632cc2bc04034dd4848855fe6497262d,f8856799293e49feab6368e794eb8b00,3f1c2bb09c4e4400b6ba19542fafce18,d7c9dafddaf547159d366dacf7b68a7e,7d5c0a2bfccf4255a43d9bd0f84a6d3a,bdb0d45caa2a4943959f8f501e51132b,236c362d8b664c93b41882c119df9706,f5d09519cf7647f8a107cd8fadd322e5,de6ac628a786435f9925c8cc1d707d6b,5a9a716f53364389864a4018d9e9c6c0
b30bc5f593ba46bc8b6fa26692576484,babbeca1f6a244a2a11ea77a3855e70f,b425f33c33ad4be89a12da266d131a86,e96fae6d607246b18b8494aabe521036,43464ed6733f4642a0b90e7d995a5e40,66f4c650b7ca48f1bc27f9daff8d312a,31cf7db26a3249c5a6205b005662ddcf,3d3e8565d2f84e0cad5ae622f2909765,3aaea7fa41fd43cdb88f8ef59062c5df,82d68ea370f8451aa16ea08f4601245c,1232f20e710b448e8c0538b9e84dab1c
91d18daf6bae44789d31014e55bdf5b2,3e6a4b65a1004c08a6f3f570cf986c2f,d53fa54d5536463ab0d87648dfc5fd78,268f8ec9f2734029a8e75857db56ccb3,563043f180e54e238ad4876974e5db4c,4152360a4bea4cbbbfbe45ff3bf7f62b,3766b26b53874893ae48693880e1942c,7d0190486da540718e4dc4ca4bd1f573,91f9f8576e5142a49926bd623b0bc19c,f5d09519cf7647f8a107cd8fadd322e5,7e8a4a43e2f84dbb88e41cb24b3fe79f
8b8fe37d85da4a28a5c27452a42435e6,0b57f893483647c3aed811775a4c4c04,d0e41bf891254ba0872f1641139f84f6,797cc520b8c94d9bbef187818ab51647,f2cfa68a47ce4a43a0fe1cc7dc860418,db620271348d404a9a0b978d96c63f29,076e2669c305401fb3afcfafdd6c79c7,87fc1d6a57ea488786caaec8599c3b8b,8af25c7ae8e14435a6e27a5671968f50,f4b7e6e902e344859cb041126b69ce3c,04537eabb0434eb2804d1220770b85a0
a222b9dea1384b57ad0fae45ff950737,0b57f893483647c3aed811775a4c4c04,87fc1d6a57ea488786caaec8599c3b8b,64e74af099b0485f8b6e71ac73aa2cb8,db620271348d404a9a0b978d96c63f29,5fc200cab89346658c9c91cce27e85fe,503d2f067a8a4f5798b1c64b07ab0bc5,e4e12f4711fd41e39075e26cc274df45,01ffceddb5b34406a08bb982b424b3cf,74644c8cc17449cf89379868e7b21398,3aa003c1e31b476e999c3a808a1d5dc6
043d64050fe145349300b95379966923,2070754bb5dd4a248be9c2a6a1a9d381,be8953cc364d46cebbcc2c2da2c348ab,f2cfa68a47ce4a43a0fe1cc7dc860418,d695b7afdc3841a28a56df578e56afce,75bf181ea5dc490e95d364a5f5c7af1d,7e190e3c05d74e6b9f103e39142c1684,a297e08effdf4a69a6c4d79a34a0c6ad,4285b02dc9164cb9bae36b0566bb42f0,8dfe01febd46475ab5aef97033716ce1,403835bbf2f1447188bcc78e062b0028
ab8935721e0240089dafee6f408c220a,a055f8188384479a8bad418f7dffd9a5,e4e12f4711fd41e39075e26cc274df45,2b3ecf8be2b242f3b8a1e714390749fb,07d869789eda4445a1ecfe59c331db0d,24c55bb5cd694770ba895c7401da2ba5,f69855cdf66d4f6887ecfd0ddb9014b5,da14e9dc2c3d4963b725de8102de5028,5fc200cab89346658c9c91cce27e85fe,01ffceddb5b34406a08bb982b424b3cf,0b57f893483647c3aed811775a4c4c04
00d0f767535a4289833325887d72e3d2,2070754bb5dd4a248be9c2a6a1a9d381,be8953cc364d46cebbcc2c2da2c348ab,a297e08effdf4a69a6c4d79a34a0c6ad,75bf181ea5dc490e95d364a5f5c7af1d,403835bbf2f1447188bcc78e062b0028,4285b02dc9164cb9bae36b0566bb42f0,e06d08ff594a4acbac12edf579743fcf,d695b7afdc3841a28a56df578e56afce,f12e9e5805534d719f829332d1ea5d29,f2cfa68a47ce4a43a0fe1cc7dc860418
1d0c8e601ffb4534a871d984ad842a4f,a055f8188384479a8bad418f7dffd9a5,da14e9dc2c3d4963b725de8102de5028,5fc200cab89346658c9c91cce27e85fe,2b3ecf8be2b242f3b8a1e714390749fb,521004289ebc4e6da6623381d40a5e73,e4e12f4711fd41e39075e26cc274df45,0ecfdd96e0054841883acba75e83b232,b277101390e1465685ef79bf3519f8d7,ba8d0208e32e42969bd4349cf24f6ed1,0b57f893483647c3aed811775a4c4c04
ebd87dca48ae4df38943cc6f9b4f2912,5c8a8b7a59c54b9aa7b7136fd91b5869,199647bd1328406c83c5a875154f97d9,4c36aafaf38f4e9e9e09991737196fe1,86f59bd78b424260b0cf356f2f9ae734,f91157bb8fca4a8e98db33591a76be9a,7bbe3c76bcc04d73969f920d43fcc67d,e9428816b054499298745b742f128f65,8d595c7da42545c88052e7b213b6c97c,039f8e63b273472d8f1d99d9a5de5cf5,e5a3c8867e44498d9182e8be934e0fce
558c6735b6104bc98ca4b2db381640fe,8fca2e4873e946f7a788af2b846cebd7,7e190e3c05d74e6b9f103e39142c1684,0eb119aabc884795a4768c6d3e677ea1,295d0d40791245ff838c73a2aa27d065,5455e62f52ae4e03b2a5d0e8b9899506,b4dadb3ea3a04cc3932094471debce13,6c79712e67b54dd0a11d426a91207939,be8953cc364d46cebbcc2c2da2c348ab,50a2129b83404b94889a01f4688ebafd,00614d60b3544ba790dfd23dd53992e0
6064cb0ed7d64bde866fe6ad42b6ede6,5c8a8b7a59c54b9aa7b7136fd91b5869,e9428816b054499298745b742f128f65,199647bd1328406c83c5a875154f97d9,da88fa5efc674368b593444ca950dff9,7bbe3c76bcc04d73969f920d43fcc67d,f91157bb8fca4a8e98db33591a76be9a,4c36aafaf38f4e9e9e09991737196fe1,3766b26b53874893ae48693880e1942c,74de04f31db94a99b757685c91779412,0eb119aabc884795a4768c6d3e677ea1
cf344978d7a04303b41fa8b37a18c300,8fca2e4873e946f7a788af2b846cebd7,0eb119aabc884795a4768c6d3e677ea1,7e190e3c05d74e6b9f103e39142c1684,be8953cc364d46cebbcc2c2da2c348ab,b4dadb3ea3a04cc3932094471debce13,6c79712e67b54dd0a11d426a91207939,295d0d40791245ff838c73a2aa27d065,00614d60b3544ba790dfd23dd53992e0,cd6ce920d00e4d17a6cf04f9f7e550b7,5455e62f52ae4e03b2a5d0e8b9899506
e8f38f28c61d4444ba078fe27ebcbc24,9094e936e13641cc9bfcc7dc1408d86e,d9b97376c5e44d8786f861a5788af644,e343a998f4df4ac195c84e0fb571a393,01930613ce7d4a5f90ccf78d1e92a55d,19593c97fef0474dbe6051e28338f1e9,13cda6e8f2d948eeb5508288a172e76f,e79ae27b52fa4d54aa37735fd275c66e,52ee59901f3b4de884d7a6720538aed6,3f1c2bb09c4e4400b6ba19542fafce18,1099cb6f4fac4eb8a1fb6db50e18296b
4ec003b24cdc4b138166c6b304000312,33e2a95109e647cbb4ba2687631b169a,7326afe68eb64b63993b3dae022c645d,cf290994a83e4909aec30077477b9d04,5d5baf5ce88b4b529e28ab9c7c114148,74de04f31db94a99b757685c91779412,ef8c056ecb524439a48c881089537951,9bf3b77eb9874f5f9e006a9cff111ea9,fbfaa119f55a477984e42d80498f54d3,0a2c24dead204be9ae36be358e1223f9,5c09482fc8dc45bdbf7919f00dd540e0
7a0163f3c4484730b1f7324ebf67cd09,9094e936e13641cc9bfcc7dc1408d86e,d9b97376c5e44d8786f861a5788af644,e343a998f4df4ac195c84e0fb571a393,52ee59901f3b4de884d7a6720538aed6,1099cb6f4fac4eb8a1fb6db50e18296b,e79ae27b52fa4d54aa37735fd275c66e,0ecfdd96e0054841883acba75e83b232,14f4db886cca4104877ac7d1d7a64133,ad054da7e1704a53931a341173f0605f,3b37a4c34b6e4ca89a04da864e141422
4950b6a47e8e44f8bbb0aac7868f4b36,4e7ee74be72a461fa02fa61bee62bdcc,e43d8e7bc32f406b9a692e2604f5b45a,e903085a3f944ad2a41c37306b4e6ab4,86f59bd78b424260b0cf356f2f9ae734,0d0973762130427eaa2ce9a7a34517db,07958f43551e459eb30638b632e3cd64,45e440d874a54bb591862ff441114cd3,039f8e63b273472d8f1d99d9a5de5cf5,31cf7db26a3249c5a6205b005662ddcf,0a61f52258f643b6a6436a1ec234e197
4c620d71caf444eb9f723cc29094dcc2,772cb9726861451d9972604da6f65c55,cb2505b30d8a4dc086c353cf94424b6d,059a284910e849efbbc7073b8681409f,6c51b4f57ba0415f994756e944b11cee,ff171f0b29974f78b0e81fee30abdd38,8683a3ad55d84a78834fabe20cde5269,8a464aa9e2ee45d0abc7ae6181cd1bda,f32f4607b4714e378831f924c5e6084d,b8995466f0eb4e7ba141e23216e8b974,b8da01ceddcb45a491a288ddbc658e90
1852c13dfd984c51bfb11e6364bf47ba,189a3b686ad14c24b5e1a495f76dd239,75801225047a4c019100660c13f1e0f1,f8856799293e49feab6368e794eb8b00,a9d82bb43410405ca21b44a5e82e22b6,b6c493a3666c4db193e86c79faf099ab,48c31b1e2ce94de8968fab433813fa91,f5a9583711fc4ff4a46e85c24886b234,7960902edf4b47d686f704441aa56b0e,de6ac628a786435f9925c8cc1d707d6b,e3854d75221c4e38879a6106bb5c1941
0e088d9c189b42fba49c31c41949bba8,7aceed0dbea645b091207f4a53d879f2,e79ae27b52fa4d54aa37735fd275c66e,79721c9bb6a54ecdb3d0a0f4011762c1,342aaa81ed004635bbf9cbc2592cd7b6,b3a022950e444682a113cec5a0537f6a,01930613ce7d4a5f90ccf78d1e92a55d,eff24b01b2f5428baa4c3fef6cb40d41,1099cb6f4fac4eb8a1fb6db50e18296b,baf841bad27c456c9de7227555ea3ef8,da61d9bc8f024a4aba18d5c3072b7838
46422438d0644a1cb590332f27fe002e,bf789f42ccfc42c5a330a3f6e30ddb83,77cecb221149474896d9b2eb848bf150,0092d1d820c64646b8bee9fd14f77acf,84581d81d46d44bc99ffb8f871646a7a,97959d02a64f4a3fbbebe7cbece6c012,30f654c6e69e48888f9f42dd95ab3c77,eb21a4e2b7bd43efbdf0c365415e7fef,c1d504dfeded4b8bb3c07777b7c7abde,d9ac372330a4446886fa19bac0d19877,feb980ae999948ce9be0266b4ddc048d
968aaed29a304ba7b1a1990450602307,37ae696e40dd42ebb4738722daa3c523,dd9e8283197b473d8ffd502561bdaaec,02e1d712f37e428c998f72e7a7eeb1e6,f7f600880b064920ab59b907d26aedc6,da61d9bc8f024a4aba18d5c3072b7838,2e7836ee5e5144f5b63e6629b969a362,99830b8da7c24f909914f7bb167f3ea6,e511c40ca6324803b5021e47b4e777f8,baf841bad27c456c9de7227555ea3ef8,e79ae27b52fa4d54aa37735fd275c66e
f3e1733712aa449e916483279ed84027,bf789f42ccfc42c5a330a3f6e30ddb83,84581d81d46d44bc99ffb8f871646a7a,5537ddec608a4ec586ea068fa27547ca,0092d1d820c64646b8bee9fd14f77acf,c2a665cec90e46db8d2a74389beb4649,eb21a4e2b7bd43efbdf0c365415e7fef,30f654c6e69e48888f9f42dd95ab3c77,93dc50abd35349f7923100dca2f41002,444fa28d9ed54c82a522699041eae592,77cecb221149474896d9b2eb848bf150
4fa08d976269478fa124bfa62b83982f,66cba49431224a3788f914d6a80165e1,67dd23cfd20f46dc82acc82c108a1dc6,1f9cd7f2b7a14e2f8d490a104a56edcd,26869cc099c44c4a86f6043476ab4890,cc243eebbb2b44a581745865a60c423a,82d68ea370f8451aa16ea08f4601245c,41e657daa20545a588584578bdb4101c,02a3cd76ce534d188b4d5ac4778bd652,19593c97fef0474dbe6051e28338f1e9,35c5a560ecdc4d6a9d20f057ed1fa0e6
d9a90abcdd1d474ba4dc176d544afc6e,66cba49431224a3788f914d6a80165e1,67dd23cfd20f46dc82acc82c108a1dc6,82d68ea370f8451aa16ea08f4601245c,1f9cd7f2b7a14e2f8d490a104a56edcd,19593c97fef0474dbe6051e28338f1e9,41e657daa20545a588584578bdb4101c,26869cc099c44c4a86f6043476ab4890,cc243eebbb2b44a581745865a60c423a,d9096650c434432c871effeca9acd5c6,b277101390e1465685ef79bf3519f8d7
a340c00c29c84c2e841e61bba8c9b67b,bc13c2b0221744a29a8ddf56aa015df9,66690895454847fea5a000202fbfab2e,ffc5805e29a74be0a55b40318aa321d7,9bf3b77eb9874f5f9e006a9cff111ea9,eff24b01b2f5428baa4c3fef6cb40d41,ffe2740eee8c49b39b2ce41f9983bcb4,da61d9bc8f024a4aba18d5c3072b7838,4a3d4daed4b24a1898551f0fd1ba44f1,250d411ae270441085be3501b7b55d86,ad054da7e1704a53931a341173f0605f
ee8c72e038f140a5bc9cb4770711253a,ca0fe2dd97434e2ca7aecc38d4f1fcd9,e343a998f4df4ac195c84e0fb571a393,9948a890ef25479e834f70944cb42eae,7d5c0a2bfccf4255a43d9bd0f84a6d3a,033f1514c78b49dd82148b94f6bcbeba,a9573f188204436090fb4a5240e4eccd,9094e936e13641cc9bfcc7dc1408d86e,1578afd6ce694d46ab6e24f965f51fd6,0ecfdd96e0054841883acba75e83b232,01930613ce7d4a5f90ccf78d1e92a55d
fcf7329cd9b742bd82f6e3c42cb5139d,1393dac7d34b4c34b1a8091a5bea3663,9bf3b77eb9874f5f9e006a9cff111ea9,79721c9bb6a54ecdb3d0a0f4011762c1,de6ac628a786435f9925c8cc1d707d6b,fadf133e0e684a24ac79b5fa9515bac2,1027a336232c4454a9c4ae450a562788,99830b8da7c24f909914f7bb167f3ea6,66690895454847fea5a000202fbfab2e,ad054da7e1704a53931a341173f0605f,4a3d4daed4b24a1898551f0fd1ba44f1
1a24459300a447d3a68d04bf7b154891,99a52c93a3304ec18dab9206f98f2a8b,4e4495962a9b4864882397042f1a2b3e,8d595c7da42545c88052e7b213b6c97c,bcfa4a4177d44d8b8cda17b7a23196b0,ad42c467d0fe43dbb328073f9a16bc4d,1232f20e710b448e8c0538b9e84dab1c,3aaea7fa41fd43cdb88f8ef59062c5df,df5ca61304074da1bec8f536ab50baf3,17b5eb6fab65476f827dd355b4a20a55,e1c63000ace94c1d9381d82389fe6afd
37cd8f1e7c334f42965941e69fac45d7,f65c7f50929f431dbf31b441d87616d0,b23a9c50eada4286a4f7ce8668b92db1,c74557a980e2428a9ffcc245278df692,7326afe68eb64b63993b3dae022c645d,514537782f6549c488a1b932939b4128,5537ddec608a4ec586ea068fa27547ca,e5a3c8867e44498d9182e8be934e0fce,643fbbdd6b764ba9904a4ee67a86b9fd,eafb3480db704d7baa8216ce857d1610,9bf3b77eb9874f5f9e006a9cff111ea9
e6c222899c8948ca8776d43041023512,b77d8b7bb0114c379139d280a9210e83,1f3cf50fe1f947d8a56e02ebca441c4c,3d3e8565d2f84e0cad5ae622f2909765,43464ed6733f4642a0b90e7d995a5e40,1d70bc69b2f84bef9aa5fb0d9917e38d,97959d02a64f4a3fbbebe7cbece6c012,8d595c7da42545c88052e7b213b6c97c,7e190e3c05d74e6b9f103e39142c1684,aa082284f9894b5aa210c179d59999b1,17b5eb6fab65476f827dd355b4a20a55
406a4cc04a7b4bf1bedba252a370170a,6c874292dbcc49ff8bb8bbe5643593a5,eb21a4e2b7bd43efbdf0c365415e7fef,8d595c7da42545c88052e7b213b6c97c,1232f20e710b448e8c0538b9e84dab1c,452d645d5bf4485185e996dcec9523e5,44f41e6e6faa4facb0bb9a72205229f8,f12e9e5805534d719f829332d1ea5d29,9bf3b77eb9874f5f9e006a9cff111ea9,97959d02a64f4a3fbbebe7cbece6c012,52ee59901f3b4de884d7a6720538aed6
9536a093de5c454f8107c944fdbc4de0,b77d8b7bb0114c379139d280a9210e83,1f3cf50fe1f947d8a56e02ebca441c4c,41e657daa20545a588584578bdb4101c,70558882c04e46bd99d15e9786468418,6ea31a945d494834a3d243f1f90af02a,d445ccdb4cda497e9f0343a3298022d2,0971af4212484a958eb0f60f93d1dfe0,02a3cd76ce534d188b4d5ac4778bd652,cc243eebbb2b44a581745865a60c423a,daed5458403e49e3aea72f4bcc6dd224
ee26c03d830d424ba086d493237a5c76,52ee59901f3b4de884d7a6720538aed6,6c874292dbcc49ff8bb8bbe5643593a5,ffc5805e29a74be0a55b40318aa321d7,e1c63000ace94c1d9381d82389fe6afd,1232f20e710b448e8c0538b9e84dab1c,b23a9c50eada4286a4f7ce8668b92db1,7d0190486da540718e4dc4ca4bd1f573,34b736136487439389c10cc6bd4e9f4e,eb21a4e2b7bd43efbdf0c365415e7fef,2c3599a1611644f4908562f8fb8870d3
f3ab568e4b5948f9ac5e94ddaf848ef1,051d304b7139431fb3bff19b4e75aff7,0bd1cce9370a461089e25393086800a8,3f1c2bb09c4e4400b6ba19542fafce18,6bedb2d6ace34e18811b7f1206b2d1b0,4c67cc7a1ccc496db132636e3f4853a2,5fc200cab89346658c9c91cce27e85fe,77d8e01a914d4f4a8b87d407e0d741aa,f2cfa68a47ce4a43a0fe1cc7dc860418,27a67d3e76814297aebf64e03d14c336,a055f8188384479a8bad418f7dffd9a5
72711fdab1134c6c884778196c514a78,dbf0926f9f344f1d88b114660db4d2eb,5e44915237fc4445b54b037e1c4e29a4,c1def54262224e23acf67a9870725ce5,6f8d80f8673144dfa7a4e09190442ab3,059a284910e849efbbc7073b8681409f,8683a3ad55d84a78834fabe20cde5269,d476be2399b7424a88d242b771c32041,6b7b5d28293d4a5a8075f7f7dd231ddb,772cb9726861451d9972604da6f65c55,71c1a8479b194efca65b44fb7f327afb
b40b5c9909d84456806fed5c7fb41ff3,051d304b7139431fb3bff19b4e75aff7,6bedb2d6ace34e18811b7f1206b2d1b0,3f1c2bb09c4e4400b6ba19542fafce18,5fc200cab89346658c9c91cce27e85fe,0bd1cce9370a461089e25393086800a8,a055f8188384479a8bad418f7dffd9a5,9bf3b77eb9874f5f9e006a9cff111ea9,27a67d3e76814297aebf64e03d14c336,076e2669c305401fb3afcfafdd6c79c7,de1102228a324428989533278cd482f6
4fd6e570dc5a4e03bbe54c468c9a570c,f37d285ad0de42f0b1546d0d1acfb221,c1def54262224e23acf67a9870725ce5,ad42c467d0fe43dbb328073f9a16bc4d,105ad424733e4cffa7c474b51e3980aa,99a52c93a3304ec18dab9206f98f2a8b,17b5eb6fab65476f827dd355b4a20a55,7fe9e665bf41491c9788941aa2894a10,9909a671f7414c19b2727e7d4d4dcf1b,ff171f0b29974f78b0e81fee30abdd38,7627d5e28ba74cbeaf9225e88a7a44cc
af888c70b0554578b1511b9ccc3a13af,6ea31a945d494834a3d243f1f90af02a,9daaefe080b34656a0c7a54d2d6a1713,1f3cf50fe1f947d8a56e02ebca441c4c,f0084465b2e646c9a53d9dc766067d9b,e0ff5d4ae0ec4871a49041d550cdcaa9,9460474d89704a68aaa6ccb62310ae3d,039f8e63b273472d8f1d99d9a5de5cf5,7199f2fe77824236a392e1f00a5bdfc3,8dfbb6a204a0441492c35baca6190969,0971af4212484a958eb0f60f93d1dfe0
47b057e77a1148e08d82607a8ba8b64b,e8f18e4bdf054390a1768978dca8e430,bf789f42ccfc42c5a330a3f6e30ddb83,97959d02a64f4a3fbbebe7cbece6c012,039f8e63b273472d8f1d99d9a5de5cf5,d9ac372330a4446886fa19bac0d19877,bcfa4a4177d44d8b8cda17b7a23196b0,30f654c6e69e48888f9f42dd95ab3c77,77ce0587a12b46bab8814225ba86753e,0a2c24dead204be9ae36be358e1223f9,07958f43551e459eb30638b632e3cd64
d004772f2bcb4290817f8a5eaf8e089e,9909a671f7414c19b2727e7d4d4dcf1b,ab57f83304bc4005998bbd6bc063fb4f,eee7f32249c5452ea36c8ed3a3540010,db0c3a952e454b90aa4a68feb6a50e87,d361a9e414fb41c1a605200d9cbba496,059a284910e849efbbc7073b8681409f,22d9d5ad33e947fd857c5c4a8b7dfae1,eafb3480db704d7baa8216ce857d1610,c1d504dfeded4b8bb3c07777b7c7abde,7d0190486da540718e4dc4ca4bd1f573
c5cd895ffe7143f7b76b9704dd73a0e1,e8c8742459dc48a49080bf0e5b3fdee0,8a9dc60359ba49cd8ac170cfb4ac3913,f6061b71031b4ddb9384f86c103690a4,033f1514c78b49dd82148b94f6bcbeba,15b7b988bba143989cfd98d5c6c4d203,03df72bcf3504272a27f4bbaea89118a,67dd23cfd20f46dc82acc82c108a1dc6,570f08ce2a1a47978eab16bf7ad16a68,39a08a87897f47d3bdbbdc5ed8c9cd7f,9bf3b77eb9874f5f9e006a9cff111ea9
4fdf4fbcd0c942659a768bc44c26e36b,27a67d3e76814297aebf64e03d14c336,4a3d4daed4b24a1898551f0fd1ba44f1,7dd5e88dfdd24cafab2c765939757354,9bf3b77eb9874f5f9e006a9cff111ea9,23a16d69ffe848d593a4808907d8aa98,434551fdf9e443ed91679a9557ae6fd5,f91157bb8fca4a8e98db33591a76be9a,c750a2994555414790abb3281572bb42,249c2d8d8d2345c6990b3c4d94385b5a,da61e0de396149208c9ebd0fd6d7415d
e713b8481db84ce48754efe4036cb367,27a67d3e76814297aebf64e03d14c336,4a3d4daed4b24a1898551f0fd1ba44f1,9bf3b77eb9874f5f9e006a9cff111ea9,52ee59901f3b4de884d7a6720538aed6,e511c40ca6324803b5021e47b4e777f8,599feb1e512c43ad8c0a1845922acf78,23a16d69ffe848d593a4808907d8aa98,fadf133e0e684a24ac79b5fa9515bac2,6866efc8987a4ec8b04b7abd28fb5777,434551fdf9e443ed91679a9557ae6fd5
2c6a9ad5618343c3af68eb2b03c705ca,4c293487c809486585d65ed10b2cb1e4,eafb3480db704d7baa8216ce857d1610,097f2ce3b88c4d008488b9908076497e,3f23eafbd9cc4e209aca631fd6fc9dfd,eeb3b60f34af40de850e065b475d8180,0cdb0f32850f4585a16de4886462bbe0,361f2b7f3f044907b3a331872fb18755,199647bd1328406c83c5a875154f97d9,ccb62901750b4d13a922fc161b607f83,04d24d1cf42b4f7787d8d300cbad6d50
a140cb170b604376817a046b5c07af44,67984873125e4a0f9562179c906d1b0f,26869cc099c44c4a86f6043476ab4890,6866efc8987a4ec8b04b7abd28fb5777,ca544e6629b14e8fab5f7cb40d1ac88e,bbdf9065122d499d9d8f80ad3e0ef6f3,530b37164090408dbab4e6da51111b8a,0b57f893483647c3aed811775a4c4c04,b277101390e1465685ef79bf3519f8d7,c713a0ca69864ee7b240069c98dc44dc,41e657daa20545a588584578bdb4101c
0b381fa026434777872d3b9ac3c227cd,e2769c67dadd4c988f7ccf249a998a56,43464ed6733f4642a0b90e7d995a5e40,82d68ea370f8451aa16ea08f4601245c,66f4c650b7ca48f1bc27f9daff8d312a,384b14b18c3c43b1a4dc1aa2f661e076,b702b2b61ce048c6bf5af3c4dca18b1a,e96fae6d607246b18b8494aabe521036,51c6049a18b84ee381d0512e40b67c0e,e0d8aee46b1d4d998858cd05027251b6,29088685e31a4d86b60b514e98117361
125d9c4bb335433bb1a04d677002207c,664da77d25e74df693eaad44a5e7617f,e511c40ca6324803b5021e47b4e777f8,29fb30a75c57451a85f310aa6423a662,66690895454847fea5a000202fbfab2e,f8e7f9688fd546829da579434180ffee,9bf3b77eb9874f5f9e006a9cff111ea9,2c3599a1611644f4908562f8fb8870d3,23a16d69ffe848d593a4808907d8aa98,cf7476d6c96b4dcdb6f025b9291eb62b,599feb1e512c43ad8c0a1845922acf78
dc06b2fc4efd4a42ae957e86afc762c4,59e4dcf2794943b18fb902a6eb475ff8,29fb30a75c57451a85f310aa6423a662,664da77d25e74df693eaad44a5e7617f,9bf3b77eb9874f5f9e006a9cff111ea9,a9573f188204436090fb4a5240e4eccd,5cf392f15360460bae6a6b0182bb99b9,6bedb2d6ace34e18811b7f1206b2d1b0,6732de8994744decbb3306c74aaa7882,e12ad1ce8e7940a999b9a4f91a95fab7,e5a3c8867e44498d9182e8be934e0fce
ee46cf904fbc4ddfae1da60297817b48,03df72bcf3504272a27f4bbaea89118a,e8c8742459dc48a49080bf0e5b3fdee0,211ef3181e524685866fb8574d9bf456,033f1514c78b49dd82148b94f6bcbeba,8a9dc60359ba49cd8ac170cfb4ac3913,15b7b988bba143989cfd98d5c6c4d203,570f08ce2a1a47978eab16bf7ad16a68,64fc9fe3c8d5424ebc005e5cf4a608db,016e634d566b49c199d07357aae9bf33,67dd23cfd20f46dc82acc82c108a1dc6
2d078fc2891f4628914aa44ba8603a04,59e4dcf2794943b18fb902a6eb475ff8,e12ad1ce8e7940a999b9a4f91a95fab7,a9573f188204436090fb4a5240e4eccd,31f80e4c87164e2893375ec7e73b372e,9bf3b77eb9874f5f9e006a9cff111ea9,664da77d25e74df693eaad44a5e7617f,6732de8994744decbb3306c74aaa7882,6bedb2d6ace34e18811b7f1206b2d1b0,5e44915237fc4445b54b037e1c4e29a4,3c0f3b44c0844df49b5898406fe9195a
e394d55c1e79420f832b2aabb8a96d39,03df72bcf3504272a27f4bbaea89118a,211ef3181e524685866fb8574d9bf456,f6061b71031b4ddb9384f86c103690a4,e8c8742459dc48a49080bf0e5b3fdee0,64fc9fe3c8d5424ebc005e5cf4a608db,67dd23cfd20f46dc82acc82c108a1dc6,016e634d566b49c199d07357aae9bf33,aa082284f9894b5aa210c179d59999b1,8a9dc60359ba49cd8ac170cfb4ac3913,31cf7db26a3249c5a6205b005662ddcf
946d71a18f264ed887f55c1a9a2ffc4d,26b18153216b48d793b75598ddb54d77,384b14b18c3c43b1a4dc1aa2f661e076,f464960d2dbc43c0970c60600bd7f1cd,7e190e3c05d74e6b9f103e39142c1684,e2e0c8c96aff4c00896ac6986bbb20c2,be8953cc364d46cebbcc2c2da2c348ab,a2612682d9854a30a7684c91c8619ec9,f335a944a27a4504a82ecf70c2d4a5e4,6c79712e67b54dd0a11d426a91207939,00614d60b3544ba790dfd23dd53992e0
e89b67fc618f4ccc84877eb31c645e09,26b18153216b48d793b75598ddb54d77,384b14b18c3c43b1a4dc1aa2f661e076,e2e0c8c96aff4c00896ac6986bbb20c2,be8953cc364d46cebbcc2c2da2c348ab,feb980ae999948ce9be0266b4ddc048d,f464960d2dbc43c0970c60600bd7f1cd,a2612682d9854a30a7684c91c8619ec9,1d70bc69b2f84bef9aa5fb0d9917e38d,7e190e3c05d74e6b9f103e39142c1684,63eab812f3254cccb9631b09725aec3d
bc267c43ca1f44febd9e7093727ef543,4a7fa5a1bafe4b6995e2920444ac07c4,5455e62f52ae4e03b2a5d0e8b9899506,bbdf9065122d499d9d8f80ad3e0ef6f3,88353d1136d24836816b073de62e5f50,0daf8d5687b54d158f7f752884c42334,50a2129b83404b94889a01f4688ebafd,a5d5fb459a1844088e93ae557ab34afe,295d0d40791245ff838c73a2aa27d065,0842a796c09b4089933a4f27e4e5e3bc,3aa003c1e31b476e999c3a808a1d5dc6
01ac8202a1f44b648edeaa48d9b3be1c,4a7fa5a1bafe4b6995e2920444ac07c4,5455e62f52ae4e03b2a5d0e8b9899506,88353d1136d24836816b073de62e5f50,35c5a560ecdc4d6a9d20f057ed1fa0e6,0daf8d5687b54d158f7f752884c42334,0842a796c09b4089933a4f27e4e5e3bc,a5d5fb459a1844088e93ae557ab34afe,b6c493a3666c4db193e86c79faf099ab,cdd73e0289aa4e2b87cd14e6ff5bd75e,5fc200cab89346658c9c91cce27e85fe
3f6590287d024cde9a430ca74bf005c7,8a464aa9e2ee45d0abc7ae6181cd1bda,71c1a8479b194efca65b44fb7f327afb,77ce0587a12b46bab8814225ba86753e,452d645d5bf4485185e996dcec9523e5,7dd5e88dfdd24cafab2c765939757354,1419b2c686f44896a0ae2a43e93b5402,e86a0aae846a4e44bf967ab4972c977c,ff171f0b29974f78b0e81fee30abdd38,d445ccdb4cda497e9f0343a3298022d2,039f8e63b273472d8f1d99d9a5de5cf5
c293e0f7c0da40049992e9ce791370db,2939ef012c5c4a1b94b49df9469dfb3c,e22e1ad3c1fc4493bcb7c9b923566ff7,2c3599a1611644f4908562f8fb8870d3,1232f20e710b448e8c0538b9e84dab1c,7d3d751215194e649a03457226f599d7,57430214baf045cb92fa3b3b70a4ca3f,7e8a4a43e2f84dbb88e41cb24b3fe79f,9bf3b77eb9874f5f9e006a9cff111ea9,8228c9eb29a542ba98c8b9b854eadaa4,91f9f8576e5142a49926bd623b0bc19c
30cf83c6a107496a894c8ee50f9b6941,2939ef012c5c4a1b94b49df9469dfb3c,9bf3b77eb9874f5f9e006a9cff111ea9,6732de8994744decbb3306c74aaa7882,72a7e2ce22d045efbdbbab9c68f5d026,91f9f8576e5142a49926bd623b0bc19c,8350ea8cd6514c2c8d7b625abe7e895b,ee89670285c74e27aa174dadf39fbca7,8fdee0611965465eb45387b8c39f4136,e22e1ad3c1fc4493bcb7c9b923566ff7,b585a2970e9f421da236241f603883f2
0cf92dcb9bc94f0697e76d4ccdd96aea,8a464aa9e2ee45d0abc7ae6181cd1bda,77ce0587a12b46bab8814225ba86753e,71c1a8479b194efca65b44fb7f327afb,452d645d5bf4485185e996dcec9523e5,1419b2c686f44896a0ae2a43e93b5402,cb2505b30d8a4dc086c353cf94424b6d,6fc7a2cf0684475a82f6ff9be2c8e850,98fbdf945d0c4206a48a4f7260e56017,8683a3ad55d84a78834fabe20cde5269,6b4676aba2a746b3ab778315afc8ee82
0defb2dd1f4e42b8867d78c68c45bf69,14ca42308d3141fba50b774042144343,eb21a4e2b7bd43efbdf0c365415e7fef,cb32ec9a538a4c0f8462771946ced93b,1419b2c686f44896a0ae2a43e93b5402,82d68ea370f8451aa16ea08f4601245c,2639b6540bda414f8a9baa3b5cdb612a,d9ac372330a4446886fa19bac0d19877,5d5baf5ce88b4b529e28ab9c7c114148,e96fae6d607246b18b8494aabe521036,1232f20e710b448e8c0538b9e84dab1c
7e165023b13a4ea89bb41b86336ed275,7f0b453cc8c14156802497f5cbae9d62,673aee19895b4d339ada93213d8874ac,8c7c9eaae41a44a3a4ebe39ce167d300,e59dba65749140f4a1bdaf2695de2fc6,31a2675a2e944a1ab3b810cfb92ebd34,039f8e63b273472d8f1d99d9a5de5cf5,6dc5832f0ac04df2bd99c6415b3ecf09,98fbdf945d0c4206a48a4f7260e56017,b585a2970e9f421da236241f603883f2,4c36aafaf38f4e9e9e09991737196fe1
bbd916e845d14857ad0f48dd4693ed85,673aee19895b4d339ada93213d8874ac,7f0b453cc8c14156802497f5cbae9d62,e59dba65749140f4a1bdaf2695de2fc6,8c7c9eaae41a44a3a4ebe39ce167d300,04d24d1cf42b4f7787d8d300cbad6d50,98fbdf945d0c4206a48a4f7260e56017,71c1a8479b194efca65b44fb7f327afb,17b5eb6fab65476f827dd355b4a20a55,33b5e2ae5ebe4f548bac3a00ab0a59eb,2fcf4a04d3654ffb9a5c1dfa3799e4f0
e74837fbb60c42a4a65d86d1568b4649,b7f5c165ea2242709a2fb71f3a3f1bcb,00614d60b3544ba790dfd23dd53992e0,cd6ce920d00e4d17a6cf04f9f7e550b7,59f62d35b1ad451397b700b3dad25448,d2a03ea4b2d3439ca3dc6fe056ab0f04,d0e41bf891254ba0872f1641139f84f6,b4dadb3ea3a04cc3932094471debce13,74de04f31db94a99b757685c91779412,0842a796c09b4089933a4f27e4e5e3bc,1d93c07de74c482ebf0a76ec564c3252
13f2026fed26452685621e4b5e90c497,db2466dc7da64ac5a2a21c20ace67856,8b4e9e3d234e4eec99a7651e246bbfa3,07958f43551e459eb30638b632e3cd64,9daaefe080b34656a0c7a54d2d6a1713,e53dd6188816429ab915de6f9649a026,7d6cdff8c9ac434196df803628fe9f62,11e1e3cdfe214385a2c24d0f957dde9b,b626eb67c2e14afeae2846bb150976f3,105ad424733e4cffa7c474b51e3980aa,9909a671f7414c19b2727e7d4d4dcf1b
a3a3c4b19635404cace83ff7b80a1679,db2466dc7da64ac5a2a21c20ace67856,e53dd6188816429ab915de6f9649a026,91f9f8576e5142a49926bd623b0bc19c,df7ea50171af48df81584ab7e8107d15,0971af4212484a958eb0f60f93d1dfe0,7d6cdff8c9ac434196df803628fe9f62,21019944fc2c4838a682a6dcdc62c4ef,8228c9eb29a542ba98c8b9b854eadaa4,7e8a4a43e2f84dbb88e41cb24b3fe79f,43ee0103cba54b4e9d165717735ca0f6
72772d2296a24491b21db0cf0ffec2cc,4385ac4645b34f3c8a44c4676ebcd8be,c1d504dfeded4b8bb3c07777b7c7abde,e96fae6d607246b18b8494aabe521036,d9b70c4ed8bb4fc5957ecebf102528ee,211ef3181e524685866fb8574d9bf456,41047823f2cb4194ba1e0709443c719a,e4fcd30261804b089efa940359057ba2,90b560de76b149c09c7cd6efb3f12cfd,31cf7db26a3249c5a6205b005662ddcf,babbeca1f6a244a2a11ea77a3855e70f
3c36c01d06db430891436e7338519629,4385ac4645b34f3c8a44c4676ebcd8be,c1d504dfeded4b8bb3c07777b7c7abde,e4fcd30261804b089efa940359057ba2,d9b70c4ed8bb4fc5957ecebf102528ee,90b560de76b149c09c7cd6efb3f12cfd,e96fae6d607246b18b8494aabe521036,41047823f2cb4194ba1e0709443c719a,97959d02a64f4a3fbbebe7cbece6c012,babbeca1f6a244a2a11ea77a3855e70f,9460474d89704a68aaa6ccb62310ae3d
27f5e7c9028741ea99cbf424d87b7f8f,15b7b988bba143989cfd98d5c6c4d203,8a9dc60359ba49cd8ac170cfb4ac3913,e8c8742459dc48a49080bf0e5b3fdee0,f5b766ea6abe4b5fb27d49cc3bc06020,a055f8188384479a8bad418f7dffd9a5,033f1514c78b49dd82148b94f6bcbeba,c84deec0ecf843c39f52d4cb8e7300f8,b0d2e6c4b2384950b3696c4414870282,7862a63720b34104abf5bfa44bc8178d,e4fcd30261804b089efa940359057ba2
1ff1f628d46c4fffbf9a44323220d682,b2bcb4d9456c4763a0159ffd1f3660bb,ff171f0b29974f78b0e81fee30abdd38,361f2b7f3f044907b3a331872fb18755,eeb3b60f34af40de850e065b475d8180,b8da01ceddcb45a491a288ddbc658e90,6f8d80f8673144dfa7a4e09190442ab3,4e4495962a9b4864882397042f1a2b3e,5e44915237fc4445b54b037e1c4e29a4,df5ca61304074da1bec8f536ab50baf3,514537782f6549c488a1b932939b4128
d12ab20387aa452093121c89f55faef6,cb2505b30d8a4dc086c353cf94424b6d,f32f4607b4714e378831f924c5e6084d,71c1a8479b194efca65b44fb7f327afb,1232f20e710b448e8c0538b9e84dab1c,7226603f024c45c6a6e44b00e52e8aad,8a464aa9e2ee45d0abc7ae6181cd1bda,cd764fbfae774d068af7549c648a02c9,eb21a4e2b7bd43efbdf0c365415e7fef,772cb9726861451d9972604da6f65c55,8dfe01febd46475ab5aef97033716ce1
cf7d4b9d3c9c4789b84574f7294511e4,b2bcb4d9456c4763a0159ffd1f3660bb,eeb3b60f34af40de850e065b475d8180,ff171f0b29974f78b0e81fee30abdd38,4e4495962a9b4864882397042f1a2b3e,df5ca61304074da1bec8f536ab50baf3,361f2b7f3f044907b3a331872fb18755,b8da01ceddcb45a491a288ddbc658e90,b834c0b0c10b471b87ad3f11468de619,54e9bbd0093947a3bda5fef48ef7493d,ad42c467d0fe43dbb328073f9a16bc4d
ebadbbba9888428c97cd7f6f9d614d2b,cb2505b30d8a4dc086c353cf94424b6d,71c1a8479b194efca65b44fb7f327afb,f32f4607b4714e378831f924c5e6084d,1232f20e710b448e8c0538b9e84dab1c,b2bcb4d9456c4763a0159ffd1f3660bb,eb21a4e2b7bd43efbdf0c365415e7fef,f12e9e5805534d719f829332d1ea5d29,8dfe01febd46475ab5aef97033716ce1,7226603f024c45c6a6e44b00e52e8aad,8a464aa9e2ee45d0abc7ae6181cd1bda
3ef127b149d24d42a5b4d73a369daeba,8fdee0611965465eb45387b8c39f4136,cb75c6ef71cb4991805920f2894e0e96,f91157bb8fca4a8e98db33591a76be9a,8350ea8cd6514c2c8d7b625abe7e895b,039a871609044cb1b69f70c082fe61d8,b585a2970e9f421da236241f603883f2,e0ff5d4ae0ec4871a49041d550cdcaa9,d87e5facd03b45f9829e8a1cd0fe0190,02a3cd76ce534d188b4d5ac4778bd652,7199f2fe77824236a392e1f00a5bdfc3
86cc05a71e4440cba336690dfa0149ac,8fdee0611965465eb45387b8c39f4136,f91157bb8fca4a8e98db33591a76be9a,30f654c6e69e48888f9f42dd95ab3c77,5e44915237fc4445b54b037e1c4e29a4,199647bd1328406c83c5a875154f97d9,9500823cb050427696343b1ea5cf8881,6732de8994744decbb3306c74aaa7882,da88fa5efc674368b593444ca950dff9,7199f2fe77824236a392e1f00a5bdfc3,4e22dc65beb7450b9260cf27e50919e4
dda93eeaef8c4891aa99f6851955606e,3aa003c1e31b476e999c3a808a1d5dc6,78809cb3c6b841a9b8b132133dd6bb96,e4e12f4711fd41e39075e26cc274df45,b6c493a3666c4db193e86c79faf099ab,7ef653f7e5f64e1b8bba73b9518b87b7,4a7fa5a1bafe4b6995e2920444ac07c4,0daf8d5687b54d158f7f752884c42334,0b57f893483647c3aed811775a4c4c04,cb550e5ff4694fe9a19eaa6588cef250,87fc1d6a57ea488786caaec8599c3b8b
1c7e49f7fcc1484593f48dc107e63996,65e30dd62cfa4dccb9ea4d908a9d6fab,797cc520b8c94d9bbef187818ab51647,78809cb3c6b841a9b8b132133dd6bb96,3aa003c1e31b476e999c3a808a1d5dc6,b6c493a3666c4db193e86c79faf099ab,87fc1d6a57ea488786caaec8599c3b8b,0b57f893483647c3aed811775a4c4c04,59f62d35b1ad451397b700b3dad25448,2d43cf91509846e29ab4febd7781919f,bbdf9065122d499d9d8f80ad3e0ef6f3
01b3be2b5b2f4891ad053f74f427514b,3aa003c1e31b476e999c3a808a1d5dc6,e4e12f4711fd41e39075e26cc274df45,78809cb3c6b841a9b8b132133dd6bb96,b6c493a3666c4db193e86c79faf099ab,0b57f893483647c3aed811775a4c4c04,7ef653f7e5f64e1b8bba73b9518b87b7,4a7fa5a1bafe4b6995e2920444ac07c4,cb550e5ff4694fe9a19eaa6588cef250,64e74af099b0485f8b6e71ac73aa2cb8,87fc1d6a57ea488786caaec8599c3b8b
6da229c88f574b79a9aa35557565a86e,4230775a9d51448396cacb9061f0e5f9,fe363cef357840fcb35f320fe7c27e4e,a297e08effdf4a69a6c4d79a34a0c6ad,4285b02dc9164cb9bae36b0566bb42f0,2acbd3ec289a47f7b4108896ec632585,8ad1f345ca194b29bde0a924f27b2de5,fc70a4c2c4834e0eba1a14470f563b03,e59dba65749140f4a1bdaf2695de2fc6,f12e9e5805534d719f829332d1ea5d29,afac6ae28fac41dabae96696990c5555
692f47ec6a394c83acb7708bfd6c7c96,fc70a4c2c4834e0eba1a14470f563b03,33e2a95109e647cbb4ba2687631b169a,887e323cc38f4cf8adc5970617f1c286,8dfe01febd46475ab5aef97033716ce1,a297e08effdf4a69a6c4d79a34a0c6ad,6b7b5d28293d4a5a8075f7f7dd231ddb,71c1a8479b194efca65b44fb7f327afb,4285b02dc9164cb9bae36b0566bb42f0,f32f4607b4714e378831f924c5e6084d,5e44915237fc4445b54b037e1c4e29a4
f880dd7555534b77bb131f2d6fa4ab37,4230775a9d51448396cacb9061f0e5f9,fe363cef357840fcb35f320fe7c27e4e,a297e08effdf4a69a6c4d79a34a0c6ad,e59dba65749140f4a1bdaf2695de2fc6,4285b02dc9164cb9bae36b0566bb42f0,8ad1f345ca194b29bde0a924f27b2de5,bb6ecabbce1b43d997d00d7acdc95193,a8904adcdd21495f890bc614bfdbf86f,2acbd3ec289a47f7b4108896ec632585,afac6ae28fac41dabae96696990c5555
fc88a18e8b6343d3a58e4aab7a84620b,fc70a4c2c4834e0eba1a14470f563b03,d445ccdb4cda497e9f0343a3298022d2,887e323cc38f4cf8adc5970617f1c286,4285b02dc9164cb9bae36b0566bb42f0,33e2a95109e647cbb4ba2687631b169a,ca5add3cbf044a95a5bec88a5841ce98,71c1a8479b194efca65b44fb7f327afb,cc243eebbb2b44a581745865a60c423a,0cdb0f32850f4585a16de4886462bbe0,f32f4607b4714e378831f924c5e6084d
b715f62fa2f14ddeb98cb30d9c54339d,3b7d56c26da14b3a9b1cd52b5b35891b,eff24b01b2f5428baa4c3fef6cb40d41,9ffa09a2b9bd4da0ba98fc537ca68802,1004b33e3126472faa78e1929ed974e6,cb75c6ef71cb4991805920f2894e0e96,b0d2e6c4b2384950b3696c4414870282,fadf133e0e684a24ac79b5fa9515bac2,1027a336232c4454a9c4ae450a562788,ec07b4e88bea4086a5eafed96d81edb5,bf789f42ccfc42c5a330a3f6e30ddb83
07cc561ef3f04e93a701b6919ee81175,0228b1e9e3244da3a727930123ba7bda,9aca522158f443fd8a9caaec38ae5e2c,9677dd2a3aae457a8079087ce4177e14,7c061d36393540b49e20d98086bdb5bd,225818abe99e45a0bf5b0b3ec30db76b,4a3d4daed4b24a1898551f0fd1ba44f1,0bd1cce9370a461089e25393086800a8,c756409435634fc48c643a64e73c93ce,df0c94234d9d4890b5b4b95c441b3e9a,ffe2740eee8c49b39b2ce41f9983bcb4
cb80f73ab9454fa798342057923edd40,3b7d56c26da14b3a9b1cd52b5b35891b,b0d2e6c4b2384950b3696c4414870282,eff24b01b2f5428baa4c3fef6cb40d41,fadf133e0e684a24ac79b5fa9515bac2,c74557a980e2428a9ffcc245278df692,19593c97fef0474dbe6051e28338f1e9,c84deec0ecf843c39f52d4cb8e7300f8,c3a741d302d94ee294bb6e4090fd2da9,3138244ae91040948d5bd6772e4075ea,22d9d5ad33e947fd857c5c4a8b7dfae1
c7fdef440d9345c6b34634ef46754490,415641aa43724ed9bc4710302b77edc3,ae3f42d57b3046a3821026173286a43e,403835bbf2f1447188bcc78e062b0028,714e47cd21e5416f864a4bc938850a72,d695b7afdc3841a28a56df578e56afce,4e4495962a9b4864882397042f1a2b3e,8b038cd0dafd45d8b1ce75177ca3a76b,3f28365e18244eb28cc7d23de8895956,f335a944a27a4504a82ecf70c2d4a5e4,f91157bb8fca4a8e98db33591a76be9a
f94bc288e76b4781b013d419ca5295b2,f4b7e6e902e344859cb041126b69ce3c,503d2f067a8a4f5798b1c64b07ab0bc5,0b57f893483647c3aed811775a4c4c04,0e8487b2e6a2439b9e6623a1e2e5e19d,797cc520b8c94d9bbef187818ab51647,a7077a82d2c74518b96fb45e35f6e150,f2cfa68a47ce4a43a0fe1cc7dc860418,7f5b658239034d35b7f4cf1c63cb388c,076e2669c305401fb3afcfafdd6c79c7,b64cef9df31c4e92a7b7ecd42f74f396
c6a1eb4b8cc74dc0a3d818ef10b1b04e,415641aa43724ed9bc4710302b77edc3,3f28365e18244eb28cc7d23de8895956,403835bbf2f1447188bcc78e062b0028,4c36aafaf38f4e9e9e09991737196fe1,ae3f42d57b3046a3821026173286a43e,714e47cd21e5416f864a4bc938850a72,4e4495962a9b4864882397042f1a2b3e,8b038cd0dafd45d8b1ce75177ca3a76b,98fbdf945d0c4206a48a4f7260e56017,d695b7afdc3841a28a56df578e56afce
f34c07d2f2ad4b4fb027ab3f4c68bffd,f4b7e6e902e344859cb041126b69ce3c,d0e41bf891254ba0872f1641139f84f6,797cc520b8c94d9bbef187818ab51647,f2cfa68a47ce4a43a0fe1cc7dc860418,f3fddb55448a46778b5d807642cceb71,0b57f893483647c3aed811775a4c4c04,503d2f067a8a4f5798b1c64b07ab0bc5,7f5b658239034d35b7f4cf1c63cb388c,0accd1d0138b49049d437c0d9b1c23c3,2d43cf91509846e29ab4febd7781919f
bd6f2e8af94548da8676de16a6853e69,0568345606fa4a2c84ed4ea6c74639ee,f5bcc6f48ed2447581b401d453039866,e79ae27b52fa4d54aa37735fd275c66e,4a3d4daed4b24a1898551f0fd1ba44f1,434551fdf9e443ed91679a9557ae6fd5,4d5cbe57c3094d01843e4f950a280b50,c750a2994555414790abb3281572bb42,db13ed5446be46269dff3de3c1bf2660,ef60b54aa4b5490890da32d0bb8c9cbf,60e87368fe334a92b57088b03cccbfc1
af596599aa804ad2bbe10c2ddf0b3e34,0568345606fa4a2c84ed4ea6c74639ee,7dd5e88dfdd24cafab2c765939757354,434551fdf9e443ed91679a9557ae6fd5,7199f2fe77824236a392e1f00a5bdfc3,7aceed0dbea645b091207f4a53d879f2,26869cc099c44c4a86f6043476ab4890,f5bcc6f48ed2447581b401d453039866,e79ae27b52fa4d54aa37735fd275c66e,ad054da7e1704a53931a341173f0605f,d658e3a743af41899183fecff6b2628d
680120b1438b42a3acd998a7e00f02ef,d87e5facd03b45f9829e8a1cd0fe0190,df0c94234d9d4890b5b4b95c441b3e9a,434551fdf9e443ed91679a9557ae6fd5,f1c9c5051bdd4a11a064260bbb9d6d7b,30f654c6e69e48888f9f42dd95ab3c77,19a124c6dad14a4fa7864463b081009c,35d06fce2df446569702778e2250bd82,b585a2970e9f421da236241f603883f2,eb21a4e2b7bd43efbdf0c365415e7fef,8fdee0611965465eb45387b8c39f4136
5d17356d82d74aa3a6e6f979ef1796fd,d87e5facd03b45f9829e8a1cd0fe0190,df0c94234d9d4890b5b4b95c441b3e9a,434551fdf9e443ed91679a9557ae6fd5,e7aaa514f6f64a258a640ea341aa1a18,19a124c6dad14a4fa7864463b081009c,f1c9c5051bdd4a11a064260bbb9d6d7b,1027a336232c4454a9c4ae450a562788,7dd5e88dfdd24cafab2c765939757354,e12ad1ce8e7940a999b9a4f91a95fab7,35d06fce2df446569702778e2250bd82
6b3c7ce1b5524d3e98acc2312a661188,d7618b61a65a4bc1a0d0f2cc1bddc448,bb6ecabbce1b43d997d00d7acdc95193,e59dba65749140f4a1bdaf2695de2fc6,afac6ae28fac41dabae96696990c5555,db69f22fe72246ea85d33991961a649a,8c7c9eaae41a44a3a4ebe39ce167d300,673aee19895b4d339ada93213d8874ac,7f0b453cc8c14156802497f5cbae9d62,68aefc97056440af874039a28497cf98,a8904adcdd21495f890bc614bfdbf86f
d31bba63f0c74cfd9135ddb2ec58f186,716a15d66b63424a8068da89e75733b4,a8904adcdd21495f890bc614bfdbf86f,ee337b5c1ef3431e9c120250bfec4cac,d37bf09399d848df9a4d880fb097239c,b7f5c165ea2242709a2fb71f3a3f1bcb,50aa0f56e00d4c23ac78b3e63bc0f0e1,b01fd4d037a84a7aa777e1fc345c73c5,503d2f067a8a4f5798b1c64b07ab0bc5,07d869789eda4445a1ecfe59c331db0d,da14e9dc2c3d4963b725de8102de5028
908351dacb5c427f88bd9aa375503388,4a7fa5a1bafe4b6995e2920444ac07c4,5455e62f52ae4e03b2a5d0e8b9899506,74644c8cc17449cf89379868e7b21398,0ecfdd96e0054841883acba75e83b232,59f62d35b1ad451397b700b3dad25448,eeca68825e2a4bbdaa5ae962998fc33b,f69855cdf66d4f6887ecfd0ddb9014b5,13cda6e8f2d948eeb5508288a172e76f,1f9cd7f2b7a14e2f8d490a104a56edcd,5cfb876eeb4f410aa1282cc279f0e546
33683cdbfab14a3f8b56e5f75d2b3d00,76e41369a6794714a9fab6968839bfe6,384b14b18c3c43b1a4dc1aa2f661e076,be70e49b76c24527b4fddfb6b78b6d8d,e0d8aee46b1d4d998858cd05027251b6,8b038cd0dafd45d8b1ce75177ca3a76b,6d3b4c95066e4dd8a6ad1c66b1c1ea4f,64fc9fe3c8d5424ebc005e5cf4a608db,095ac293b64a4a58b1b3d3f71453a267,6c79712e67b54dd0a11d426a91207939,7aceed0dbea645b091207f4a53d879f2
cbb9562935ed4ec7b4fbd9c04a1c17c3,76e41369a6794714a9fab6968839bfe6,04d24d1cf42b4f7787d8d300cbad6d50,eabdd2813a954f9aa01f0eb8212ee387,64fc9fe3c8d5424ebc005e5cf4a608db,82d68ea370f8451aa16ea08f4601245c,6c79712e67b54dd0a11d426a91207939,8b038cd0dafd45d8b1ce75177ca3a76b,98fbdf945d0c4206a48a4f7260e56017,e0d8aee46b1d4d998858cd05027251b6,097f2ce3b88c4d008488b9908076497e
2093ec4e54224ee59a6b3df761f52ad4,b64cef9df31c4e92a7b7ecd42f74f396,ef511457ee7c490c8e10eccf6e18fef6,d37bf09399d848df9a4d880fb097239c,b6c493a3666c4db193e86c79faf099ab,716a15d66b63424a8068da89e75733b4,2d43cf91509846e29ab4febd7781919f,4c67cc7a1ccc496db132636e3f4853a2,b01fd4d037a84a7aa777e1fc345c73c5,0b57f893483647c3aed811775a4c4c04,f4b7e6e902e344859cb041126b69ce3c
034598db2c774843ae5b70f89a468dd1,8c7c9eaae41a44a3a4ebe39ce167d300,b834c0b0c10b471b87ad3f11468de619,1419b2c686f44896a0ae2a43e93b5402,98fbdf945d0c4206a48a4f7260e56017,71c1a8479b194efca65b44fb7f327afb,1232f20e710b448e8c0538b9e84dab1c,4d0a737f396d4a95808085bd1306746c,724a3f6551e74ad585bdeac9a75fd639,e2e0c8c96aff4c00896ac6986bbb20c2,17b5eb6fab65476f827dd355b4a20a55
e1b0c09a4b5745ba87cb45d6b31cc047,8c7c9eaae41a44a3a4ebe39ce167d300,75bf181ea5dc490e95d364a5f5c7af1d,b834c0b0c10b471b87ad3f11468de619,f91157bb8fca4a8e98db33591a76be9a,8fca2e4873e946f7a788af2b846cebd7,fc430b7683934be2aba12468b2409bb8,7bbe3c76bcc04d73969f920d43fcc67d,724a3f6551e74ad585bdeac9a75fd639,a94cb58f1ca8456b96e39b5b1ebfb7ea,4d0a737f396d4a95808085bd1306746c
2ee4e4c157314893ac1677408acd1e13,8c7c9eaae41a44a3a4ebe39ce167d300,1419b2c686f44896a0ae2a43e93b5402,b834c0b0c10b471b87ad3f11468de619,e2e0c8c96aff4c00896ac6986bbb20c2,724a3f6551e74ad585bdeac9a75fd639,71c1a8479b194efca65b44fb7f327afb,673aee19895b4d339ada93213d8874ac,17b5eb6fab65476f827dd355b4a20a55,e59dba65749140f4a1bdaf2695de2fc6,fc430b7683934be2aba12468b2409bb8
d2d1bfd6b701442bac97d11e1bcdcbff,8fdee0611965465eb45387b8c39f4136,b834c0b0c10b471b87ad3f11468de619,f91157bb8fca4a8e98db33591a76be9a,8c7c9eaae41a44a3a4ebe39ce167d300,7199f2fe77824236a392e1f00a5bdfc3,df0c94234d9d4890b5b4b95c441b3e9a,b675be39e8ff421aa59811f146da945b,29088685e31a4d86b60b514e98117361,039a871609044cb1b69f70c082fe61d8,452d645d5bf4485185e996dcec9523e5
6da4af4998924e888bc085da81c883e1,0f785440b29548e1a1968868262fd42e,1d70bc69b2f84bef9aa5fb0d9917e38d,b702b2b61ce048c6bf5af3c4dca18b1a,097c30a7f39a4a3abf6da2ca80cad3a5,19098957d8c24cab95daa30c2baefd8f,39e2b00e1cbd471488cf56f31d2cec7f,43464ed6733f4642a0b90e7d995a5e40,7e190e3c05d74e6b9f103e39142c1684,2639b6540bda414f8a9baa3b5cdb612a,724a3f6551e74ad585bdeac9a75fd639
62a839f4213d46759d8133e354ae93a4,0f785440b29548e1a1968868262fd42e,1d70bc69b2f84bef9aa5fb0d9917e38d,b702b2b61ce048c6bf5af3c4dca18b1a,097c30a7f39a4a3abf6da2ca80cad3a5,19098957d8c24cab95daa30c2baefd8f,724a3f6551e74ad585bdeac9a75fd639,39e2b00e1cbd471488cf56f31d2cec7f,2639b6540bda414f8a9baa3b5cdb612a,97959d02a64f4a3fbbebe7cbece6c012,be8953cc364d46cebbcc2c2da2c348ab
f22180d73d204b929c77cc738c93dec8,c36ef11228124c438ed3256c9822b03d,8dfbb6a204a0441492c35baca6190969,2ece45504eff42469c104dc2a2d03caf,7f0b453cc8c14156802497f5cbae9d62,31cf7db26a3249c5a6205b005662ddcf,8d595c7da42545c88052e7b213b6c97c,673aee19895b4d339ada93213d8874ac,02a3cd76ce534d188b4d5ac4778bd652,04d24d1cf42b4f7787d8d300cbad6d50,199647bd1328406c83c5a875154f97d9
b43451e5261643dab9a0627813d31785,7627d5e28ba74cbeaf9225e88a7a44cc,04d24d1cf42b4f7787d8d300cbad6d50,17b5eb6fab65476f827dd355b4a20a55,3d3e8565d2f84e0cad5ae622f2909765,724a3f6551e74ad585bdeac9a75fd639,f12e9e5805534d719f829332d1ea5d29,3827ad869b3740278b98db4e65c40e0c,69ac8397e9624bfd8aee237b9f9ea3b5,39e2b00e1cbd471488cf56f31d2cec7f,4a6eba10a02a4ecdbb6b25e8651c3789
89b4973e66414223af70d8648086e97c,7627d5e28ba74cbeaf9225e88a7a44cc,04d24d1cf42b4f7787d8d300cbad6d50,3d3e8565d2f84e0cad5ae622f2909765,17b5eb6fab65476f827dd355b4a20a55,3827ad869b3740278b98db4e65c40e0c,724a3f6551e74ad585bdeac9a75fd639,19098957d8c24cab95daa30c2baefd8f,f12e9e5805534d719f829332d1ea5d29,39e2b00e1cbd471488cf56f31d2cec7f,6c874292dbcc49ff8bb8bbe5643593a5
cca9ed42ea00433984410ed65b0435fb,7c1126d46a934db6b951d1e98feae327,f2cfa68a47ce4a43a0fe1cc7dc860418,e735729c80d84f76a6133c065d5380f8,be8953cc364d46cebbcc2c2da2c348ab,076e2669c305401fb3afcfafdd6c79c7,85d4175b563d48e5bc6a991b23662f24,403835bbf2f1447188bcc78e062b0028,f4b7e6e902e344859cb041126b69ce3c,57bcda73abab44ee930b20cdaee9d24b,f3fddb55448a46778b5d807642cceb71
ca3ae3f2f83a4b709148933472566ca6,c36ef11228124c438ed3256c9822b03d,aedd476072b345e9be46ebd7260e93a6,2ece45504eff42469c104dc2a2d03caf,17b5eb6fab65476f827dd355b4a20a55,a94cb58f1ca8456b96e39b5b1ebfb7ea,e59dba65749140f4a1bdaf2695de2fc6,6b7b5d28293d4a5a8075f7f7dd231ddb,673aee19895b4d339ada93213d8874ac,b8da01ceddcb45a491a288ddbc658e90,71c1a8479b194efca65b44fb7f327afb
bc19c9d3d882406886b4dc137c8085e0,02a3cd76ce534d188b4d5ac4778bd652,bbdf9065122d499d9d8f80ad3e0ef6f3,119a6d7b4af3458b951fc1c5ab5e1738,d5ecdd142b544edca1b16ee83a9cf908,cf290994a83e4909aec30077477b9d04,5d5baf5ce88b4b529e28ab9c7c114148,5c09482fc8dc45bdbf7919f00dd540e0,26869cc099c44c4a86f6043476ab4890,84ff5144597241bba5cbd3d0b21d220d,7daa434073604cb98a04fefb55468dda
77823865299d48ddbce6d7d7e199814f,02a3cd76ce534d188b4d5ac4778bd652,39a08a87897f47d3bdbbdc5ed8c9cd7f,e0d8aee46b1d4d998858cd05027251b6,41e657daa20545a588584578bdb4101c,1ade4365590a4ac7865100d8c791e340,d9096650c434432c871effeca9acd5c6,cc243eebbb2b44a581745865a60c423a,b77d8b7bb0114c379139d280a9210e83,8fdee0611965465eb45387b8c39f4136,66cba49431224a3788f914d6a80165e1
5cfbbd42352245fb9ab4e93f0e17452a,4c36aafaf38f4e9e9e09991737196fe1,e6afe89ff7bc491193141c057083d8a8,21eb9f06dd834a108d816efdf3aca8dc,0c889c151e094b948c13b0275e660a9c,e5a3c8867e44498d9182e8be934e0fce,31f80e4c87164e2893375ec7e73b372e,5537ddec608a4ec586ea068fa27547ca,8889c114b071429cbe2418f5b0f2024b,8ebbcf8e4e6f400ba1839e9d75806274,98fbdf945d0c4206a48a4f7260e56017
4a03d80a56a24730b633957fa5195cf5,02a3cd76ce534d188b4d5ac4778bd652,39a08a87897f47d3bdbbdc5ed8c9cd7f,d9096650c434432c871effeca9acd5c6,e0d8aee46b1d4d998858cd05027251b6,bbdf9065122d499d9d8f80ad3e0ef6f3,b834c0b0c10b471b87ad3f11468de619,41e657daa20545a588584578bdb4101c,1ade4365590a4ac7865100d8c791e340,b585a2970e9f421da236241f603883f2,a2612682d9854a30a7684c91c8619ec9
ca687051622e4c35823d965df0139509,e2e0c8c96aff4c00896ac6986bbb20c2,04d24d1cf42b4f7787d8d300cbad6d50,25afb6f7e9314af09008644bca5955b9,8b038cd0dafd45d8b1ce75177ca3a76b,724a3f6551e74ad585bdeac9a75fd639,eeb3b60f34af40de850e065b475d8180,eabdd2813a954f9aa01f0eb8212ee387,85d4175b563d48e5bc6a991b23662f24,0eb119aabc884795a4768c6d3e677ea1,eb21a4e2b7bd43efbdf0c365415e7fef
62cb56b35d3847a2858dee237b0a7f1e,6252aa87531748e5bac5f6c65fc87e14,a0408a6462b24cf18e50a8616359d5ad,7ef653f7e5f64e1b8bba73b9518b87b7,5a9a716f53364389864a4018d9e9c6c0,f5a9583711fc4ff4a46e85c24886b234,7d3d751215194e649a03457226f599d7,f3fddb55448a46778b5d807642cceb71,b6c493a3666c4db193e86c79faf099ab,65e52d14d4d64d4fbad3de6ad319e745,ef511457ee7c490c8e10eccf6e18fef6
ad43fc3957284bd78e7d7c9aa5ab29c0,f5a9583711fc4ff4a46e85c24886b234,e3854d75221c4e38879a6106bb5c1941,7ef653f7e5f64e1b8bba73b9518b87b7,b6c493a3666c4db193e86c79faf099ab,6252aa87531748e5bac5f6c65fc87e14,f65b6fb5b40a49d1896de7a115469d40,3aa003c1e31b476e999c3a808a1d5dc6,82d68ea370f8451aa16ea08f4601245c,1a0ac2d40cb04ca993e1db68d787728a,26869cc099c44c4a86f6043476ab4890
5871998e8d6c4a9090cdf17915017027,f5a9583711fc4ff4a46e85c24886b234,1a0ac2d40cb04ca993e1db68d787728a,b6c493a3666c4db193e86c79faf099ab,b90d74e80c37486eaee89b6fbab13671,7e17bbd109dc486c8f0a76f913782180,e3854d75221c4e38879a6106bb5c1941,f65b6fb5b40a49d1896de7a115469d40,7ef653f7e5f64e1b8bba73b9518b87b7,4a7fa5a1bafe4b6995e2920444ac07c4,e0d8aee46b1d4d998858cd05027251b6
102f600a8c1740ac8a06de1b28c5904e,268f8ec9f2734029a8e75857db56ccb3,095ac293b64a4a58b1b3d3f71453a267,7f23e27e5652406784fdc2dea3918125,5605fa1188974644937bbf92fec50e21,d53fa54d5536463ab0d87648dfc5fd78,b3a022950e444682a113cec5a0537f6a,1099cb6f4fac4eb8a1fb6db50e18296b,d2bcc978e7aa49908919d9fc40138b27,ee7c00877ae64dac87123a3d75251530,91f9f8576e5142a49926bd623b0bc19c
ae0903a7f3be40ce83442e458496fd29,30f654c6e69e48888f9f42dd95ab3c77,97959d02a64f4a3fbbebe7cbece6c012,f91157bb8fca4a8e98db33591a76be9a,22d9d5ad33e947fd857c5c4a8b7dfae1,db0c3a952e454b90aa4a68feb6a50e87,938147b72e9540da8513910871e0830a,039f8e63b273472d8f1d99d9a5de5cf5,c14e45f5201b4038bdddddb238d888a3,feb980ae999948ce9be0266b4ddc048d,c1def54262224e23acf67a9870725ce5
f9be6242a66b4efabd439a28435cee95,7dd5e88dfdd24cafab2c765939757354,e7aaa514f6f64a258a640ea341aa1a18,f91157bb8fca4a8e98db33591a76be9a,9bf3b77eb9874f5f9e006a9cff111ea9,30f654c6e69e48888f9f42dd95ab3c77,d658e3a743af41899183fecff6b2628d,b834c0b0c10b471b87ad3f11468de619,1232f20e710b448e8c0538b9e84dab1c,eb21a4e2b7bd43efbdf0c365415e7fef,98fbdf945d0c4206a48a4f7260e56017
10ef6812f01b471a8e48fa8e99c81735,268f8ec9f2734029a8e75857db56ccb3,c2b49382e2f34b1c90013236a5fbaef0,d53fa54d5536463ab0d87648dfc5fd78,7f23e27e5652406784fdc2dea3918125,e22e1ad3c1fc4493bcb7c9b923566ff7,7879fa4d4db046a2a8d195311b6e5789,6c6de17135be4f8c9423be633eaefcd4,e43d8e7bc32f406b9a692e2604f5b45a,c78547bdc2e64ac8935559f7de2efd41,7e8a4a43e2f84dbb88e41cb24b3fe79f
fb5376db56af4ab4b8ea6d46d191ad26,225818abe99e45a0bf5b0b3ec30db76b,99830b8da7c24f909914f7bb167f3ea6,ffc5805e29a74be0a55b40318aa321d7,df0c94234d9d4890b5b4b95c441b3e9a,ffe2740eee8c49b39b2ce41f9983bcb4,249c2d8d8d2345c6990b3c4d94385b5a,0bd1cce9370a461089e25393086800a8,c756409435634fc48c643a64e73c93ce,3c1b91a23b694da1973dbc5f75f2f3ed,434551fdf9e443ed91679a9557ae6fd5
a0e60ab432b94ba291505c129ee405df,225818abe99e45a0bf5b0b3ec30db76b,99830b8da7c24f909914f7bb167f3ea6,c756409435634fc48c643a64e73c93ce,9677dd2a3aae457a8079087ce4177e14,0bd1cce9370a461089e25393086800a8,ffc5805e29a74be0a55b40318aa321d7,ffe2740eee8c49b39b2ce41f9983bcb4,e5a3c8867e44498d9182e8be934e0fce,249c2d8d8d2345c6990b3c4d94385b5a,b9228fdb5f0c413d81cffb51829d95c6
0d29840b4f2a46659bf734b51438e6ac,cc243eebbb2b44a581745865a60c423a,0971af4212484a958eb0f60f93d1dfe0,41e657daa20545a588584578bdb4101c,f439b5616ba24b7f82eccfa095a0eff8,b277101390e1465685ef79bf3519f8d7,33e2a95109e647cbb4ba2687631b169a,52ee59901f3b4de884d7a6720538aed6,590df34aa41f46e9ad13ffc6a98da3b7,b77d8b7bb0114c379139d280a9210e83,5abf57d57d84440e94d0d2e2ffb37575
62865ed38c05470a8919d1070402fa6b,cc243eebbb2b44a581745865a60c423a,41e657daa20545a588584578bdb4101c,f439b5616ba24b7f82eccfa095a0eff8,0971af4212484a958eb0f60f93d1dfe0,02a3cd76ce534d188b4d5ac4778bd652,33e2a95109e647cbb4ba2687631b169a,5abf57d57d84440e94d0d2e2ffb37575,d9096650c434432c871effeca9acd5c6,b277101390e1465685ef79bf3519f8d7,67dd23cfd20f46dc82acc82c108a1dc6
09a6f25650ae474385eb70217f8c4843,01ffceddb5b34406a08bb982b424b3cf,0b57f893483647c3aed811775a4c4c04,e4e12f4711fd41e39075e26cc274df45,26869cc099c44c4a86f6043476ab4890,07d869789eda4445a1ecfe59c331db0d,0ecfdd96e0054841883acba75e83b232,6866efc8987a4ec8b04b7abd28fb5777,0daf8d5687b54d158f7f752884c42334,74644c8cc17449cf89379868e7b21398,076e2669c305401fb3afcfafdd6c79c7
86e1bd5f53b148b9a9522847363630bf,01ffceddb5b34406a08bb982b424b3cf,0b57f893483647c3aed811775a4c4c04,0ecfdd96e0054841883acba75e83b232,26869cc099c44c4a86f6043476ab4890,e4e12f4711fd41e39075e26cc274df45,74644c8cc17449cf89379868e7b21398,2b3ecf8be2b242f3b8a1e714390749fb,07d869789eda4445a1ecfe59c331db0d,0daf8d5687b54d158f7f752884c42334,5fc200cab89346658c9c91cce27e85fe
aa561064498b402993740579853c84fc,2b3ecf8be2b242f3b8a1e714390749fb,06a5f0cec6ce4170a02dad0ad4c55b1c,d8b3ad3b5c4e474db41a671ab286424f,e4e12f4711fd41e39075e26cc274df45,f69855cdf66d4f6887ecfd0ddb9014b5,24c55bb5cd694770ba895c7401da2ba5,0accd1d0138b49049d437c0d9b1c23c3,35c5a560ecdc4d6a9d20f057ed1fa0e6,a5d5fb459a1844088e93ae557ab34afe,2471f23cb9b64d35a72deed09c9c8975
de4bd1f38ae04b8da3f5f36bea97276d,e4e12f4711fd41e39075e26cc274df45,2b3ecf8be2b242f3b8a1e714390749fb,0b57f893483647c3aed811775a4c4c04,da14e9dc2c3d4963b725de8102de5028,01ffceddb5b34406a08bb982b424b3cf,64e74af099b0485f8b6e71ac73aa2cb8,ba8d0208e32e42969bd4349cf24f6ed1,1099cb6f4fac4eb8a1fb6db50e18296b,2839430464164d5ba00713b42d4d96e4,14f4db886cca4104877ac7d1d7a64133
3dc160c26fc64d45a5f1e9756e6b1025,40a95697730046dcbb0d7ba1fe2109a6,04fa591263664fb0a6868552ebd3590b,e2e0c8c96aff4c00896ac6986bbb20c2,e88ce4cd350f43398a5c0ab8629cee72,384f94503bcd4f4c863056ad69f45b43,33b5e2ae5ebe4f548bac3a00ab0a59eb,25afb6f7e9314af09008644bca5955b9,19098957d8c24cab95daa30c2baefd8f,8b038cd0dafd45d8b1ce75177ca3a76b,04d24d1cf42b4f7787d8d300cbad6d50
f7cfc69b28204d1681a71216a3dafbff,0eb119aabc884795a4768c6d3e677ea1,1419b2c686f44896a0ae2a43e93b5402,00614d60b3544ba790dfd23dd53992e0,e2e0c8c96aff4c00896ac6986bbb20c2,8b038cd0dafd45d8b1ce75177ca3a76b,50a2129b83404b94889a01f4688ebafd,26e55eb4d910464497d700bfdf5a36ca,6c79712e67b54dd0a11d426a91207939,be8953cc364d46cebbcc2c2da2c348ab,7bbe3c76bcc04d73969f920d43fcc67d
7e5d9f74b6724f59ae0911894a898253,04fa591263664fb0a6868552ebd3590b,19098957d8c24cab95daa30c2baefd8f,04d24d1cf42b4f7787d8d300cbad6d50,e88ce4cd350f43398a5c0ab8629cee72,3d3e8565d2f84e0cad5ae622f2909765,33b5e2ae5ebe4f548bac3a00ab0a59eb,655a618282cd4fa39a26f0967c033f4b,e2e0c8c96aff4c00896ac6986bbb20c2,e96fae6d607246b18b8494aabe521036,097f2ce3b88c4d008488b9908076497e
966a64e7651f4b2499587effd1600e97,04fa591263664fb0a6868552ebd3590b,e2e0c8c96aff4c00896ac6986bbb20c2,33b5e2ae5ebe4f548bac3a00ab0a59eb,3d3e8565d2f84e0cad5ae622f2909765,724a3f6551e74ad585bdeac9a75fd639,19098957d8c24cab95daa30c2baefd8f,26e55eb4d910464497d700bfdf5a36ca,40a95697730046dcbb0d7ba1fe2109a6,1d70bc69b2f84bef9aa5fb0d9917e38d,04d24d1cf42b4f7787d8d300cbad6d50
296a868a499d46aa93fc77f8e589c254,08ecf89bc10942a4bd894482f6fcdfa7,384b14b18c3c43b1a4dc1aa2f661e076,3d3e8565d2f84e0cad5ae622f2909765,3aaea7fa41fd43cdb88f8ef59062c5df,097f2ce3b88c4d008488b9908076497e,29088685e31a4d86b60b514e98117361,e96fae6d607246b18b8494aabe521036,d445ccdb4cda497e9f0343a3298022d2,b702b2b61ce048c6bf5af3c4dca18b1a,2c82919b038847fabbf5d13ca5ac55a7
7b04ec5b87214c25bd25268652df3829,9452a2f21f7d4feeb2605d9b6647fc13,cae139b6e4914ce7b0ef1e68b8b857eb,245212a659504b9b9cdbaf1ab1d040ff,33e2a95109e647cbb4ba2687631b169a,0a2c24dead204be9ae36be358e1223f9,26869cc099c44c4a86f6043476ab4890,4a3d4daed4b24a1898551f0fd1ba44f1,3138244ae91040948d5bd6772e4075ea,02a3cd76ce534d188b4d5ac4778bd652,f1c9c5051bdd4a11a064260bbb9d6d7b
a03259710e6344d1b817f8dc53d9384e,08ecf89bc10942a4bd894482f6fcdfa7,3d3e8565d2f84e0cad5ae622f2909765,384b14b18c3c43b1a4dc1aa2f661e076,44f41e6e6faa4facb0bb9a72205229f8,3aaea7fa41fd43cdb88f8ef59062c5df,d445ccdb4cda497e9f0343a3298022d2,7199f2fe77824236a392e1f00a5bdfc3,2c82919b038847fabbf5d13ca5ac55a7,1d70bc69b2f84bef9aa5fb0d9917e38d,e2769c67dadd4c988f7ccf249a998a56
0e271b22304c40fe9884c63ee1fe1668,9d09e3cd382c4d0ea0f6f50261e3e4c8,e511c40ca6324803b5021e47b4e777f8,da61d9bc8f024a4aba18d5c3072b7838,25109e3a7df549e5b380aae716d71366,e1c63000ace94c1d9381d82389fe6afd,8dfd98bb97584157b207e1f4be471a8e,3138244ae91040948d5bd6772e4075ea,fbfaa119f55a477984e42d80498f54d3,ffc5805e29a74be0a55b40318aa321d7,57430214baf045cb92fa3b3b70a4ca3f
43fd128c97194d88bbfe7be91fbc67ed,9d09e3cd382c4d0ea0f6f50261e3e4c8,23a16d69ffe848d593a4808907d8aa98,e511c40ca6324803b5021e47b4e777f8,f1c9c5051bdd4a11a064260bbb9d6d7b,4a3d4daed4b24a1898551f0fd1ba44f1,643fbbdd6b764ba9904a4ee67a86b9fd,6f57d1175ad243edada61643d01fcd54,c750a2994555414790abb3281572bb42,ffc5805e29a74be0a55b40318aa321d7,8dfd98bb97584157b207e1f4be471a8e
8c3f25890eab46379974ac593d629515,b8995466f0eb4e7ba141e23216e8b974,bcfa4a4177d44d8b8cda17b7a23196b0,ff276acede2f4c14876ef47257758ae8,6c51b4f57ba0415f994756e944b11cee,db0c3a952e454b90aa4a68feb6a50e87,0092d1d820c64646b8bee9fd14f77acf,30f654c6e69e48888f9f42dd95ab3c77,bf789f42ccfc42c5a330a3f6e30ddb83,c1def54262224e23acf67a9870725ce5,7fe9e665bf41491c9788941aa2894a10
1dfd4a798f224e88a6b4c2980cb31c82,6c51b4f57ba0415f994756e944b11cee,b23a9c50eada4286a4f7ce8668b92db1,772cb9726861451d9972604da6f65c55,cd764fbfae774d068af7549c648a02c9,f32f4607b4714e378831f924c5e6084d,cb2505b30d8a4dc086c353cf94424b6d,9bf3b77eb9874f5f9e006a9cff111ea9,059a284910e849efbbc7073b8681409f,8683a3ad55d84a78834fabe20cde5269,ff276acede2f4c14876ef47257758ae8
9174a7587e5048ec86bec7afe80e268e,e4fcd30261804b089efa940359057ba2,6fc7a2cf0684475a82f6ff9be2c8e850,570f08ce2a1a47978eab16bf7ad16a68,15b7b988bba143989cfd98d5c6c4d203,f0084465b2e646c9a53d9dc766067d9b,43ee0103cba54b4e9d165717735ca0f6,b69c17a10a55494d8caa56c33e8f4a56,7d6cdff8c9ac434196df803628fe9f62,230b9ef63ea240e9b61a18f41473f942,d65e3a3657ae455e954b6d7221afc84c
bcfc6cd4aea34c78891a701698ccb953,e4fcd30261804b089efa940359057ba2,6fc7a2cf0684475a82f6ff9be2c8e850,7d6cdff8c9ac434196df803628fe9f62,43ee0103cba54b4e9d165717735ca0f6,21019944fc2c4838a682a6dcdc62c4ef,570f08ce2a1a47978eab16bf7ad16a68,22d9d5ad33e947fd857c5c4a8b7dfae1,230b9ef63ea240e9b61a18f41473f942,8683a3ad55d84a78834fabe20cde5269,c1d504dfeded4b8bb3c07777b7c7abde
2a551336cc794909b0a09c92faf75f50,189a3b686ad14c24b5e1a495f76dd239,1393dac7d34b4c34b1a8091a5bea3663,3f1c2bb09c4e4400b6ba19542fafce18,bdb0d45caa2a4943959f8f501e51132b,de6ac628a786435f9925c8cc1d707d6b,9bf3b77eb9874f5f9e006a9cff111ea9,a9d82bb43410405ca21b44a5e82e22b6,632cc2bc04034dd4848855fe6497262d,a9573f188204436090fb4a5240e4eccd,99830b8da7c24f909914f7bb167f3ea6
23e5bf15809d4629abd7ff7c344b1ce0,b98519f97e424c1389f5553f0869b15a,bcfa4a4177d44d8b8cda17b7a23196b0,ff276acede2f4c14876ef47257758ae8,34b736136487439389c10cc6bd4e9f4e,c1def54262224e23acf67a9870725ce5,00fb3a55134242769182c520d55681a2,7627d5e28ba74cbeaf9225e88a7a44cc,3aaea7fa41fd43cdb88f8ef59062c5df,d361a9e414fb41c1a605200d9cbba496,19098957d8c24cab95daa30c2baefd8f
f2a05ceedacf47b598b2cd3dbe003966,016e634d566b49c199d07357aae9bf33,d9096650c434432c871effeca9acd5c6,41e657daa20545a588584578bdb4101c,0971af4212484a958eb0f60f93d1dfe0,02a3cd76ce534d188b4d5ac4778bd652,f6061b71031b4ddb9384f86c103690a4,b277101390e1465685ef79bf3519f8d7,39a08a87897f47d3bdbbdc5ed8c9cd7f,5abf57d57d84440e94d0d2e2ffb37575,cc243eebbb2b44a581745865a60c423a
764c5cb76dcb4650b8b0a50cac981edc,b5f237fefb38465bb6a068c9cf75ba31,1e376f9d0945477983c8d851e4b2cf5e,8dfe01febd46475ab5aef97033716ce1,9452a2f21f7d4feeb2605d9b6647fc13,236c362d8b664c93b41882c119df9706,4a3d4daed4b24a1898551f0fd1ba44f1,5d5baf5ce88b4b529e28ab9c7c114148,33e2a95109e647cbb4ba2687631b169a,cd6ce920d00e4d17a6cf04f9f7e550b7,9bf3b77eb9874f5f9e006a9cff111ea9
c50ae9cd7ac5469daf32b2a1a1d81797,f4474150010f4021a4620372062f3797,e3854d75221c4e38879a6106bb5c1941,9bf3b77eb9874f5f9e006a9cff111ea9,48c31b1e2ce94de8968fab433813fa91,ad054da7e1704a53931a341173f0605f,75801225047a4c019100660c13f1e0f1,de6ac628a786435f9925c8cc1d707d6b,a9d82bb43410405ca21b44a5e82e22b6,4926607aafe749538c930e108275547e,baf841bad27c456c9de7227555ea3ef8
e9801f8810654cacbcd517b25b89767b,016e634d566b49c199d07357aae9bf33,d9096650c434432c871effeca9acd5c6,f6061b71031b4ddb9384f86c103690a4,02a3cd76ce534d188b4d5ac4778bd652,41e657daa20545a588584578bdb4101c,03df72bcf3504272a27f4bbaea89118a,39a08a87897f47d3bdbbdc5ed8c9cd7f,0971af4212484a958eb0f60f93d1dfe0,b277101390e1465685ef79bf3519f8d7,cc243eebbb2b44a581745865a60c423a
f3c68b7ff0f344569399a04bbff5d1da,384f94503bcd4f4c863056ad69f45b43,40a95697730046dcbb0d7ba1fe2109a6,43464ed6733f4642a0b90e7d995a5e40,384b14b18c3c43b1a4dc1aa2f661e076,e96fae6d607246b18b8494aabe521036,19098957d8c24cab95daa30c2baefd8f,2c82919b038847fabbf5d13ca5ac55a7,66f4c650b7ca48f1bc27f9daff8d312a,25afb6f7e9314af09008644bca5955b9,04fa591263664fb0a6868552ebd3590b
ab0c7be344d7444bb59fb3b065a71c88,384f94503bcd4f4c863056ad69f45b43,40a95697730046dcbb0d7ba1fe2109a6,6bde760ad5d4485db9889b1bdc074005,43464ed6733f4642a0b90e7d995a5e40,e96fae6d607246b18b8494aabe521036,384b14b18c3c43b1a4dc1aa2f661e076,1d70bc69b2f84bef9aa5fb0d9917e38d,66f4c650b7ca48f1bc27f9daff8d312a,51c6049a18b84ee381d0512e40b67c0e,e2e0c8c96aff4c00896ac6986bbb20c2
b136a0d13d7e431a94e54f2a085d5f52,384b14b18c3c43b1a4dc1aa2f661e076,e96fae6d607246b18b8494aabe521036,29088685e31a4d86b60b514e98117361,b702b2b61ce048c6bf5af3c4dca18b1a,e0d8aee46b1d4d998858cd05027251b6,ee7c00877ae64dac87123a3d75251530,aa082284f9894b5aa210c179d59999b1,02a3cd76ce534d188b4d5ac4778bd652,babbeca1f6a244a2a11ea77a3855e70f,daed5458403e49e3aea72f4bcc6dd224
210a3e79a4a149179749cd7a5b127f63,384b14b18c3c43b1a4dc1aa2f661e076,b702b2b61ce048c6bf5af3c4dca18b1a,e96fae6d607246b18b8494aabe521036,82d68ea370f8451aa16ea08f4601245c,1d70bc69b2f84bef9aa5fb0d9917e38d,daed5458403e49e3aea72f4bcc6dd224,26b18153216b48d793b75598ddb54d77,b277101390e1465685ef79bf3519f8d7,ff51ca928cd54f4da620c27983e221f8,43464ed6733f4642a0b90e7d995a5e40
2071beae14fe435b9e3943e22e8b430b,f6207eb593394ff78e2cb35057477422,e4e12f4711fd41e39075e26cc274df45,24c55bb5cd694770ba895c7401da2ba5,f69855cdf66d4f6887ecfd0ddb9014b5,64e74af099b0485f8b6e71ac73aa2cb8,5fc200cab89346658c9c91cce27e85fe,35c5a560ecdc4d6a9d20f057ed1fa0e6,2b3ecf8be2b242f3b8a1e714390749fb,878e5c41be5c477e9f660ca361fdd727,b90d74e80c37486eaee89b6fbab13671
40eb15fd325c48bea6a7988ce40cc33b,f6207eb593394ff78e2cb35057477422,e4e12f4711fd41e39075e26cc274df45,f69855cdf66d4f6887ecfd0ddb9014b5,64e74af099b0485f8b6e71ac73aa2cb8,b90d74e80c37486eaee89b6fbab13671,9094e936e13641cc9bfcc7dc1408d86e,24c55bb5cd694770ba895c7401da2ba5,4926607aafe749538c930e108275547e,1a0ac2d40cb04ca993e1db68d787728a,878e5c41be5c477e9f660ca361fdd727
7be90785152d4e01b53aa4b1f3c74097,ef8c056ecb524439a48c881089537951,b6c493a3666c4db193e86c79faf099ab,da61e0de396149208c9ebd0fd6d7415d,7dd5e88dfdd24cafab2c765939757354,2d43cf91509846e29ab4febd7781919f,87fc1d6a57ea488786caaec8599c3b8b,65e30dd62cfa4dccb9ea4d908a9d6fab,476ce3ffff564a5aa985808e7d2cab17,f5bcc6f48ed2447581b401d453039866,8350ea8cd6514c2c8d7b625abe7e895b
61e3c16563b44edb85bee0caf5de33b0,ef8c056ecb524439a48c881089537951,da61e0de396149208c9ebd0fd6d7415d,b6c493a3666c4db193e86c79faf099ab,7dd5e88dfdd24cafab2c765939757354,8350ea8cd6514c2c8d7b625abe7e895b,f5bcc6f48ed2447581b401d453039866,2d43cf91509846e29ab4febd7781919f,35d06fce2df446569702778e2250bd82,ef511457ee7c490c8e10eccf6e18fef6,8746ae2ca7514699b629b4d9b5fe95a7
79dc8e29d2a747c793ab1fe11ba6045b,43464ed6733f4642a0b90e7d995a5e40,6b4676aba2a746b3ab778315afc8ee82,aa082284f9894b5aa210c179d59999b1,1d70bc69b2f84bef9aa5fb0d9917e38d,82d68ea370f8451aa16ea08f4601245c,7e190e3c05d74e6b9f103e39142c1684,0cdb0f32850f4585a16de4886462bbe0,41e657daa20545a588584578bdb4101c,feb980ae999948ce9be0266b4ddc048d,1f3cf50fe1f947d8a56e02ebca441c4c
dfc436b508974e349cbf602bb7fe9b7a,00fb3a55134242769182c520d55681a2,6c874292dbcc49ff8bb8bbe5643593a5,3aaea7fa41fd43cdb88f8ef59062c5df,d756970269e9443fb9bbf645a96aa84e,ccb62901750b4d13a922fc161b607f83,dee9eddb2eac41bfaf36d3279d43674a,097f2ce3b88c4d008488b9908076497e,3d3e8565d2f84e0cad5ae622f2909765,f12e9e5805534d719f829332d1ea5d29,b77d8b7bb0114c379139d280a9210e83
dcd99427d6e64ebcb3af1982854aa02c,00fb3a55134242769182c520d55681a2,105ad424733e4cffa7c474b51e3980aa,3aaea7fa41fd43cdb88f8ef59062c5df,6c874292dbcc49ff8bb8bbe5643593a5,d756970269e9443fb9bbf645a96aa84e,097f2ce3b88c4d008488b9908076497e,0e28ed072d6c444aa6f02e64955b44c6,90b560de76b149c09c7cd6efb3f12cfd,8dfbb6a204a0441492c35baca6190969,99a52c93a3304ec18dab9206f98f2a8b
c59bf6abbde846999988749ad22b52d3,43464ed6733f4642a0b90e7d995a5e40,1d70bc69b2f84bef9aa5fb0d9917e38d,b77d8b7bb0114c379139d280a9210e83,82d68ea370f8451aa16ea08f4601245c,1f3cf50fe1f947d8a56e02ebca441c4c,211ef3181e524685866fb8574d9bf456,aa082284f9894b5aa210c179d59999b1,e96fae6d607246b18b8494aabe521036,70558882c04e46bd99d15e9786468418,6b4676aba2a746b3ab778315afc8ee82
a386f6b172a740989c390780b3b856d5,6732de8994744decbb3306c74aaa7882,9bf3b77eb9874f5f9e006a9cff111ea9,f91157bb8fca4a8e98db33591a76be9a,7dd5e88dfdd24cafab2c765939757354,1232f20e710b448e8c0538b9e84dab1c,8d595c7da42545c88052e7b213b6c97c,57bcda73abab44ee930b20cdaee9d24b,b585a2970e9f421da236241f603883f2,434551fdf9e443ed91679a9557ae6fd5,30f654c6e69e48888f9f42dd95ab3c77
ad563855246b46adaf5fdeecbfdc081b,3e4a54908dde405294869e30a92a7623,6732de8994744decbb3306c74aaa7882,42805d29975b400ea7c570fc45ec4938,33e2a95109e647cbb4ba2687631b169a,f32f4607b4714e378831f924c5e6084d,ad42c467d0fe43dbb328073f9a16bc4d,4e22dc65beb7450b9260cf27e50919e4,e12ad1ce8e7940a999b9a4f91a95fab7,d476be2399b7424a88d242b771c32041,249c2d8d8d2345c6990b3c4d94385b5a
0485db5bb76a491782e78c6e98f4c913,514537782f6549c488a1b932939b4128,636c21e19a5845e1b8d69a5fca928030,ff171f0b29974f78b0e81fee30abdd38,5e2f1a45f7174f1aa39a194179985876,eafb3480db704d7baa8216ce857d1610,4a6eba10a02a4ecdbb6b25e8651c3789,772cb9726861451d9972604da6f65c55,2c65a898314b42e6b2e93dca66fd15c2,07958f43551e459eb30638b632e3cd64,0f52f676197e4d4e92dec0a7bc4c4f7d
38535cc9165a4684af9a3ee208dccb9a,b2992fe473124dd0b895cf81f59f6db6,bcfa4a4177d44d8b8cda17b7a23196b0,c1def54262224e23acf67a9870725ce5,db0c3a952e454b90aa4a68feb6a50e87,ff276acede2f4c14876ef47257758ae8,97959d02a64f4a3fbbebe7cbece6c012,1232f20e710b448e8c0538b9e84dab1c,c65af18670ea437c8986884645b3afe9,17b5eb6fab65476f827dd355b4a20a55,bf789f42ccfc42c5a330a3f6e30ddb83
7812e64c9f5a45dea8c59e366c0a1b2c,67dd23cfd20f46dc82acc82c108a1dc6,b277101390e1465685ef79bf3519f8d7,0ecfdd96e0054841883acba75e83b232,82d68ea370f8451aa16ea08f4601245c,daed5458403e49e3aea72f4bcc6dd224,ee7c00877ae64dac87123a3d75251530,033f1514c78b49dd82148b94f6bcbeba,cb75c6ef71cb4991805920f2894e0e96,66cba49431224a3788f914d6a80165e1,f69855cdf66d4f6887ecfd0ddb9014b5
e0cdf7eb868e4cf28007a946c4dcedcd,3c0f3b44c0844df49b5898406fe9195a,0092d1d820c64646b8bee9fd14f77acf,36ac84a73ad34261ad45cf569edb60af,bf789f42ccfc42c5a330a3f6e30ddb83,07958f43551e459eb30638b632e3cd64,b69c17a10a55494d8caa56c33e8f4a56,77cecb221149474896d9b2eb848bf150,250d411ae270441085be3501b7b55d86,434551fdf9e443ed91679a9557ae6fd5,5605fa1188974644937bbf92fec50e21
966272e605644a9783d154f8e2038dbb,0092d1d820c64646b8bee9fd14f77acf,3c0f3b44c0844df49b5898406fe9195a,250d411ae270441085be3501b7b55d86,b69c17a10a55494d8caa56c33e8f4a56,5cf392f15360460bae6a6b0182bb99b9,e7aaa514f6f64a258a640ea341aa1a18,36ac84a73ad34261ad45cf569edb60af,c84deec0ecf843c39f52d4cb8e7300f8,434551fdf9e443ed91679a9557ae6fd5,07958f43551e459eb30638b632e3cd64
9fd9ddafbc6c43a9982d0ef0dcbca940,b2992fe473124dd0b895cf81f59f6db6,bf789f42ccfc42c5a330a3f6e30ddb83,bcfa4a4177d44d8b8cda17b7a23196b0,c1def54262224e23acf67a9870725ce5,ff276acede2f4c14876ef47257758ae8,01bbbf1caa554d94b5decb69cc1add41,97959d02a64f4a3fbbebe7cbece6c012,db0c3a952e454b90aa4a68feb6a50e87,655a618282cd4fa39a26f0967c033f4b,0592b57e490d4206a3f12eb004a0afe0
4aa3ef7644b6471b805cdbce95bcc6b8,6866efc8987a4ec8b04b7abd28fb5777,26869cc099c44c4a86f6043476ab4890,d695b7afdc3841a28a56df578e56afce,f1c9c5051bdd4a11a064260bbb9d6d7b,01ffceddb5b34406a08bb982b424b3cf,8987ceafff324f9599b842542e37eddd,e7ee85dd47ca43eeb2fdcd70b802f0ec,2d43cf91509846e29ab4febd7781919f,64e74af099b0485f8b6e71ac73aa2cb8,0daf8d5687b54d158f7f752884c42334
d19e7fd5a62e4d28bb80ac4eddf34d1c,ccb62901750b4d13a922fc161b607f83,f12e9e5805534d719f829332d1ea5d29,44f41e6e6faa4facb0bb9a72205229f8,be8953cc364d46cebbcc2c2da2c348ab,39e2b00e1cbd471488cf56f31d2cec7f,6c874292dbcc49ff8bb8bbe5643593a5,d695b7afdc3841a28a56df578e56afce,0cdb0f32850f4585a16de4886462bbe0,97959d02a64f4a3fbbebe7cbece6c012,7584980704ae4617bb27ca162cc9c5db
26da5929257a4a70997444abb7ed9998,ccb62901750b4d13a922fc161b607f83,d695b7afdc3841a28a56df578e56afce,6866efc8987a4ec8b04b7abd28fb5777,f12e9e5805534d719f829332d1ea5d29,00614d60b3544ba790dfd23dd53992e0,be8953cc364d46cebbcc2c2da2c348ab,8987ceafff324f9599b842542e37eddd,1232f20e710b448e8c0538b9e84dab1c,19a124c6dad14a4fa7864463b081009c,b585a2970e9f421da236241f603883f2
9538feefe1d84c03874b872ae3f48947,6866efc8987a4ec8b04b7abd28fb5777,26869cc099c44c4a86f6043476ab4890,d695b7afdc3841a28a56df578e56afce,f1c9c5051bdd4a11a064260bbb9d6d7b,764b8280445d4023aecaa53cf7758932,e7ee85dd47ca43eeb2fdcd70b802f0ec,c750a2994555414790abb3281572bb42,8987ceafff324f9599b842542e37eddd,7c1126d46a934db6b951d1e98feae327,f5bcc6f48ed2447581b401d453039866
03b02260fc474ab29d5d6a1398847a2a,4285b02dc9164cb9bae36b0566bb42f0,97959d02a64f4a3fbbebe7cbece6c012,e06d08ff594a4acbac12edf579743fcf,75bf181ea5dc490e95d364a5f5c7af1d,9a500a20b1ff4694acc31339a8d1349e,724a3f6551e74ad585bdeac9a75fd639,39e2b00e1cbd471488cf56f31d2cec7f,f37d285ad0de42f0b1546d0d1acfb221,17b5eb6fab65476f827dd355b4a20a55,fe363cef357840fcb35f320fe7c27e4e
f19622c340af46aabec5a3eebfea35fa,4285b02dc9164cb9bae36b0566bb42f0,9a500a20b1ff4694acc31339a8d1349e,6b7b5d28293d4a5a8075f7f7dd231ddb,e59dba65749140f4a1bdaf2695de2fc6,f335a944a27a4504a82ecf70c2d4a5e4,be8953cc364d46cebbcc2c2da2c348ab,415641aa43724ed9bc4710302b77edc3,f91157bb8fca4a8e98db33591a76be9a,5e44915237fc4445b54b037e1c4e29a4,e5a3c8867e44498d9182e8be934e0fce
b2c57f611c954c84ad5bc681d1798dee,4285b02dc9164cb9bae36b0566bb42f0,9a500a20b1ff4694acc31339a8d1349e,fe363cef357840fcb35f320fe7c27e4e,97959d02a64f4a3fbbebe7cbece6c012,75bf181ea5dc490e95d364a5f5c7af1d,0433768f874042a5b2d2e37ad9deae13,17b5eb6fab65476f827dd355b4a20a55,f37d285ad0de42f0b1546d0d1acfb221,e06d08ff594a4acbac12edf579743fcf,e59dba65749140f4a1bdaf2695de2fc6
98e31f0110bd4082b8a9c780c4658d5b,f439b5616ba24b7f82eccfa095a0eff8,cc243eebbb2b44a581745865a60c423a,02a3cd76ce534d188b4d5ac4778bd652,1f9cd7f2b7a14e2f8d490a104a56edcd,66cba49431224a3788f914d6a80165e1,0971af4212484a958eb0f60f93d1dfe0,d9096650c434432c871effeca9acd5c6,5abf57d57d84440e94d0d2e2ffb37575,41e657daa20545a588584578bdb4101c,67dd23cfd20f46dc82acc82c108a1dc6
ba97c80ce0a5461d938b43cfdc812679,f439b5616ba24b7f82eccfa095a0eff8,cc243eebbb2b44a581745865a60c423a,d9096650c434432c871effeca9acd5c6,4a3d4daed4b24a1898551f0fd1ba44f1,66cba49431224a3788f914d6a80165e1,5fc200cab89346658c9c91cce27e85fe,8fdee0611965465eb45387b8c39f4136,4d5cbe57c3094d01843e4f950a280b50,02a3cd76ce534d188b4d5ac4778bd652,0971af4212484a958eb0f60f93d1dfe0
eef39c9128b1421cb4e7b9c83fee0c82,df5ca61304074da1bec8f536ab50baf3,b9228fdb5f0c413d81cffb51829d95c6,99a52c93a3304ec18dab9206f98f2a8b,4a6eba10a02a4ecdbb6b25e8651c3789,ad42c467d0fe43dbb328073f9a16bc4d,6c874292dbcc49ff8bb8bbe5643593a5,643fbbdd6b764ba9904a4ee67a86b9fd,69ac8397e9624bfd8aee237b9f9ea3b5,105ad424733e4cffa7c474b51e3980aa,e1c63000ace94c1d9381d82389fe6afd
8a738e1a32764f6aa0c264a4a08e2942,df5ca61304074da1bec8f536ab50baf3,b9228fdb5f0c413d81cffb51829d95c6,69ac8397e9624bfd8aee237b9f9ea3b5,99a52c93a3304ec18dab9206f98f2a8b,105ad424733e4cffa7c474b51e3980aa,6c874292dbcc49ff8bb8bbe5643593a5,ad42c467d0fe43dbb328073f9a16bc4d,4a6eba10a02a4ecdbb6b25e8651c3789,b3f8b4bec0164d0e81997b4f5a277e8f,643fbbdd6b764ba9904a4ee67a86b9fd
173559035aac478591718da5062ea4e7,5e2f1a45f7174f1aa39a194179985876,7627d5e28ba74cbeaf9225e88a7a44cc,0a61f52258f643b6a6436a1ec234e197,9909a671f7414c19b2727e7d4d4dcf1b,eafb3480db704d7baa8216ce857d1610,6c874292dbcc49ff8bb8bbe5643593a5,105ad424733e4cffa7c474b51e3980aa,c1def54262224e23acf67a9870725ce5,dee9eddb2eac41bfaf36d3279d43674a,b77d8b7bb0114c379139d280a9210e83
6fb705d0d2f04e52b810c48e7fc82a2e,5e2f1a45f7174f1aa39a194179985876,7627d5e28ba74cbeaf9225e88a7a44cc,105ad424733e4cffa7c474b51e3980aa,9909a671f7414c19b2727e7d4d4dcf1b,eafb3480db704d7baa8216ce857d1610,2ece45504eff42469c104dc2a2d03caf,0a61f52258f643b6a6436a1ec234e197,86f59bd78b424260b0cf356f2f9ae734,b3209c60460a437294e2b30a9e9d3f53,07958f43551e459eb30638b632e3cd64
709e314fe2f6437097221a6c9ab0dc69,c74557a980e2428a9ffcc245278df692,119a6d7b4af3458b951fc1c5ab5e1738,3c0f3b44c0844df49b5898406fe9195a,e3854d75221c4e38879a6106bb5c1941,c4b9d7a8d5d342459d2282589b3af293,da61d9bc8f024a4aba18d5c3072b7838,590df34aa41f46e9ad13ffc6a98da3b7,84581d81d46d44bc99ffb8f871646a7a,d658e3a743af41899183fecff6b2628d,e429a2e164a24919a12edcc8d4ea8f09
f23420a6638046f4b1536f73bc2e0cb6,c74557a980e2428a9ffcc245278df692,b8995466f0eb4e7ba141e23216e8b974,119a6d7b4af3458b951fc1c5ab5e1738,bf789f42ccfc42c5a330a3f6e30ddb83,3c0f3b44c0844df49b5898406fe9195a,059a284910e849efbbc7073b8681409f,211ef3181e524685866fb8574d9bf456,c4b9d7a8d5d342459d2282589b3af293,d658e3a743af41899183fecff6b2628d,2ea3b46262e649f79900258cd90cce31
1d83fbe02659440394a32de73b6c18a3,e9428816b054499298745b742f128f65,5c8a8b7a59c54b9aa7b7136fd91b5869,d60986f4025d443ea58adba0e3d224a1,da88fa5efc674368b593444ca950dff9,bce599075dfd4fac8dd78626106e3071,84581d81d46d44bc99ffb8f871646a7a,fadf133e0e684a24ac79b5fa9515bac2,c4b9d7a8d5d342459d2282589b3af293,93dc50abd35349f7923100dca2f41002,225818abe99e45a0bf5b0b3ec30db76b
3cf470f9d76e42a68e48c748b6c793fb,d60986f4025d443ea58adba0e3d224a1,e9428816b054499298745b742f128f65,bce599075dfd4fac8dd78626106e3071,18ab15fbf00f42f7a410ec75f7592bea,009be1c3430743ff9b054bdfcd6228d6,225818abe99e45a0bf5b0b3ec30db76b,c756409435634fc48c643a64e73c93ce,c4b9d7a8d5d342459d2282589b3af293,de6ac628a786435f9925c8cc1d707d6b,8228c9eb29a542ba98c8b9b854eadaa4
168e52d4211e47f9b447e33469c72127,d60986f4025d443ea58adba0e3d224a1,e9428816b054499298745b742f128f65,bce599075dfd4fac8dd78626106e3071,18ab15fbf00f42f7a410ec75f7592bea,225818abe99e45a0bf5b0b3ec30db76b,c4b9d7a8d5d342459d2282589b3af293,8228c9eb29a542ba98c8b9b854eadaa4,009be1c3430743ff9b054bdfcd6228d6,c756409435634fc48c643a64e73c93ce,de6ac628a786435f9925c8cc1d707d6b
2cff6320a7ec4c2aafba5c1e3318ddee,1393dac7d34b4c34b1a8091a5bea3663,d2bcc978e7aa49908919d9fc40138b27,530b37164090408dbab4e6da51111b8a,a9573f188204436090fb4a5240e4eccd,de6ac628a786435f9925c8cc1d707d6b,a9d82bb43410405ca21b44a5e82e22b6,e3854d75221c4e38879a6106bb5c1941,189a3b686ad14c24b5e1a495f76dd239,f4474150010f4021a4620372062f3797,99830b8da7c24f909914f7bb167f3ea6
abadadc5b9f748f59edd8d3abb4d3a01,1393dac7d34b4c34b1a8091a5bea3663,530b37164090408dbab4e6da51111b8a,d2bcc978e7aa49908919d9fc40138b27,a9573f188204436090fb4a5240e4eccd,d8b3ad3b5c4e474db41a671ab286424f,2f0401170d104b47b0a8f087f69dee88,de6ac628a786435f9925c8cc1d707d6b,7960902edf4b47d686f704441aa56b0e,1578afd6ce694d46ab6e24f965f51fd6,99830b8da7c24f909914f7bb167f3ea6
2ea6bb0d68e4468e86828a584e75bb42,a64f6232ee1e4357937008a327a63cf4,eff24b01b2f5428baa4c3fef6cb40d41,0bd1cce9370a461089e25393086800a8,250d411ae270441085be3501b7b55d86,fadf133e0e684a24ac79b5fa9515bac2,ffe2740eee8c49b39b2ce41f9983bcb4,6bedb2d6ace34e18811b7f1206b2d1b0,99830b8da7c24f909914f7bb167f3ea6,5cf392f15360460bae6a6b0182bb99b9,36ac84a73ad34261ad45cf569edb60af
983d22fb5ca14e8a9d33f205427d4934,511fe9c8b20b4fda94969745238c9474,22d9d5ad33e947fd857c5c4a8b7dfae1,f0084465b2e646c9a53d9dc766067d9b,d65e3a3657ae455e954b6d7221afc84c,f5b766ea6abe4b5fb27d49cc3bc06020,6fc7a2cf0684475a82f6ff9be2c8e850,cb2505b30d8a4dc086c353cf94424b6d,7d0190486da540718e4dc4ca4bd1f573,1aaf8edc37ea412b85e3d1b5c5317051,f69dcaceb6074ddebfe1dc7e5978fcff
c601d5a9e45b400ab8ffe8a62cc6dd5b,99830b8da7c24f909914f7bb167f3ea6,eff24b01b2f5428baa4c3fef6cb40d41,5cf392f15360460bae6a6b0182bb99b9,c84deec0ecf843c39f52d4cb8e7300f8,250d411ae270441085be3501b7b55d86,fadf133e0e684a24ac79b5fa9515bac2,99ba4cc9355f4d79a68bc69ac12a716f,ad054da7e1704a53931a341173f0605f,6bedb2d6ace34e18811b7f1206b2d1b0,64e74af099b0485f8b6e71ac73aa2cb8
af9775f02cb64e7a89d41bfd3138d87c,511fe9c8b20b4fda94969745238c9474,0971af4212484a958eb0f60f93d1dfe0,1aaf8edc37ea412b85e3d1b5c5317051,f0084465b2e646c9a53d9dc766067d9b,22d9d5ad33e947fd857c5c4a8b7dfae1,8683a3ad55d84a78834fabe20cde5269,7d0190486da540718e4dc4ca4bd1f573,8fdee0611965465eb45387b8c39f4136,70558882c04e46bd99d15e9786468418,590df34aa41f46e9ad13ffc6a98da3b7
6e03c908e766447c8bca6c98861b5a60,5363ae1c905d4879a63259de4954702e,a2612682d9854a30a7684c91c8619ec9,6c79712e67b54dd0a11d426a91207939,50a2129b83404b94889a01f4688ebafd,be8953cc364d46cebbcc2c2da2c348ab,2471f23cb9b64d35a72deed09c9c8975,5455e62f52ae4e03b2a5d0e8b9899506,a5d5fb459a1844088e93ae557ab34afe,59f62d35b1ad451397b700b3dad25448,0b57f893483647c3aed811775a4c4c04
44483008955a408db228e36e7af53fdc,5455e62f52ae4e03b2a5d0e8b9899506,295d0d40791245ff838c73a2aa27d065,4a7fa5a1bafe4b6995e2920444ac07c4,5fc200cab89346658c9c91cce27e85fe,0b57f893483647c3aed811775a4c4c04,3aa003c1e31b476e999c3a808a1d5dc6,35c5a560ecdc4d6a9d20f057ed1fa0e6,cd6ce920d00e4d17a6cf04f9f7e550b7,e4e12f4711fd41e39075e26cc274df45,2d43cf91509846e29ab4febd7781919f
42507e0cf2f146b4a2773c26d941610d,295d0d40791245ff838c73a2aa27d065,5455e62f52ae4e03b2a5d0e8b9899506,521004289ebc4e6da6623381d40a5e73,5fc200cab89346658c9c91cce27e85fe,41e657daa20545a588584578bdb4101c,4a7fa5a1bafe4b6995e2920444ac07c4,8fca2e4873e946f7a788af2b846cebd7,d9096650c434432c871effeca9acd5c6,a5d5fb459a1844088e93ae557ab34afe,6c79712e67b54dd0a11d426a91207939
fdd87abf600a4abaa1d0210384b5076f,5363ae1c905d4879a63259de4954702e,6c79712e67b54dd0a11d426a91207939,a2612682d9854a30a7684c91c8619ec9,50a2129b83404b94889a01f4688ebafd,be8953cc364d46cebbcc2c2da2c348ab,295d0d40791245ff838c73a2aa27d065,26e55eb4d910464497d700bfdf5a36ca,2471f23cb9b64d35a72deed09c9c8975,5455e62f52ae4e03b2a5d0e8b9899506,8fca2e4873e946f7a788af2b846cebd7
bd2ab791b5d947aebc36dd63a25b782d,f65b6fb5b40a49d1896de7a115469d40,5cfb876eeb4f410aa1282cc279f0e546,b6c493a3666c4db193e86c79faf099ab,9094e936e13641cc9bfcc7dc1408d86e,e4e12f4711fd41e39075e26cc274df45,e343a998f4df4ac195c84e0fb571a393,1f9cd7f2b7a14e2f8d490a104a56edcd,4a7fa5a1bafe4b6995e2920444ac07c4,19593c97fef0474dbe6051e28338f1e9,7f0a68d19d2e4850846ffc08c47ed87d
f97b6d6044f64e668c6bfa4856de6e2e,f65b6fb5b40a49d1896de7a115469d40,b6c493a3666c4db193e86c79faf099ab,5cfb876eeb4f410aa1282cc279f0e546,7e17bbd109dc486c8f0a76f913782180,4a7fa5a1bafe4b6995e2920444ac07c4,1f9cd7f2b7a14e2f8d490a104a56edcd,e4e12f4711fd41e39075e26cc274df45,e343a998f4df4ac195c84e0fb571a393,88353d1136d24836816b073de62e5f50,19593c97fef0474dbe6051e28338f1e9
dbdb837b049042bcb0b995828a1463d5,a70909d3ce0d4235913b5ce6a138dcce,f69dcaceb6074ddebfe1dc7e5978fcff,31cf7db26a3249c5a6205b005662ddcf,a0b4d283f12a407286dbeaa3a4d128a5,e96fae6d607246b18b8494aabe521036,22d9d5ad33e947fd857c5c4a8b7dfae1,c1d504dfeded4b8bb3c07777b7c7abde,5605fa1188974644937bbf92fec50e21,d65e3a3657ae455e954b6d7221afc84c,b425f33c33ad4be89a12da266d131a86
e4e8bbb77d39441f89e7899ac799567c,a70909d3ce0d4235913b5ce6a138dcce,cb32ec9a538a4c0f8462771946ced93b,eee7f32249c5452ea36c8ed3a3540010,5f65785004054c67a618fe43b6a30f56,d65e3a3657ae455e954b6d7221afc84c,e4fcd30261804b089efa940359057ba2,5605fa1188974644937bbf92fec50e21,b425f33c33ad4be89a12da266d131a86,eff24b01b2f5428baa4c3fef6cb40d41,7199f2fe77824236a392e1f00a5bdfc3
884628be75bf4632adba41416b2dcb2d,b6c493a3666c4db193e86c79faf099ab,26869cc099c44c4a86f6043476ab4890,7e17bbd109dc486c8f0a76f913782180,f65b6fb5b40a49d1896de7a115469d40,f5a9583711fc4ff4a46e85c24886b234,3aa003c1e31b476e999c3a808a1d5dc6,0daf8d5687b54d158f7f752884c42334,b90d74e80c37486eaee89b6fbab13671,88353d1136d24836816b073de62e5f50,7ef653f7e5f64e1b8bba73b9518b87b7
736b602483e04289bedcbe5e6082e394,ad42c467d0fe43dbb328073f9a16bc4d,1232f20e710b448e8c0538b9e84dab1c,cb2505b30d8a4dc086c353cf94424b6d,6b7b5d28293d4a5a8075f7f7dd231ddb,eb21a4e2b7bd43efbdf0c365415e7fef,99a52c93a3304ec18dab9206f98f2a8b,d445ccdb4cda497e9f0343a3298022d2,d75a52d716984f318f976bbfc7bee787,f32f4607b4714e378831f924c5e6084d,97959d02a64f4a3fbbebe7cbece6c012
46dfeacada264da795ae8f40feca0462,ad42c467d0fe43dbb328073f9a16bc4d,54e9bbd0093947a3bda5fef48ef7493d,5e44915237fc4445b54b037e1c4e29a4,5f481b07f9734f518a14853831233b78,d476be2399b7424a88d242b771c32041,6732de8994744decbb3306c74aaa7882,6b7b5d28293d4a5a8075f7f7dd231ddb,99a52c93a3304ec18dab9206f98f2a8b,e12ad1ce8e7940a999b9a4f91a95fab7,be9e713988ba4bbba869885cad419259
398185f5bc8c44629ec6d92103b2a26e,b52468fc0af2435f9ba91939f72bbf6a,c588868fc3fd4e87a7cddf1ceb00b022,9460474d89704a68aaa6ccb62310ae3d,39e2b00e1cbd471488cf56f31d2cec7f,3aaea7fa41fd43cdb88f8ef59062c5df,31cf7db26a3249c5a6205b005662ddcf,ff276acede2f4c14876ef47257758ae8,babbeca1f6a244a2a11ea77a3855e70f,44f41e6e6faa4facb0bb9a72205229f8,e86a0aae846a4e44bf967ab4972c977c
7881cf6f764e4853ab524e92060b86db,b585a2970e9f421da236241f603883f2,d695b7afdc3841a28a56df578e56afce,f91157bb8fca4a8e98db33591a76be9a,7dd5e88dfdd24cafab2c765939757354,30f654c6e69e48888f9f42dd95ab3c77,434551fdf9e443ed91679a9557ae6fd5,7daa434073604cb98a04fefb55468dda,19a124c6dad14a4fa7864463b081009c,249c2d8d8d2345c6990b3c4d94385b5a,77cecb221149474896d9b2eb848bf150
b5a0c3ca548c404e8f6ce3bddb0642d8,eeca68825e2a4bbdaa5ae962998fc33b,7aceed0dbea645b091207f4a53d879f2,5cfb876eeb4f410aa1282cc279f0e546,5fc200cab89346658c9c91cce27e85fe,e4e12f4711fd41e39075e26cc274df45,0ecfdd96e0054841883acba75e83b232,2b3ecf8be2b242f3b8a1e714390749fb,6400e3f6a14c492ba399bd414faca075,2d812431f07c44f1a56a71c72766e0b0,1099cb6f4fac4eb8a1fb6db50e18296b
16b427f91adb47be8f9ef97448bf84da,b585a2970e9f421da236241f603883f2,8350ea8cd6514c2c8d7b625abe7e895b,7dd5e88dfdd24cafab2c765939757354,f91157bb8fca4a8e98db33591a76be9a,d695b7afdc3841a28a56df578e56afce,72a7e2ce22d045efbdbbab9c68f5d026,e7ee85dd47ca43eeb2fdcd70b802f0ec,8fdee0611965465eb45387b8c39f4136,78d0265d47df4f4cb7153da919763730,444fa28d9ed54c82a522699041eae592
a9f8715606d84f499a84ad01589fc4b3,eeca68825e2a4bbdaa5ae962998fc33b,2d812431f07c44f1a56a71c72766e0b0,5cfb876eeb4f410aa1282cc279f0e546,7aceed0dbea645b091207f4a53d879f2,0ecfdd96e0054841883acba75e83b232,6400e3f6a14c492ba399bd414faca075,24c55bb5cd694770ba895c7401da2ba5,2b3ecf8be2b242f3b8a1e714390749fb,5fc200cab89346658c9c91cce27e85fe,c3502ff31ce6459a96164c934f297562
fd6075f13adb4cdc8540f83b192abddc,2e7836ee5e5144f5b63e6629b969a362,02e1d712f37e428c998f72e7a7eeb1e6,999a2b52a5004ee984e587d5a1327b23,0092d1d820c64646b8bee9fd14f77acf,d25e6f2fc8154dd7816f8f7a41bee12b,07958f43551e459eb30638b632e3cd64,b5f237fefb38465bb6a068c9cf75ba31,23a16d69ffe848d593a4808907d8aa98,d9b70c4ed8bb4fc5957ecebf102528ee,20297482a5014732a843c9fdafba548e
b7c34ab8ac2b44a993051b96fadef9cb,2e7836ee5e5144f5b63e6629b969a362,02e1d712f37e428c998f72e7a7eeb1e6,999a2b52a5004ee984e587d5a1327b23,d25e6f2fc8154dd7816f8f7a41bee12b,0092d1d820c64646b8bee9fd14f77acf,23a16d69ffe848d593a4808907d8aa98,07958f43551e459eb30638b632e3cd64,52ee59901f3b4de884d7a6720538aed6,b277101390e1465685ef79bf3519f8d7,f65c7f50929f431dbf31b441d87616d0
5fe5888079644c41b966985f5b572f9c,e511c40ca6324803b5021e47b4e777f8,fbfaa119f55a477984e42d80498f54d3,5d5baf5ce88b4b529e28ab9c7c114148,df7ea50171af48df81584ab7e8107d15,bdb0d45caa2a4943959f8f501e51132b,e22e1ad3c1fc4493bcb7c9b923566ff7,cf290994a83e4909aec30077477b9d04,b00b2395b49949508fade89bb3eac98b,da61d9bc8f024a4aba18d5c3072b7838,0c9c05f86aa042abbdd66d2b2d05d374
e850e901ed844eacbf240b4358dadc9a,bdb0d45caa2a4943959f8f501e51132b,75801225047a4c019100660c13f1e0f1,189a3b686ad14c24b5e1a495f76dd239,1a0ac2d40cb04ca993e1db68d787728a,f6207eb593394ff78e2cb35057477422,b90d74e80c37486eaee89b6fbab13671,04537eabb0434eb2804d1220770b85a0,9bf3b77eb9874f5f9e006a9cff111ea9,a9573f188204436090fb4a5240e4eccd,ad054da7e1704a53931a341173f0605f
07a659cb697144d5b174a3c714670fcd,cd764fbfae774d068af7549c648a02c9,cb2505b30d8a4dc086c353cf94424b6d,f879b316413f45d2b64bb25e3f45a667,9909a671f7414c19b2727e7d4d4dcf1b,eee7f32249c5452ea36c8ed3a3540010,7862a63720b34104abf5bfa44bc8178d,3f1c2bb09c4e4400b6ba19542fafce18,5605fa1188974644937bbf92fec50e21,ff276acede2f4c14876ef47257758ae8,f65c7f50929f431dbf31b441d87616d0
1860486ceb1947ea93fe348ae75fe1f2,cd764fbfae774d068af7549c648a02c9,cb2505b30d8a4dc086c353cf94424b6d,f879b316413f45d2b64bb25e3f45a667,eee7f32249c5452ea36c8ed3a3540010,bf789f42ccfc42c5a330a3f6e30ddb83,7862a63720b34104abf5bfa44bc8178d,5605fa1188974644937bbf92fec50e21,9909a671f7414c19b2727e7d4d4dcf1b,c84deec0ecf843c39f52d4cb8e7300f8,590df34aa41f46e9ad13ffc6a98da3b7
40f9434041994e2ca0b5307725fdd4bc,c24e3823376b436c8eb46eaeebbc7718,c84deec0ecf843c39f52d4cb8e7300f8,b69c17a10a55494d8caa56c33e8f4a56,452d645d5bf4485185e996dcec9523e5,f59a3ee5387440d981754b6595e8664c,5cf392f15360460bae6a6b0182bb99b9,4926607aafe749538c930e108275547e,fadf133e0e684a24ac79b5fa9515bac2,9bf3b77eb9874f5f9e006a9cff111ea9,c756409435634fc48c643a64e73c93ce
75978aae26274d9b926b0b08cc16950a,66f4c650b7ca48f1bc27f9daff8d312a,e2769c67dadd4c988f7ccf249a998a56,43464ed6733f4642a0b90e7d995a5e40,e96fae6d607246b18b8494aabe521036,babbeca1f6a244a2a11ea77a3855e70f,d756970269e9443fb9bbf645a96aa84e,1419b2c686f44896a0ae2a43e93b5402,6b4676aba2a746b3ab778315afc8ee82,b77d8b7bb0114c379139d280a9210e83,b425f33c33ad4be89a12da266d131a86
7fb1043e17c142cf8bc1704c263ae9b4,f5d09519cf7647f8a107cd8fadd322e5,bc607fd6000b43108e49b3d05688fe90,ce4fdd5499f8498793c11e586f7da70c,da61d9bc8f024a4aba18d5c3072b7838,d7c9dafddaf547159d366dacf7b68a7e,ab57f83304bc4005998bbd6bc063fb4f,3e6a4b65a1004c08a6f3f570cf986c2f,bc13c2b0221744a29a8ddf56aa015df9,7e8a4a43e2f84dbb88e41cb24b3fe79f,11e1e3cdfe214385a2c24d0f957dde9b
13a4af2eb59944b9926a2ceec4e169fa,cd764fbfae774d068af7549c648a02c9,f879b316413f45d2b64bb25e3f45a667,41047823f2cb4194ba1e0709443c719a,90b560de76b149c09c7cd6efb3f12cfd,1232f20e710b448e8c0538b9e84dab1c,bf789f42ccfc42c5a330a3f6e30ddb83,ff276acede2f4c14876ef47257758ae8,20297482a5014732a843c9fdafba548e,52ee59901f3b4de884d7a6720538aed6,c66c6f1449d44728a2ef72de53dd6d5e
7c0b316dd59246b4ba2bbf879d7c9d74,f5d09519cf7647f8a107cd8fadd322e5,bc607fd6000b43108e49b3d05688fe90,3e6a4b65a1004c08a6f3f570cf986c2f,d7c9dafddaf547159d366dacf7b68a7e,7d0190486da540718e4dc4ca4bd1f573,eee7f32249c5452ea36c8ed3a3540010,ab57f83304bc4005998bbd6bc063fb4f,ce4fdd5499f8498793c11e586f7da70c,563043f180e54e238ad4876974e5db4c,11e1e3cdfe214385a2c24d0f957dde9b
9adf6404c5364c9da78b1c60e57ed94b,f879b316413f45d2b64bb25e3f45a667,cd764fbfae774d068af7549c648a02c9,059a284910e849efbbc7073b8681409f,bf789f42ccfc42c5a330a3f6e30ddb83,eee7f32249c5452ea36c8ed3a3540010,1232f20e710b448e8c0538b9e84dab1c,9909a671f7414c19b2727e7d4d4dcf1b,22d9d5ad33e947fd857c5c4a8b7dfae1,ff276acede2f4c14876ef47257758ae8,57430214baf045cb92fa3b3b70a4ca3f
d1c6d2db55584c7e9425bce6b4029bcb,2fcf4a04d3654ffb9a5c1dfa3799e4f0,26e55eb4d910464497d700bfdf5a36ca,f335a944a27a4504a82ecf70c2d4a5e4,98fbdf945d0c4206a48a4f7260e56017,3d3e8565d2f84e0cad5ae622f2909765,1d70bc69b2f84bef9aa5fb0d9917e38d,30c71719aed84c07ae21d0eff0deed72,0cdb0f32850f4585a16de4886462bbe0,82d68ea370f8451aa16ea08f4601245c,b77d8b7bb0114c379139d280a9210e83
6a4118df6def4cfeae3bb62650bcbfe1,2fcf4a04d3654ffb9a5c1dfa3799e4f0,0cdb0f32850f4585a16de4886462bbe0,26e55eb4d910464497d700bfdf5a36ca,7e190e3c05d74e6b9f103e39142c1684,04d24d1cf42b4f7787d8d300cbad6d50,e2e0c8c96aff4c00896ac6986bbb20c2,f335a944a27a4504a82ecf70c2d4a5e4,98fbdf945d0c4206a48a4f7260e56017,673aee19895b4d339ada93213d8874ac,3574ab91c29940b3afc62354ae06b73b
70e2b8adca1a4fae93ba2708abc854fc,2fcf4a04d3654ffb9a5c1dfa3799e4f0,f335a944a27a4504a82ecf70c2d4a5e4,26e55eb4d910464497d700bfdf5a36ca,98fbdf945d0c4206a48a4f7260e56017,3d3e8565d2f84e0cad5ae622f2909765,0cdb0f32850f4585a16de4886462bbe0,1d70bc69b2f84bef9aa5fb0d9917e38d,b77d8b7bb0114c379139d280a9210e83,aa082284f9894b5aa210c179d59999b1,71c1a8479b194efca65b44fb7f327afb
a14d78aab651419fbb973ee24df782f0,3bd43a42811048e3b7a7d9740bdb1971,7d3d751215194e649a03457226f599d7,0971af4212484a958eb0f60f93d1dfe0,98fbdf945d0c4206a48a4f7260e56017,eabdd2813a954f9aa01f0eb8212ee387,31cf7db26a3249c5a6205b005662ddcf,47eb17da319d440aa52da8008c26327a,27a0d24dc1e14b28a1f18456b29c93f1,7f0b453cc8c14156802497f5cbae9d62,5b588e34588940788a22036b775ecc2f
44b51300330643689a392e7b77ce78b9,d716ea165223433a8d49b93e96989482,02a3cd76ce534d188b4d5ac4778bd652,1ade4365590a4ac7865100d8c791e340,e0d8aee46b1d4d998858cd05027251b6,2f0401170d104b47b0a8f087f69dee88,0842a796c09b4089933a4f27e4e5e3bc,1419b2c686f44896a0ae2a43e93b5402,452d645d5bf4485185e996dcec9523e5,dd77b570036f40de9fdf49011bb9e2d8,6d3b4c95066e4dd8a6ad1c66b1c1ea4f
a59bcbf84ffb47d0abaf3c42791c4eeb,e7ee85dd47ca43eeb2fdcd70b802f0ec,9bf3b77eb9874f5f9e006a9cff111ea9,64e74af099b0485f8b6e71ac73aa2cb8,6866efc8987a4ec8b04b7abd28fb5777,26869cc099c44c4a86f6043476ab4890,5a6f4a2f7f6a4b1fa146493472e6d721,6732de8994744decbb3306c74aaa7882,6bedb2d6ace34e18811b7f1206b2d1b0,b585a2970e9f421da236241f603883f2,0b57f893483647c3aed811775a4c4c04
b0133b20a5a9444582fbb510d5158e94,3766b26b53874893ae48693880e1942c,b675be39e8ff421aa59811f146da945b,57bcda73abab44ee930b20cdaee9d24b,8fdee0611965465eb45387b8c39f4136,cb2505b30d8a4dc086c353cf94424b6d,9bf3b77eb9874f5f9e006a9cff111ea9,3356a8a8c6ee4f30bc2b028e360d4471,e7ee85dd47ca43eeb2fdcd70b802f0ec,8350ea8cd6514c2c8d7b625abe7e895b,6732de8994744decbb3306c74aaa7882
0c4c0aa7638b46729b25d811b58820c2,1f3cf50fe1f947d8a56e02ebca441c4c,b77d8b7bb0114c379139d280a9210e83,6ea31a945d494834a3d243f1f90af02a,aa082284f9894b5aa210c179d59999b1,daed5458403e49e3aea72f4bcc6dd224,70558882c04e46bd99d15e9786468418,938147b72e9540da8513910871e0830a,ccb62901750b4d13a922fc161b607f83,43464ed6733f4642a0b90e7d995a5e40,8d595c7da42545c88052e7b213b6c97c
077ba3ca8b4f4aafa1c3b07a9c81b87f,1f3cf50fe1f947d8a56e02ebca441c4c,b77d8b7bb0114c379139d280a9210e83,43464ed6733f4642a0b90e7d995a5e40,70558882c04e46bd99d15e9786468418,aa082284f9894b5aa210c179d59999b1,6ea31a945d494834a3d243f1f90af02a,1d70bc69b2f84bef9aa5fb0d9917e38d,daed5458403e49e3aea72f4bcc6dd224,0cdb0f32850f4585a16de4886462bbe0,97959d02a64f4a3fbbebe7cbece6c012
343fdc468034438c90562b6db6f39797,d756970269e9443fb9bbf645a96aa84e,6c874292dbcc49ff8bb8bbe5643593a5,f12e9e5805534d719f829332d1ea5d29,00fb3a55134242769182c520d55681a2,3aaea7fa41fd43cdb88f8ef59062c5df,39e2b00e1cbd471488cf56f31d2cec7f,c65af18670ea437c8986884645b3afe9,19a124c6dad14a4fa7864463b081009c,eb21a4e2b7bd43efbdf0c365415e7fef,44f41e6e6faa4facb0bb9a72205229f8
906efceb3d96448092f0c58433b87e1c,d756970269e9443fb9bbf645a96aa84e,6c874292dbcc49ff8bb8bbe5643593a5,19a124c6dad14a4fa7864463b081009c,3aaea7fa41fd43cdb88f8ef59062c5df,f12e9e5805534d719f829332d1ea5d29,39e2b00e1cbd471488cf56f31d2cec7f,00fb3a55134242769182c520d55681a2,eb21a4e2b7bd43efbdf0c365415e7fef,c65af18670ea437c8986884645b3afe9,b98519f97e424c1389f5553f0869b15a
e1236162007c4212aaf19e0771d4b741,74644c8cc17449cf89379868e7b21398,0b57f893483647c3aed811775a4c4c04,01ffceddb5b34406a08bb982b424b3cf,2d812431f07c44f1a56a71c72766e0b0,434551fdf9e443ed91679a9557ae6fd5,26869cc099c44c4a86f6043476ab4890,e4e12f4711fd41e39075e26cc274df45,7aceed0dbea645b091207f4a53d879f2,ad054da7e1704a53931a341173f0605f,c84deec0ecf843c39f52d4cb8e7300f8
00d00578efec48fab535293ac554abc7,74644c8cc17449cf89379868e7b21398,01ffceddb5b34406a08bb982b424b3cf,0b57f893483647c3aed811775a4c4c04,2d812431f07c44f1a56a71c72766e0b0,26869cc099c44c4a86f6043476ab4890,434551fdf9e443ed91679a9557ae6fd5,4a7fa5a1bafe4b6995e2920444ac07c4,ad054da7e1704a53931a341173f0605f,5fc200cab89346658c9c91cce27e85fe,5cfb876eeb4f410aa1282cc279f0e546
cb31998c075d450d95c9b67944dcbd76,13e659415ac84c7a81fc769111d43417,cf293392122347a180cf2126f4589acb,7e17bbd109dc486c8f0a76f913782180,5f65785004054c67a618fe43b6a30f56,66690895454847fea5a000202fbfab2e,59f62d35b1ad451397b700b3dad25448,1027a336232c4454a9c4ae450a562788,64e74af099b0485f8b6e71ac73aa2cb8,c3502ff31ce6459a96164c934f297562,f69855cdf66d4f6887ecfd0ddb9014b5
b3ebec0b824f4a8a8fb8920f8441b6fd,dee9eddb2eac41bfaf36d3279d43674a,ccb62901750b4d13a922fc161b607f83,6c874292dbcc49ff8bb8bbe5643593a5,b77d8b7bb0114c379139d280a9210e83,f12e9e5805534d719f829332d1ea5d29,8d595c7da42545c88052e7b213b6c97c,4a6eba10a02a4ecdbb6b25e8651c3789,b834c0b0c10b471b87ad3f11468de619,b3f8b4bec0164d0e81997b4f5a277e8f,3aaea7fa41fd43cdb88f8ef59062c5df
4aa0e4f3efc14a9ea0bce80841eb621b,13e659415ac84c7a81fc769111d43417,f69855cdf66d4f6887ecfd0ddb9014b5,4a3d4daed4b24a1898551f0fd1ba44f1,f6507bae2aaa4785842167f8320428b3,1027a336232c4454a9c4ae450a562788,5f65785004054c67a618fe43b6a30f56,7e17bbd109dc486c8f0a76f913782180,e79ae27b52fa4d54aa37735fd275c66e,cb75c6ef71cb4991805920f2894e0e96,b6c493a3666c4db193e86c79faf099ab
497a54d4f7074270862214aee7e64871,8dfe01febd46475ab5aef97033716ce1,b277101390e1465685ef79bf3519f8d7,cd6ce920d00e4d17a6cf04f9f7e550b7,eb21a4e2b7bd43efbdf0c365415e7fef,daed5458403e49e3aea72f4bcc6dd224,d75a52d716984f318f976bbfc7bee787,f1c9c5051bdd4a11a064260bbb9d6d7b,a9573f188204436090fb4a5240e4eccd,076e2669c305401fb3afcfafdd6c79c7,82d68ea370f8451aa16ea08f4601245c
1916331efe4549b3be624c41a1538927,daed5458403e49e3aea72f4bcc6dd224,6ea31a945d494834a3d243f1f90af02a,41e657daa20545a588584578bdb4101c,aa082284f9894b5aa210c179d59999b1,0f52f676197e4d4e92dec0a7bc4c4f7d,70558882c04e46bd99d15e9786468418,feb980ae999948ce9be0266b4ddc048d,7e190e3c05d74e6b9f103e39142c1684,1f3cf50fe1f947d8a56e02ebca441c4c,63eab812f3254cccb9631b09725aec3d
5ac53d8e26eb4e318f26ab79a0321759,daed5458403e49e3aea72f4bcc6dd224,6ea31a945d494834a3d243f1f90af02a,0971af4212484a958eb0f60f93d1dfe0,d9096650c434432c871effeca9acd5c6,41e657daa20545a588584578bdb4101c,66cba49431224a3788f914d6a80165e1,1f3cf50fe1f947d8a56e02ebca441c4c,938147b72e9540da8513910871e0830a,d445ccdb4cda497e9f0343a3298022d2,e0ff5d4ae0ec4871a49041d550cdcaa9
80c9830759ea407a88a5484659289f5d,f1c9c5051bdd4a11a064260bbb9d6d7b,1e376f9d0945477983c8d851e4b2cf5e,d658e3a743af41899183fecff6b2628d,6866efc8987a4ec8b04b7abd28fb5777,5c09482fc8dc45bdbf7919f00dd540e0,0a2c24dead204be9ae36be358e1223f9,8889c114b071429cbe2418f5b0f2024b,8dfe01febd46475ab5aef97033716ce1,b5f237fefb38465bb6a068c9cf75ba31,a9573f188204436090fb4a5240e4eccd
6d337f44e61147928e64eab798fe3328,f1c9c5051bdd4a11a064260bbb9d6d7b,d658e3a743af41899183fecff6b2628d,e12ad1ce8e7940a999b9a4f91a95fab7,5537ddec608a4ec586ea068fa27547ca,d695b7afdc3841a28a56df578e56afce,714e47cd21e5416f864a4bc938850a72,5e44915237fc4445b54b037e1c4e29a4,cae139b6e4914ce7b0ef1e68b8b857eb,0a2c24dead204be9ae36be358e1223f9,8889c114b071429cbe2418f5b0f2024b
0cdbb3c4d2ac4c828901f6bd0a6a2b2f,434551fdf9e443ed91679a9557ae6fd5,0b57f893483647c3aed811775a4c4c04,26869cc099c44c4a86f6043476ab4890,74644c8cc17449cf89379868e7b21398,7dd5e88dfdd24cafab2c765939757354,94ed54abfdc74b04b0dcb19c278e66f4,db620271348d404a9a0b978d96c63f29,d658e3a743af41899183fecff6b2628d,b6c493a3666c4db193e86c79faf099ab,bbdf9065122d499d9d8f80ad3e0ef6f3
5f108ee31ee841e0a7a9c47cc18206be,4254f6eaaed746bea797c3522036fc12,5cfb876eeb4f410aa1282cc279f0e546,14f4db886cca4104877ac7d1d7a64133,ca1a2a6308834baba3140b5ce8f81320,2b3ecf8be2b242f3b8a1e714390749fb,878e5c41be5c477e9f660ca361fdd727,35c5a560ecdc4d6a9d20f057ed1fa0e6,65e52d14d4d64d4fbad3de6ad319e745,e4e12f4711fd41e39075e26cc274df45,7359a1cc20d54f96aeea121d7247b88d
747ff46c283a4c069b67ffbf8e5a07cb,434551fdf9e443ed91679a9557ae6fd5,4a6eba10a02a4ecdbb6b25e8651c3789,bcfa4a4177d44d8b8cda17b7a23196b0,b834c0b0c10b471b87ad3f11468de619,7dd5e88dfdd24cafab2c765939757354,039f8e63b273472d8f1d99d9a5de5cf5,d756970269e9443fb9bbf645a96aa84e,1232f20e710b448e8c0538b9e84dab1c,99a52c93a3304ec18dab9206f98f2a8b,f91157bb8fca4a8e98db33591a76be9a
8f0d666c50404645b13bfe3e66f42211,b90d74e80c37486eaee89b6fbab13671,82d68ea370f8451aa16ea08f4601245c,0accd1d0138b49049d437c0d9b1c23c3,77cecb221149474896d9b2eb848bf150,f6207eb593394ff78e2cb35057477422,35c5a560ecdc4d6a9d20f057ed1fa0e6,1f9cd7f2b7a14e2f8d490a104a56edcd,2b3ecf8be2b242f3b8a1e714390749fb,d8b3ad3b5c4e474db41a671ab286424f,24c55bb5cd694770ba895c7401da2ba5
6ebcf08b1bfb414a81cb644955467ddc,b90d74e80c37486eaee89b6fbab13671,24c55bb5cd694770ba895c7401da2ba5,f6207eb593394ff78e2cb35057477422,26869cc099c44c4a86f6043476ab4890,1a0ac2d40cb04ca993e1db68d787728a,d8b3ad3b5c4e474db41a671ab286424f,1f9cd7f2b7a14e2f8d490a104a56edcd,1393dac7d34b4c34b1a8091a5bea3663,2b3ecf8be2b242f3b8a1e714390749fb,e343a998f4df4ac195c84e0fb571a393
ba3cf143599441c69bb6e84716c550c1,3cb231e1167e45f9bf5771a4e0074092,8c674a7b65e24114a45dd3c861a7ccfc,984058b7165d4c6385bec3c94afa9fb2,9bf3b77eb9874f5f9e006a9cff111ea9,da61e0de396149208c9ebd0fd6d7415d,0b57f893483647c3aed811775a4c4c04,66690895454847fea5a000202fbfab2e,476ce3ffff564a5aa985808e7d2cab17,e7ee85dd47ca43eeb2fdcd70b802f0ec,35d06fce2df446569702778e2250bd82
f9c6d687d22445a3a42bb5ef26f1efb1,4d0a737f396d4a95808085bd1306746c,039f8e63b273472d8f1d99d9a5de5cf5,f91157bb8fca4a8e98db33591a76be9a,07958f43551e459eb30638b632e3cd64,5e44915237fc4445b54b037e1c4e29a4,e12ad1ce8e7940a999b9a4f91a95fab7,df0c94234d9d4890b5b4b95c441b3e9a,30f654c6e69e48888f9f42dd95ab3c77,8d595c7da42545c88052e7b213b6c97c,ad42c467d0fe43dbb328073f9a16bc4d
55ff335679e94c7e9136c35ec45ffe08,aedd476072b345e9be46ebd7260e93a6,f6061b71031b4ddb9384f86c103690a4,a94cb58f1ca8456b96e39b5b1ebfb7ea,d9096650c434432c871effeca9acd5c6,99dbf0cd0c6343ffbcf97f04efc4143c,6ea31a945d494834a3d243f1f90af02a,f335a944a27a4504a82ecf70c2d4a5e4,b77d8b7bb0114c379139d280a9210e83,94ed54abfdc74b04b0dcb19c278e66f4,48240083d13148bd84ddee8c7f9fcd22
2d18983b2c08444f9c28b8ff9d211b4b,4d0a737f396d4a95808085bd1306746c,07958f43551e459eb30638b632e3cd64,039f8e63b273472d8f1d99d9a5de5cf5,e12ad1ce8e7940a999b9a4f91a95fab7,f91157bb8fca4a8e98db33591a76be9a,5e44915237fc4445b54b037e1c4e29a4,8987ceafff324f9599b842542e37eddd,bcfa4a4177d44d8b8cda17b7a23196b0,c65af18670ea437c8986884645b3afe9,ad42c467d0fe43dbb328073f9a16bc4d
3ffce0f5b295425b9e8dcac59218f776,aedd476072b345e9be46ebd7260e93a6,99dbf0cd0c6343ffbcf97f04efc4143c,0f52f676197e4d4e92dec0a7bc4c4f7d,f6061b71031b4ddb9384f86c103690a4,63eab812f3254cccb9631b09725aec3d,0cdb0f32850f4585a16de4886462bbe0,d9096650c434432c871effeca9acd5c6,6ea31a945d494834a3d243f1f90af02a,7e190e3c05d74e6b9f103e39142c1684,48240083d13148bd84ddee8c7f9fcd22
d8a7ca9c214246edb53a05f963f18ae2,7fe9e665bf41491c9788941aa2894a10,bcfa4a4177d44d8b8cda17b7a23196b0,97959d02a64f4a3fbbebe7cbece6c012,eb21a4e2b7bd43efbdf0c365415e7fef,c65af18670ea437c8986884645b3afe9,097f2ce3b88c4d008488b9908076497e,6c874292dbcc49ff8bb8bbe5643593a5,c1def54262224e23acf67a9870725ce5,f37d285ad0de42f0b1546d0d1acfb221,b98519f97e424c1389f5553f0869b15a
57062952f9e74d028985df841b24f285,d25e6f2fc8154dd7816f8f7a41bee12b,0592b57e490d4206a3f12eb004a0afe0,bcfa4a4177d44d8b8cda17b7a23196b0,4a6eba10a02a4ecdbb6b25e8651c3789,f37d285ad0de42f0b1546d0d1acfb221,1232f20e710b448e8c0538b9e84dab1c,3f23eafbd9cc4e209aca631fd6fc9dfd,52ee59901f3b4de884d7a6720538aed6,b3209c60460a437294e2b30a9e9d3f53,039f8e63b273472d8f1d99d9a5de5cf5
5d12bfa69be74f498b42610ff9736913,d25e6f2fc8154dd7816f8f7a41bee12b,0592b57e490d4206a3f12eb004a0afe0,b3209c60460a437294e2b30a9e9d3f53,30f654c6e69e48888f9f42dd95ab3c77,bcfa4a4177d44d8b8cda17b7a23196b0,97959d02a64f4a3fbbebe7cbece6c012,bf789f42ccfc42c5a330a3f6e30ddb83,f37d285ad0de42f0b1546d0d1acfb221,514537782f6549c488a1b932939b4128,4a6eba10a02a4ecdbb6b25e8651c3789
1ac8ca7603544075954a8714e1990e7f,7fe9e665bf41491c9788941aa2894a10,97959d02a64f4a3fbbebe7cbece6c012,bcfa4a4177d44d8b8cda17b7a23196b0,eb21a4e2b7bd43efbdf0c365415e7fef,ff171f0b29974f78b0e81fee30abdd38,f37d285ad0de42f0b1546d0d1acfb221,17b5eb6fab65476f827dd355b4a20a55,f12e9e5805534d719f829332d1ea5d29,c65af18670ea437c8986884645b3afe9,724a3f6551e74ad585bdeac9a75fd639
5c82142a41eb4fa7a6f77361c5865f55,714e47cd21e5416f864a4bc938850a72,e735729c80d84f76a6133c065d5380f8,403835bbf2f1447188bcc78e062b0028,d695b7afdc3841a28a56df578e56afce,be8953cc364d46cebbcc2c2da2c348ab,415641aa43724ed9bc4710302b77edc3,d0e41bf891254ba0872f1641139f84f6,f1c9c5051bdd4a11a064260bbb9d6d7b,cd6ce920d00e4d17a6cf04f9f7e550b7,8dfe01febd46475ab5aef97033716ce1
7c97ff590ca246898e57f4f75c6d9880,714e47cd21e5416f864a4bc938850a72,e735729c80d84f76a6133c065d5380f8,d695b7afdc3841a28a56df578e56afce,403835bbf2f1447188bcc78e062b0028,be8953cc364d46cebbcc2c2da2c348ab,d0e41bf891254ba0872f1641139f84f6,00614d60b3544ba790dfd23dd53992e0,415641aa43724ed9bc4710302b77edc3,f1c9c5051bdd4a11a064260bbb9d6d7b,85d4175b563d48e5bc6a991b23662f24
b439e61143bb452198ea7179e6153565,a7077a82d2c74518b96fb45e35f6e150,f4b7e6e902e344859cb041126b69ce3c,87fc1d6a57ea488786caaec8599c3b8b,0b57f893483647c3aed811775a4c4c04,797cc520b8c94d9bbef187818ab51647,f2cfa68a47ce4a43a0fe1cc7dc860418,6866efc8987a4ec8b04b7abd28fb5777,5fc200cab89346658c9c91cce27e85fe,35c5a560ecdc4d6a9d20f057ed1fa0e6,b64cef9df31c4e92a7b7ecd42f74f396
fd60a3efb7074ef7b1e3aaf40201c970,a7077a82d2c74518b96fb45e35f6e150,f4b7e6e902e344859cb041126b69ce3c,87fc1d6a57ea488786caaec8599c3b8b,0b57f893483647c3aed811775a4c4c04,797cc520b8c94d9bbef187818ab51647,35c5a560ecdc4d6a9d20f057ed1fa0e6,2d43cf91509846e29ab4febd7781919f,d695b7afdc3841a28a56df578e56afce,503d2f067a8a4f5798b1c64b07ab0bc5,f69855cdf66d4f6887ecfd0ddb9014b5
74279677b01649fe9c9330832c44e188,0daf8d5687b54d158f7f752884c42334,cb550e5ff4694fe9a19eaa6588cef250,2d43cf91509846e29ab4febd7781919f,4a7fa5a1bafe4b6995e2920444ac07c4,88353d1136d24836816b073de62e5f50,59f62d35b1ad451397b700b3dad25448,5455e62f52ae4e03b2a5d0e8b9899506,e4e12f4711fd41e39075e26cc274df45,bbdf9065122d499d9d8f80ad3e0ef6f3,0842a796c09b4089933a4f27e4e5e3bc
76f1a57141c141cf8c82961ec4686a1c,7326afe68eb64b63993b3dae022c645d,b00b2395b49949508fade89bb3eac98b,0b57f893483647c3aed811775a4c4c04,feb980ae999948ce9be0266b4ddc048d,d0e41bf891254ba0872f1641139f84f6,b585a2970e9f421da236241f603883f2,8889c114b071429cbe2418f5b0f2024b,4d5cbe57c3094d01843e4f950a280b50,bbdf9065122d499d9d8f80ad3e0ef6f3,74de04f31db94a99b757685c91779412
9fb4debf99ee489098c330310de8b65d,0daf8d5687b54d158f7f752884c42334,5c09482fc8dc45bdbf7919f00dd540e0,77d8e01a914d4f4a8b87d407e0d741aa,d0e41bf891254ba0872f1641139f84f6,78809cb3c6b841a9b8b132133dd6bb96,cb550e5ff4694fe9a19eaa6588cef250,7ef653f7e5f64e1b8bba73b9518b87b7,f3fddb55448a46778b5d807642cceb71,2d43cf91509846e29ab4febd7781919f,076e2669c305401fb3afcfafdd6c79c7
22afc0397a0a4324acedfe7a1e698dc5,bbdf9065122d499d9d8f80ad3e0ef6f3,0daf8d5687b54d158f7f752884c42334,0b57f893483647c3aed811775a4c4c04,4a7fa5a1bafe4b6995e2920444ac07c4,d658e3a743af41899183fecff6b2628d,59f62d35b1ad451397b700b3dad25448,26869cc099c44c4a86f6043476ab4890,7e17bbd109dc486c8f0a76f913782180,cb550e5ff4694fe9a19eaa6588cef250,6866efc8987a4ec8b04b7abd28fb5777
8bb786e1ae9e46dbb6ebe4f36bb30022,fc430b7683934be2aba12468b2409bb8,724a3f6551e74ad585bdeac9a75fd639,ccb62901750b4d13a922fc161b607f83,4d0a737f396d4a95808085bd1306746c,bcfa4a4177d44d8b8cda17b7a23196b0,be8953cc364d46cebbcc2c2da2c348ab,1d70bc69b2f84bef9aa5fb0d9917e38d,26e55eb4d910464497d700bfdf5a36ca,70aa10580bfe4069bdaa5721ae2d29db,8c7c9eaae41a44a3a4ebe39ce167d300
afdec97feacc44a4b83541c2e0c7a33e,fc430b7683934be2aba12468b2409bb8,7dd5e88dfdd24cafab2c765939757354,4d0a737f396d4a95808085bd1306746c,57bcda73abab44ee930b20cdaee9d24b,f91157bb8fca4a8e98db33591a76be9a,8d595c7da42545c88052e7b213b6c97c,ccb62901750b4d13a922fc161b607f83,1d93c07de74c482ebf0a76ec564c3252,be8953cc364d46cebbcc2c2da2c348ab,1d70bc69b2f84bef9aa5fb0d9917e38d
8756904ecec04706890eb72f81305ad8,57bcda73abab44ee930b20cdaee9d24b,4e4495962a9b4864882397042f1a2b3e,ca5add3cbf044a95a5bec88a5841ce98,8683a3ad55d84a78834fabe20cde5269,5e44915237fc4445b54b037e1c4e29a4,68aefc97056440af874039a28497cf98,be8953cc364d46cebbcc2c2da2c348ab,f32f4607b4714e378831f924c5e6084d,85d4175b563d48e5bc6a991b23662f24,6b7b5d28293d4a5a8075f7f7dd231ddb
8b8151048f8d4951a310c33c9a5d2c43,1d70bc69b2f84bef9aa5fb0d9917e38d,fc430b7683934be2aba12468b2409bb8,6b4676aba2a746b3ab778315afc8ee82,0cdb0f32850f4585a16de4886462bbe0,ccb62901750b4d13a922fc161b607f83,7dd5e88dfdd24cafab2c765939757354,82d68ea370f8451aa16ea08f4601245c,be8953cc364d46cebbcc2c2da2c348ab,4e4495962a9b4864882397042f1a2b3e,1ade4365590a4ac7865100d8c791e340
ef2a80861fc14e18ab15656a8a125c8c,b00b2395b49949508fade89bb3eac98b,0b57f893483647c3aed811775a4c4c04,a9d82bb43410405ca21b44a5e82e22b6,434551fdf9e443ed91679a9557ae6fd5,66690895454847fea5a000202fbfab2e,8c674a7b65e24114a45dd3c861a7ccfc,f91157bb8fca4a8e98db33591a76be9a,64e74af099b0485f8b6e71ac73aa2cb8,9bf3b77eb9874f5f9e006a9cff111ea9,b6c493a3666c4db193e86c79faf099ab
0df6b8fc44a3430782efcbe10851747b,b00b2395b49949508fade89bb3eac98b,a9d82bb43410405ca21b44a5e82e22b6,8c674a7b65e24114a45dd3c861a7ccfc,0b57f893483647c3aed811775a4c4c04,b6c493a3666c4db193e86c79faf099ab,64e74af099b0485f8b6e71ac73aa2cb8,e79ae27b52fa4d54aa37735fd275c66e,9bf3b77eb9874f5f9e006a9cff111ea9,503d2f067a8a4f5798b1c64b07ab0bc5,1393dac7d34b4c34b1a8091a5bea3663
de8c81d294194b43ba2dcbc36eff8ff8,dd9e8283197b473d8ffd502561bdaaec,37ae696e40dd42ebb4738722daa3c523,f7f600880b064920ab59b907d26aedc6,a9d82bb43410405ca21b44a5e82e22b6,6732de8994744decbb3306c74aaa7882,b6c493a3666c4db193e86c79faf099ab,664da77d25e74df693eaad44a5e7617f,236c362d8b664c93b41882c119df9706,7f5b658239034d35b7f4cf1c63cb388c,02e1d712f37e428c998f72e7a7eeb1e6
c28da2f21daf4e57ac46e2bac9595e26,dd9e8283197b473d8ffd502561bdaaec,f7f600880b064920ab59b907d26aedc6,37ae696e40dd42ebb4738722daa3c523,8af25c7ae8e14435a6e27a5671968f50,664da77d25e74df693eaad44a5e7617f,6732de8994744decbb3306c74aaa7882,403835bbf2f1447188bcc78e062b0028,b6c493a3666c4db193e86c79faf099ab,236c362d8b664c93b41882c119df9706,02e1d712f37e428c998f72e7a7eeb1e6
e12c80d95476447dba9b11c911992609,71d4b4036e594d7399506e6fd9b88063,0b57f893483647c3aed811775a4c4c04,57bcda73abab44ee930b20cdaee9d24b,41e657daa20545a588584578bdb4101c,d9096650c434432c871effeca9acd5c6,a055f8188384479a8bad418f7dffd9a5,94ed54abfdc74b04b0dcb19c278e66f4,076e2669c305401fb3afcfafdd6c79c7,f2cfa68a47ce4a43a0fe1cc7dc860418,cc243eebbb2b44a581745865a60c423a
7c7d36ea7b1242068efef6a72b998b95,71d4b4036e594d7399506e6fd9b88063,d9096650c434432c871effeca9acd5c6,41e657daa20545a588584578bdb4101c,a055f8188384479a8bad418f7dffd9a5,cc243eebbb2b44a581745865a60c423a,0b57f893483647c3aed811775a4c4c04,5fc200cab89346658c9c91cce27e85fe,076e2669c305401fb3afcfafdd6c79c7,f2cfa68a47ce4a43a0fe1cc7dc860418,f532294d68604bc2aa9ad8804a8c6d5f
b6031a4a73c94a459b6d26c1d8829bd0,f532294d68604bc2aa9ad8804a8c6d5f,d695b7afdc3841a28a56df578e56afce,7dd5e88dfdd24cafab2c765939757354,0b57f893483647c3aed811775a4c4c04,8987ceafff324f9599b842542e37eddd,f91157bb8fca4a8e98db33591a76be9a,f2cfa68a47ce4a43a0fe1cc7dc860418,7c1126d46a934db6b951d1e98feae327,434551fdf9e443ed91679a9557ae6fd5,db620271348d404a9a0b978d96c63f29
cade21dad7f74878b910ad5e0060d6e4,f532294d68604bc2aa9ad8804a8c6d5f,0b57f893483647c3aed811775a4c4c04,d695b7afdc3841a28a56df578e56afce,7dd5e88dfdd24cafab2c765939757354,f2cfa68a47ce4a43a0fe1cc7dc860418,8987ceafff324f9599b842542e37eddd,f91157bb8fca4a8e98db33591a76be9a,db620271348d404a9a0b978d96c63f29,71d4b4036e594d7399506e6fd9b88063,d0e41bf891254ba0872f1641139f84f6
21354b108cee4d5a8ea7b2d1459410d3,8c5f38853679436ba434b6a696e43168,b01fd4d037a84a7aa777e1fc345c73c5,a8904adcdd21495f890bc614bfdbf86f,50aa0f56e00d4c23ac78b3e63bc0f0e1,761a3a01495143f0a86beac4234cae3a,1d93c07de74c482ebf0a76ec564c3252,8af25c7ae8e14435a6e27a5671968f50,26869cc099c44c4a86f6043476ab4890,d695b7afdc3841a28a56df578e56afce,8dfe01febd46475ab5aef97033716ce1
e5265fd04dc84392b38bfe8ab07708b7,8c5f38853679436ba434b6a696e43168,b01fd4d037a84a7aa777e1fc345c73c5,761a3a01495143f0a86beac4234cae3a,a8904adcdd21495f890bc614bfdbf86f,50aa0f56e00d4c23ac78b3e63bc0f0e1,1d93c07de74c482ebf0a76ec564c3252,8af25c7ae8e14435a6e27a5671968f50,d37bf09399d848df9a4d880fb097239c,f2cfa68a47ce4a43a0fe1cc7dc860418,86179aff3df24ff59b11e9a34974a3f4
abaa87591059401aa7cacf5863a34f32,1a842f077119475794cc2de48e154374,88f796c14d184ecfaa5b0109161db259,00e9d4081c2f45d1a818bfeab099863a,1c2b01416e3943e3b3c575e53c3f1d16,acbf8eae7e064c11bab7adf66f216990,597aab8bb15240f89fd1b24a8e38258d,69ac8397e9624bfd8aee237b9f9ea3b5,36ee1613abf245cdbe93fef69b5f981f,d9b70c4ed8bb4fc5957ecebf102528ee,191b01e1728e4583a8ead5a86db27370
f94a7e7419784d4ebda0ff5f8ef3c9f5,88f796c14d184ecfaa5b0109161db259,1a842f077119475794cc2de48e154374,89e983dca0a34b768e17b3871b9cea1e,01930613ce7d4a5f90ccf78d1e92a55d,74bd120b8f714d03bc9dd1a703fe4d7f,00e9d4081c2f45d1a818bfeab099863a,bf789f42ccfc42c5a330a3f6e30ddb83,1c2b01416e3943e3b3c575e53c3f1d16,9aca522158f443fd8a9caaec38ae5e2c,36ee1613abf245cdbe93fef69b5f981f
cecbc55e0fe942e186be8064a4ad80bf,1a842f077119475794cc2de48e154374,88f796c14d184ecfaa5b0109161db259,1c2b01416e3943e3b3c575e53c3f1d16,acbf8eae7e064c11bab7adf66f216990,00e9d4081c2f45d1a818bfeab099863a,69ac8397e9624bfd8aee237b9f9ea3b5,36ee1613abf245cdbe93fef69b5f981f,9a500a20b1ff4694acc31339a8d1349e,74bd120b8f714d03bc9dd1a703fe4d7f,ec580ac6dd7149fb8a0a5a5d8b0f5b08
80d47a70768e407bb5a1cd495387e011,1a842f077119475794cc2de48e154374,88f796c14d184ecfaa5b0109161db259,597aab8bb15240f89fd1b24a8e38258d,acbf8eae7e064c11bab7adf66f216990,74bd120b8f714d03bc9dd1a703fe4d7f,00e9d4081c2f45d1a818bfeab099863a,36ee1613abf245cdbe93fef69b5f981f,27a67d3e76814297aebf64e03d14c336,249c2d8d8d2345c6990b3c4d94385b5a,cc243eebbb2b44a581745865a60c423a
d1c3c4008d3a458ca5c2438615c3a113,5e0a2bc284cf4002914ae4e6aaef41e8,3e923b6e3ceb4901b77c9a18729546eb,72a7e2ce22d045efbdbbab9c68f5d026,434551fdf9e443ed91679a9557ae6fd5,174581fc299840e18e827432c0cce4dc,df0c94234d9d4890b5b4b95c441b3e9a,250d411ae270441085be3501b7b55d86,d87e5facd03b45f9829e8a1cd0fe0190,0bd1cce9370a461089e25393086800a8,8fdee0611965465eb45387b8c39f4136
86bed733c05f41519f76576710fcce05,9bf3b77eb9874f5f9e006a9cff111ea9,de1102228a324428989533278cd482f6,0bd1cce9370a461089e25393086800a8,6bedb2d6ace34e18811b7f1206b2d1b0,de6ac628a786435f9925c8cc1d707d6b,64e74af099b0485f8b6e71ac73aa2cb8,baf841bad27c456c9de7227555ea3ef8,ffc5805e29a74be0a55b40318aa321d7,ffe2740eee8c49b39b2ce41f9983bcb4,66690895454847fea5a000202fbfab2e
cb1eb8a8b7594957b332dec5dc590436,66690895454847fea5a000202fbfab2e,6bedb2d6ace34e18811b7f1206b2d1b0,0bd1cce9370a461089e25393086800a8,9bf3b77eb9874f5f9e006a9cff111ea9,0b57f893483647c3aed811775a4c4c04,64e74af099b0485f8b6e71ac73aa2cb8,ad054da7e1704a53931a341173f0605f,3c1b91a23b694da1973dbc5f75f2f3ed,3e923b6e3ceb4901b77c9a18729546eb,503d2f067a8a4f5798b1c64b07ab0bc5
7dfc06c380304101bd335775988b2fb2,5e0a2bc284cf4002914ae4e6aaef41e8,3e923b6e3ceb4901b77c9a18729546eb,72a7e2ce22d045efbdbbab9c68f5d026,174581fc299840e18e827432c0cce4dc,434551fdf9e443ed91679a9557ae6fd5,d87e5facd03b45f9829e8a1cd0fe0190,8fdee0611965465eb45387b8c39f4136,df0c94234d9d4890b5b4b95c441b3e9a,8350ea8cd6514c2c8d7b625abe7e895b,250d411ae270441085be3501b7b55d86
999934829ec2429b967f27b051da6a53,c2b49382e2f34b1c90013236a5fbaef0,d53fa54d5536463ab0d87648dfc5fd78,268f8ec9f2734029a8e75857db56ccb3,4152360a4bea4cbbbfbe45ff3bf7f62b,f676e16c6a134bd5a7bbeee4590adcfe,5605fa1188974644937bbf92fec50e21,563043f180e54e238ad4876974e5db4c,c78547bdc2e64ac8935559f7de2efd41,701ac1447f5a414e81156a56c3593a31,7d3d751215194e649a03457226f599d7
ed4102db144043b6952d6cb9acdcc007,022e16490d1949b9ab2fc1de5a837031,ca544e6629b14e8fab5f7cb40d1ac88e,3675c688960a4f3b9f82c4ccf4049e93,7c061d36393540b49e20d98086bdb5bd,feb980ae999948ce9be0266b4ddc048d,00614d60b3544ba790dfd23dd53992e0,521004289ebc4e6da6623381d40a5e73,295d0d40791245ff838c73a2aa27d065,3b7d56c26da14b3a9b1cd52b5b35891b,1027a336232c4454a9c4ae450a562788
0020ab6d2078440b870ebf4a01c0351f,022e16490d1949b9ab2fc1de5a837031,3675c688960a4f3b9f82c4ccf4049e93,ca544e6629b14e8fab5f7cb40d1ac88e,feb980ae999948ce9be0266b4ddc048d,f464960d2dbc43c0970c60600bd7f1cd,8fca2e4873e946f7a788af2b846cebd7,521004289ebc4e6da6623381d40a5e73,00614d60b3544ba790dfd23dd53992e0,7c061d36393540b49e20d98086bdb5bd,b585a2970e9f421da236241f603883f2
d3fc0aaff9224a678bb3210f1e8767ea,7c061d36393540b49e20d98086bdb5bd,0228b1e9e3244da3a727930123ba7bda,022e16490d1949b9ab2fc1de5a837031,ca544e6629b14e8fab5f7cb40d1ac88e,f91157bb8fca4a8e98db33591a76be9a,da88fa5efc674368b593444ca950dff9,521004289ebc4e6da6623381d40a5e73,7199f2fe77824236a392e1f00a5bdfc3,0971af4212484a958eb0f60f93d1dfe0,9aca522158f443fd8a9caaec38ae5e2c
8b37e7b8f87749c48d81e99c8d376700,7c061d36393540b49e20d98086bdb5bd,0228b1e9e3244da3a727930123ba7bda,022e16490d1949b9ab2fc1de5a837031,521004289ebc4e6da6623381d40a5e73,0971af4212484a958eb0f60f93d1dfe0,ca544e6629b14e8fab5f7cb40d1ac88e,c3a741d302d94ee294bb6e4090fd2da9,cb75c6ef71cb4991805920f2894e0e96,b585a2970e9f421da236241f603883f2,f91157bb8fca4a8e98db33591a76be9a
2e9248c10d1044a2a090d3fa4aa29fe5,91f9f8576e5142a49926bd623b0bc19c,6c6de17135be4f8c9423be633eaefcd4,f8856799293e49feab6368e794eb8b00,3766b26b53874893ae48693880e1942c,5605fa1188974644937bbf92fec50e21,bdb0d45caa2a4943959f8f501e51132b,6252aa87531748e5bac5f6c65fc87e14,a9573f188204436090fb4a5240e4eccd,b675be39e8ff421aa59811f146da945b,7d3d751215194e649a03457226f599d7
8d4f78a13e3e4f569761273ba212d220,a9573f188204436090fb4a5240e4eccd,24c55bb5cd694770ba895c7401da2ba5,200f7fc78e4c403982f61b2894e50bad,8dfe01febd46475ab5aef97033716ce1,a9d82bb43410405ca21b44a5e82e22b6,1ad0cf33e96243888d5f970195a75586,a055f8188384479a8bad418f7dffd9a5,b90d74e80c37486eaee89b6fbab13671,5760084aabef4d8095b2d21902151f64,3f1c2bb09c4e4400b6ba19542fafce18
5487b0f31d2343fea0caab9f145c7a40,41047823f2cb4194ba1e0709443c719a,99a52c93a3304ec18dab9206f98f2a8b,bcfa4a4177d44d8b8cda17b7a23196b0,97959d02a64f4a3fbbebe7cbece6c012,b98519f97e424c1389f5553f0869b15a,d361a9e414fb41c1a605200d9cbba496,ff276acede2f4c14876ef47257758ae8,90b560de76b149c09c7cd6efb3f12cfd,17b5eb6fab65476f827dd355b4a20a55,7fe9e665bf41491c9788941aa2894a10
678907f3b26242c9b3555311ee9dbf79,91f9f8576e5142a49926bd623b0bc19c,6c6de17135be4f8c9423be633eaefcd4,72a7e2ce22d045efbdbbab9c68f5d026,bdb0d45caa2a4943959f8f501e51132b,f8856799293e49feab6368e794eb8b00,0bd1cce9370a461089e25393086800a8,a9d82bb43410405ca21b44a5e82e22b6,3766b26b53874893ae48693880e1942c,8fdee0611965465eb45387b8c39f4136,99830b8da7c24f909914f7bb167f3ea6
e69d128634c04bf0aebd7c02e123f5f6,119a6d7b4af3458b951fc1c5ab5e1738,c74557a980e2428a9ffcc245278df692,d658e3a743af41899183fecff6b2628d,9bf3b77eb9874f5f9e006a9cff111ea9,82d68ea370f8451aa16ea08f4601245c,a9573f188204436090fb4a5240e4eccd,c84deec0ecf843c39f52d4cb8e7300f8,9fd4c00672d84215b3e21812aef3d6ac,452d645d5bf4485185e996dcec9523e5,b277101390e1465685ef79bf3519f8d7
2b8cd6d21f1d45bb8ae377278a33d5c6,d65e3a3657ae455e954b6d7221afc84c,eee7f32249c5452ea36c8ed3a3540010,c1d504dfeded4b8bb3c07777b7c7abde,b69c17a10a55494d8caa56c33e8f4a56,563043f180e54e238ad4876974e5db4c,babbeca1f6a244a2a11ea77a3855e70f,e96fae6d607246b18b8494aabe521036,f0084465b2e646c9a53d9dc766067d9b,6fc7a2cf0684475a82f6ff9be2c8e850,5605fa1188974644937bbf92fec50e21
73fbb300f6aa425590b0e4d909f7a1ae,119a6d7b4af3458b951fc1c5ab5e1738,d658e3a743af41899183fecff6b2628d,c84deec0ecf843c39f52d4cb8e7300f8,82d68ea370f8451aa16ea08f4601245c,9bf3b77eb9874f5f9e006a9cff111ea9,9fd4c00672d84215b3e21812aef3d6ac,452d645d5bf4485185e996dcec9523e5,0092d1d820c64646b8bee9fd14f77acf,e429a2e164a24919a12edcc8d4ea8f09,c74557a980e2428a9ffcc245278df692
9d66c66d77b74f5da8cab53f98ae38b0,b69c17a10a55494d8caa56c33e8f4a56,563043f180e54e238ad4876974e5db4c,d65e3a3657ae455e954b6d7221afc84c,5605fa1188974644937bbf92fec50e21,f0084465b2e646c9a53d9dc766067d9b,babbeca1f6a244a2a11ea77a3855e70f,eee7f32249c5452ea36c8ed3a3540010,43ee0103cba54b4e9d165717735ca0f6,3766b26b53874893ae48693880e1942c,7d0190486da540718e4dc4ca4bd1f573
56efccc089ce469697f14a0e2751fe90,be8953cc364d46cebbcc2c2da2c348ab,68aefc97056440af874039a28497cf98,7584980704ae4617bb27ca162cc9c5db,e06d08ff594a4acbac12edf579743fcf,f12e9e5805534d719f829332d1ea5d29,8c7c9eaae41a44a3a4ebe39ce167d300,d695b7afdc3841a28a56df578e56afce,17b5eb6fab65476f827dd355b4a20a55,ca5add3cbf044a95a5bec88a5841ce98,e2e0c8c96aff4c00896ac6986bbb20c2
e31088791958477299febc77d6975d33,7584980704ae4617bb27ca162cc9c5db,be8953cc364d46cebbcc2c2da2c348ab,5e44915237fc4445b54b037e1c4e29a4,f91157bb8fca4a8e98db33591a76be9a,69ac8397e9624bfd8aee237b9f9ea3b5,00614d60b3544ba790dfd23dd53992e0,e12ad1ce8e7940a999b9a4f91a95fab7,4d0a737f396d4a95808085bd1306746c,0c889c151e094b948c13b0275e660a9c,249c2d8d8d2345c6990b3c4d94385b5a
8dfe042169ed4a25b339fab1a8f0f16d,7584980704ae4617bb27ca162cc9c5db,5e44915237fc4445b54b037e1c4e29a4,be8953cc364d46cebbcc2c2da2c348ab,ccb62901750b4d13a922fc161b607f83,e12ad1ce8e7940a999b9a4f91a95fab7,f91157bb8fca4a8e98db33591a76be9a,bcfa4a4177d44d8b8cda17b7a23196b0,4d0a737f396d4a95808085bd1306746c,6b7b5d28293d4a5a8075f7f7dd231ddb,0c889c151e094b948c13b0275e660a9c
724bf6d6ea0d432996a6179d83a8742f,be8953cc364d46cebbcc2c2da2c348ab,7584980704ae4617bb27ca162cc9c5db,e06d08ff594a4acbac12edf579743fcf,f2cfa68a47ce4a43a0fe1cc7dc860418,68aefc97056440af874039a28497cf98,f12e9e5805534d719f829332d1ea5d29,d695b7afdc3841a28a56df578e56afce,5e44915237fc4445b54b037e1c4e29a4,8c7c9eaae41a44a3a4ebe39ce167d300,00614d60b3544ba790dfd23dd53992e0
5110e733136c4f9e9e3e0388147c41d3,bfd1d441da734aad88cfacdab3ee4059,59f62d35b1ad451397b700b3dad25448,6866efc8987a4ec8b04b7abd28fb5777,57bcda73abab44ee930b20cdaee9d24b,bbdf9065122d499d9d8f80ad3e0ef6f3,26869cc099c44c4a86f6043476ab4890,94ed54abfdc74b04b0dcb19c278e66f4,b675be39e8ff421aa59811f146da945b,5fc200cab89346658c9c91cce27e85fe,e7ee85dd47ca43eeb2fdcd70b802f0ec
d627c1b3e1d84eaf95b43f0b19887946,8987ceafff324f9599b842542e37eddd,57bcda73abab44ee930b20cdaee9d24b,6866efc8987a4ec8b04b7abd28fb5777,bfd1d441da734aad88cfacdab3ee4059,b675be39e8ff421aa59811f146da945b,e7ee85dd47ca43eeb2fdcd70b802f0ec,59f62d35b1ad451397b700b3dad25448,2d43cf91509846e29ab4febd7781919f,7dd5e88dfdd24cafab2c765939757354,94ed54abfdc74b04b0dcb19c278e66f4
62f80659cc834d849c6c533c0376e039,1ade4365590a4ac7865100d8c791e340,4c67cc7a1ccc496db132636e3f4853a2,94ed54abfdc74b04b0dcb19c278e66f4,82d68ea370f8451aa16ea08f4601245c,2b3ecf8be2b242f3b8a1e714390749fb,ee7c00877ae64dac87123a3d75251530,e0d8aee46b1d4d998858cd05027251b6,ca5add3cbf044a95a5bec88a5841ce98,cdd73e0289aa4e2b87cd14e6ff5bd75e,35c5a560ecdc4d6a9d20f057ed1fa0e6
ed92bb218d234e48ac3d86b2aa76aab3,1ade4365590a4ac7865100d8c791e340,94ed54abfdc74b04b0dcb19c278e66f4,e0ff5d4ae0ec4871a49041d550cdcaa9,ca5add3cbf044a95a5bec88a5841ce98,74de04f31db94a99b757685c91779412,ee7c00877ae64dac87123a3d75251530,4c67cc7a1ccc496db132636e3f4853a2,82d68ea370f8451aa16ea08f4601245c,cdd73e0289aa4e2b87cd14e6ff5bd75e,57bcda73abab44ee930b20cdaee9d24b
ff83f47b54ea45f188b7e4f0e1004b41,910827a15eac4e4b9005d8e46ad71f6e,baf841bad27c456c9de7227555ea3ef8,0ecfdd96e0054841883acba75e83b232,1393dac7d34b4c34b1a8091a5bea3663,de1102228a324428989533278cd482f6,9bf3b77eb9874f5f9e006a9cff111ea9,8dfd98bb97584157b207e1f4be471a8e,01ffceddb5b34406a08bb982b424b3cf,4a3d4daed4b24a1898551f0fd1ba44f1,0092d1d820c64646b8bee9fd14f77acf
994020e88b914429981fbfe2cfa5e565,1393dac7d34b4c34b1a8091a5bea3663,9bf3b77eb9874f5f9e006a9cff111ea9,baf841bad27c456c9de7227555ea3ef8,0092d1d820c64646b8bee9fd14f77acf,23a16d69ffe848d593a4808907d8aa98,910827a15eac4e4b9005d8e46ad71f6e,29fb30a75c57451a85f310aa6423a662,4a3d4daed4b24a1898551f0fd1ba44f1,3f1c2bb09c4e4400b6ba19542fafce18,b5f237fefb38465bb6a068c9cf75ba31
be1d69a178cf4f6eb0dd17f1c8ddaeec,a865b8d581b44104afe7c8508e3486f5,cb2505b30d8a4dc086c353cf94424b6d,570f08ce2a1a47978eab16bf7ad16a68,9bf3b77eb9874f5f9e006a9cff111ea9,c84deec0ecf843c39f52d4cb8e7300f8,b0d2e6c4b2384950b3696c4414870282,8a464aa9e2ee45d0abc7ae6181cd1bda,b425f33c33ad4be89a12da266d131a86,22d9d5ad33e947fd857c5c4a8b7dfae1,d75a52d716984f318f976bbfc7bee787
95430a01e9424f2fb85d7c054d48b095,a865b8d581b44104afe7c8508e3486f5,b425f33c33ad4be89a12da266d131a86,8a464aa9e2ee45d0abc7ae6181cd1bda,cb2505b30d8a4dc086c353cf94424b6d,77cecb221149474896d9b2eb848bf150,71c1a8479b194efca65b44fb7f327afb,c84deec0ecf843c39f52d4cb8e7300f8,aa082284f9894b5aa210c179d59999b1,8dfe01febd46475ab5aef97033716ce1,211ef3181e524685866fb8574d9bf456
2a4d82a3bc464739aa7001ddadab5941,82d68ea370f8451aa16ea08f4601245c,a2612682d9854a30a7684c91c8619ec9,26869cc099c44c4a86f6043476ab4890,1d70bc69b2f84bef9aa5fb0d9917e38d,43464ed6733f4642a0b90e7d995a5e40,d695b7afdc3841a28a56df578e56afce,6b4676aba2a746b3ab778315afc8ee82,66cba49431224a3788f914d6a80165e1,feb980ae999948ce9be0266b4ddc048d,8dfe01febd46475ab5aef97033716ce1
7edf2ee95e36433ab46c330e885c1d39,199647bd1328406c83c5a875154f97d9,f91157bb8fca4a8e98db33591a76be9a,8d595c7da42545c88052e7b213b6c97c,be9e713988ba4bbba869885cad419259,7dd5e88dfdd24cafab2c765939757354,724a3f6551e74ad585bdeac9a75fd639,17b5eb6fab65476f827dd355b4a20a55,0cdb0f32850f4585a16de4886462bbe0,30f654c6e69e48888f9f42dd95ab3c77,097f2ce3b88c4d008488b9908076497e
c471650b1b634a97a2a0fa5c4c193821,82d68ea370f8451aa16ea08f4601245c,a2612682d9854a30a7684c91c8619ec9,1d70bc69b2f84bef9aa5fb0d9917e38d,74de04f31db94a99b757685c91779412,5363ae1c905d4879a63259de4954702e,26869cc099c44c4a86f6043476ab4890,41e657daa20545a588584578bdb4101c,b277101390e1465685ef79bf3519f8d7,be8953cc364d46cebbcc2c2da2c348ab,a9573f188204436090fb4a5240e4eccd
ea67a7776ad641bb96024eb085c8da08,268f8ec9f2734029a8e75857db56ccb3,78d0265d47df4f4cb7153da919763730,0cc5015848a044b59fa4b290813f859c,4e7ee74be72a461fa02fa61bee62bdcc,e53dd6188816429ab915de6f9649a026,c78547bdc2e64ac8935559f7de2efd41,fa190e42ce5a47c99bcaa76138dbc615,7e8a4a43e2f84dbb88e41cb24b3fe79f,db0c3a952e454b90aa4a68feb6a50e87,6dc5832f0ac04df2bd99c6415b3ecf09
86595c214b4d48e6bf56a1b3d810b7b4,64fc9fe3c8d5424ebc005e5cf4a608db,211ef3181e524685866fb8574d9bf456,cc243eebbb2b44a581745865a60c423a,31cf7db26a3249c5a6205b005662ddcf,e8c8742459dc48a49080bf0e5b3fdee0,e96fae6d607246b18b8494aabe521036,1f9cd7f2b7a14e2f8d490a104a56edcd,66cba49431224a3788f914d6a80165e1,b277101390e1465685ef79bf3519f8d7,b0d2e6c4b2384950b3696c4414870282
7e0717d2a2af4dd4ba5e3dd3d3f400a0,64fc9fe3c8d5424ebc005e5cf4a608db,211ef3181e524685866fb8574d9bf456,e8c8742459dc48a49080bf0e5b3fdee0,31cf7db26a3249c5a6205b005662ddcf,cc243eebbb2b44a581745865a60c423a,f6061b71031b4ddb9384f86c103690a4,e96fae6d607246b18b8494aabe521036,b77d8b7bb0114c379139d280a9210e83,03df72bcf3504272a27f4bbaea89118a,67dd23cfd20f46dc82acc82c108a1dc6
5192a81fd8094f908c353ed7b3066200,fb8c2b83e46441c2aaa7c81d3642e2da,249c2d8d8d2345c6990b3c4d94385b5a,72a7e2ce22d045efbdbbab9c68f5d026,f91157bb8fca4a8e98db33591a76be9a,039f8e63b273472d8f1d99d9a5de5cf5,434551fdf9e443ed91679a9557ae6fd5,7daa434073604cb98a04fefb55468dda,7dd5e88dfdd24cafab2c765939757354,e7aaa514f6f64a258a640ea341aa1a18,0568345606fa4a2c84ed4ea6c74639ee
19526db7bf344d92961055ab7ef1879f,1aaf8edc37ea412b85e3d1b5c5317051,511fe9c8b20b4fda94969745238c9474,78d0265d47df4f4cb7153da919763730,3766b26b53874893ae48693880e1942c,e53dd6188816429ab915de6f9649a026,b675be39e8ff421aa59811f146da945b,b69c17a10a55494d8caa56c33e8f4a56,039f8e63b273472d8f1d99d9a5de5cf5,93dc50abd35349f7923100dca2f41002,c14e45f5201b4038bdddddb238d888a3
85d7d994d8a648c5a59c2973bb1bc507,75efe5ddef364f49865d9bb283492b48,9094e936e13641cc9bfcc7dc1408d86e,fadf133e0e684a24ac79b5fa9515bac2,19593c97fef0474dbe6051e28338f1e9,4a3d4daed4b24a1898551f0fd1ba44f1,79721c9bb6a54ecdb3d0a0f4011762c1,ad054da7e1704a53931a341173f0605f,1099cb6f4fac4eb8a1fb6db50e18296b,99830b8da7c24f909914f7bb167f3ea6,b3a022950e444682a113cec5a0537f6a
2103b437c3c1452a96d8e7e1e5e20cc9,32aaca2a732f4272b237374d3cdeec90,476ce3ffff564a5aa985808e7d2cab17,cc243eebbb2b44a581745865a60c423a,da88fa5efc674368b593444ca950dff9,72a7e2ce22d045efbdbbab9c68f5d026,35d06fce2df446569702778e2250bd82,8fdee0611965465eb45387b8c39f4136,b585a2970e9f421da236241f603883f2,91f9f8576e5142a49926bd623b0bc19c,0b57f893483647c3aed811775a4c4c04
21b1c7bbd46b4c41a0df6625bd007760,32aaca2a732f4272b237374d3cdeec90,da88fa5efc674368b593444ca950dff9,e5a3c8867e44498d9182e8be934e0fce,599feb1e512c43ad8c0a1845922acf78,4a3d4daed4b24a1898551f0fd1ba44f1,f91157bb8fca4a8e98db33591a76be9a,b585a2970e9f421da236241f603883f2,36ee1613abf245cdbe93fef69b5f981f,6732de8994744decbb3306c74aaa7882,35d06fce2df446569702778e2250bd82
16176b85fa7d4eea8ca712599e1d734c,84ff5144597241bba5cbd3d0b21d220d,1419b2c686f44896a0ae2a43e93b5402,bbdf9065122d499d9d8f80ad3e0ef6f3,0842a796c09b4089933a4f27e4e5e3bc,65e30dd62cfa4dccb9ea4d908a9d6fab,ca544e6629b14e8fab5f7cb40d1ac88e,59f62d35b1ad451397b700b3dad25448,88353d1136d24836816b073de62e5f50,b4dadb3ea3a04cc3932094471debce13,00614d60b3544ba790dfd23dd53992e0
44a899ade12146e4b8343990c9980025,e7ee85dd47ca43eeb2fdcd70b802f0ec,b585a2970e9f421da236241f603883f2,6732de8994744decbb3306c74aaa7882,35d06fce2df446569702778e2250bd82,6866efc8987a4ec8b04b7abd28fb5777,9bf3b77eb9874f5f9e006a9cff111ea9,0bd1cce9370a461089e25393086800a8,4a3d4daed4b24a1898551f0fd1ba44f1,2471f23cb9b64d35a72deed09c9c8975,72a7e2ce22d045efbdbbab9c68f5d026
bf6b8d38a56c4b30b5e752bb54b78f62,84ff5144597241bba5cbd3d0b21d220d,d658e3a743af41899183fecff6b2628d,bbdf9065122d499d9d8f80ad3e0ef6f3,119a6d7b4af3458b951fc1c5ab5e1738,5537ddec608a4ec586ea068fa27547ca,b585a2970e9f421da236241f603883f2,02a3cd76ce534d188b4d5ac4778bd652,82d68ea370f8451aa16ea08f4601245c,26869cc099c44c4a86f6043476ab4890,f1c9c5051bdd4a11a064260bbb9d6d7b
b18687f1960d4a13bbb6477d2e14af49,63ba014f9cc747ac87013da6be0ceab9,0592b57e490d4206a3f12eb004a0afe0,655a618282cd4fa39a26f0967c033f4b,ff276acede2f4c14876ef47257758ae8,19098957d8c24cab95daa30c2baefd8f,d25e6f2fc8154dd7816f8f7a41bee12b,93dc50abd35349f7923100dca2f41002,34b736136487439389c10cc6bd4e9f4e,f1eecad10a61421eb16b1be7435d9c19,c66c6f1449d44728a2ef72de53dd6d5e
d40db3ad6f6e4cb6ade7fff2ae8e6902,01930613ce7d4a5f90ccf78d1e92a55d,89e983dca0a34b768e17b3871b9cea1e,7aceed0dbea645b091207f4a53d879f2,1099cb6f4fac4eb8a1fb6db50e18296b,342aaa81ed004635bbf9cbc2592cd7b6,ffc5805e29a74be0a55b40318aa321d7,0bd1cce9370a461089e25393086800a8,5cf392f15360460bae6a6b0182bb99b9,ca0fe2dd97434e2ca7aecc38d4f1fcd9,9948a890ef25479e834f70944cb42eae
14ed0bcfd70f4e29b824ae027aa62fd7,01930613ce7d4a5f90ccf78d1e92a55d,7aceed0dbea645b091207f4a53d879f2,ca0fe2dd97434e2ca7aecc38d4f1fcd9,342aaa81ed004635bbf9cbc2592cd7b6,0ecfdd96e0054841883acba75e83b232,1099cb6f4fac4eb8a1fb6db50e18296b,baf841bad27c456c9de7227555ea3ef8,b3a022950e444682a113cec5a0537f6a,ffc5805e29a74be0a55b40318aa321d7,3f1c2bb09c4e4400b6ba19542fafce18
67d233f58d224956a6992019e5ee4e52,be8953cc364d46cebbcc2c2da2c348ab,23a16d69ffe848d593a4808907d8aa98,d695b7afdc3841a28a56df578e56afce,00614d60b3544ba790dfd23dd53992e0,8dfe01febd46475ab5aef97033716ce1,6c79712e67b54dd0a11d426a91207939,5363ae1c905d4879a63259de4954702e,6866efc8987a4ec8b04b7abd28fb5777,26e55eb4d910464497d700bfdf5a36ca,444fa28d9ed54c82a522699041eae592
a3afbfc200e74247b56879592dfebb6b,23a16d69ffe848d593a4808907d8aa98,be8953cc364d46cebbcc2c2da2c348ab,00614d60b3544ba790dfd23dd53992e0,d695b7afdc3841a28a56df578e56afce,8dfe01febd46475ab5aef97033716ce1,6c79712e67b54dd0a11d426a91207939,5363ae1c905d4879a63259de4954702e,e06d08ff594a4acbac12edf579743fcf,26e55eb4d910464497d700bfdf5a36ca,0c889c151e094b948c13b0275e660a9c
8d7604f278b740d4aeacdb8878c4346c,7e190e3c05d74e6b9f103e39142c1684,feb980ae999948ce9be0266b4ddc048d,8fca2e4873e946f7a788af2b846cebd7,be8953cc364d46cebbcc2c2da2c348ab,26b18153216b48d793b75598ddb54d77,00614d60b3544ba790dfd23dd53992e0,ca5add3cbf044a95a5bec88a5841ce98,41e657daa20545a588584578bdb4101c,1d70bc69b2f84bef9aa5fb0d9917e38d,e2e0c8c96aff4c00896ac6986bbb20c2
8ec2127576a4485793b9d92153318d43,7e190e3c05d74e6b9f103e39142c1684,0f52f676197e4d4e92dec0a7bc4c4f7d,0433768f874042a5b2d2e37ad9deae13,97959d02a64f4a3fbbebe7cbece6c012,feb980ae999948ce9be0266b4ddc048d,097f2ce3b88c4d008488b9908076497e,2fcf4a04d3654ffb9a5c1dfa3799e4f0,0cdb0f32850f4585a16de4886462bbe0,26e55eb4d910464497d700bfdf5a36ca,ca5add3cbf044a95a5bec88a5841ce98
626cb3b50e974ad681234aa162f908dc,097c30a7f39a4a3abf6da2ca80cad3a5,0f785440b29548e1a1968868262fd42e,19098957d8c24cab95daa30c2baefd8f,bb5c7d03a54647d08b8c62deeb803271,3574ab91c29940b3afc62354ae06b73b,cb32ec9a538a4c0f8462771946ced93b,6b4676aba2a746b3ab778315afc8ee82,2639b6540bda414f8a9baa3b5cdb612a,14ca42308d3141fba50b774042144343,04fa591263664fb0a6868552ebd3590b
94f452ef32d5484fb3f57a09817b9f1d,009be1c3430743ff9b054bdfcd6228d6,18ab15fbf00f42f7a410ec75f7592bea,d60986f4025d443ea58adba0e3d224a1,00614d60b3544ba790dfd23dd53992e0,bce599075dfd4fac8dd78626106e3071,ca544e6629b14e8fab5f7cb40d1ac88e,e9428816b054499298745b742f128f65,d2a03ea4b2d3439ca3dc6fe056ab0f04,7bbe3c76bcc04d73969f920d43fcc67d,acbf8eae7e064c11bab7adf66f216990
535a28e902f348a580ea213312ceb00c,097c30a7f39a4a3abf6da2ca80cad3a5,0f785440b29548e1a1968868262fd42e,19098957d8c24cab95daa30c2baefd8f,3574ab91c29940b3afc62354ae06b73b,bb5c7d03a54647d08b8c62deeb803271,cb32ec9a538a4c0f8462771946ced93b,14ca42308d3141fba50b774042144343,6b4676aba2a746b3ab778315afc8ee82,1419b2c686f44896a0ae2a43e93b5402,51c6049a18b84ee381d0512e40b67c0e
e15e47a180cc428db81815b4d543f5b2,009be1c3430743ff9b054bdfcd6228d6,18ab15fbf00f42f7a410ec75f7592bea,d60986f4025d443ea58adba0e3d224a1,00614d60b3544ba790dfd23dd53992e0,bce599075dfd4fac8dd78626106e3071,ca544e6629b14e8fab5f7cb40d1ac88e,e9428816b054499298745b742f128f65,d2a03ea4b2d3439ca3dc6fe056ab0f04,7bbe3c76bcc04d73969f920d43fcc67d,c4b9d7a8d5d342459d2282589b3af293
da51bfb867844c51948b40b82c100086,da61e0de396149208c9ebd0fd6d7415d,64e74af099b0485f8b6e71ac73aa2cb8,87fc1d6a57ea488786caaec8599c3b8b,0b57f893483647c3aed811775a4c4c04,cb550e5ff4694fe9a19eaa6588cef250,e7ee85dd47ca43eeb2fdcd70b802f0ec,ef8c056ecb524439a48c881089537951,6866efc8987a4ec8b04b7abd28fb5777,4a3d4daed4b24a1898551f0fd1ba44f1,66690895454847fea5a000202fbfab2e
ac80730acb08455c893a3d869cfc6da4,da61e0de396149208c9ebd0fd6d7415d,64e74af099b0485f8b6e71ac73aa2cb8,26869cc099c44c4a86f6043476ab4890,cb550e5ff4694fe9a19eaa6588cef250,e4e12f4711fd41e39075e26cc274df45,87fc1d6a57ea488786caaec8599c3b8b,2d43cf91509846e29ab4febd7781919f,4a3d4daed4b24a1898551f0fd1ba44f1,0b57f893483647c3aed811775a4c4c04,4926607aafe749538c930e108275547e
f9840dbad6f34d8dafdf0b5c3bf04cb8,530b37164090408dbab4e6da51111b8a,d658e3a743af41899183fecff6b2628d,59f62d35b1ad451397b700b3dad25448,434551fdf9e443ed91679a9557ae6fd5,1419b2c686f44896a0ae2a43e93b5402,c84deec0ecf843c39f52d4cb8e7300f8,bbdf9065122d499d9d8f80ad3e0ef6f3,88353d1136d24836816b073de62e5f50,84581d81d46d44bc99ffb8f871646a7a,23a16d69ffe848d593a4808907d8aa98
b5a9253e400f4be2a770d5cc396a168d,291130c42a884be2800e026bab5ddf53,e12ad1ce8e7940a999b9a4f91a95fab7,be8953cc364d46cebbcc2c2da2c348ab,fc430b7683934be2aba12468b2409bb8,5e44915237fc4445b54b037e1c4e29a4,ca5add3cbf044a95a5bec88a5841ce98,e7ee85dd47ca43eeb2fdcd70b802f0ec,b585a2970e9f421da236241f603883f2,6866efc8987a4ec8b04b7abd28fb5777,f91157bb8fca4a8e98db33591a76be9a
7225852aa975430d8fdd288151e7f0b1,291130c42a884be2800e026bab5ddf53,5e44915237fc4445b54b037e1c4e29a4,e511c40ca6324803b5021e47b4e777f8,66690895454847fea5a000202fbfab2e,e12ad1ce8e7940a999b9a4f91a95fab7,e7ee85dd47ca43eeb2fdcd70b802f0ec,6732de8994744decbb3306c74aaa7882,f1c9c5051bdd4a11a064260bbb9d6d7b,f91157bb8fca4a8e98db33591a76be9a,249c2d8d8d2345c6990b3c4d94385b5a
a96d696a72654ee6b6dc50fd558310c7,c4e79c8992e54866b0c6f26c55b1a774,444fa28d9ed54c82a522699041eae592,c4b9d7a8d5d342459d2282589b3af293,c2a665cec90e46db8d2a74389beb4649,8228c9eb29a542ba98c8b9b854eadaa4,52f20bd7eb50430c95f0916727880a1b,342aaa81ed004635bbf9cbc2592cd7b6,23a16d69ffe848d593a4808907d8aa98,ca1a2a6308834baba3140b5ce8f81320,89e983dca0a34b768e17b3871b9cea1e
37b367fa65f74351b74612f813c76536,c4e79c8992e54866b0c6f26c55b1a774,342aaa81ed004635bbf9cbc2592cd7b6,01930613ce7d4a5f90ccf78d1e92a55d,52f20bd7eb50430c95f0916727880a1b,5cf392f15360460bae6a6b0182bb99b9,c2a665cec90e46db8d2a74389beb4649,8228c9eb29a542ba98c8b9b854eadaa4,ca1a2a6308834baba3140b5ce8f81320,23a16d69ffe848d593a4808907d8aa98,8c5f38853679436ba434b6a696e43168
08f68074e69745d0a65e386ce21fddc8,1d93c07de74c482ebf0a76ec564c3252,50aa0f56e00d4c23ac78b3e63bc0f0e1,a8904adcdd21495f890bc614bfdbf86f,444fa28d9ed54c82a522699041eae592,93bf0b86be094f68a9d308ca5ecfb4e3,6866efc8987a4ec8b04b7abd28fb5777,f91157bb8fca4a8e98db33591a76be9a,2d43cf91509846e29ab4febd7781919f,be8953cc364d46cebbcc2c2da2c348ab,f4b7e6e902e344859cb041126b69ce3c
68465053fe3d4c0bb46ce2dd5bd8a32b,86179aff3df24ff59b11e9a34974a3f4,50aa0f56e00d4c23ac78b3e63bc0f0e1,64e74af099b0485f8b6e71ac73aa2cb8,07d869789eda4445a1ecfe59c331db0d,59f62d35b1ad451397b700b3dad25448,13aca0959cc948cabeee0d7255f55a65,c713a0ca69864ee7b240069c98dc44dc,f69855cdf66d4f6887ecfd0ddb9014b5,2d43cf91509846e29ab4febd7781919f,b01fd4d037a84a7aa777e1fc345c73c5
893596ad13e54f2daf6287092d79d6ae,86179aff3df24ff59b11e9a34974a3f4,50aa0f56e00d4c23ac78b3e63bc0f0e1,07d869789eda4445a1ecfe59c331db0d,64e74af099b0485f8b6e71ac73aa2cb8,59f62d35b1ad451397b700b3dad25448,13aca0959cc948cabeee0d7255f55a65,2d43cf91509846e29ab4febd7781919f,26869cc099c44c4a86f6043476ab4890,c713a0ca69864ee7b240069c98dc44dc,1027a336232c4454a9c4ae450a562788
603dd3df1374474d9bb550bfa01147e6,1d93c07de74c482ebf0a76ec564c3252,c713a0ca69864ee7b240069c98dc44dc,1ade4365590a4ac7865100d8c791e340,f69855cdf66d4f6887ecfd0ddb9014b5,74de04f31db94a99b757685c91779412,5cfb876eeb4f410aa1282cc279f0e546,0842a796c09b4089933a4f27e4e5e3bc,1027a336232c4454a9c4ae450a562788,4c67cc7a1ccc496db132636e3f4853a2,86179aff3df24ff59b11e9a34974a3f4
02de17a638f94e98ac7dce22ddde14ee,5c644b51b1394a7b8fa0a9a6275c422d,4a7fa5a1bafe4b6995e2920444ac07c4,0842a796c09b4089933a4f27e4e5e3bc,8fca2e4873e946f7a788af2b846cebd7,26869cc099c44c4a86f6043476ab4890,3aa003c1e31b476e999c3a808a1d5dc6,e4e12f4711fd41e39075e26cc274df45,bbdf9065122d499d9d8f80ad3e0ef6f3,0b57f893483647c3aed811775a4c4c04,d658e3a743af41899183fecff6b2628d
902d22a8d96c4f0ab484d880bfc2e287,5c644b51b1394a7b8fa0a9a6275c422d,e4e12f4711fd41e39075e26cc274df45,4a7fa5a1bafe4b6995e2920444ac07c4,cdd73e0289aa4e2b87cd14e6ff5bd75e,8fca2e4873e946f7a788af2b846cebd7,26869cc099c44c4a86f6043476ab4890,1f9cd7f2b7a14e2f8d490a104a56edcd,82d68ea370f8451aa16ea08f4601245c,0eb119aabc884795a4768c6d3e677ea1,3aa003c1e31b476e999c3a808a1d5dc6
ae7ab0c6a5a14d8e8586a9699557a7fd,a2612682d9854a30a7684c91c8619ec9,5363ae1c905d4879a63259de4954702e,82d68ea370f8451aa16ea08f4601245c,50a2129b83404b94889a01f4688ebafd,cd6ce920d00e4d17a6cf04f9f7e550b7,be8953cc364d46cebbcc2c2da2c348ab,00614d60b3544ba790dfd23dd53992e0,d695b7afdc3841a28a56df578e56afce,26e55eb4d910464497d700bfdf5a36ca,d658e3a743af41899183fecff6b2628d
b0bed57573cb454590995348d9c3451b,25afb6f7e9314af09008644bca5955b9,e88ce4cd350f43398a5c0ab8629cee72,e2e0c8c96aff4c00896ac6986bbb20c2,33b5e2ae5ebe4f548bac3a00ab0a59eb,04d24d1cf42b4f7787d8d300cbad6d50,19098957d8c24cab95daa30c2baefd8f,724a3f6551e74ad585bdeac9a75fd639,1419b2c686f44896a0ae2a43e93b5402,39e2b00e1cbd471488cf56f31d2cec7f,f12e9e5805534d719f829332d1ea5d29
7599a56ef38f493d9ee1b47c9ae8fb02,25afb6f7e9314af09008644bca5955b9,e2e0c8c96aff4c00896ac6986bbb20c2,33b5e2ae5ebe4f548bac3a00ab0a59eb,e88ce4cd350f43398a5c0ab8629cee72,04d24d1cf42b4f7787d8d300cbad6d50,19098957d8c24cab95daa30c2baefd8f,724a3f6551e74ad585bdeac9a75fd639,384b14b18c3c43b1a4dc1aa2f661e076,3d3e8565d2f84e0cad5ae622f2909765,04fa591263664fb0a6868552ebd3590b
165c7dbc2b894793b9fb4752c3092399,1aaf8edc37ea412b85e3d1b5c5317051,d476be2399b7424a88d242b771c32041,0971af4212484a958eb0f60f93d1dfe0,6732de8994744decbb3306c74aaa7882,31cf7db26a3249c5a6205b005662ddcf,f59a3ee5387440d981754b6595e8664c,57430214baf045cb92fa3b3b70a4ca3f,b0d2e6c4b2384950b3696c4414870282,7d0190486da540718e4dc4ca4bd1f573,e5a3c8867e44498d9182e8be934e0fce
5d809a0446e94ce08823b0be4c6e85f3,d476be2399b7424a88d242b771c32041,ad42c467d0fe43dbb328073f9a16bc4d,6732de8994744decbb3306c74aaa7882,5f481b07f9734f518a14853831233b78,22d9d5ad33e947fd857c5c4a8b7dfae1,30f654c6e69e48888f9f42dd95ab3c77,1aaf8edc37ea412b85e3d1b5c5317051,bcfa4a4177d44d8b8cda17b7a23196b0,0cc5015848a044b59fa4b290813f859c,1232f20e710b448e8c0538b9e84dab1c
92568b35bd5b40c6860861e28db2deb2,9948a890ef25479e834f70944cb42eae,e343a998f4df4ac195c84e0fb571a393,ca0fe2dd97434e2ca7aecc38d4f1fcd9,200f7fc78e4c403982f61b2894e50bad,a9573f188204436090fb4a5240e4eccd,1ad0cf33e96243888d5f970195a75586,033f1514c78b49dd82148b94f6bcbeba,0ecfdd96e0054841883acba75e83b232,42b6af4853fc465f83ec054f8f8289a4,f5b766ea6abe4b5fb27d49cc3bc06020
158d18f87a6b42b483a70835afe005fe,9948a890ef25479e834f70944cb42eae,e343a998f4df4ac195c84e0fb571a393,b3a022950e444682a113cec5a0537f6a,ca0fe2dd97434e2ca7aecc38d4f1fcd9,9094e936e13641cc9bfcc7dc1408d86e,3f1c2bb09c4e4400b6ba19542fafce18,ed4449952a9e45339b76fc5f123cb917,1ad0cf33e96243888d5f970195a75586,7aceed0dbea645b091207f4a53d879f2,2b3ecf8be2b242f3b8a1e714390749fb
0c0e949f7e9b48398fe5eff0d7dd803e,26e55eb4d910464497d700bfdf5a36ca,6c79712e67b54dd0a11d426a91207939,57bcda73abab44ee930b20cdaee9d24b,452d645d5bf4485185e996dcec9523e5,fc430b7683934be2aba12468b2409bb8,d658e3a743af41899183fecff6b2628d,01ffceddb5b34406a08bb982b424b3cf,b702b2b61ce048c6bf5af3c4dca18b1a,5363ae1c905d4879a63259de4954702e,82d68ea370f8451aa16ea08f4601245c
4ea8b345742042fd848e678d308fa183,092cb872c8724c7681c50da9c6cfa252,5e44915237fc4445b54b037e1c4e29a4,57bcda73abab44ee930b20cdaee9d24b,636c21e19a5845e1b8d69a5fca928030,6b7b5d28293d4a5a8075f7f7dd231ddb,54e9bbd0093947a3bda5fef48ef7493d,e7ee85dd47ca43eeb2fdcd70b802f0ec,b675be39e8ff421aa59811f146da945b,b8da01ceddcb45a491a288ddbc658e90,26e55eb4d910464497d700bfdf5a36ca
37bffb22be1b4b25a409e630b58bb3a7,82d68ea370f8451aa16ea08f4601245c,1d70bc69b2f84bef9aa5fb0d9917e38d,aa082284f9894b5aa210c179d59999b1,26e55eb4d910464497d700bfdf5a36ca,ca5add3cbf044a95a5bec88a5841ce98,6bde760ad5d4485db9889b1bdc074005,f335a944a27a4504a82ecf70c2d4a5e4,43464ed6733f4642a0b90e7d995a5e40,a2612682d9854a30a7684c91c8619ec9,50a2129b83404b94889a01f4688ebafd
fdff932278894d1885bfbc905009ea46,a5d5fb459a1844088e93ae557ab34afe,2b3ecf8be2b242f3b8a1e714390749fb,4a7fa5a1bafe4b6995e2920444ac07c4,0accd1d0138b49049d437c0d9b1c23c3,50a2129b83404b94889a01f4688ebafd,d8b3ad3b5c4e474db41a671ab286424f,a055f8188384479a8bad418f7dffd9a5,dd77b570036f40de9fdf49011bb9e2d8,5fc200cab89346658c9c91cce27e85fe,f69855cdf66d4f6887ecfd0ddb9014b5
55c258651d4f46ba879ad04a408ca3f8,092cb872c8724c7681c50da9c6cfa252,5e44915237fc4445b54b037e1c4e29a4,1aaf8edc37ea412b85e3d1b5c5317051,1232f20e710b448e8c0538b9e84dab1c,6b7b5d28293d4a5a8075f7f7dd231ddb,57bcda73abab44ee930b20cdaee9d24b,636c21e19a5845e1b8d69a5fca928030,6732de8994744decbb3306c74aaa7882,d476be2399b7424a88d242b771c32041,8d595c7da42545c88052e7b213b6c97c
173024800a4148a59d834a44d0998dbe,de1102228a324428989533278cd482f6,6bedb2d6ace34e18811b7f1206b2d1b0,6866efc8987a4ec8b04b7abd28fb5777,6bde760ad5d4485db9889b1bdc074005,2d43cf91509846e29ab4febd7781919f,26869cc099c44c4a86f6043476ab4890,f4b7e6e902e344859cb041126b69ce3c,8987ceafff324f9599b842542e37eddd,d695b7afdc3841a28a56df578e56afce,beccee3a988f48c1ad207e2380766fa4
04f607a8dfdb4e6f8c795634b207e615,06b7dd1b701544ac80dd7ca54ed707cf,7199f2fe77824236a392e1f00a5bdfc3,1f9cd7f2b7a14e2f8d490a104a56edcd,c84deec0ecf843c39f52d4cb8e7300f8,1419b2c686f44896a0ae2a43e93b5402,f6507bae2aaa4785842167f8320428b3,5fc200cab89346658c9c91cce27e85fe,eff24b01b2f5428baa4c3fef6cb40d41,77cecb221149474896d9b2eb848bf150,64e74af099b0485f8b6e71ac73aa2cb8
29b78bc662074f5abb91b5e7ee16deb6,7070715ef90743da8691dd4ad134eb0c,08ecf89bc10942a4bd894482f6fcdfa7,06b7dd1b701544ac80dd7ca54ed707cf,3aaea7fa41fd43cdb88f8ef59062c5df,eb21a4e2b7bd43efbdf0c365415e7fef,595e438d2b394bb3a3259f47efd37ae8,ff276acede2f4c14876ef47257758ae8,d756970269e9443fb9bbf645a96aa84e,82d68ea370f8451aa16ea08f4601245c,6b4676aba2a746b3ab778315afc8ee82
bf6af233a7fb4678bde3bcd210972057,06b7dd1b701544ac80dd7ca54ed707cf,7199f2fe77824236a392e1f00a5bdfc3,1f9cd7f2b7a14e2f8d490a104a56edcd,1419b2c686f44896a0ae2a43e93b5402,c84deec0ecf843c39f52d4cb8e7300f8,f6507bae2aaa4785842167f8320428b3,77cecb221149474896d9b2eb848bf150,5fc200cab89346658c9c91cce27e85fe,6bedb2d6ace34e18811b7f1206b2d1b0,898eabaaa1a047e18aecbb1c5a8decbf
3444cb452c4d4832b75091f5da7012db,7070715ef90743da8691dd4ad134eb0c,08ecf89bc10942a4bd894482f6fcdfa7,06b7dd1b701544ac80dd7ca54ed707cf,eb21a4e2b7bd43efbdf0c365415e7fef,d445ccdb4cda497e9f0343a3298022d2,d756970269e9443fb9bbf645a96aa84e,6b4676aba2a746b3ab778315afc8ee82,595e438d2b394bb3a3259f47efd37ae8,3aaea7fa41fd43cdb88f8ef59062c5df,ff276acede2f4c14876ef47257758ae8
8f00737911424dcdbc5360702808b86e,d65e3a3657ae455e954b6d7221afc84c,82d68ea370f8451aa16ea08f4601245c,f0084465b2e646c9a53d9dc766067d9b,d445ccdb4cda497e9f0343a3298022d2,0971af4212484a958eb0f60f93d1dfe0,98fbdf945d0c4206a48a4f7260e56017,570f08ce2a1a47978eab16bf7ad16a68,e4fcd30261804b089efa940359057ba2,eabdd2813a954f9aa01f0eb8212ee387,6fc7a2cf0684475a82f6ff9be2c8e850
084019a95c9f43539a52748e0ee608d3,5605fa1188974644937bbf92fec50e21,b425f33c33ad4be89a12da266d131a86,7d3d751215194e649a03457226f599d7,563043f180e54e238ad4876974e5db4c,e22e1ad3c1fc4493bcb7c9b923566ff7,7e8a4a43e2f84dbb88e41cb24b3fe79f,3766b26b53874893ae48693880e1942c,9bf3b77eb9874f5f9e006a9cff111ea9,6c6de17135be4f8c9423be633eaefcd4,b69c17a10a55494d8caa56c33e8f4a56
d7fcb70c976c46d3a977d1bd3acaa7b4,d7c9dafddaf547159d366dacf7b68a7e,7960902edf4b47d686f704441aa56b0e,f5d09519cf7647f8a107cd8fadd322e5,f8856799293e49feab6368e794eb8b00,75801225047a4c019100660c13f1e0f1,563043f180e54e238ad4876974e5db4c,9fd4c00672d84215b3e21812aef3d6ac,3f1c2bb09c4e4400b6ba19542fafce18,1ad0cf33e96243888d5f970195a75586,7862a63720b34104abf5bfa44bc8178d
a44ce941098b4f6b948eb8588bd09fa7,11e1e3cdfe214385a2c24d0f957dde9b,4c36aafaf38f4e9e9e09991737196fe1,039f8e63b273472d8f1d99d9a5de5cf5,174581fc299840e18e827432c0cce4dc,e53dd6188816429ab915de6f9649a026,1232f20e710b448e8c0538b9e84dab1c,77cecb221149474896d9b2eb848bf150,6dc5832f0ac04df2bd99c6415b3ecf09,e429a2e164a24919a12edcc8d4ea8f09,7d0190486da540718e4dc4ca4bd1f573
1778aabe52c7435187be3eb1461b918a,d7c9dafddaf547159d366dacf7b68a7e,f5d09519cf7647f8a107cd8fadd322e5,7960902edf4b47d686f704441aa56b0e,7d0190486da540718e4dc4ca4bd1f573,75801225047a4c019100660c13f1e0f1,563043f180e54e238ad4876974e5db4c,f8856799293e49feab6368e794eb8b00,9fd4c00672d84215b3e21812aef3d6ac,3f1c2bb09c4e4400b6ba19542fafce18,7862a63720b34104abf5bfa44bc8178d
172e27e7700f4ca399b42d88a4f1c140,1c2b01416e3943e3b3c575e53c3f1d16,da88fa5efc674368b593444ca950dff9,eafb3480db704d7baa8216ce857d1610,199647bd1328406c83c5a875154f97d9,097f2ce3b88c4d008488b9908076497e,be42a43f5186434db4f2815f768a9991,7584980704ae4617bb27ca162cc9c5db,84581d81d46d44bc99ffb8f871646a7a,9a500a20b1ff4694acc31339a8d1349e,5537ddec608a4ec586ea068fa27547ca
7790838dcafa4412a5fc14b1cf3e7e95,1c2b01416e3943e3b3c575e53c3f1d16,d60986f4025d443ea58adba0e3d224a1,be42a43f5186434db4f2815f768a9991,daed5458403e49e3aea72f4bcc6dd224,eafb3480db704d7baa8216ce857d1610,84581d81d46d44bc99ffb8f871646a7a,199647bd1328406c83c5a875154f97d9,0f52f676197e4d4e92dec0a7bc4c4f7d,7584980704ae4617bb27ca162cc9c5db,9a500a20b1ff4694acc31339a8d1349e
3106ad6941604756bf3bd61f1cd9709b,18ab15fbf00f42f7a410ec75f7592bea,009be1c3430743ff9b054bdfcd6228d6,d60986f4025d443ea58adba0e3d224a1,00614d60b3544ba790dfd23dd53992e0,ca544e6629b14e8fab5f7cb40d1ac88e,bce599075dfd4fac8dd78626106e3071,022e16490d1949b9ab2fc1de5a837031,e9428816b054499298745b742f128f65,b7f5c165ea2242709a2fb71f3a3f1bcb,b4dadb3ea3a04cc3932094471debce13
a2efa66a925344b8b896a8a0cfbb2661,f464960d2dbc43c0970c60600bd7f1cd,3574ab91c29940b3afc62354ae06b73b,8fca2e4873e946f7a788af2b846cebd7,022e16490d1949b9ab2fc1de5a837031,acbf8eae7e064c11bab7adf66f216990,7e190e3c05d74e6b9f103e39142c1684,26b18153216b48d793b75598ddb54d77,bb5c7d03a54647d08b8c62deeb803271,00614d60b3544ba790dfd23dd53992e0,be8953cc364d46cebbcc2c2da2c348ab
e4c0fba56e824b5cb4b6aeb4700f2d76,8f0e477fc779414e9b47995c0b25a87d,938147b72e9540da8513910871e0830a,feb980ae999948ce9be0266b4ddc048d,daed5458403e49e3aea72f4bcc6dd224,70558882c04e46bd99d15e9786468418,41e657daa20545a588584578bdb4101c,1f3cf50fe1f947d8a56e02ebca441c4c,d9096650c434432c871effeca9acd5c6,0cdb0f32850f4585a16de4886462bbe0,02a3cd76ce534d188b4d5ac4778bd652
6242d18df5cd4f5cb63a1105ffbd971e,8f0e477fc779414e9b47995c0b25a87d,938147b72e9540da8513910871e0830a,feb980ae999948ce9be0266b4ddc048d,d9096650c434432c871effeca9acd5c6,0cdb0f32850f4585a16de4886462bbe0,70558882c04e46bd99d15e9786468418,daed5458403e49e3aea72f4bcc6dd224,dd36cc0867b94d55a43b82c1c9a0e95c,74de04f31db94a99b757685c91779412,41e657daa20545a588584578bdb4101c
dc46278e6e01447e8c262d2884fdd9bb,f1c9c5051bdd4a11a064260bbb9d6d7b,8dfe01febd46475ab5aef97033716ce1,e12ad1ce8e7940a999b9a4f91a95fab7,119a6d7b4af3458b951fc1c5ab5e1738,dd36cc0867b94d55a43b82c1c9a0e95c,8f0e477fc779414e9b47995c0b25a87d,a9573f188204436090fb4a5240e4eccd,0c889c151e094b948c13b0275e660a9c,b277101390e1465685ef79bf3519f8d7,076e2669c305401fb3afcfafdd6c79c7
8ba5ddc596414a9695e18a68ace669d5,f1c9c5051bdd4a11a064260bbb9d6d7b,8dfe01febd46475ab5aef97033716ce1,0c889c151e094b948c13b0275e660a9c,e12ad1ce8e7940a999b9a4f91a95fab7,dd36cc0867b94d55a43b82c1c9a0e95c,19a124c6dad14a4fa7864463b081009c,5e44915237fc4445b54b037e1c4e29a4,764b8280445d4023aecaa53cf7758932,7584980704ae4617bb27ca162cc9c5db,119a6d7b4af3458b951fc1c5ab5e1738
bc709d8a81a346b5aca36d4ffb49d234,1419b2c686f44896a0ae2a43e93b5402,1ad0cf33e96243888d5f970195a75586,b425f33c33ad4be89a12da266d131a86,52ee59901f3b4de884d7a6720538aed6,7d6122daabe442ffb5e57ece1882e714,2c3599a1611644f4908562f8fb8870d3,5d5baf5ce88b4b529e28ab9c7c114148,1e376f9d0945477983c8d851e4b2cf5e,42b6af4853fc465f83ec054f8f8289a4,13cda6e8f2d948eeb5508288a172e76f
93bbe46e371c44f284f4487aa854a903,20297482a5014732a843c9fdafba548e,01bbbf1caa554d94b5decb69cc1add41,9460474d89704a68aaa6ccb62310ae3d,4285b02dc9164cb9bae36b0566bb42f0,ff51ca928cd54f4da620c27983e221f8,b834c0b0c10b471b87ad3f11468de619,d65e3a3657ae455e954b6d7221afc84c,191b01e1728e4583a8ead5a86db27370,90b560de76b149c09c7cd6efb3f12cfd,bf789f42ccfc42c5a330a3f6e30ddb83
cd3c7eb34f6f4d45bcd3a71dd304f187,20297482a5014732a843c9fdafba548e,01bbbf1caa554d94b5decb69cc1add41,30f654c6e69e48888f9f42dd95ab3c77,97959d02a64f4a3fbbebe7cbece6c012,26b18153216b48d793b75598ddb54d77,4285b02dc9164cb9bae36b0566bb42f0,86f59bd78b424260b0cf356f2f9ae734,0a61f52258f643b6a6436a1ec234e197,f65c7f50929f431dbf31b441d87616d0,63eab812f3254cccb9631b09725aec3d
c900c56e641f49749087f609b8ab6f4b,13cda6e8f2d948eeb5508288a172e76f,1419b2c686f44896a0ae2a43e93b5402,7d6122daabe442ffb5e57ece1882e714,93dc50abd35349f7923100dca2f41002,c713a0ca69864ee7b240069c98dc44dc,ee89670285c74e27aa174dadf39fbca7,52ee59901f3b4de884d7a6720538aed6,1ad0cf33e96243888d5f970195a75586,0842a796c09b4089933a4f27e4e5e3bc,0ecfdd96e0054841883acba75e83b232
f747d567755a4d7a83b918fcff6e4b5c,db69f22fe72246ea85d33991961a649a,eeb3b60f34af40de850e065b475d8180,e59dba65749140f4a1bdaf2695de2fc6,54e9bbd0093947a3bda5fef48ef7493d,673aee19895b4d339ada93213d8874ac,17b5eb6fab65476f827dd355b4a20a55,85d4175b563d48e5bc6a991b23662f24,86f59bd78b424260b0cf356f2f9ae734,04fa591263664fb0a6868552ebd3590b,8c7c9eaae41a44a3a4ebe39ce167d300
b52c282983934e3699bf0c6b64dc8d7c,db69f22fe72246ea85d33991961a649a,eeb3b60f34af40de850e065b475d8180,54e9bbd0093947a3bda5fef48ef7493d,86f59bd78b424260b0cf356f2f9ae734,e2e0c8c96aff4c00896ac6986bbb20c2,e59dba65749140f4a1bdaf2695de2fc6,8c7c9eaae41a44a3a4ebe39ce167d300,e88ce4cd350f43398a5c0ab8629cee72,85d4175b563d48e5bc6a991b23662f24,39e2b00e1cbd471488cf56f31d2cec7f
cb43fab6f1b147acbb71f39df054f667,9094e936e13641cc9bfcc7dc1408d86e,a9573f188204436090fb4a5240e4eccd,5760084aabef4d8095b2d21902151f64,9dd98c9126c44642a20711729f2e731e,a9d82bb43410405ca21b44a5e82e22b6,24c55bb5cd694770ba895c7401da2ba5,9bf3b77eb9874f5f9e006a9cff111ea9,de1102228a324428989533278cd482f6,6bedb2d6ace34e18811b7f1206b2d1b0,3b37a4c34b6e4ca89a04da864e141422
c0ca3c37cd574f37a90afbcab9554fb9,3b37a4c34b6e4ca89a04da864e141422,9094e936e13641cc9bfcc7dc1408d86e,f65b6fb5b40a49d1896de7a115469d40,7ef653f7e5f64e1b8bba73b9518b87b7,41e657daa20545a588584578bdb4101c,cf290994a83e4909aec30077477b9d04,b6c493a3666c4db193e86c79faf099ab,9bf3b77eb9874f5f9e006a9cff111ea9,e343a998f4df4ac195c84e0fb571a393,c3502ff31ce6459a96164c934f297562
0520b04de7b946fb84e99b6ae1269a1f,bbdf9065122d499d9d8f80ad3e0ef6f3,b6c493a3666c4db193e86c79faf099ab,434551fdf9e443ed91679a9557ae6fd5,1419b2c686f44896a0ae2a43e93b5402,d658e3a743af41899183fecff6b2628d,ee89670285c74e27aa174dadf39fbca7,0b57f893483647c3aed811775a4c4c04,3b37a4c34b6e4ca89a04da864e141422,c713a0ca69864ee7b240069c98dc44dc,26869cc099c44c4a86f6043476ab4890
c7dcc094c48b40fd94db148562b6f0e9,0a2c24dead204be9ae36be358e1223f9,eb21a4e2b7bd43efbdf0c365415e7fef,1419b2c686f44896a0ae2a43e93b5402,8fca2e4873e946f7a788af2b846cebd7,b6c493a3666c4db193e86c79faf099ab,d756970269e9443fb9bbf645a96aa84e,7d6122daabe442ffb5e57ece1882e714,6c79712e67b54dd0a11d426a91207939,434551fdf9e443ed91679a9557ae6fd5,f6507bae2aaa4785842167f8320428b3
ddd81e0cf0bf473caeae21db037c05f3,476ce3ffff564a5aa985808e7d2cab17,35d06fce2df446569702778e2250bd82,434551fdf9e443ed91679a9557ae6fd5,66690895454847fea5a000202fbfab2e,32aaca2a732f4272b237374d3cdeec90,3c1b91a23b694da1973dbc5f75f2f3ed,bdb0d45caa2a4943959f8f501e51132b,b585a2970e9f421da236241f603883f2,f91157bb8fca4a8e98db33591a76be9a,4a3d4daed4b24a1898551f0fd1ba44f1
c7a7fb2ef38346cab2c63eb4b30f835b,243dbbcdc67c42bfa6f32c47477adf6d,e4e12f4711fd41e39075e26cc274df45,3aa003c1e31b476e999c3a808a1d5dc6,b6c493a3666c4db193e86c79faf099ab,f69855cdf66d4f6887ecfd0ddb9014b5,5cfb876eeb4f410aa1282cc279f0e546,2b3ecf8be2b242f3b8a1e714390749fb,64e74af099b0485f8b6e71ac73aa2cb8,f65b6fb5b40a49d1896de7a115469d40,7e17bbd109dc486c8f0a76f913782180
53bb342b2fbb403cbc5546f80ef1cf70,476ce3ffff564a5aa985808e7d2cab17,ef8c056ecb524439a48c881089537951,da88fa5efc674368b593444ca950dff9,434551fdf9e443ed91679a9557ae6fd5,f5bcc6f48ed2447581b401d453039866,b585a2970e9f421da236241f603883f2,8350ea8cd6514c2c8d7b625abe7e895b,f91157bb8fca4a8e98db33591a76be9a,8c674a7b65e24114a45dd3c861a7ccfc,199647bd1328406c83c5a875154f97d9
320e73d1bf40458380ad0ac60af40a94,e4e12f4711fd41e39075e26cc274df45,243dbbcdc67c42bfa6f32c47477adf6d,2b3ecf8be2b242f3b8a1e714390749fb,65e52d14d4d64d4fbad3de6ad319e745,9094e936e13641cc9bfcc7dc1408d86e,5cfb876eeb4f410aa1282cc279f0e546,3aa003c1e31b476e999c3a808a1d5dc6,7ef653f7e5f64e1b8bba73b9518b87b7,b6c493a3666c4db193e86c79faf099ab,6400e3f6a14c492ba399bd414faca075
4a790fe3c73f4c1f9565d50067722fbf,eabdd2813a954f9aa01f0eb8212ee387,0cdb0f32850f4585a16de4886462bbe0,3574ab91c29940b3afc62354ae06b73b,82d68ea370f8451aa16ea08f4601245c,43464ed6733f4642a0b90e7d995a5e40,724a3f6551e74ad585bdeac9a75fd639,71c1a8479b194efca65b44fb7f327afb,6b4676aba2a746b3ab778315afc8ee82,e2e0c8c96aff4c00896ac6986bbb20c2,f335a944a27a4504a82ecf70c2d4a5e4
b374c835abb74519904d89a6f4367ea2,d0e41bf891254ba0872f1641139f84f6,0b57f893483647c3aed811775a4c4c04,be8953cc364d46cebbcc2c2da2c348ab,cd6ce920d00e4d17a6cf04f9f7e550b7,076e2669c305401fb3afcfafdd6c79c7,78809cb3c6b841a9b8b132133dd6bb96,f1c9c5051bdd4a11a064260bbb9d6d7b,e735729c80d84f76a6133c065d5380f8,8889c114b071429cbe2418f5b0f2024b,0c889c151e094b948c13b0275e660a9c
358dc33d74d3427697ddadedc1d2a83e,5fc200cab89346658c9c91cce27e85fe,da14e9dc2c3d4963b725de8102de5028,ba8d0208e32e42969bd4349cf24f6ed1,87fc1d6a57ea488786caaec8599c3b8b,2471f23cb9b64d35a72deed09c9c8975,eeca68825e2a4bbdaa5ae962998fc33b,0b57f893483647c3aed811775a4c4c04,64e74af099b0485f8b6e71ac73aa2cb8,e4e12f4711fd41e39075e26cc274df45,01ffceddb5b34406a08bb982b424b3cf
1840d3d379eb48cc97d68a3c7ece76a0,ef511457ee7c490c8e10eccf6e18fef6,2d43cf91509846e29ab4febd7781919f,d0e41bf891254ba0872f1641139f84f6,076e2669c305401fb3afcfafdd6c79c7,0b57f893483647c3aed811775a4c4c04,59f62d35b1ad451397b700b3dad25448,b64cef9df31c4e92a7b7ecd42f74f396,8af25c7ae8e14435a6e27a5671968f50,6866efc8987a4ec8b04b7abd28fb5777,b0236c76ae244fd8aacbea7da10e55ca
11c35b811aae4a88b9417172320999bb,74de04f31db94a99b757685c91779412,1ade4365590a4ac7865100d8c791e340,82d68ea370f8451aa16ea08f4601245c,d9096650c434432c871effeca9acd5c6,ca5add3cbf044a95a5bec88a5841ce98,feb980ae999948ce9be0266b4ddc048d,938147b72e9540da8513910871e0830a,94ed54abfdc74b04b0dcb19c278e66f4,0971af4212484a958eb0f60f93d1dfe0,57bcda73abab44ee930b20cdaee9d24b
6dbd11275bf1493ca16a6492ba2f511c,ef511457ee7c490c8e10eccf6e18fef6,076e2669c305401fb3afcfafdd6c79c7,b0236c76ae244fd8aacbea7da10e55ca,b64cef9df31c4e92a7b7ecd42f74f396,8350ea8cd6514c2c8d7b625abe7e895b,d0e41bf891254ba0872f1641139f84f6,8af25c7ae8e14435a6e27a5671968f50,2d43cf91509846e29ab4febd7781919f,59f62d35b1ad451397b700b3dad25448,0b57f893483647c3aed811775a4c4c04
26f693acd01d492bae2384f853a7924a,74de04f31db94a99b757685c91779412,d9096650c434432c871effeca9acd5c6,feb980ae999948ce9be0266b4ddc048d,0971af4212484a958eb0f60f93d1dfe0,1ade4365590a4ac7865100d8c791e340,82d68ea370f8451aa16ea08f4601245c,938147b72e9540da8513910871e0830a,94ed54abfdc74b04b0dcb19c278e66f4,0cdb0f32850f4585a16de4886462bbe0,02a3cd76ce534d188b4d5ac4778bd652
9ec6567a98fa4b3bb0c40f6580f8688e,7199f2fe77824236a392e1f00a5bdfc3,3aaea7fa41fd43cdb88f8ef59062c5df,ff276acede2f4c14876ef47257758ae8,434551fdf9e443ed91679a9557ae6fd5,f91157bb8fca4a8e98db33591a76be9a,3356a8a8c6ee4f30bc2b028e360d4471,444fa28d9ed54c82a522699041eae592,eb21a4e2b7bd43efbdf0c365415e7fef,77cecb221149474896d9b2eb848bf150,1232f20e710b448e8c0538b9e84dab1c
d16732c065604317b9457f0f53b9e356,3aaea7fa41fd43cdb88f8ef59062c5df,d756970269e9443fb9bbf645a96aa84e,b98519f97e424c1389f5553f0869b15a,44f41e6e6faa4facb0bb9a72205229f8,7199f2fe77824236a392e1f00a5bdfc3,99a52c93a3304ec18dab9206f98f2a8b,ff276acede2f4c14876ef47257758ae8,00fb3a55134242769182c520d55681a2,6c874292dbcc49ff8bb8bbe5643593a5,babbeca1f6a244a2a11ea77a3855e70f
805041534e3944d4bf48b927f4e971e1,ff276acede2f4c14876ef47257758ae8,bcfa4a4177d44d8b8cda17b7a23196b0,b40d3c588ad647ff85e397a6bc5f9d8b,3aaea7fa41fd43cdb88f8ef59062c5df,b98519f97e424c1389f5553f0869b15a,eb21a4e2b7bd43efbdf0c365415e7fef,41047823f2cb4194ba1e0709443c719a,c1def54262224e23acf67a9870725ce5,c66c6f1449d44728a2ef72de53dd6d5e,34b736136487439389c10cc6bd4e9f4e
f25d93d4fff845dbba58d34a9ba4da56,7199f2fe77824236a392e1f00a5bdfc3,3aaea7fa41fd43cdb88f8ef59062c5df,434551fdf9e443ed91679a9557ae6fd5,ff276acede2f4c14876ef47257758ae8,f91157bb8fca4a8e98db33591a76be9a,7dd5e88dfdd24cafab2c765939757354,8fdee0611965465eb45387b8c39f4136,d445ccdb4cda497e9f0343a3298022d2,06b7dd1b701544ac80dd7ca54ed707cf,99a52c93a3304ec18dab9206f98f2a8b
ae2ef12666344157a4a58eb1012bea10,7ef653f7e5f64e1b8bba73b9518b87b7,878e5c41be5c477e9f660ca361fdd727,4a7fa5a1bafe4b6995e2920444ac07c4,2471f23cb9b64d35a72deed09c9c8975,3aa003c1e31b476e999c3a808a1d5dc6,f3fddb55448a46778b5d807642cceb71,c3502ff31ce6459a96164c934f297562,cb550e5ff4694fe9a19eaa6588cef250,14f4db886cca4104877ac7d1d7a64133,cdd73e0289aa4e2b87cd14e6ff5bd75e
c007e0935fe7472a9ef764a15c2bae1a,d658e3a743af41899183fecff6b2628d,02a3cd76ce534d188b4d5ac4778bd652,67984873125e4a0f9562179c906d1b0f,7ef653f7e5f64e1b8bba73b9518b87b7,cf290994a83e4909aec30077477b9d04,84ff5144597241bba5cbd3d0b21d220d,c713a0ca69864ee7b240069c98dc44dc,bbdf9065122d499d9d8f80ad3e0ef6f3,26e55eb4d910464497d700bfdf5a36ca,8f0e477fc779414e9b47995c0b25a87d
ca758fdcdecf418c8193105975e32b5a,0cdb0f32850f4585a16de4886462bbe0,e2e0c8c96aff4c00896ac6986bbb20c2,e96fae6d607246b18b8494aabe521036,2639b6540bda414f8a9baa3b5cdb612a,82d68ea370f8451aa16ea08f4601245c,f335a944a27a4504a82ecf70c2d4a5e4,98fbdf945d0c4206a48a4f7260e56017,eabdd2813a954f9aa01f0eb8212ee387,5d5baf5ce88b4b529e28ab9c7c114148,51c6049a18b84ee381d0512e40b67c0e
62d4e090de42404b884cdf0aeea36d2d,cf290994a83e4909aec30077477b9d04,3b37a4c34b6e4ca89a04da864e141422,30578712823948b086e3781343982938,7ef653f7e5f64e1b8bba73b9518b87b7,02a3cd76ce534d188b4d5ac4778bd652,7d6122daabe442ffb5e57ece1882e714,33e2a95109e647cbb4ba2687631b169a,5d5baf5ce88b4b529e28ab9c7c114148,e5a3c8867e44498d9182e8be934e0fce,119a6d7b4af3458b951fc1c5ab5e1738
4a90414f82f14268928f92849227e3e4,8c674a7b65e24114a45dd3c861a7ccfc,4a3d4daed4b24a1898551f0fd1ba44f1,df0c94234d9d4890b5b4b95c441b3e9a,434551fdf9e443ed91679a9557ae6fd5,66690895454847fea5a000202fbfab2e,476ce3ffff564a5aa985808e7d2cab17,19a124c6dad14a4fa7864463b081009c,0b57f893483647c3aed811775a4c4c04,b6c493a3666c4db193e86c79faf099ab,4926607aafe749538c930e108275547e
8b1b59a271e64b7d92225d1479ab0fa0,8c674a7b65e24114a45dd3c861a7ccfc,e79ae27b52fa4d54aa37735fd275c66e,476ce3ffff564a5aa985808e7d2cab17,4a3d4daed4b24a1898551f0fd1ba44f1,434551fdf9e443ed91679a9557ae6fd5,df0c94234d9d4890b5b4b95c441b3e9a,fadf133e0e684a24ac79b5fa9515bac2,c713a0ca69864ee7b240069c98dc44dc,66690895454847fea5a000202fbfab2e,f5bcc6f48ed2447581b401d453039866
31555c3dbb51459eb52da0ce111a5382,cf290994a83e4909aec30077477b9d04,3b37a4c34b6e4ca89a04da864e141422,02a3cd76ce534d188b4d5ac4778bd652,7d6122daabe442ffb5e57ece1882e714,30578712823948b086e3781343982938,7ef653f7e5f64e1b8bba73b9518b87b7,5d5baf5ce88b4b529e28ab9c7c114148,33e2a95109e647cbb4ba2687631b169a,c3a741d302d94ee294bb6e4090fd2da9,d9b97376c5e44d8786f861a5788af644
bb7eb4ba9b5943b6a61ff124ef6239b4,403835bbf2f1447188bcc78e062b0028,fc70a4c2c4834e0eba1a14470f563b03,a8904adcdd21495f890bc614bfdbf86f,b2b22c673e554db39c8acdbe42687a6d,887e323cc38f4cf8adc5970617f1c286,77d8e01a914d4f4a8b87d407e0d741aa,33e2a95109e647cbb4ba2687631b169a,8c5f38853679436ba434b6a696e43168,dd9e8283197b473d8ffd502561bdaaec,2acbd3ec289a47f7b4108896ec632585
e1d35002bf604e59a1a055673b110d7b,64d9091426f9461c97c98a5428856bcf,69ac8397e9624bfd8aee237b9f9ea3b5,5e44915237fc4445b54b037e1c4e29a4,ad42c467d0fe43dbb328073f9a16bc4d,b3f8b4bec0164d0e81997b4f5a277e8f,42805d29975b400ea7c570fc45ec4938,9a500a20b1ff4694acc31339a8d1349e,e5a3c8867e44498d9182e8be934e0fce,07958f43551e459eb30638b632e3cd64,643fbbdd6b764ba9904a4ee67a86b9fd
409ee169523c45b0935d17521c001655,06b7dd1b701544ac80dd7ca54ed707cf,de1102228a324428989533278cd482f6,5fc200cab89346658c9c91cce27e85fe,0b57f893483647c3aed811775a4c4c04,a055f8188384479a8bad418f7dffd9a5,eeca68825e2a4bbdaa5ae962998fc33b,d9096650c434432c871effeca9acd5c6,39a08a87897f47d3bdbbdc5ed8c9cd7f,f2cfa68a47ce4a43a0fe1cc7dc860418,6400e3f6a14c492ba399bd414faca075
3c0da2e0535d4efab77b6201db1866d3,5760084aabef4d8095b2d21902151f64,1ad0cf33e96243888d5f970195a75586,f5b766ea6abe4b5fb27d49cc3bc06020,3f1c2bb09c4e4400b6ba19542fafce18,a055f8188384479a8bad418f7dffd9a5,52ee59901f3b4de884d7a6720538aed6,7d6122daabe442ffb5e57ece1882e714,0bd1cce9370a461089e25393086800a8,0ecfdd96e0054841883acba75e83b232,200f7fc78e4c403982f61b2894e50bad
1693abbd511b40648b18f87e485be585,19b81e71e7f04ebcbfade9daa899ed3d,01bbbf1caa554d94b5decb69cc1add41,51c6049a18b84ee381d0512e40b67c0e,d9b70c4ed8bb4fc5957ecebf102528ee,e86a0aae846a4e44bf967ab4972c977c,9909a671f7414c19b2727e7d4d4dcf1b,e96fae6d607246b18b8494aabe521036,cb32ec9a538a4c0f8462771946ced93b,b425f33c33ad4be89a12da266d131a86,d65e3a3657ae455e954b6d7221afc84c
220c7fef1fe54586b4f4c4ac80924512,97959d02a64f4a3fbbebe7cbece6c012,f91157bb8fca4a8e98db33591a76be9a,8d595c7da42545c88052e7b213b6c97c,bcfa4a4177d44d8b8cda17b7a23196b0,feb980ae999948ce9be0266b4ddc048d,bf789f42ccfc42c5a330a3f6e30ddb83,a94cb58f1ca8456b96e39b5b1ebfb7ea,b77d8b7bb0114c379139d280a9210e83,19a124c6dad14a4fa7864463b081009c,724a3f6551e74ad585bdeac9a75fd639
995e4d102a3b41e3b4c81d2e30253554,66690895454847fea5a000202fbfab2e,98b2022b2cb84af09ee8b789db928b13,f2ef424352f14dda92691047ee9f15fa,ffc5805e29a74be0a55b40318aa321d7,9bf3b77eb9874f5f9e006a9cff111ea9,99ba4cc9355f4d79a68bc69ac12a716f,f91157bb8fca4a8e98db33591a76be9a,e511c40ca6324803b5021e47b4e777f8,e5a3c8867e44498d9182e8be934e0fce,5cf392f15360460bae6a6b0182bb99b9
32b2409ee0304c6f8c633cf2838fc107,d9b70c4ed8bb4fc5957ecebf102528ee,c1d504dfeded4b8bb3c07777b7c7abde,e96fae6d607246b18b8494aabe521036,3d3e8565d2f84e0cad5ae622f2909765,29088685e31a4d86b60b514e98117361,ff276acede2f4c14876ef47257758ae8,097f2ce3b88c4d008488b9908076497e,9460474d89704a68aaa6ccb62310ae3d,3aaea7fa41fd43cdb88f8ef59062c5df,7627d5e28ba74cbeaf9225e88a7a44cc
38393c2659214de8b744a8747b3060da,0a61f52258f643b6a6436a1ec234e197,8683a3ad55d84a78834fabe20cde5269,54e9bbd0093947a3bda5fef48ef7493d,2ece45504eff42469c104dc2a2d03caf,9a500a20b1ff4694acc31339a8d1349e,e53dd6188816429ab915de6f9649a026,211ef3181e524685866fb8574d9bf456,77c8b175ca9d411b8d28d1ed0dc40304,86f59bd78b424260b0cf356f2f9ae734,be9e713988ba4bbba869885cad419259
b1fb22cca72c471fbf933b076b3ba471,0a61f52258f643b6a6436a1ec234e197,2ece45504eff42469c104dc2a2d03caf,5e2f1a45f7174f1aa39a194179985876,df7ea50171af48df81584ab7e8107d15,e53dd6188816429ab915de6f9649a026,fa190e42ce5a47c99bcaa76138dbc615,d476be2399b7424a88d242b771c32041,8683a3ad55d84a78834fabe20cde5269,54e9bbd0093947a3bda5fef48ef7493d,86f59bd78b424260b0cf356f2f9ae734
c425735cc2d645f89ae700274561ff76,fadf133e0e684a24ac79b5fa9515bac2,eff24b01b2f5428baa4c3fef6cb40d41,64e74af099b0485f8b6e71ac73aa2cb8,4a3d4daed4b24a1898551f0fd1ba44f1,1027a336232c4454a9c4ae450a562788,0bd1cce9370a461089e25393086800a8,e79ae27b52fa4d54aa37735fd275c66e,66690895454847fea5a000202fbfab2e,79721c9bb6a54ecdb3d0a0f4011762c1,99ba4cc9355f4d79a68bc69ac12a716f
d37fad90466d41fb99cc1281af258b44,d9ac372330a4446886fa19bac0d19877,3b7d56c26da14b3a9b1cd52b5b35891b,097c30a7f39a4a3abf6da2ca80cad3a5,6b4676aba2a746b3ab778315afc8ee82,cc243eebbb2b44a581745865a60c423a,1f9cd7f2b7a14e2f8d490a104a56edcd,56272326c7e94e419ea8c69fb634f610,d75a52d716984f318f976bbfc7bee787,97959d02a64f4a3fbbebe7cbece6c012,b277101390e1465685ef79bf3519f8d7
8f59b2636caf43f29362aad398734e84,fadf133e0e684a24ac79b5fa9515bac2,eff24b01b2f5428baa4c3fef6cb40d41,0bd1cce9370a461089e25393086800a8,4a3d4daed4b24a1898551f0fd1ba44f1,ffe2740eee8c49b39b2ce41f9983bcb4,79721c9bb6a54ecdb3d0a0f4011762c1,e79ae27b52fa4d54aa37735fd275c66e,1027a336232c4454a9c4ae450a562788,cb75c6ef71cb4991805920f2894e0e96,3138244ae91040948d5bd6772e4075ea
92e239ee1c9942eda10a987e5a192aad,d9ac372330a4446886fa19bac0d19877,eb21a4e2b7bd43efbdf0c365415e7fef,6c874292dbcc49ff8bb8bbe5643593a5,a0b4d283f12a407286dbeaa3a4d128a5,daed5458403e49e3aea72f4bcc6dd224,b77d8b7bb0114c379139d280a9210e83,66f4c650b7ca48f1bc27f9daff8d312a,e96fae6d607246b18b8494aabe521036,3d3e8565d2f84e0cad5ae622f2909765,34b736136487439389c10cc6bd4e9f4e
6ca76ef7aa7d4121a75374b29ba7d263,3b7d56c26da14b3a9b1cd52b5b35891b,d9ac372330a4446886fa19bac0d19877,56272326c7e94e419ea8c69fb634f610,bf789f42ccfc42c5a330a3f6e30ddb83,d75a52d716984f318f976bbfc7bee787,c84deec0ecf843c39f52d4cb8e7300f8,0a2c24dead204be9ae36be358e1223f9,97959d02a64f4a3fbbebe7cbece6c012,097c30a7f39a4a3abf6da2ca80cad3a5,ff51ca928cd54f4da620c27983e221f8
2cdba5196ffe4c8797018ef98b7a52c4,3d3e8565d2f84e0cad5ae622f2909765,724a3f6551e74ad585bdeac9a75fd639,097f2ce3b88c4d008488b9908076497e,17b5eb6fab65476f827dd355b4a20a55,39e2b00e1cbd471488cf56f31d2cec7f,19098957d8c24cab95daa30c2baefd8f,1d70bc69b2f84bef9aa5fb0d9917e38d,b702b2b61ce048c6bf5af3c4dca18b1a,b77d8b7bb0114c379139d280a9210e83,eb21a4e2b7bd43efbdf0c365415e7fef
8e69932dfcf247039202e839e2e4ad92,2471f23cb9b64d35a72deed09c9c8975,5fc200cab89346658c9c91cce27e85fe,4a7fa5a1bafe4b6995e2920444ac07c4,2b3ecf8be2b242f3b8a1e714390749fb,5455e62f52ae4e03b2a5d0e8b9899506,f69855cdf66d4f6887ecfd0ddb9014b5,5cfb876eeb4f410aa1282cc279f0e546,35c5a560ecdc4d6a9d20f057ed1fa0e6,f3fddb55448a46778b5d807642cceb71,26869cc099c44c4a86f6043476ab4890
c876e09aeff84624b8a01d61b99fed1f,3d3e8565d2f84e0cad5ae622f2909765,04d24d1cf42b4f7787d8d300cbad6d50,17b5eb6fab65476f827dd355b4a20a55,19098957d8c24cab95daa30c2baefd8f,b77d8b7bb0114c379139d280a9210e83,39e2b00e1cbd471488cf56f31d2cec7f,e2e0c8c96aff4c00896ac6986bbb20c2,724a3f6551e74ad585bdeac9a75fd639,097f2ce3b88c4d008488b9908076497e,e96fae6d607246b18b8494aabe521036
660e576505194cfbb8e673b09a078b98,2471f23cb9b64d35a72deed09c9c8975,5fc200cab89346658c9c91cce27e85fe,4a7fa5a1bafe4b6995e2920444ac07c4,2b3ecf8be2b242f3b8a1e714390749fb,7ef653f7e5f64e1b8bba73b9518b87b7,e4e12f4711fd41e39075e26cc274df45,da14e9dc2c3d4963b725de8102de5028,f3fddb55448a46778b5d807642cceb71,24c55bb5cd694770ba895c7401da2ba5,26869cc099c44c4a86f6043476ab4890
795efbe9c2fe4b3dbc173c89167f9163,3c0f3b44c0844df49b5898406fe9195a,0092d1d820c64646b8bee9fd14f77acf,c84deec0ecf843c39f52d4cb8e7300f8,bf789f42ccfc42c5a330a3f6e30ddb83,250d411ae270441085be3501b7b55d86,ff51ca928cd54f4da620c27983e221f8,db0c3a952e454b90aa4a68feb6a50e87,59e4dcf2794943b18fb902a6eb475ff8,b8995466f0eb4e7ba141e23216e8b974,34b736136487439389c10cc6bd4e9f4e
2be3682989f94c34b19ee0da04571f91,3c0f3b44c0844df49b5898406fe9195a,c84deec0ecf843c39f52d4cb8e7300f8,0092d1d820c64646b8bee9fd14f77acf,59e4dcf2794943b18fb902a6eb475ff8,6bedb2d6ace34e18811b7f1206b2d1b0,bf789f42ccfc42c5a330a3f6e30ddb83,250d411ae270441085be3501b7b55d86,b8995466f0eb4e7ba141e23216e8b974,c74557a980e2428a9ffcc245278df692,22d9d5ad33e947fd857c5c4a8b7dfae1
68215d17cd25495b93f219bc1621c8aa,7d0190486da540718e4dc4ca4bd1f573,250d411ae270441085be3501b7b55d86,563043f180e54e238ad4876974e5db4c,5605fa1188974644937bbf92fec50e21,3766b26b53874893ae48693880e1942c,8228c9eb29a542ba98c8b9b854eadaa4,f5d09519cf7647f8a107cd8fadd322e5,b69c17a10a55494d8caa56c33e8f4a56,174581fc299840e18e827432c0cce4dc,eee7f32249c5452ea36c8ed3a3540010
701794a02e204afbbbd3a8689e7eb5f0,7d0190486da540718e4dc4ca4bd1f573,250d411ae270441085be3501b7b55d86,563043f180e54e238ad4876974e5db4c,5605fa1188974644937bbf92fec50e21,8228c9eb29a542ba98c8b9b854eadaa4,3766b26b53874893ae48693880e1942c,7862a63720b34104abf5bfa44bc8178d,f5d09519cf7647f8a107cd8fadd322e5,174581fc299840e18e827432c0cce4dc,db0c3a952e454b90aa4a68feb6a50e87
fc791f8358f54a66be0e95f809bc8e2d,84581d81d46d44bc99ffb8f871646a7a,f91157bb8fca4a8e98db33591a76be9a,c84deec0ecf843c39f52d4cb8e7300f8,b77d8b7bb0114c379139d280a9210e83,039f8e63b273472d8f1d99d9a5de5cf5,bf789f42ccfc42c5a330a3f6e30ddb83,c750a2994555414790abb3281572bb42,452d645d5bf4485185e996dcec9523e5,7dd5e88dfdd24cafab2c765939757354,f1c9c5051bdd4a11a064260bbb9d6d7b
24729e6784174289859f89243ee3228c,db13ed5446be46269dff3de3c1bf2660,5537ddec608a4ec586ea068fa27547ca,84581d81d46d44bc99ffb8f871646a7a,643fbbdd6b764ba9904a4ee67a86b9fd,7dd5e88dfdd24cafab2c765939757354,342aaa81ed004635bbf9cbc2592cd7b6,b834c0b0c10b471b87ad3f11468de619,0f52f676197e4d4e92dec0a7bc4c4f7d,1232f20e710b448e8c0538b9e84dab1c,baf841bad27c456c9de7227555ea3ef8
ca6805db708f46198fe4e47abb975231,e59dba65749140f4a1bdaf2695de2fc6,17b5eb6fab65476f827dd355b4a20a55,8c7c9eaae41a44a3a4ebe39ce167d300,e06d08ff594a4acbac12edf579743fcf,673aee19895b4d339ada93213d8874ac,f12e9e5805534d719f829332d1ea5d29,98fbdf945d0c4206a48a4f7260e56017,c1def54262224e23acf67a9870725ce5,7627d5e28ba74cbeaf9225e88a7a44cc,7f0b453cc8c14156802497f5cbae9d62
98ab5e0cc5f8413e993869c9729b464d,8987ceafff324f9599b842542e37eddd,d695b7afdc3841a28a56df578e56afce,f2cfa68a47ce4a43a0fe1cc7dc860418,f4b7e6e902e344859cb041126b69ce3c,f91157bb8fca4a8e98db33591a76be9a,ca5add3cbf044a95a5bec88a5841ce98,57bcda73abab44ee930b20cdaee9d24b,7dd5e88dfdd24cafab2c765939757354,26869cc099c44c4a86f6043476ab4890,94ed54abfdc74b04b0dcb19c278e66f4
6cd0e8707bc64b2a808ed3479ee223ab,acbf8eae7e064c11bab7adf66f216990,597aab8bb15240f89fd1b24a8e38258d,6af17cec494c4373a95865d270a29171,f464960d2dbc43c0970c60600bd7f1cd,be8953cc364d46cebbcc2c2da2c348ab,249c2d8d8d2345c6990b3c4d94385b5a,444fa28d9ed54c82a522699041eae592,3574ab91c29940b3afc62354ae06b73b,bf789f42ccfc42c5a330a3f6e30ddb83,23a16d69ffe848d593a4808907d8aa98
dbec5198890f4c209fd8ef08d73c40ce,597aab8bb15240f89fd1b24a8e38258d,acbf8eae7e064c11bab7adf66f216990,e06d08ff594a4acbac12edf579743fcf,6af17cec494c4373a95865d270a29171,be8953cc364d46cebbcc2c2da2c348ab,673aee19895b4d339ada93213d8874ac,f464960d2dbc43c0970c60600bd7f1cd,33b5e2ae5ebe4f548bac3a00ab0a59eb,71c1a8479b194efca65b44fb7f327afb,403835bbf2f1447188bcc78e062b0028
ee7c4fd5b21848a380cf4e90f9f5cdca,acbf8eae7e064c11bab7adf66f216990,597aab8bb15240f89fd1b24a8e38258d,6af17cec494c4373a95865d270a29171,e06d08ff594a4acbac12edf579743fcf,71c1a8479b194efca65b44fb7f327afb,be8953cc364d46cebbcc2c2da2c348ab,673aee19895b4d339ada93213d8874ac,f31e9fdffaa642ed98e91b07a30f3a8c,04fa591263664fb0a6868552ebd3590b,33b5e2ae5ebe4f548bac3a00ab0a59eb
b0a8fa5a4b474306b97fd69abcdc245f,6af17cec494c4373a95865d270a29171,acbf8eae7e064c11bab7adf66f216990,597aab8bb15240f89fd1b24a8e38258d,f464960d2dbc43c0970c60600bd7f1cd,3574ab91c29940b3afc62354ae06b73b,097c30a7f39a4a3abf6da2ca80cad3a5,e06d08ff594a4acbac12edf579743fcf,bb5c7d03a54647d08b8c62deeb803271,673aee19895b4d339ada93213d8874ac,be8953cc364d46cebbcc2c2da2c348ab
2c22ed57d17c4aa097b37805a50b9294,2c82919b038847fabbf5d13ca5ac55a7,66f4c650b7ca48f1bc27f9daff8d312a,b702b2b61ce048c6bf5af3c4dca18b1a,1d70bc69b2f84bef9aa5fb0d9917e38d,3d3e8565d2f84e0cad5ae622f2909765,43464ed6733f4642a0b90e7d995a5e40,097f2ce3b88c4d008488b9908076497e,384b14b18c3c43b1a4dc1aa2f661e076,70aa10580bfe4069bdaa5721ae2d29db,e2769c67dadd4c988f7ccf249a998a56
ee0bdf8b7e3142509f97816c8fae19bd,09f4970dfe684b809bc0959fb62f41bf,d0b6e9c1cc5341faba9e03c17767bc2e,4d5cbe57c3094d01843e4f950a280b50,df0c94234d9d4890b5b4b95c441b3e9a,521004289ebc4e6da6623381d40a5e73,f91157bb8fca4a8e98db33591a76be9a,74de04f31db94a99b757685c91779412,13aca0959cc948cabeee0d7255f55a65,0842a796c09b4089933a4f27e4e5e3bc,86f59bd78b424260b0cf356f2f9ae734
a0b880f475f147f08f11e0a27dc48fde,2b039224b54142d185a406b31fe01de2,7ab9086baf99475d8c93862a7dd36344,8228c9eb29a542ba98c8b9b854eadaa4,98b2022b2cb84af09ee8b789db928b13,57430214baf045cb92fa3b3b70a4ca3f,174581fc299840e18e827432c0cce4dc,250d411ae270441085be3501b7b55d86,ffc5805e29a74be0a55b40318aa321d7,342aaa81ed004635bbf9cbc2592cd7b6,6dc5832f0ac04df2bd99c6415b3ecf09
fad484e776d145428e5c2ae92aec4908,342aaa81ed004635bbf9cbc2592cd7b6,7ab9086baf99475d8c93862a7dd36344,baf841bad27c456c9de7227555ea3ef8,2b039224b54142d185a406b31fe01de2,89e983dca0a34b768e17b3871b9cea1e,52f20bd7eb50430c95f0916727880a1b,ffc5805e29a74be0a55b40318aa321d7,c4e79c8992e54866b0c6f26c55b1a774,da61d9bc8f024a4aba18d5c3072b7838,c84deec0ecf843c39f52d4cb8e7300f8
f2b99340a8304f42a058a44fd793927c,2b039224b54142d185a406b31fe01de2,7ab9086baf99475d8c93862a7dd36344,8228c9eb29a542ba98c8b9b854eadaa4,174581fc299840e18e827432c0cce4dc,ffc5805e29a74be0a55b40318aa321d7,98b2022b2cb84af09ee8b789db928b13,342aaa81ed004635bbf9cbc2592cd7b6,57430214baf045cb92fa3b3b70a4ca3f,250d411ae270441085be3501b7b55d86,52ee59901f3b4de884d7a6720538aed6
9ad1273ff93d4e9fb7ade33dd8e0ed98,342aaa81ed004635bbf9cbc2592cd7b6,0092d1d820c64646b8bee9fd14f77acf,444fa28d9ed54c82a522699041eae592,7ab9086baf99475d8c93862a7dd36344,23a16d69ffe848d593a4808907d8aa98,52f20bd7eb50430c95f0916727880a1b,f1eecad10a61421eb16b1be7435d9c19,a9573f188204436090fb4a5240e4eccd,5537ddec608a4ec586ea068fa27547ca,ffc5805e29a74be0a55b40318aa321d7
50cb33eef1b94f6c82103b39c1b98881,36ee1613abf245cdbe93fef69b5f981f,9db7d32d79024ba6a73c55fde6f55968,47eb17da319d440aa52da8008c26327a,236c362d8b664c93b41882c119df9706,e5a3c8867e44498d9182e8be934e0fce,e22e1ad3c1fc4493bcb7c9b923566ff7,0592b57e490d4206a3f12eb004a0afe0,0a2c24dead204be9ae36be358e1223f9,00e9d4081c2f45d1a818bfeab099863a,e9428816b054499298745b742f128f65
7990224cfabd448689a4ce3026d9fe41,47eb17da319d440aa52da8008c26327a,36ee1613abf245cdbe93fef69b5f981f,e22e1ad3c1fc4493bcb7c9b923566ff7,f5d09519cf7647f8a107cd8fadd322e5,31f80e4c87164e2893375ec7e73b372e,7d3d751215194e649a03457226f599d7,d9b70c4ed8bb4fc5957ecebf102528ee,597aab8bb15240f89fd1b24a8e38258d,57430214baf045cb92fa3b3b70a4ca3f,9909a671f7414c19b2727e7d4d4dcf1b
fde89e1ecf8840fdbb45c55139eec70f,47eb17da319d440aa52da8008c26327a,e22e1ad3c1fc4493bcb7c9b923566ff7,36ee1613abf245cdbe93fef69b5f981f,d9b70c4ed8bb4fc5957ecebf102528ee,31f80e4c87164e2893375ec7e73b372e,597aab8bb15240f89fd1b24a8e38258d,31cf7db26a3249c5a6205b005662ddcf,f5d09519cf7647f8a107cd8fadd322e5,191b01e1728e4583a8ead5a86db27370,eabdd2813a954f9aa01f0eb8212ee387
7141972968b840058e50af9c047f1975,36ee1613abf245cdbe93fef69b5f981f,236c362d8b664c93b41882c119df9706,47eb17da319d440aa52da8008c26327a,9db7d32d79024ba6a73c55fde6f55968,e22e1ad3c1fc4493bcb7c9b923566ff7,e5a3c8867e44498d9182e8be934e0fce,c3a741d302d94ee294bb6e4090fd2da9,e9428816b054499298745b742f128f65,57430214baf045cb92fa3b3b70a4ca3f,0592b57e490d4206a3f12eb004a0afe0
978ff949184e4cfcaa6168bf5ec8b635,ca5add3cbf044a95a5bec88a5841ce98,94ed54abfdc74b04b0dcb19c278e66f4,57bcda73abab44ee930b20cdaee9d24b,1d70bc69b2f84bef9aa5fb0d9917e38d,82d68ea370f8451aa16ea08f4601245c,b277101390e1465685ef79bf3519f8d7,7e190e3c05d74e6b9f103e39142c1684,a055f8188384479a8bad418f7dffd9a5,9bf3b77eb9874f5f9e006a9cff111ea9,4e4495962a9b4864882397042f1a2b3e
e8d5f4039a4c41ca879ab577cb031ff6,8dfd98bb97584157b207e1f4be471a8e,c2a665cec90e46db8d2a74389beb4649,23a16d69ffe848d593a4808907d8aa98,9bf3b77eb9874f5f9e006a9cff111ea9,27a67d3e76814297aebf64e03d14c336,e511c40ca6324803b5021e47b4e777f8,77cecb221149474896d9b2eb848bf150,f4474150010f4021a4620372062f3797,c750a2994555414790abb3281572bb42,baf841bad27c456c9de7227555ea3ef8
652ddece31c14123bb00ca0f797d5627,c3502ff31ce6459a96164c934f297562,0c889c151e094b948c13b0275e660a9c,8889c114b071429cbe2418f5b0f2024b,bbdf9065122d499d9d8f80ad3e0ef6f3,26e55eb4d910464497d700bfdf5a36ca,7dd5e88dfdd24cafab2c765939757354,7c1126d46a934db6b951d1e98feae327,f91157bb8fca4a8e98db33591a76be9a,f3fddb55448a46778b5d807642cceb71,d658e3a743af41899183fecff6b2628d
35b575c8f0a94d4691d7fa9a39e399be,ca5add3cbf044a95a5bec88a5841ce98,57bcda73abab44ee930b20cdaee9d24b,94ed54abfdc74b04b0dcb19c278e66f4,82d68ea370f8451aa16ea08f4601245c,d695b7afdc3841a28a56df578e56afce,9bf3b77eb9874f5f9e006a9cff111ea9,4c67cc7a1ccc496db132636e3f4853a2,1d70bc69b2f84bef9aa5fb0d9917e38d,a2612682d9854a30a7684c91c8619ec9,8987ceafff324f9599b842542e37eddd
9137d9f3709b476a856868040dd81177,2c8eafa0ff26437a862dc2224ab57073,5e44915237fc4445b54b037e1c4e29a4,b2bcb4d9456c4763a0159ffd1f3660bb,6f8d80f8673144dfa7a4e09190442ab3,b3f8b4bec0164d0e81997b4f5a277e8f,dbf0926f9f344f1d88b114660db4d2eb,75bf181ea5dc490e95d364a5f5c7af1d,7226603f024c45c6a6e44b00e52e8aad,361f2b7f3f044907b3a331872fb18755,e12ad1ce8e7940a999b9a4f91a95fab7
19e0f2444bd641bb81c4b9604f3c5b79,2c8eafa0ff26437a862dc2224ab57073,be9e713988ba4bbba869885cad419259,5e44915237fc4445b54b037e1c4e29a4,54e9bbd0093947a3bda5fef48ef7493d,6f8d80f8673144dfa7a4e09190442ab3,b00b2395b49949508fade89bb3eac98b,30f654c6e69e48888f9f42dd95ab3c77,fbfaa119f55a477984e42d80498f54d3,361f2b7f3f044907b3a331872fb18755,5537ddec608a4ec586ea068fa27547ca
f8922388774b4a008a6c8d856099d30f,a2612682d9854a30a7684c91c8619ec9,5363ae1c905d4879a63259de4954702e,a5d5fb459a1844088e93ae557ab34afe,50a2129b83404b94889a01f4688ebafd,82d68ea370f8451aa16ea08f4601245c,b277101390e1465685ef79bf3519f8d7,6bde760ad5d4485db9889b1bdc074005,eeca68825e2a4bbdaa5ae962998fc33b,8dfe01febd46475ab5aef97033716ce1,da14e9dc2c3d4963b725de8102de5028
d6305586e401475b931a4998caeab35e,6bde760ad5d4485db9889b1bdc074005,24c55bb5cd694770ba895c7401da2ba5,0ecfdd96e0054841883acba75e83b232,ae3f42d57b3046a3821026173286a43e,a2612682d9854a30a7684c91c8619ec9,f69855cdf66d4f6887ecfd0ddb9014b5,5cfb876eeb4f410aa1282cc279f0e546,d695b7afdc3841a28a56df578e56afce,eeca68825e2a4bbdaa5ae962998fc33b,50a2129b83404b94889a01f4688ebafd
b1b3c914d57442e687d0d798f678582d,3f28365e18244eb28cc7d23de8895956,415641aa43724ed9bc4710302b77edc3,5537ddec608a4ec586ea068fa27547ca,8dfe01febd46475ab5aef97033716ce1,c235728f290a44d6a5fc2e14111ae02e,f1eecad10a61421eb16b1be7435d9c19,4d0a737f396d4a95808085bd1306746c,69ac8397e9624bfd8aee237b9f9ea3b5,f91157bb8fca4a8e98db33591a76be9a,e5a3c8867e44498d9182e8be934e0fce
1e71c6d2af1b4a24867e8235df8f68be,0e8487b2e6a2439b9e6623a1e2e5e19d,503d2f067a8a4f5798b1c64b07ab0bc5,f4b7e6e902e344859cb041126b69ce3c,48c31b1e2ce94de8968fab433813fa91,db620271348d404a9a0b978d96c63f29,0b57f893483647c3aed811775a4c4c04,cf7476d6c96b4dcdb6f025b9291eb62b,66690895454847fea5a000202fbfab2e,f532294d68604bc2aa9ad8804a8c6d5f,93bf0b86be094f68a9d308ca5ecfb4e3
10a5c96cf3974eb4a43ee1190f555041,0e8487b2e6a2439b9e6623a1e2e5e19d,66690895454847fea5a000202fbfab2e,f4b7e6e902e344859cb041126b69ce3c,c713a0ca69864ee7b240069c98dc44dc,48c31b1e2ce94de8968fab433813fa91,4a3d4daed4b24a1898551f0fd1ba44f1,c750a2994555414790abb3281572bb42,93bf0b86be094f68a9d308ca5ecfb4e3,a8904adcdd21495f890bc614bfdbf86f,249c2d8d8d2345c6990b3c4d94385b5a
e06807ddbe0f47fbb2131d40df566c5d,3f28365e18244eb28cc7d23de8895956,5537ddec608a4ec586ea068fa27547ca,415641aa43724ed9bc4710302b77edc3,4d0a737f396d4a95808085bd1306746c,69ac8397e9624bfd8aee237b9f9ea3b5,f1eecad10a61421eb16b1be7435d9c19,e5a3c8867e44498d9182e8be934e0fce,c235728f290a44d6a5fc2e14111ae02e,8dfe01febd46475ab5aef97033716ce1,f91157bb8fca4a8e98db33591a76be9a
f191bbfff07e4252b111e35c94ed290e,40a95697730046dcbb0d7ba1fe2109a6,384f94503bcd4f4c863056ad69f45b43,19098957d8c24cab95daa30c2baefd8f,d43b0f94627d45918e18a80be127aa2c,e2e0c8c96aff4c00896ac6986bbb20c2,25afb6f7e9314af09008644bca5955b9,e88ce4cd350f43398a5c0ab8629cee72,2c82919b038847fabbf5d13ca5ac55a7,8b038cd0dafd45d8b1ce75177ca3a76b,0f785440b29548e1a1968868262fd42e
3933d083cd9e45fdb173f91329f16538,40a95697730046dcbb0d7ba1fe2109a6,d43b0f94627d45918e18a80be127aa2c,19098957d8c24cab95daa30c2baefd8f,384f94503bcd4f4c863056ad69f45b43,25afb6f7e9314af09008644bca5955b9,e2e0c8c96aff4c00896ac6986bbb20c2,e88ce4cd350f43398a5c0ab8629cee72,04fa591263664fb0a6868552ebd3590b,8b038cd0dafd45d8b1ce75177ca3a76b,33b5e2ae5ebe4f548bac3a00ab0a59eb
643c0eec1efd4728b8264ce4fed0d3d8,3ec67e948e15423fac23fdd38a7d4cca,98fbdf945d0c4206a48a4f7260e56017,8683a3ad55d84a78834fabe20cde5269,b834c0b0c10b471b87ad3f11468de619,8c7c9eaae41a44a3a4ebe39ce167d300,c1def54262224e23acf67a9870725ce5,be9e713988ba4bbba869885cad419259,17b5eb6fab65476f827dd355b4a20a55,7dd5e88dfdd24cafab2c765939757354,8d595c7da42545c88052e7b213b6c97c
effe6696627f429091a6dd53f02eefb5,a35fecee62a9432da0c413f65e895e8c,3827ad869b3740278b98db4e65c40e0c,384f94503bcd4f4c863056ad69f45b43,097f2ce3b88c4d008488b9908076497e,384b14b18c3c43b1a4dc1aa2f661e076,ae3f42d57b3046a3821026173286a43e,8b038cd0dafd45d8b1ce75177ca3a76b,7627d5e28ba74cbeaf9225e88a7a44cc,40a95697730046dcbb0d7ba1fe2109a6,e96fae6d607246b18b8494aabe521036
8fb15d3cacbd407bb226320c3829b9d1,3827ad869b3740278b98db4e65c40e0c,7627d5e28ba74cbeaf9225e88a7a44cc,724a3f6551e74ad585bdeac9a75fd639,04d24d1cf42b4f7787d8d300cbad6d50,e2e0c8c96aff4c00896ac6986bbb20c2,4e4495962a9b4864882397042f1a2b3e,f12e9e5805534d719f829332d1ea5d29,17b5eb6fab65476f827dd355b4a20a55,097f2ce3b88c4d008488b9908076497e,e59dba65749140f4a1bdaf2695de2fc6
9c535651e4904df1a59b82bd2baf303f,aaab880f032a4e00904cf50566164044,40f040fd5c824c8e8e710af1fdf70b5f,beccee3a988f48c1ad207e2380766fa4,f91157bb8fca4a8e98db33591a76be9a,c14e45f5201b4038bdddddb238d888a3,225818abe99e45a0bf5b0b3ec30db76b,30f654c6e69e48888f9f42dd95ab3c77,7bbe3c76bcc04d73969f920d43fcc67d,da88fa5efc674368b593444ca950dff9,9a500a20b1ff4694acc31339a8d1349e
aa2f3a01706344a289a355c547d3ba1f,aaab880f032a4e00904cf50566164044,40f040fd5c824c8e8e710af1fdf70b5f,beccee3a988f48c1ad207e2380766fa4,f91157bb8fca4a8e98db33591a76be9a,c14e45f5201b4038bdddddb238d888a3,30f654c6e69e48888f9f42dd95ab3c77,da88fa5efc674368b593444ca950dff9,7bbe3c76bcc04d73969f920d43fcc67d,b626eb67c2e14afeae2846bb150976f3,225818abe99e45a0bf5b0b3ec30db76b
67c8a3a3a76f47dca5dffc57df701923,40f040fd5c824c8e8e710af1fdf70b5f,aaab880f032a4e00904cf50566164044,beccee3a988f48c1ad207e2380766fa4,3aaea7fa41fd43cdb88f8ef59062c5df,4a6eba10a02a4ecdbb6b25e8651c3789,e59dba65749140f4a1bdaf2695de2fc6,4230775a9d51448396cacb9061f0e5f9,f91157bb8fca4a8e98db33591a76be9a,ff276acede2f4c14876ef47257758ae8,4285b02dc9164cb9bae36b0566bb42f0
517a4c8e0e5e4627b780d2ab38493bcc,d9b97376c5e44d8786f861a5788af644,9094e936e13641cc9bfcc7dc1408d86e,b3a022950e444682a113cec5a0537f6a,c84deec0ecf843c39f52d4cb8e7300f8,0ecfdd96e0054841883acba75e83b232,e343a998f4df4ac195c84e0fb571a393,1099cb6f4fac4eb8a1fb6db50e18296b,3b37a4c34b6e4ca89a04da864e141422,5cfb876eeb4f410aa1282cc279f0e546,2471f23cb9b64d35a72deed09c9c8975
80e36297d12e404b9094dc65f4ffd3d4,b69c17a10a55494d8caa56c33e8f4a56,8683a3ad55d84a78834fabe20cde5269,9bf3b77eb9874f5f9e006a9cff111ea9,cd764fbfae774d068af7549c648a02c9,cb2505b30d8a4dc086c353cf94424b6d,7862a63720b34104abf5bfa44bc8178d,22d9d5ad33e947fd857c5c4a8b7dfae1,9909a671f7414c19b2727e7d4d4dcf1b,7d0190486da540718e4dc4ca4bd1f573,db0c3a952e454b90aa4a68feb6a50e87
b5f4062f90b440998365198d9656fe97,b69c17a10a55494d8caa56c33e8f4a56,cb2505b30d8a4dc086c353cf94424b6d,cd764fbfae774d068af7549c648a02c9,7862a63720b34104abf5bfa44bc8178d,9bf3b77eb9874f5f9e006a9cff111ea9,8683a3ad55d84a78834fabe20cde5269,7d0190486da540718e4dc4ca4bd1f573,22d9d5ad33e947fd857c5c4a8b7dfae1,9909a671f7414c19b2727e7d4d4dcf1b,db0c3a952e454b90aa4a68feb6a50e87
0471ac805c4b456db243f0805797f2dc,595e438d2b394bb3a3259f47efd37ae8,eb21a4e2b7bd43efbdf0c365415e7fef,daed5458403e49e3aea72f4bcc6dd224,77cecb221149474896d9b2eb848bf150,b277101390e1465685ef79bf3519f8d7,a0b4d283f12a407286dbeaa3a4d128a5,444fa28d9ed54c82a522699041eae592,d75a52d716984f318f976bbfc7bee787,97959d02a64f4a3fbbebe7cbece6c012,f12e9e5805534d719f829332d1ea5d29
72d5e8cd4b71425f86534cb71655d3a0,595e438d2b394bb3a3259f47efd37ae8,daed5458403e49e3aea72f4bcc6dd224,77cecb221149474896d9b2eb848bf150,eb21a4e2b7bd43efbdf0c365415e7fef,b277101390e1465685ef79bf3519f8d7,a0b4d283f12a407286dbeaa3a4d128a5,d9ac372330a4446886fa19bac0d19877,b702b2b61ce048c6bf5af3c4dca18b1a,19593c97fef0474dbe6051e28338f1e9,e0d8aee46b1d4d998858cd05027251b6
7c6759369d574b4cadfde359fe6eb481,e0d8aee46b1d4d998858cd05027251b6,02a3cd76ce534d188b4d5ac4778bd652,3e59b61eb70146308db2308b988b54cf,43464ed6733f4642a0b90e7d995a5e40,41e657daa20545a588584578bdb4101c,82d68ea370f8451aa16ea08f4601245c,ee7c00877ae64dac87123a3d75251530,67dd23cfd20f46dc82acc82c108a1dc6,daed5458403e49e3aea72f4bcc6dd224,1ade4365590a4ac7865100d8c791e340
bba1dbc4ebc4401eb489ace7cdfe3d62,e0d8aee46b1d4d998858cd05027251b6,02a3cd76ce534d188b4d5ac4778bd652,43464ed6733f4642a0b90e7d995a5e40,3e59b61eb70146308db2308b988b54cf,41e657daa20545a588584578bdb4101c,82d68ea370f8451aa16ea08f4601245c,daed5458403e49e3aea72f4bcc6dd224,67dd23cfd20f46dc82acc82c108a1dc6,1f9cd7f2b7a14e2f8d490a104a56edcd,ee7c00877ae64dac87123a3d75251530
fb8a64be87ed4691b554bac222e157ab,6ae72ad649c54129b992d321f8f29122,f2cfa68a47ce4a43a0fe1cc7dc860418,8fdee0611965465eb45387b8c39f4136,f91157bb8fca4a8e98db33591a76be9a,f8e7f9688fd546829da579434180ffee,4d0a737f396d4a95808085bd1306746c,35d06fce2df446569702778e2250bd82,5e44915237fc4445b54b037e1c4e29a4,636c21e19a5845e1b8d69a5fca928030,cf7476d6c96b4dcdb6f025b9291eb62b
af9351fd1bff4f5bb9e89603c818f703,503d2f067a8a4f5798b1c64b07ab0bc5,23a16d69ffe848d593a4808907d8aa98,d695b7afdc3841a28a56df578e56afce,f91157bb8fca4a8e98db33591a76be9a,5537ddec608a4ec586ea068fa27547ca,249c2d8d8d2345c6990b3c4d94385b5a,c2a665cec90e46db8d2a74389beb4649,0c889c151e094b948c13b0275e660a9c,26869cc099c44c4a86f6043476ab4890,f1c9c5051bdd4a11a064260bbb9d6d7b
9a2ba0ba753c40439a29734968bde279,503d2f067a8a4f5798b1c64b07ab0bc5,ee89670285c74e27aa174dadf39fbca7,0c889c151e094b948c13b0275e660a9c,249c2d8d8d2345c6990b3c4d94385b5a,4d5cbe57c3094d01843e4f950a280b50,26869cc099c44c4a86f6043476ab4890,f1c9c5051bdd4a11a064260bbb9d6d7b,0b57f893483647c3aed811775a4c4c04,7dd5e88dfdd24cafab2c765939757354,434551fdf9e443ed91679a9557ae6fd5
b92407443bc54ed2805842ca07219659,6ae72ad649c54129b992d321f8f29122,cf7476d6c96b4dcdb6f025b9291eb62b,e7ee85dd47ca43eeb2fdcd70b802f0ec,f8e7f9688fd546829da579434180ffee,f2cfa68a47ce4a43a0fe1cc7dc860418,64e74af099b0485f8b6e71ac73aa2cb8,9bf3b77eb9874f5f9e006a9cff111ea9,503d2f067a8a4f5798b1c64b07ab0bc5,3cb231e1167e45f9bf5771a4e0074092,0b57f893483647c3aed811775a4c4c04
79f37cf5db664eceb1acbe56e59fdba2,c756409435634fc48c643a64e73c93ce,ffe2740eee8c49b39b2ce41f9983bcb4,fadf133e0e684a24ac79b5fa9515bac2,eff24b01b2f5428baa4c3fef6cb40d41,225818abe99e45a0bf5b0b3ec30db76b,0bd1cce9370a461089e25393086800a8,342aaa81ed004635bbf9cbc2592cd7b6,e79ae27b52fa4d54aa37735fd275c66e,df0c94234d9d4890b5b4b95c441b3e9a,1393dac7d34b4c34b1a8091a5bea3663
8d3b90a569d64372a82d9a26b511d43b,b9228fdb5f0c413d81cffb51829d95c6,df5ca61304074da1bec8f536ab50baf3,b3f8b4bec0164d0e81997b4f5a277e8f,c756409435634fc48c643a64e73c93ce,c65af18670ea437c8986884645b3afe9,e53dd6188816429ab915de6f9649a026,93dc50abd35349f7923100dca2f41002,69ac8397e9624bfd8aee237b9f9ea3b5,c24e3823376b436c8eb46eaeebbc7718,d25e6f2fc8154dd7816f8f7a41bee12b
9203f26b661c4f00976012cebd86ad3e,b9228fdb5f0c413d81cffb51829d95c6,df5ca61304074da1bec8f536ab50baf3,c65af18670ea437c8986884645b3afe9,ec580ac6dd7149fb8a0a5a5d8b0f5b08,93dc50abd35349f7923100dca2f41002,4a6eba10a02a4ecdbb6b25e8651c3789,b8995466f0eb4e7ba141e23216e8b974,eafb3480db704d7baa8216ce857d1610,69ac8397e9624bfd8aee237b9f9ea3b5,c756409435634fc48c643a64e73c93ce
bbfbeffe205f44cd8c5bd867f70dc0cf,c756409435634fc48c643a64e73c93ce,ffe2740eee8c49b39b2ce41f9983bcb4,fadf133e0e684a24ac79b5fa9515bac2,eff24b01b2f5428baa4c3fef6cb40d41,0bd1cce9370a461089e25393086800a8,1393dac7d34b4c34b1a8091a5bea3663,342aaa81ed004635bbf9cbc2592cd7b6,da61d9bc8f024a4aba18d5c3072b7838,79721c9bb6a54ecdb3d0a0f4011762c1,225818abe99e45a0bf5b0b3ec30db76b
24b76ac90a84462d903374be9d0b2c6f,7d6cdff8c9ac434196df803628fe9f62,c1def54262224e23acf67a9870725ce5,105ad424733e4cffa7c474b51e3980aa,772cb9726861451d9972604da6f65c55,8683a3ad55d84a78834fabe20cde5269,9909a671f7414c19b2727e7d4d4dcf1b,bcfa4a4177d44d8b8cda17b7a23196b0,3c0f3b44c0844df49b5898406fe9195a,5e2f1a45f7174f1aa39a194179985876,98fbdf945d0c4206a48a4f7260e56017
eeabc5200c23495e9decc640bc81697b,7d6cdff8c9ac434196df803628fe9f62,bcfa4a4177d44d8b8cda17b7a23196b0,772cb9726861451d9972604da6f65c55,c1def54262224e23acf67a9870725ce5,1232f20e710b448e8c0538b9e84dab1c,71c1a8479b194efca65b44fb7f327afb,f37d285ad0de42f0b1546d0d1acfb221,105ad424733e4cffa7c474b51e3980aa,99a52c93a3304ec18dab9206f98f2a8b,6b7b5d28293d4a5a8075f7f7dd231ddb
f7df9ff1967f4b5aad8cb6deb163fa95,b425f33c33ad4be89a12da266d131a86,9948a890ef25479e834f70944cb42eae,033f1514c78b49dd82148b94f6bcbeba,2d812431f07c44f1a56a71c72766e0b0,babbeca1f6a244a2a11ea77a3855e70f,211ef3181e524685866fb8574d9bf456,570f08ce2a1a47978eab16bf7ad16a68,8a9dc60359ba49cd8ac170cfb4ac3913,200f7fc78e4c403982f61b2894e50bad,e8c8742459dc48a49080bf0e5b3fdee0
aa188e907acd4beab124f5f8ad0694d1,5760084aabef4d8095b2d21902151f64,2d812431f07c44f1a56a71c72766e0b0,033f1514c78b49dd82148b94f6bcbeba,dcfb738ebbc24f09bb680fe3a52b702e,b425f33c33ad4be89a12da266d131a86,3f1c2bb09c4e4400b6ba19542fafce18,1ad0cf33e96243888d5f970195a75586,8a9dc60359ba49cd8ac170cfb4ac3913,6bde760ad5d4485db9889b1bdc074005,a865b8d581b44104afe7c8508e3486f5
dcab7d1f66534e95aab82c2040294de9,ac5a760b45c146ec840193371cfb2d30,eff24b01b2f5428baa4c3fef6cb40d41,3356a8a8c6ee4f30bc2b028e360d4471,0092d1d820c64646b8bee9fd14f77acf,250d411ae270441085be3501b7b55d86,c84deec0ecf843c39f52d4cb8e7300f8,fadf133e0e684a24ac79b5fa9515bac2,9bf3b77eb9874f5f9e006a9cff111ea9,79721c9bb6a54ecdb3d0a0f4011762c1,df0c94234d9d4890b5b4b95c441b3e9a
432081bba65f4c408b3f3783b0d361dc,ac5a760b45c146ec840193371cfb2d30,3356a8a8c6ee4f30bc2b028e360d4471,9bf3b77eb9874f5f9e006a9cff111ea9,7199f2fe77824236a392e1f00a5bdfc3,f91157bb8fca4a8e98db33591a76be9a,0bd1cce9370a461089e25393086800a8,434551fdf9e443ed91679a9557ae6fd5,0092d1d820c64646b8bee9fd14f77acf,c84deec0ecf843c39f52d4cb8e7300f8,df0c94234d9d4890b5b4b95c441b3e9a
c385a042fa734b73b1bcbec2e14a9dd0,9bf3b77eb9874f5f9e006a9cff111ea9,c84deec0ecf843c39f52d4cb8e7300f8,ad054da7e1704a53931a341173f0605f,52ee59901f3b4de884d7a6720538aed6,eff24b01b2f5428baa4c3fef6cb40d41,66690895454847fea5a000202fbfab2e,6bedb2d6ace34e18811b7f1206b2d1b0,77cecb221149474896d9b2eb848bf150,79721c9bb6a54ecdb3d0a0f4011762c1,250d411ae270441085be3501b7b55d86
0b33aed54f7445caadc031f47ad62603,9bf3b77eb9874f5f9e006a9cff111ea9,ad054da7e1704a53931a341173f0605f,66690895454847fea5a000202fbfab2e,6bedb2d6ace34e18811b7f1206b2d1b0,c84deec0ecf843c39f52d4cb8e7300f8,77cecb221149474896d9b2eb848bf150,52ee59901f3b4de884d7a6720538aed6,4a3d4daed4b24a1898551f0fd1ba44f1,e7ee85dd47ca43eeb2fdcd70b802f0ec,3356a8a8c6ee4f30bc2b028e360d4471
8954e57cd5544eba8d9fec1e8cc5ea3c,1578afd6ce694d46ab6e24f965f51fd6,de6ac628a786435f9925c8cc1d707d6b,9dd98c9126c44642a20711729f2e731e,7d5c0a2bfccf4255a43d9bd0f84a6d3a,48c31b1e2ce94de8968fab433813fa91,1393dac7d34b4c34b1a8091a5bea3663,2c3599a1611644f4908562f8fb8870d3,b9228fdb5f0c413d81cffb51829d95c6,ffc5805e29a74be0a55b40318aa321d7,c756409435634fc48c643a64e73c93ce
285ed58a8d154d748bba60ef4ef0123d,b8995466f0eb4e7ba141e23216e8b974,0092d1d820c64646b8bee9fd14f77acf,b40d3c588ad647ff85e397a6bc5f9d8b,bf789f42ccfc42c5a330a3f6e30ddb83,059a284910e849efbbc7073b8681409f,fbfaa119f55a477984e42d80498f54d3,a9573f188204436090fb4a5240e4eccd,e86a0aae846a4e44bf967ab4972c977c,9bf3b77eb9874f5f9e006a9cff111ea9,444fa28d9ed54c82a522699041eae592
9a11a8c9bd5f451c8babd3c4dde3d9ba,c78547bdc2e64ac8935559f7de2efd41,2939ef012c5c4a1b94b49df9469dfb3c,fb8c2b83e46441c2aaa7c81d3642e2da,d2bcc978e7aa49908919d9fc40138b27,7f23e27e5652406784fdc2dea3918125,174581fc299840e18e827432c0cce4dc,e22e1ad3c1fc4493bcb7c9b923566ff7,57430214baf045cb92fa3b3b70a4ca3f,72a7e2ce22d045efbdbbab9c68f5d026,31f80e4c87164e2893375ec7e73b372e
68931fb463ea43e2b4aaebfa95817d2c,c78547bdc2e64ac8935559f7de2efd41,2939ef012c5c4a1b94b49df9469dfb3c,7f23e27e5652406784fdc2dea3918125,d2bcc978e7aa49908919d9fc40138b27,e22e1ad3c1fc4493bcb7c9b923566ff7,bdb0d45caa2a4943959f8f501e51132b,7d3d751215194e649a03457226f599d7,fb8c2b83e46441c2aaa7c81d3642e2da,57430214baf045cb92fa3b3b70a4ca3f,31f80e4c87164e2893375ec7e73b372e
ee38dd3bcc4543afa6668b1cb7f04db9,191b01e1728e4583a8ead5a86db27370,eee7f32249c5452ea36c8ed3a3540010,0592b57e490d4206a3f12eb004a0afe0,d9b70c4ed8bb4fc5957ecebf102528ee,655a618282cd4fa39a26f0967c033f4b,ff276acede2f4c14876ef47257758ae8,93dc50abd35349f7923100dca2f41002,6dc5832f0ac04df2bd99c6415b3ecf09,e86a0aae846a4e44bf967ab4972c977c,3574ab91c29940b3afc62354ae06b73b
0c11c50aaac54a2c8cc725ff6073ce3c,e903085a3f944ad2a41c37306b4e6ab4,45e440d874a54bb591862ff441114cd3,4e7ee74be72a461fa02fa61bee62bdcc,e43d8e7bc32f406b9a692e2604f5b45a,31cf7db26a3249c5a6205b005662ddcf,df7ea50171af48df81584ab7e8107d15,c36ef11228124c438ed3256c9822b03d,7627d5e28ba74cbeaf9225e88a7a44cc,c3f66637872c4141ab3898296739457d,2ece45504eff42469c104dc2a2d03caf
b092fbf434e14ff3911418a406a68bd4,e903085a3f944ad2a41c37306b4e6ab4,590df34aa41f46e9ad13ffc6a98da3b7,5e2f1a45f7174f1aa39a194179985876,eafb3480db704d7baa8216ce857d1610,7627d5e28ba74cbeaf9225e88a7a44cc,2ece45504eff42469c104dc2a2d03caf,86f59bd78b424260b0cf356f2f9ae734,0a61f52258f643b6a6436a1ec234e197,1c2b01416e3943e3b3c575e53c3f1d16,c1d504dfeded4b8bb3c07777b7c7abde
76d9f443399e491c9b01f4bb0f487d6c,7e17bbd109dc486c8f0a76f913782180,b6c493a3666c4db193e86c79faf099ab,bbdf9065122d499d9d8f80ad3e0ef6f3,4a7fa5a1bafe4b6995e2920444ac07c4,26869cc099c44c4a86f6043476ab4890,3aa003c1e31b476e999c3a808a1d5dc6,5455e62f52ae4e03b2a5d0e8b9899506,1027a336232c4454a9c4ae450a562788,59f62d35b1ad451397b700b3dad25448,295d0d40791245ff838c73a2aa27d065
1479ab485d6f4065a6b3679d81d7e6a8,7e17bbd109dc486c8f0a76f913782180,bbdf9065122d499d9d8f80ad3e0ef6f3,b6c493a3666c4db193e86c79faf099ab,4a7fa5a1bafe4b6995e2920444ac07c4,66cba49431224a3788f914d6a80165e1,26869cc099c44c4a86f6043476ab4890,f5a9583711fc4ff4a46e85c24886b234,1027a336232c4454a9c4ae450a562788,5455e62f52ae4e03b2a5d0e8b9899506,295d0d40791245ff838c73a2aa27d065
ff9cb85ab2634f23a327ccaa9cf1e87f,0a61f52258f643b6a6436a1ec234e197,86f59bd78b424260b0cf356f2f9ae734,af532d6e5090478ba520505d5f9107f2,64fc9fe3c8d5424ebc005e5cf4a608db,baf841bad27c456c9de7227555ea3ef8,c84deec0ecf843c39f52d4cb8e7300f8,74bd120b8f714d03bc9dd1a703fe4d7f,25109e3a7df549e5b380aae716d71366,2ece45504eff42469c104dc2a2d03caf,0092d1d820c64646b8bee9fd14f77acf
041fe9a0e0e3466eaee94e0c5058d4dd,ad054da7e1704a53931a341173f0605f,48c31b1e2ce94de8968fab433813fa91,4926607aafe749538c930e108275547e,66690895454847fea5a000202fbfab2e,64e74af099b0485f8b6e71ac73aa2cb8,4a3d4daed4b24a1898551f0fd1ba44f1,1393dac7d34b4c34b1a8091a5bea3663,1027a336232c4454a9c4ae450a562788,26869cc099c44c4a86f6043476ab4890,79721c9bb6a54ecdb3d0a0f4011762c1
63ce6205810547c2adaa5dc2398e9bf7,eb21a4e2b7bd43efbdf0c365415e7fef,34b736136487439389c10cc6bd4e9f4e,93dc50abd35349f7923100dca2f41002,b9228fdb5f0c413d81cffb51829d95c6,ffc5805e29a74be0a55b40318aa321d7,c4b9d7a8d5d342459d2282589b3af293,e1c63000ace94c1d9381d82389fe6afd,1232f20e710b448e8c0538b9e84dab1c,b8995466f0eb4e7ba141e23216e8b974,d361a9e414fb41c1a605200d9cbba496
701bc8401f56437f823f5613549de41d,33e2a95109e647cbb4ba2687631b169a,0971af4212484a958eb0f60f93d1dfe0,8f0e477fc779414e9b47995c0b25a87d,dd36cc0867b94d55a43b82c1c9a0e95c,5e44915237fc4445b54b037e1c4e29a4,fc70a4c2c4834e0eba1a14470f563b03,b0d2e6c4b2384950b3696c4414870282,9452a2f21f7d4feeb2605d9b6647fc13,4e22dc65beb7450b9260cf27e50919e4,6732de8994744decbb3306c74aaa7882
f9d2d9f3c3fb4720ba92d227f72aeef0,25109e3a7df549e5b380aae716d71366,6f57d1175ad243edada61643d01fcd54,1232f20e710b448e8c0538b9e84dab1c,19a124c6dad14a4fa7864463b081009c,4a6eba10a02a4ecdbb6b25e8651c3789,b3209c60460a437294e2b30a9e9d3f53,b9228fdb5f0c413d81cffb51829d95c6,fbfaa119f55a477984e42d80498f54d3,93dc50abd35349f7923100dca2f41002,eb21a4e2b7bd43efbdf0c365415e7fef
127069977daa41d78cd4642f658c4171,0971af4212484a958eb0f60f93d1dfe0,41e657daa20545a588584578bdb4101c,5abf57d57d84440e94d0d2e2ffb37575,cc243eebbb2b44a581745865a60c423a,f439b5616ba24b7f82eccfa095a0eff8,590df34aa41f46e9ad13ffc6a98da3b7,b277101390e1465685ef79bf3519f8d7,1f3cf50fe1f947d8a56e02ebca441c4c,cb75c6ef71cb4991805920f2894e0e96,d9096650c434432c871effeca9acd5c6
11d8ba0cbe2c48568a2d0196a1573e16,25109e3a7df549e5b380aae716d71366,19a124c6dad14a4fa7864463b081009c,b3209c60460a437294e2b30a9e9d3f53,b9228fdb5f0c413d81cffb51829d95c6,d756970269e9443fb9bbf645a96aa84e,6f57d1175ad243edada61643d01fcd54,4a6eba10a02a4ecdbb6b25e8651c3789,1232f20e710b448e8c0538b9e84dab1c,5537ddec608a4ec586ea068fa27547ca,93dc50abd35349f7923100dca2f41002
e1b3f03ec240460c895264f738a709ec,6fc7a2cf0684475a82f6ff9be2c8e850,e4fcd30261804b089efa940359057ba2,ff51ca928cd54f4da620c27983e221f8,8a464aa9e2ee45d0abc7ae6181cd1bda,a0b4d283f12a407286dbeaa3a4d128a5,570f08ce2a1a47978eab16bf7ad16a68,9460474d89704a68aaa6ccb62310ae3d,29088685e31a4d86b60b514e98117361,f0084465b2e646c9a53d9dc766067d9b,01bbbf1caa554d94b5decb69cc1add41
e8ef2c2c7af746118efa2021eab8a25a,eee7f32249c5452ea36c8ed3a3540010,191b01e1728e4583a8ead5a86db27370,72a7e2ce22d045efbdbbab9c68f5d026,93dc50abd35349f7923100dca2f41002,e43d8e7bc32f406b9a692e2604f5b45a,1419b2c686f44896a0ae2a43e93b5402,ff276acede2f4c14876ef47257758ae8,e86a0aae846a4e44bf967ab4972c977c,444fa28d9ed54c82a522699041eae592,d7c9dafddaf547159d366dacf7b68a7e
eeb2317fd71541c38fd867e246a9ff44,eee7f32249c5452ea36c8ed3a3540010,ab57f83304bc4005998bbd6bc063fb4f,9909a671f7414c19b2727e7d4d4dcf1b,250d411ae270441085be3501b7b55d86,db0c3a952e454b90aa4a68feb6a50e87,bf789f42ccfc42c5a330a3f6e30ddb83,e86a0aae846a4e44bf967ab4972c977c,5605fa1188974644937bbf92fec50e21,ff276acede2f4c14876ef47257758ae8,f5d09519cf7647f8a107cd8fadd322e5
842dd9ced22a40a896de94a19a1d2d4c,6fc7a2cf0684475a82f6ff9be2c8e850,f0084465b2e646c9a53d9dc766067d9b,e4fcd30261804b089efa940359057ba2,22d9d5ad33e947fd857c5c4a8b7dfae1,ff51ca928cd54f4da620c27983e221f8,8a464aa9e2ee45d0abc7ae6181cd1bda,01bbbf1caa554d94b5decb69cc1add41,cb2505b30d8a4dc086c353cf94424b6d,8a9dc60359ba49cd8ac170cfb4ac3913,15b7b988bba143989cfd98d5c6c4d203
eb6b0705f8744b46a462efa41f20a89a,fe363cef357840fcb35f320fe7c27e4e,8ad1f345ca194b29bde0a924f27b2de5,4230775a9d51448396cacb9061f0e5f9,a297e08effdf4a69a6c4d79a34a0c6ad,f12e9e5805534d719f829332d1ea5d29,116f6c1f0cb54312986a0a729508a33e,1c6bbf19b3d2498696a5baf0f53a0f18,3d3e8565d2f84e0cad5ae622f2909765,19098957d8c24cab95daa30c2baefd8f,4285b02dc9164cb9bae36b0566bb42f0
482dd5c933c94587b3946517c235aea3,13aca0959cc948cabeee0d7255f55a65,761a3a01495143f0a86beac4234cae3a,b6c493a3666c4db193e86c79faf099ab,b01fd4d037a84a7aa777e1fc345c73c5,af648fa7ac6c4c50a246de470329cd83,0842a796c09b4089933a4f27e4e5e3bc,ef511457ee7c490c8e10eccf6e18fef6,0b57f893483647c3aed811775a4c4c04,74de04f31db94a99b757685c91779412,8af25c7ae8e14435a6e27a5671968f50
714cfd813314481cb74ce1598ae2d695,13aca0959cc948cabeee0d7255f55a65,761a3a01495143f0a86beac4234cae3a,b01fd4d037a84a7aa777e1fc345c73c5,8c5f38853679436ba434b6a696e43168,af648fa7ac6c4c50a246de470329cd83,4c67cc7a1ccc496db132636e3f4853a2,b6c493a3666c4db193e86c79faf099ab,0b57f893483647c3aed811775a4c4c04,8af25c7ae8e14435a6e27a5671968f50,ef511457ee7c490c8e10eccf6e18fef6
1905289530434d1ea5a686725d2aa4a7,200f7fc78e4c403982f61b2894e50bad,0ecfdd96e0054841883acba75e83b232,24c55bb5cd694770ba895c7401da2ba5,a055f8188384479a8bad418f7dffd9a5,f5b766ea6abe4b5fb27d49cc3bc06020,82d68ea370f8451aa16ea08f4601245c,de6ac628a786435f9925c8cc1d707d6b,d8b3ad3b5c4e474db41a671ab286424f,eeca68825e2a4bbdaa5ae962998fc33b,1ad0cf33e96243888d5f970195a75586
c939d86a19284f6485029452c1dd5906,200f7fc78e4c403982f61b2894e50bad,a9573f188204436090fb4a5240e4eccd,033f1514c78b49dd82148b94f6bcbeba,de1102228a324428989533278cd482f6,f5b766ea6abe4b5fb27d49cc3bc06020,de6ac628a786435f9925c8cc1d707d6b,6bedb2d6ace34e18811b7f1206b2d1b0,1ad0cf33e96243888d5f970195a75586,82d68ea370f8451aa16ea08f4601245c,9bf3b77eb9874f5f9e006a9cff111ea9
14683a06fc90460097ce4e4db0e55f16,44b3bc5953364d72a53edcf9fc4f1fed,7d0190486da540718e4dc4ca4bd1f573,cb2505b30d8a4dc086c353cf94424b6d,cd764fbfae774d068af7549c648a02c9,dcfb738ebbc24f09bb680fe3a52b702e,b2992fe473124dd0b895cf81f59f6db6,14ca42308d3141fba50b774042144343,655a618282cd4fa39a26f0967c033f4b,f5b766ea6abe4b5fb27d49cc3bc06020,563043f180e54e238ad4876974e5db4c
ba76e2fc0cc240a293e65f918ef3f29b,b40d3c588ad647ff85e397a6bc5f9d8b,44b3bc5953364d72a53edcf9fc4f1fed,ff276acede2f4c14876ef47257758ae8,b98519f97e424c1389f5553f0869b15a,eee7f32249c5452ea36c8ed3a3540010,655a618282cd4fa39a26f0967c033f4b,cd764fbfae774d068af7549c648a02c9,e86a0aae846a4e44bf967ab4972c977c,90b560de76b149c09c7cd6efb3f12cfd,9909a671f7414c19b2727e7d4d4dcf1b
56178bece80e4c44a6a45d630a70742c,1b827db6f6cf4ecb850928c2f9e41de2,434551fdf9e443ed91679a9557ae6fd5,ee7c00877ae64dac87123a3d75251530,7199f2fe77824236a392e1f00a5bdfc3,67dd23cfd20f46dc82acc82c108a1dc6,c3502ff31ce6459a96164c934f297562,cc243eebbb2b44a581745865a60c423a,7bbe3c76bcc04d73969f920d43fcc67d,6b4676aba2a746b3ab778315afc8ee82,452d645d5bf4485185e996dcec9523e5
60ae797aa8bb4341829f83d0b771ab36,1b827db6f6cf4ecb850928c2f9e41de2,8a464aa9e2ee45d0abc7ae6181cd1bda,434551fdf9e443ed91679a9557ae6fd5,29088685e31a4d86b60b514e98117361,cc243eebbb2b44a581745865a60c423a,7199f2fe77824236a392e1f00a5bdfc3,6b4676aba2a746b3ab778315afc8ee82,ee7c00877ae64dac87123a3d75251530,5f65785004054c67a618fe43b6a30f56,1419b2c686f44896a0ae2a43e93b5402
539bac7dd76e434db2fec777565e0d2e,0a61f52258f643b6a6436a1ec234e197,7226603f024c45c6a6e44b00e52e8aad,211ef3181e524685866fb8574d9bf456,cb2505b30d8a4dc086c353cf94424b6d,2c3599a1611644f4908562f8fb8870d3,e5a3c8867e44498d9182e8be934e0fce,98b2022b2cb84af09ee8b789db928b13,b77d8b7bb0114c379139d280a9210e83,1232f20e710b448e8c0538b9e84dab1c,7d0190486da540718e4dc4ca4bd1f573
5305b4e53d154b1890d851d40a749099,b77d8b7bb0114c379139d280a9210e83,7627d5e28ba74cbeaf9225e88a7a44cc,34b736136487439389c10cc6bd4e9f4e,90b560de76b149c09c7cd6efb3f12cfd,dee9eddb2eac41bfaf36d3279d43674a,17b5eb6fab65476f827dd355b4a20a55,211ef3181e524685866fb8574d9bf456,6c874292dbcc49ff8bb8bbe5643593a5,41047823f2cb4194ba1e0709443c719a,3d3e8565d2f84e0cad5ae622f2909765
a7570f9b55c24fb0bac3c9e4edf6d60e,41047823f2cb4194ba1e0709443c719a,ff276acede2f4c14876ef47257758ae8,3aaea7fa41fd43cdb88f8ef59062c5df,b98519f97e424c1389f5553f0869b15a,f92d16d3a970487094292439c3e00923,6c874292dbcc49ff8bb8bbe5643593a5,90b560de76b149c09c7cd6efb3f12cfd,1232f20e710b448e8c0538b9e84dab1c,99a52c93a3304ec18dab9206f98f2a8b,c1def54262224e23acf67a9870725ce5
5ad1f88ed9ed488dafbdf8181733f084,41047823f2cb4194ba1e0709443c719a,ff276acede2f4c14876ef47257758ae8,3aaea7fa41fd43cdb88f8ef59062c5df,8a464aa9e2ee45d0abc7ae6181cd1bda,77cecb221149474896d9b2eb848bf150,6c874292dbcc49ff8bb8bbe5643593a5,bcfa4a4177d44d8b8cda17b7a23196b0,b3f8b4bec0164d0e81997b4f5a277e8f,c1def54262224e23acf67a9870725ce5,b98519f97e424c1389f5553f0869b15a
0e302f85dcbe44f1bc67317ce56268d8,f4474150010f4021a4620372062f3797,9bf3b77eb9874f5f9e006a9cff111ea9,c84deec0ecf843c39f52d4cb8e7300f8,de6ac628a786435f9925c8cc1d707d6b,77cecb221149474896d9b2eb848bf150,baf841bad27c456c9de7227555ea3ef8,4a3d4daed4b24a1898551f0fd1ba44f1,ad054da7e1704a53931a341173f0605f,c713a0ca69864ee7b240069c98dc44dc,342aaa81ed004635bbf9cbc2592cd7b6
392705089c6b4b8cbcde900d0fff9622,f4474150010f4021a4620372062f3797,9bf3b77eb9874f5f9e006a9cff111ea9,de6ac628a786435f9925c8cc1d707d6b,c84deec0ecf843c39f52d4cb8e7300f8,4926607aafe749538c930e108275547e,01ffceddb5b34406a08bb982b424b3cf,0ecfdd96e0054841883acba75e83b232,984058b7165d4c6385bec3c94afa9fb2,a9d82bb43410405ca21b44a5e82e22b6,9094e936e13641cc9bfcc7dc1408d86e
3d450234080f488aa71b15f195d1b4f1,d75a52d716984f318f976bbfc7bee787,feb980ae999948ce9be0266b4ddc048d,97959d02a64f4a3fbbebe7cbece6c012,570f08ce2a1a47978eab16bf7ad16a68,0971af4212484a958eb0f60f93d1dfe0,a0b4d283f12a407286dbeaa3a4d128a5,f0084465b2e646c9a53d9dc766067d9b,211ef3181e524685866fb8574d9bf456,d87e5facd03b45f9829e8a1cd0fe0190,c1d504dfeded4b8bb3c07777b7c7abde
7adb641772574f79bca7f5c97071108e,00614d60b3544ba790dfd23dd53992e0,7bbe3c76bcc04d73969f920d43fcc67d,1d93c07de74c482ebf0a76ec564c3252,d695b7afdc3841a28a56df578e56afce,be8953cc364d46cebbcc2c2da2c348ab,59f62d35b1ad451397b700b3dad25448,f91157bb8fca4a8e98db33591a76be9a,0eb119aabc884795a4768c6d3e677ea1,9500823cb050427696343b1ea5cf8881,6866efc8987a4ec8b04b7abd28fb5777
470a0e2305e5411f992154553c12bfcd,59f62d35b1ad451397b700b3dad25448,00614d60b3544ba790dfd23dd53992e0,b01fd4d037a84a7aa777e1fc345c73c5,4d5cbe57c3094d01843e4f950a280b50,761a3a01495143f0a86beac4234cae3a,86179aff3df24ff59b11e9a34974a3f4,b7f5c165ea2242709a2fb71f3a3f1bcb,1d93c07de74c482ebf0a76ec564c3252,1ade4365590a4ac7865100d8c791e340,b4dadb3ea3a04cc3932094471debce13
f82f3fa0a3af48208d53dbf813b19b11,00614d60b3544ba790dfd23dd53992e0,be8953cc364d46cebbcc2c2da2c348ab,7bbe3c76bcc04d73969f920d43fcc67d,d695b7afdc3841a28a56df578e56afce,59f62d35b1ad451397b700b3dad25448,1d93c07de74c482ebf0a76ec564c3252,f91157bb8fca4a8e98db33591a76be9a,0eb119aabc884795a4768c6d3e677ea1,9500823cb050427696343b1ea5cf8881,b7f5c165ea2242709a2fb71f3a3f1bcb
cbd2d2ff355d4f0399b9fc51697c9fd7,8ebbcf8e4e6f400ba1839e9d75806274,0c889c151e094b948c13b0275e660a9c,00614d60b3544ba790dfd23dd53992e0,7daa434073604cb98a04fefb55468dda,f91157bb8fca4a8e98db33591a76be9a,be9e713988ba4bbba869885cad419259,5537ddec608a4ec586ea068fa27547ca,be8953cc364d46cebbcc2c2da2c348ab,7bbe3c76bcc04d73969f920d43fcc67d,7dd5e88dfdd24cafab2c765939757354
355a18bf4bbe449086bfbd70b9b66961,59f62d35b1ad451397b700b3dad25448,00614d60b3544ba790dfd23dd53992e0,4d5cbe57c3094d01843e4f950a280b50,bbdf9065122d499d9d8f80ad3e0ef6f3,8350ea8cd6514c2c8d7b625abe7e895b,b7f5c165ea2242709a2fb71f3a3f1bcb,0b57f893483647c3aed811775a4c4c04,9500823cb050427696343b1ea5cf8881,b01fd4d037a84a7aa777e1fc345c73c5,1ade4365590a4ac7865100d8c791e340
8801a0c028fe4b9b9621b539d7950e08,4c8476482736459881e2a3b0509ee103,f69bf682935e47e1b4c72d237becd13a,597aab8bb15240f89fd1b24a8e38258d,86f59bd78b424260b0cf356f2f9ae734,0d0973762130427eaa2ce9a7a34517db,36ee1613abf245cdbe93fef69b5f981f,acbf8eae7e064c11bab7adf66f216990,64d9091426f9461c97c98a5428856bcf,ad42c467d0fe43dbb328073f9a16bc4d,47eb17da319d440aa52da8008c26327a
ce2ca433804e44b4be720751273b782a,4c8476482736459881e2a3b0509ee103,4d0a737f396d4a95808085bd1306746c,5e44915237fc4445b54b037e1c4e29a4,7f0b453cc8c14156802497f5cbae9d62,36ee1613abf245cdbe93fef69b5f981f,9db7d32d79024ba6a73c55fde6f55968,039f8e63b273472d8f1d99d9a5de5cf5,133bfbe9a7c741fcb638ecf1b0088213,07958f43551e459eb30638b632e3cd64,dbf0926f9f344f1d88b114660db4d2eb
4ea609e9602a4aaa8629b2aa624b0175,133bfbe9a7c741fcb638ecf1b0088213,ee337b5c1ef3431e9c120250bfec4cac,f1c9c5051bdd4a11a064260bbb9d6d7b,022e16490d1949b9ab2fc1de5a837031,887e323cc38f4cf8adc5970617f1c286,f2cfa68a47ce4a43a0fe1cc7dc860418,0228b1e9e3244da3a727930123ba7bda,249c2d8d8d2345c6990b3c4d94385b5a,4c8476482736459881e2a3b0509ee103,8c5f38853679436ba434b6a696e43168
cfb9a2cee2044f5e9cab9a1ec0394c33,133bfbe9a7c741fcb638ecf1b0088213,ee337b5c1ef3431e9c120250bfec4cac,0228b1e9e3244da3a727930123ba7bda,a8904adcdd21495f890bc614bfdbf86f,93bf0b86be094f68a9d308ca5ecfb4e3,f2cfa68a47ce4a43a0fe1cc7dc860418,f1c9c5051bdd4a11a064260bbb9d6d7b,022e16490d1949b9ab2fc1de5a837031,1d93c07de74c482ebf0a76ec564c3252,f7f600880b064920ab59b907d26aedc6
91753f317b7d415d93dfbb79291ce529,f37d285ad0de42f0b1546d0d1acfb221,b8da01ceddcb45a491a288ddbc658e90,39e2b00e1cbd471488cf56f31d2cec7f,97959d02a64f4a3fbbebe7cbece6c012,99a52c93a3304ec18dab9206f98f2a8b,71c1a8479b194efca65b44fb7f327afb,1232f20e710b448e8c0538b9e84dab1c,bcfa4a4177d44d8b8cda17b7a23196b0,b98519f97e424c1389f5553f0869b15a,17b5eb6fab65476f827dd355b4a20a55
0f94a6fec9304d4991a954ceb031f5ae,d65e3a3657ae455e954b6d7221afc84c,e4fcd30261804b089efa940359057ba2,babbeca1f6a244a2a11ea77a3855e70f,c1d504dfeded4b8bb3c07777b7c7abde,230b9ef63ea240e9b61a18f41473f942,31cf7db26a3249c5a6205b005662ddcf,563043f180e54e238ad4876974e5db4c,a0b4d283f12a407286dbeaa3a4d128a5,e96fae6d607246b18b8494aabe521036,f0084465b2e646c9a53d9dc766067d9b
15a8c430cba44785961873a3dd5bc77f,d65e3a3657ae455e954b6d7221afc84c,e4fcd30261804b089efa940359057ba2,c1d504dfeded4b8bb3c07777b7c7abde,a0b4d283f12a407286dbeaa3a4d128a5,f0084465b2e646c9a53d9dc766067d9b,6fc7a2cf0684475a82f6ff9be2c8e850,7862a63720b34104abf5bfa44bc8178d,babbeca1f6a244a2a11ea77a3855e70f,b0d2e6c4b2384950b3696c4414870282,15b7b988bba143989cfd98d5c6c4d203
fd824af093e04ae187700d37404ce512,b8da01ceddcb45a491a288ddbc658e90,f91157bb8fca4a8e98db33591a76be9a,54e9bbd0093947a3bda5fef48ef7493d,75bf181ea5dc490e95d364a5f5c7af1d,ad42c467d0fe43dbb328073f9a16bc4d,2639b6540bda414f8a9baa3b5cdb612a,097f2ce3b88c4d008488b9908076497e,71c1a8479b194efca65b44fb7f327afb,c1def54262224e23acf67a9870725ce5,724a3f6551e74ad585bdeac9a75fd639
c9d75d71736c41ca808c70e38aff6b5a,85d4175b563d48e5bc6a991b23662f24,4e4495962a9b4864882397042f1a2b3e,04d24d1cf42b4f7787d8d300cbad6d50,17b5eb6fab65476f827dd355b4a20a55,e735729c80d84f76a6133c065d5380f8,8c7c9eaae41a44a3a4ebe39ce167d300,da88fa5efc674368b593444ca950dff9,7dd5e88dfdd24cafab2c765939757354,e2e0c8c96aff4c00896ac6986bbb20c2,30c71719aed84c07ae21d0eff0deed72
743f1b2f252548d7910b99d0870f6c67,da88fa5efc674368b593444ca950dff9,7bbe3c76bcc04d73969f920d43fcc67d,9500823cb050427696343b1ea5cf8881,f91157bb8fca4a8e98db33591a76be9a,b585a2970e9f421da236241f603883f2,00614d60b3544ba790dfd23dd53992e0,249c2d8d8d2345c6990b3c4d94385b5a,e735729c80d84f76a6133c065d5380f8,32aaca2a732f4272b237374d3cdeec90,85d4175b563d48e5bc6a991b23662f24
27bcdf10465e4c54869c9ceb59013b81,3574ab91c29940b3afc62354ae06b73b,eabdd2813a954f9aa01f0eb8212ee387,eb21a4e2b7bd43efbdf0c365415e7fef,82d68ea370f8451aa16ea08f4601245c,63eab812f3254cccb9631b09725aec3d,04d24d1cf42b4f7787d8d300cbad6d50,30f654c6e69e48888f9f42dd95ab3c77,6b4676aba2a746b3ab778315afc8ee82,9460474d89704a68aaa6ccb62310ae3d,724a3f6551e74ad585bdeac9a75fd639
52cd37fed829421d91356a3fb87f1ae3,da88fa5efc674368b593444ca950dff9,7bbe3c76bcc04d73969f920d43fcc67d,f91157bb8fca4a8e98db33591a76be9a,b585a2970e9f421da236241f603883f2,249c2d8d8d2345c6990b3c4d94385b5a,5c8a8b7a59c54b9aa7b7136fd91b5869,e9428816b054499298745b742f128f65,32aaca2a732f4272b237374d3cdeec90,7dd5e88dfdd24cafab2c765939757354,00614d60b3544ba790dfd23dd53992e0
f3cba92d050b4d8e9432cb0cc14c3d63,3574ab91c29940b3afc62354ae06b73b,eabdd2813a954f9aa01f0eb8212ee387,63eab812f3254cccb9631b09725aec3d,eb21a4e2b7bd43efbdf0c365415e7fef,30f654c6e69e48888f9f42dd95ab3c77,d9ac372330a4446886fa19bac0d19877,82d68ea370f8451aa16ea08f4601245c,9460474d89704a68aaa6ccb62310ae3d,6b4676aba2a746b3ab778315afc8ee82,04d24d1cf42b4f7787d8d300cbad6d50
e0ffc5f5610740569aedc8c74ed17c47,5abf57d57d84440e94d0d2e2ffb37575,0971af4212484a958eb0f60f93d1dfe0,41e657daa20545a588584578bdb4101c,cb75c6ef71cb4991805920f2894e0e96,d9096650c434432c871effeca9acd5c6,b0d2e6c4b2384950b3696c4414870282,19593c97fef0474dbe6051e28338f1e9,70558882c04e46bd99d15e9786468418,b277101390e1465685ef79bf3519f8d7,02a3cd76ce534d188b4d5ac4778bd652
fd29df6e377f40b981cba18434381065,5abf57d57d84440e94d0d2e2ffb37575,41e657daa20545a588584578bdb4101c,0971af4212484a958eb0f60f93d1dfe0,b277101390e1465685ef79bf3519f8d7,cc243eebbb2b44a581745865a60c423a,d9096650c434432c871effeca9acd5c6,19593c97fef0474dbe6051e28338f1e9,1f9cd7f2b7a14e2f8d490a104a56edcd,66cba49431224a3788f914d6a80165e1,cb75c6ef71cb4991805920f2894e0e96
f5ff08722abb413e9e24fa4eee6d5b60,3c1b91a23b694da1973dbc5f75f2f3ed,434551fdf9e443ed91679a9557ae6fd5,66690895454847fea5a000202fbfab2e,4a3d4daed4b24a1898551f0fd1ba44f1,225818abe99e45a0bf5b0b3ec30db76b,99ba4cc9355f4d79a68bc69ac12a716f,e79ae27b52fa4d54aa37735fd275c66e,249c2d8d8d2345c6990b3c4d94385b5a,99830b8da7c24f909914f7bb167f3ea6,72a7e2ce22d045efbdbbab9c68f5d026
574036f38fb84293ae0fbe592c3c6f3a,cf293392122347a180cf2126f4589acb,1099cb6f4fac4eb8a1fb6db50e18296b,7aceed0dbea645b091207f4a53d879f2,530b37164090408dbab4e6da51111b8a,19593c97fef0474dbe6051e28338f1e9,9094e936e13641cc9bfcc7dc1408d86e,e4e12f4711fd41e39075e26cc274df45,64e74af099b0485f8b6e71ac73aa2cb8,2b3ecf8be2b242f3b8a1e714390749fb,c3a741d302d94ee294bb6e4090fd2da9
35f36e3994484147bfac89ac7f1ef8ef,cf293392122347a180cf2126f4589acb,19593c97fef0474dbe6051e28338f1e9,13e659415ac84c7a81fc769111d43417,521004289ebc4e6da6623381d40a5e73,0971af4212484a958eb0f60f93d1dfe0,41e657daa20545a588584578bdb4101c,c3a741d302d94ee294bb6e4090fd2da9,e4e12f4711fd41e39075e26cc274df45,295d0d40791245ff838c73a2aa27d065,cb75c6ef71cb4991805920f2894e0e96
84ef3ef2feb84347bac472fb9e9d5906,c84deec0ecf843c39f52d4cb8e7300f8,77cecb221149474896d9b2eb848bf150,e7aaa514f6f64a258a640ea341aa1a18,250d411ae270441085be3501b7b55d86,34b736136487439389c10cc6bd4e9f4e,0092d1d820c64646b8bee9fd14f77acf,07958f43551e459eb30638b632e3cd64,b834c0b0c10b471b87ad3f11468de619,9bf3b77eb9874f5f9e006a9cff111ea9,434551fdf9e443ed91679a9557ae6fd5
398defcf45ad43ed8e2633186eaa33ba,4e7ee74be72a461fa02fa61bee62bdcc,91f9f8576e5142a49926bd623b0bc19c,de72d25d08da4b03ac6f6411ce30e07c,e43d8e7bc32f406b9a692e2604f5b45a,e903085a3f944ad2a41c37306b4e6ab4,df7ea50171af48df81584ab7e8107d15,45e440d874a54bb591862ff441114cd3,e22e1ad3c1fc4493bcb7c9b923566ff7,0d0973762130427eaa2ce9a7a34517db,3e6a4b65a1004c08a6f3f570cf986c2f
ea57953406604eb083a4fecc3606c662,baf841bad27c456c9de7227555ea3ef8,342aaa81ed004635bbf9cbc2592cd7b6,23a16d69ffe848d593a4808907d8aa98,5537ddec608a4ec586ea068fa27547ca,1393dac7d34b4c34b1a8091a5bea3663,2c3599a1611644f4908562f8fb8870d3,9bf3b77eb9874f5f9e006a9cff111ea9,434551fdf9e443ed91679a9557ae6fd5,ffc5805e29a74be0a55b40318aa321d7,48c31b1e2ce94de8968fab433813fa91
6d7cfa2d06f64b22aeffa8b5f5294bdb,4e7ee74be72a461fa02fa61bee62bdcc,e903085a3f944ad2a41c37306b4e6ab4,de72d25d08da4b03ac6f6411ce30e07c,91f9f8576e5142a49926bd623b0bc19c,e43d8e7bc32f406b9a692e2604f5b45a,df7ea50171af48df81584ab7e8107d15,45e440d874a54bb591862ff441114cd3,0d0973762130427eaa2ce9a7a34517db,fa190e42ce5a47c99bcaa76138dbc615,7879fa4d4db046a2a8d195311b6e5789
b81d6cfb08b3460182252d604820144b,baf841bad27c456c9de7227555ea3ef8,342aaa81ed004635bbf9cbc2592cd7b6,da61d9bc8f024a4aba18d5c3072b7838,c2a665cec90e46db8d2a74389beb4649,5cf392f15360460bae6a6b0182bb99b9,f4474150010f4021a4620372062f3797,e79ae27b52fa4d54aa37735fd275c66e,c74557a980e2428a9ffcc245278df692,0092d1d820c64646b8bee9fd14f77acf,c84deec0ecf843c39f52d4cb8e7300f8
d9348c713e8144f791dd2fc990a3cbb6,30578712823948b086e3781343982938,19593c97fef0474dbe6051e28338f1e9,2471f23cb9b64d35a72deed09c9c8975,245212a659504b9b9cdbaf1ab1d040ff,c3a741d302d94ee294bb6e4090fd2da9,5a9a716f53364389864a4018d9e9c6c0,a9573f188204436090fb4a5240e4eccd,f69dcaceb6074ddebfe1dc7e5978fcff,82d68ea370f8451aa16ea08f4601245c,7d3d751215194e649a03457226f599d7
961885b72b8b4073afa543195a48050c,250d411ae270441085be3501b7b55d86,174581fc299840e18e827432c0cce4dc,5605fa1188974644937bbf92fec50e21,8228c9eb29a542ba98c8b9b854eadaa4,c84deec0ecf843c39f52d4cb8e7300f8,ffc5805e29a74be0a55b40318aa321d7,34b736136487439389c10cc6bd4e9f4e,e7aaa514f6f64a258a640ea341aa1a18,7d0190486da540718e4dc4ca4bd1f573,eee7f32249c5452ea36c8ed3a3540010
06e690975e524b9089b8d4f9317a1558,bcfa4a4177d44d8b8cda17b7a23196b0,db0c3a952e454b90aa4a68feb6a50e87,99a52c93a3304ec18dab9206f98f2a8b,ff276acede2f4c14876ef47257758ae8,c1def54262224e23acf67a9870725ce5,eb21a4e2b7bd43efbdf0c365415e7fef,3aaea7fa41fd43cdb88f8ef59062c5df,1232f20e710b448e8c0538b9e84dab1c,97959d02a64f4a3fbbebe7cbece6c012,93dc50abd35349f7923100dca2f41002
a5bc160edec74fb7a50b0debceb4ff1d,1aef014473b84ef9a0f799114fe516c9,7dd5e88dfdd24cafab2c765939757354,f91157bb8fca4a8e98db33591a76be9a,3356a8a8c6ee4f30bc2b028e360d4471,e7aaa514f6f64a258a640ea341aa1a18,19a124c6dad14a4fa7864463b081009c,5a6f4a2f7f6a4b1fa146493472e6d721,8d595c7da42545c88052e7b213b6c97c,66690895454847fea5a000202fbfab2e,df0c94234d9d4890b5b4b95c441b3e9a
77a31fe5e10e44c38270d85e569068f5,30578712823948b086e3781343982938,19593c97fef0474dbe6051e28338f1e9,c3a741d302d94ee294bb6e4090fd2da9,cf290994a83e4909aec30077477b9d04,82d68ea370f8451aa16ea08f4601245c,2471f23cb9b64d35a72deed09c9c8975,5d5baf5ce88b4b529e28ab9c7c114148,a9573f188204436090fb4a5240e4eccd,f69dcaceb6074ddebfe1dc7e5978fcff,d9096650c434432c871effeca9acd5c6
a508b4ed8aa64d2c8930b9e0f5588144,9db7d32d79024ba6a73c55fde6f55968,7326afe68eb64b63993b3dae022c645d,36ee1613abf245cdbe93fef69b5f981f,00e9d4081c2f45d1a818bfeab099863a,e9428816b054499298745b742f128f65,acbf8eae7e064c11bab7adf66f216990,0a2c24dead204be9ae36be358e1223f9,0592b57e490d4206a3f12eb004a0afe0,23a16d69ffe848d593a4808907d8aa98,da88fa5efc674368b593444ca950dff9
58f407c23b424ad7858fe02688d1f729,00e9d4081c2f45d1a818bfeab099863a,36ee1613abf245cdbe93fef69b5f981f,9db7d32d79024ba6a73c55fde6f55968,597aab8bb15240f89fd1b24a8e38258d,be42a43f5186434db4f2815f768a9991,13cda6e8f2d948eeb5508288a172e76f,ca544e6629b14e8fab5f7cb40d1ac88e,acbf8eae7e064c11bab7adf66f216990,86f59bd78b424260b0cf356f2f9ae734,84ff5144597241bba5cbd3d0b21d220d
6a195a5109304e06ae0423987650f0e5,9db7d32d79024ba6a73c55fde6f55968,00e9d4081c2f45d1a818bfeab099863a,36ee1613abf245cdbe93fef69b5f981f,acbf8eae7e064c11bab7adf66f216990,23a16d69ffe848d593a4808907d8aa98,0592b57e490d4206a3f12eb004a0afe0,e8f18e4bdf054390a1768978dca8e430,da88fa5efc674368b593444ca950dff9,291130c42a884be2800e026bab5ddf53,4a3d4daed4b24a1898551f0fd1ba44f1
df7a3b9a04ad4297aadb288feabf0c50,3fce01bbc56d49d39f61cba3d17648f2,4e4495962a9b4864882397042f1a2b3e,7226603f024c45c6a6e44b00e52e8aad,17b5eb6fab65476f827dd355b4a20a55,e59dba65749140f4a1bdaf2695de2fc6,75bf181ea5dc490e95d364a5f5c7af1d,5e44915237fc4445b54b037e1c4e29a4,2070754bb5dd4a248be9c2a6a1a9d381,6b7b5d28293d4a5a8075f7f7dd231ddb,b8da01ceddcb45a491a288ddbc658e90
684ba7bd1eae483282be0c8c9c114514,e735729c80d84f76a6133c065d5380f8,f2cfa68a47ce4a43a0fe1cc7dc860418,6866efc8987a4ec8b04b7abd28fb5777,f1c9c5051bdd4a11a064260bbb9d6d7b,d0e41bf891254ba0872f1641139f84f6,7c1126d46a934db6b951d1e98feae327,714e47cd21e5416f864a4bc938850a72,8987ceafff324f9599b842542e37eddd,85d4175b563d48e5bc6a991b23662f24,0b57f893483647c3aed811775a4c4c04
4eda37aa22e54fa2afd5c4d98019ce29,3fce01bbc56d49d39f61cba3d17648f2,7226603f024c45c6a6e44b00e52e8aad,5e44915237fc4445b54b037e1c4e29a4,6f8d80f8673144dfa7a4e09190442ab3,6b7b5d28293d4a5a8075f7f7dd231ddb,2070754bb5dd4a248be9c2a6a1a9d381,cb2505b30d8a4dc086c353cf94424b6d,f32f4607b4714e378831f924c5e6084d,54e9bbd0093947a3bda5fef48ef7493d,e12ad1ce8e7940a999b9a4f91a95fab7
3fc9d39c9efc4790b7a0864f44c1e28d,e735729c80d84f76a6133c065d5380f8,f2cfa68a47ce4a43a0fe1cc7dc860418,714e47cd21e5416f864a4bc938850a72,6866efc8987a4ec8b04b7abd28fb5777,be8953cc364d46cebbcc2c2da2c348ab,d0e41bf891254ba0872f1641139f84f6,00614d60b3544ba790dfd23dd53992e0,b7f5c165ea2242709a2fb71f3a3f1bcb,7c1126d46a934db6b951d1e98feae327,761a3a01495143f0a86beac4234cae3a
492e1ce165734c99ae0c8142231d6cd8,570f08ce2a1a47978eab16bf7ad16a68,211ef3181e524685866fb8574d9bf456,8a9dc60359ba49cd8ac170cfb4ac3913,b0d2e6c4b2384950b3696c4414870282,1f9cd7f2b7a14e2f8d490a104a56edcd,e8c8742459dc48a49080bf0e5b3fdee0,d75a52d716984f318f976bbfc7bee787,03df72bcf3504272a27f4bbaea89118a,67dd23cfd20f46dc82acc82c108a1dc6,c84deec0ecf843c39f52d4cb8e7300f8
62d16233117346a88248d0c84e37c7d4,b44645c11ece4326a45f50fdc5d45dcf,f5d09519cf7647f8a107cd8fadd322e5,563043f180e54e238ad4876974e5db4c,3e6a4b65a1004c08a6f3f570cf986c2f,eee7f32249c5452ea36c8ed3a3540010,1aaf8edc37ea412b85e3d1b5c5317051,22d9d5ad33e947fd857c5c4a8b7dfae1,bc607fd6000b43108e49b3d05688fe90,5605fa1188974644937bbf92fec50e21,9909a671f7414c19b2727e7d4d4dcf1b
fc5f6e0b9c084686b8bcffe1870bb6af,23a16d69ffe848d593a4808907d8aa98,de6ac628a786435f9925c8cc1d707d6b,434551fdf9e443ed91679a9557ae6fd5,ffc5805e29a74be0a55b40318aa321d7,99830b8da7c24f909914f7bb167f3ea6,34b736136487439389c10cc6bd4e9f4e,e79ae27b52fa4d54aa37735fd275c66e,baf841bad27c456c9de7227555ea3ef8,c84deec0ecf843c39f52d4cb8e7300f8,9bf3b77eb9874f5f9e006a9cff111ea9
9544710dc3234bb3a65179dae0115a8c,23a16d69ffe848d593a4808907d8aa98,8dfe01febd46475ab5aef97033716ce1,52ee59901f3b4de884d7a6720538aed6,fbfaa119f55a477984e42d80498f54d3,e511c40ca6324803b5021e47b4e777f8,664da77d25e74df693eaad44a5e7617f,9bf3b77eb9874f5f9e006a9cff111ea9,59e4dcf2794943b18fb902a6eb475ff8,3138244ae91040948d5bd6772e4075ea,f1c9c5051bdd4a11a064260bbb9d6d7b
d88623101f5740e3bbbb1be949c2c917,cb75c6ef71cb4991805920f2894e0e96,d9096650c434432c871effeca9acd5c6,0b57f893483647c3aed811775a4c4c04,5fc200cab89346658c9c91cce27e85fe,6400e3f6a14c492ba399bd414faca075,8fdee0611965465eb45387b8c39f4136,39a08a87897f47d3bdbbdc5ed8c9cd7f,ba8d0208e32e42969bd4349cf24f6ed1,8350ea8cd6514c2c8d7b625abe7e895b,521004289ebc4e6da6623381d40a5e73
3d4bd2285a9441ceb15abaf963002c03,cb75c6ef71cb4991805920f2894e0e96,d9096650c434432c871effeca9acd5c6,02a3cd76ce534d188b4d5ac4778bd652,70558882c04e46bd99d15e9786468418,5abf57d57d84440e94d0d2e2ffb37575,0971af4212484a958eb0f60f93d1dfe0,19593c97fef0474dbe6051e28338f1e9,41e657daa20545a588584578bdb4101c,67dd23cfd20f46dc82acc82c108a1dc6,119a6d7b4af3458b951fc1c5ab5e1738
fb083ec69f5f42f2881407d2176b5d39,aa082284f9894b5aa210c179d59999b1,0cdb0f32850f4585a16de4886462bbe0,1d70bc69b2f84bef9aa5fb0d9917e38d,1f3cf50fe1f947d8a56e02ebca441c4c,43464ed6733f4642a0b90e7d995a5e40,6ea31a945d494834a3d243f1f90af02a,b702b2b61ce048c6bf5af3c4dca18b1a,daed5458403e49e3aea72f4bcc6dd224,6b4676aba2a746b3ab778315afc8ee82,f335a944a27a4504a82ecf70c2d4a5e4
94fac016e63749c8a8f0fdf1fc1a90b5,aa082284f9894b5aa210c179d59999b1,0cdb0f32850f4585a16de4886462bbe0,1f3cf50fe1f947d8a56e02ebca441c4c,1d70bc69b2f84bef9aa5fb0d9917e38d,6ea31a945d494834a3d243f1f90af02a,43464ed6733f4642a0b90e7d995a5e40,daed5458403e49e3aea72f4bcc6dd224,b702b2b61ce048c6bf5af3c4dca18b1a,6b4676aba2a746b3ab778315afc8ee82,f335a944a27a4504a82ecf70c2d4a5e4
a4f2a13bd2b54360a921c8ef7366e535,db620271348d404a9a0b978d96c63f29,0b57f893483647c3aed811775a4c4c04,f532294d68604bc2aa9ad8804a8c6d5f,503d2f067a8a4f5798b1c64b07ab0bc5,434551fdf9e443ed91679a9557ae6fd5,87fc1d6a57ea488786caaec8599c3b8b,7dd5e88dfdd24cafab2c765939757354,8987ceafff324f9599b842542e37eddd,e12ad1ce8e7940a999b9a4f91a95fab7,878e5c41be5c477e9f660ca361fdd727
89206a8894c247c8bd87fad37967ca98,db620271348d404a9a0b978d96c63f29,0b57f893483647c3aed811775a4c4c04,503d2f067a8a4f5798b1c64b07ab0bc5,434551fdf9e443ed91679a9557ae6fd5,f532294d68604bc2aa9ad8804a8c6d5f,1393dac7d34b4c34b1a8091a5bea3663,878e5c41be5c477e9f660ca361fdd727,d695b7afdc3841a28a56df578e56afce,7dd5e88dfdd24cafab2c765939757354,f3fddb55448a46778b5d807642cceb71
4d36c5e5c20443bbab4b51e580bafc21,b44645c11ece4326a45f50fdc5d45dcf,563043f180e54e238ad4876974e5db4c,1aaf8edc37ea412b85e3d1b5c5317051,b69c17a10a55494d8caa56c33e8f4a56,3e6a4b65a1004c08a6f3f570cf986c2f,f5d09519cf7647f8a107cd8fadd322e5,11e1e3cdfe214385a2c24d0f957dde9b,812a1568c77d46e695f8eb7357e24a0e,7d0190486da540718e4dc4ca4bd1f573,7862a63720b34104abf5bfa44bc8178d
517675a3a64847439ecd5791a240af4c,52f20bd7eb50430c95f0916727880a1b,434551fdf9e443ed91679a9557ae6fd5,df0c94234d9d4890b5b4b95c441b3e9a,342aaa81ed004635bbf9cbc2592cd7b6,23a16d69ffe848d593a4808907d8aa98,99830b8da7c24f909914f7bb167f3ea6,1393dac7d34b4c34b1a8091a5bea3663,59e4dcf2794943b18fb902a6eb475ff8,27a67d3e76814297aebf64e03d14c336,250d411ae270441085be3501b7b55d86
b4a18167b9e44a69bbb49ee2a8709fbe,52f20bd7eb50430c95f0916727880a1b,434551fdf9e443ed91679a9557ae6fd5,6bedb2d6ace34e18811b7f1206b2d1b0,f91157bb8fca4a8e98db33591a76be9a,0b57f893483647c3aed811775a4c4c04,ffe2740eee8c49b39b2ce41f9983bcb4,30f654c6e69e48888f9f42dd95ab3c77,444fa28d9ed54c82a522699041eae592,59e4dcf2794943b18fb902a6eb475ff8,5cf392f15360460bae6a6b0182bb99b9
173054bdb88d476dbd153c55b7fabd01,b44645c11ece4326a45f50fdc5d45dcf,11e1e3cdfe214385a2c24d0f957dde9b,563043f180e54e238ad4876974e5db4c,f5d09519cf7647f8a107cd8fadd322e5,1aaf8edc37ea412b85e3d1b5c5317051,812a1568c77d46e695f8eb7357e24a0e,eee7f32249c5452ea36c8ed3a3540010,3e6a4b65a1004c08a6f3f570cf986c2f,7862a63720b34104abf5bfa44bc8178d,b69c17a10a55494d8caa56c33e8f4a56
6676c08920d74d74b3b5e31d76d402b2,77d8e01a914d4f4a8b87d407e0d741aa,4a3d4daed4b24a1898551f0fd1ba44f1,c3a741d302d94ee294bb6e4090fd2da9,64e74af099b0485f8b6e71ac73aa2cb8,75efe5ddef364f49865d9bb283492b48,5a6f4a2f7f6a4b1fa146493472e6d721,df0c94234d9d4890b5b4b95c441b3e9a,0bd1cce9370a461089e25393086800a8,249c2d8d8d2345c6990b3c4d94385b5a,f69bf682935e47e1b4c72d237becd13a
0df5d9aef12b4019955ea3f2f0b2adab,f32f4607b4714e378831f924c5e6084d,772cb9726861451d9972604da6f65c55,e1c63000ace94c1d9381d82389fe6afd,cb2505b30d8a4dc086c353cf94424b6d,b23a9c50eada4286a4f7ce8668b92db1,643fbbdd6b764ba9904a4ee67a86b9fd,1232f20e710b448e8c0538b9e84dab1c,42805d29975b400ea7c570fc45ec4938,d476be2399b7424a88d242b771c32041,bcfa4a4177d44d8b8cda17b7a23196b0
9e0acd98c27a49b196d2c555deba2f0e,f32f4607b4714e378831f924c5e6084d,643fbbdd6b764ba9904a4ee67a86b9fd,b23a9c50eada4286a4f7ce8668b92db1,cb2505b30d8a4dc086c353cf94424b6d,42805d29975b400ea7c570fc45ec4938,772cb9726861451d9972604da6f65c55,1232f20e710b448e8c0538b9e84dab1c,0f52f676197e4d4e92dec0a7bc4c4f7d,85d4175b563d48e5bc6a991b23662f24,b8da01ceddcb45a491a288ddbc658e90
54c5b5744a704151830ff16cf8883786,7226603f024c45c6a6e44b00e52e8aad,dd9e8283197b473d8ffd502561bdaaec,33e2a95109e647cbb4ba2687631b169a,664da77d25e74df693eaad44a5e7617f,9452a2f21f7d4feeb2605d9b6647fc13,29fb30a75c57451a85f310aa6423a662,44156e6482884acaaee1938e04d8b6ff,7f5b658239034d35b7f4cf1c63cb388c,cb2505b30d8a4dc086c353cf94424b6d,8af25c7ae8e14435a6e27a5671968f50
b9de30f0928f4adbbd9e64f944ab0805,f335a944a27a4504a82ecf70c2d4a5e4,aa082284f9894b5aa210c179d59999b1,1d70bc69b2f84bef9aa5fb0d9917e38d,6ea31a945d494834a3d243f1f90af02a,0cdb0f32850f4585a16de4886462bbe0,384b14b18c3c43b1a4dc1aa2f661e076,aedd476072b345e9be46ebd7260e93a6,097f2ce3b88c4d008488b9908076497e,26e55eb4d910464497d700bfdf5a36ca,6b4676aba2a746b3ab778315afc8ee82
1700d60558f04c2581e0c6ecac9ca03f,e06d08ff594a4acbac12edf579743fcf,33b5e2ae5ebe4f548bac3a00ab0a59eb,f12e9e5805534d719f829332d1ea5d29,be8953cc364d46cebbcc2c2da2c348ab,724a3f6551e74ad585bdeac9a75fd639,4285b02dc9164cb9bae36b0566bb42f0,ccb62901750b4d13a922fc161b607f83,71c1a8479b194efca65b44fb7f327afb,f335a944a27a4504a82ecf70c2d4a5e4,f37d285ad0de42f0b1546d0d1acfb221
f8ebc027345b4689839fa22c303c1bbc,e06d08ff594a4acbac12edf579743fcf,f12e9e5805534d719f829332d1ea5d29,be8953cc364d46cebbcc2c2da2c348ab,33b5e2ae5ebe4f548bac3a00ab0a59eb,724a3f6551e74ad585bdeac9a75fd639,25afb6f7e9314af09008644bca5955b9,71c1a8479b194efca65b44fb7f327afb,f37d285ad0de42f0b1546d0d1acfb221,ccb62901750b4d13a922fc161b607f83,39e2b00e1cbd471488cf56f31d2cec7f
a815375295944d72bbd877ca7675981a,f335a944a27a4504a82ecf70c2d4a5e4,0cdb0f32850f4585a16de4886462bbe0,aa082284f9894b5aa210c179d59999b1,26e55eb4d910464497d700bfdf5a36ca,1d70bc69b2f84bef9aa5fb0d9917e38d,6ea31a945d494834a3d243f1f90af02a,384b14b18c3c43b1a4dc1aa2f661e076,71c1a8479b194efca65b44fb7f327afb,aedd476072b345e9be46ebd7260e93a6,e2e0c8c96aff4c00896ac6986bbb20c2
a5eb956f41154b2fa05333dc5f91564d,e5a3c8867e44498d9182e8be934e0fce,df5ca61304074da1bec8f536ab50baf3,b3f8b4bec0164d0e81997b4f5a277e8f,69ac8397e9624bfd8aee237b9f9ea3b5,434551fdf9e443ed91679a9557ae6fd5,f91157bb8fca4a8e98db33591a76be9a,3356a8a8c6ee4f30bc2b028e360d4471,4a6eba10a02a4ecdbb6b25e8651c3789,b834c0b0c10b471b87ad3f11468de619,039f8e63b273472d8f1d99d9a5de5cf5
32ca729048eb46ea82cfabc322b2f07f,cf7476d6c96b4dcdb6f025b9291eb62b,503d2f067a8a4f5798b1c64b07ab0bc5,6ae72ad649c54129b992d321f8f29122,64e74af099b0485f8b6e71ac73aa2cb8,da61e0de396149208c9ebd0fd6d7415d,0b57f893483647c3aed811775a4c4c04,87fc1d6a57ea488786caaec8599c3b8b,4926607aafe749538c930e108275547e,0e8487b2e6a2439b9e6623a1e2e5e19d,db620271348d404a9a0b978d96c63f29
4b03b491a7324ddea5bf28db91e66254,cf7476d6c96b4dcdb6f025b9291eb62b,503d2f067a8a4f5798b1c64b07ab0bc5,6ae72ad649c54129b992d321f8f29122,0e8487b2e6a2439b9e6623a1e2e5e19d,0b57f893483647c3aed811775a4c4c04,64e74af099b0485f8b6e71ac73aa2cb8,db620271348d404a9a0b978d96c63f29,87fc1d6a57ea488786caaec8599c3b8b,da61e0de396149208c9ebd0fd6d7415d,6bedb2d6ace34e18811b7f1206b2d1b0
6ee636f0481140ed9b0077791aba92b0,e5a3c8867e44498d9182e8be934e0fce,f91157bb8fca4a8e98db33591a76be9a,69ac8397e9624bfd8aee237b9f9ea3b5,434551fdf9e443ed91679a9557ae6fd5,b3f8b4bec0164d0e81997b4f5a277e8f,f532294d68604bc2aa9ad8804a8c6d5f,5537ddec608a4ec586ea068fa27547ca,039f8e63b273472d8f1d99d9a5de5cf5,249c2d8d8d2345c6990b3c4d94385b5a,7584980704ae4617bb27ca162cc9c5db
9e69ec4a3364489c92dd79eb57e83d54,d33407004b9e433a9d4147cfe6584d36,d7618b61a65a4bc1a0d0f2cc1bddc448,bb6ecabbce1b43d997d00d7acdc95193,6af17cec494c4373a95865d270a29171,7226603f024c45c6a6e44b00e52e8aad,51c6049a18b84ee381d0512e40b67c0e,590df34aa41f46e9ad13ffc6a98da3b7,2c65a898314b42e6b2e93dca66fd15c2,eafb3480db704d7baa8216ce857d1610,514537782f6549c488a1b932939b4128
e3d8f037fbe5491eba85d08b7dc5cab4,d33407004b9e433a9d4147cfe6584d36,cd764fbfae774d068af7549c648a02c9,7226603f024c45c6a6e44b00e52e8aad,8dfd98bb97584157b207e1f4be471a8e,c2a665cec90e46db8d2a74389beb4649,d7618b61a65a4bc1a0d0f2cc1bddc448,772cb9726861451d9972604da6f65c55,e511c40ca6324803b5021e47b4e777f8,dcfb738ebbc24f09bb680fe3a52b702e,cc243eebbb2b44a581745865a60c423a
2e92d21d8386472cb7ae95c21ba476ec,5f481b07f9734f518a14853831233b78,f59a3ee5387440d981754b6595e8664c,3356a8a8c6ee4f30bc2b028e360d4471,1232f20e710b448e8c0538b9e84dab1c,6732de8994744decbb3306c74aaa7882,599feb1e512c43ad8c0a1845922acf78,77cecb221149474896d9b2eb848bf150,ad42c467d0fe43dbb328073f9a16bc4d,764b8280445d4023aecaa53cf7758932,9bf3b77eb9874f5f9e006a9cff111ea9
d0e2f6816e1d46c4896a92a770a52d13,5f481b07f9734f518a14853831233b78,3356a8a8c6ee4f30bc2b028e360d4471,1232f20e710b448e8c0538b9e84dab1c,77cecb221149474896d9b2eb848bf150,6732de8994744decbb3306c74aaa7882,f59a3ee5387440d981754b6595e8664c,7dd5e88dfdd24cafab2c765939757354,e12ad1ce8e7940a999b9a4f91a95fab7,4a6eba10a02a4ecdbb6b25e8651c3789,9bf3b77eb9874f5f9e006a9cff111ea9
9db1e0ae9d1e4b078283f3e4fce188a9,4c36aafaf38f4e9e9e09991737196fe1,98fbdf945d0c4206a48a4f7260e56017,3766b26b53874893ae48693880e1942c,3e59b61eb70146308db2308b988b54cf,57bcda73abab44ee930b20cdaee9d24b,434551fdf9e443ed91679a9557ae6fd5,4e4495962a9b4864882397042f1a2b3e,02a3cd76ce534d188b4d5ac4778bd652,636c21e19a5845e1b8d69a5fca928030,f91157bb8fca4a8e98db33591a76be9a
b3e9c337e43d4153aebe5720e9cd3974,4c36aafaf38f4e9e9e09991737196fe1,98fbdf945d0c4206a48a4f7260e56017,3766b26b53874893ae48693880e1942c,4e4495962a9b4864882397042f1a2b3e,7dd5e88dfdd24cafab2c765939757354,db69f22fe72246ea85d33991961a649a,85d4175b563d48e5bc6a991b23662f24,dbb3fe11ad004895b302a84e7c066fcc,8c7c9eaae41a44a3a4ebe39ce167d300,17b5eb6fab65476f827dd355b4a20a55
6826037354894b81a24d3dc9a4983acb,7d6cdff8c9ac434196df803628fe9f62,105ad424733e4cffa7c474b51e3980aa,fa190e42ce5a47c99bcaa76138dbc615,e43d8e7bc32f406b9a692e2604f5b45a,f9fe93fae6084350b81964d354e2130f,8683a3ad55d84a78834fabe20cde5269,bb6ecabbce1b43d997d00d7acdc95193,dbb3fe11ad004895b302a84e7c066fcc,3ec67e948e15423fac23fdd38a7d4cca,8b4e9e3d234e4eec99a7651e246bbfa3
dc99c006397e40808ab1f016fa44006f,b626eb67c2e14afeae2846bb150976f3,8228c9eb29a542ba98c8b9b854eadaa4,f91157bb8fca4a8e98db33591a76be9a,434551fdf9e443ed91679a9557ae6fd5,2c3599a1611644f4908562f8fb8870d3,8c674a7b65e24114a45dd3c861a7ccfc,ffe2740eee8c49b39b2ce41f9983bcb4,35d06fce2df446569702778e2250bd82,a9d82bb43410405ca21b44a5e82e22b6,98b2022b2cb84af09ee8b789db928b13
4993ef4ea7ef4074bc9bfda10fc761b9,0ecfdd96e0054841883acba75e83b232,baf841bad27c456c9de7227555ea3ef8,7d6122daabe442ffb5e57ece1882e714,b3a022950e444682a113cec5a0537f6a,1ad0cf33e96243888d5f970195a75586,01930613ce7d4a5f90ccf78d1e92a55d,1f9cd7f2b7a14e2f8d490a104a56edcd,ed4449952a9e45339b76fc5f123cb917,9094e936e13641cc9bfcc7dc1408d86e,13cda6e8f2d948eeb5508288a172e76f
c7eab26c996245a3ab077b730a658580,1f9cd7f2b7a14e2f8d490a104a56edcd,7d6122daabe442ffb5e57ece1882e714,26869cc099c44c4a86f6043476ab4890,24c55bb5cd694770ba895c7401da2ba5,66cba49431224a3788f914d6a80165e1,feb980ae999948ce9be0266b4ddc048d,06b7dd1b701544ac80dd7ca54ed707cf,d75a52d716984f318f976bbfc7bee787,f69855cdf66d4f6887ecfd0ddb9014b5,64e74af099b0485f8b6e71ac73aa2cb8
b675a73977ed4edbbe06ed1ed956190f,434551fdf9e443ed91679a9557ae6fd5,b626eb67c2e14afeae2846bb150976f3,df0c94234d9d4890b5b4b95c441b3e9a,8c674a7b65e24114a45dd3c861a7ccfc,27a67d3e76814297aebf64e03d14c336,0b57f893483647c3aed811775a4c4c04,52f20bd7eb50430c95f0916727880a1b,f91157bb8fca4a8e98db33591a76be9a,ffe2740eee8c49b39b2ce41f9983bcb4,8228c9eb29a542ba98c8b9b854eadaa4
cebedb652e6442cfb5750e4bbec52862,1f9cd7f2b7a14e2f8d490a104a56edcd,7d6122daabe442ffb5e57ece1882e714,b0d2e6c4b2384950b3696c4414870282,24c55bb5cd694770ba895c7401da2ba5,66cba49431224a3788f914d6a80165e1,5d5baf5ce88b4b529e28ab9c7c114148,06b7dd1b701544ac80dd7ca54ed707cf,cb32ec9a538a4c0f8462771946ced93b,5abf57d57d84440e94d0d2e2ffb37575,1419b2c686f44896a0ae2a43e93b5402
085ac28270ca429689a32df3a4583773,6c51b4f57ba0415f994756e944b11cee,772cb9726861451d9972604da6f65c55,d361a9e414fb41c1a605200d9cbba496,97959d02a64f4a3fbbebe7cbece6c012,17b5eb6fab65476f827dd355b4a20a55,bcfa4a4177d44d8b8cda17b7a23196b0,f32f4607b4714e378831f924c5e6084d,059a284910e849efbbc7073b8681409f,f37d285ad0de42f0b1546d0d1acfb221,52ee59901f3b4de884d7a6720538aed6
e03daa7cd69147cf9ffcfe59b6f1ff74,772cb9726861451d9972604da6f65c55,97959d02a64f4a3fbbebe7cbece6c012,17b5eb6fab65476f827dd355b4a20a55,bcfa4a4177d44d8b8cda17b7a23196b0,98fbdf945d0c4206a48a4f7260e56017,6c51b4f57ba0415f994756e944b11cee,77ce0587a12b46bab8814225ba86753e,b77d8b7bb0114c379139d280a9210e83,4285b02dc9164cb9bae36b0566bb42f0,71c1a8479b194efca65b44fb7f327afb
7076a0387a924dc1b928b55750f64916,75801225047a4c019100660c13f1e0f1,189a3b686ad14c24b5e1a495f76dd239,7960902edf4b47d686f704441aa56b0e,ce4fdd5499f8498793c11e586f7da70c,bdb0d45caa2a4943959f8f501e51132b,ca1a2a6308834baba3140b5ce8f81320,f8856799293e49feab6368e794eb8b00,ffe2740eee8c49b39b2ce41f9983bcb4,f4474150010f4021a4620372062f3797,a9d82bb43410405ca21b44a5e82e22b6
0da0ce17055e4ce4aad17bba3493ecf3,c4b9d7a8d5d342459d2282589b3af293,c2a665cec90e46db8d2a74389beb4649,89e983dca0a34b768e17b3871b9cea1e,ffc5805e29a74be0a55b40318aa321d7,5537ddec608a4ec586ea068fa27547ca,77c8b175ca9d411b8d28d1ed0dc40304,e5a3c8867e44498d9182e8be934e0fce,8228c9eb29a542ba98c8b9b854eadaa4,bf789f42ccfc42c5a330a3f6e30ddb83,98b2022b2cb84af09ee8b789db928b13
a1de5e13c3de409baec25b9625277294,b33a0f5b564a4942b04046ab7a8e2aae,e79ae27b52fa4d54aa37735fd275c66e,4a3d4daed4b24a1898551f0fd1ba44f1,d0b6e9c1cc5341faba9e03c17767bc2e,249c2d8d8d2345c6990b3c4d94385b5a,9677dd2a3aae457a8079087ce4177e14,c3a741d302d94ee294bb6e4090fd2da9,13e659415ac84c7a81fc769111d43417,fadf133e0e684a24ac79b5fa9515bac2,bbdf9065122d499d9d8f80ad3e0ef6f3
59d5b8a0cae447e3aa9d4441af278166,7f0a68d19d2e4850846ffc08c47ed87d,1f9cd7f2b7a14e2f8d490a104a56edcd,1419b2c686f44896a0ae2a43e93b5402,13cda6e8f2d948eeb5508288a172e76f,f439b5616ba24b7f82eccfa095a0eff8,e343a998f4df4ac195c84e0fb571a393,f65b6fb5b40a49d1896de7a115469d40,cf290994a83e4909aec30077477b9d04,c3a741d302d94ee294bb6e4090fd2da9,1b827db6f6cf4ecb850928c2f9e41de2
0c4b7eb545d746869c5419772a6e4392,b33a0f5b564a4942b04046ab7a8e2aae,e79ae27b52fa4d54aa37735fd275c66e,d0b6e9c1cc5341faba9e03c17767bc2e,249c2d8d8d2345c6990b3c4d94385b5a,9677dd2a3aae457a8079087ce4177e14,225818abe99e45a0bf5b0b3ec30db76b,c3a741d302d94ee294bb6e4090fd2da9,bce599075dfd4fac8dd78626106e3071,4a3d4daed4b24a1898551f0fd1ba44f1,7f0a68d19d2e4850846ffc08c47ed87d
ee5f151fd75d45ea92a20e50b7471a5b,7f0a68d19d2e4850846ffc08c47ed87d,1f9cd7f2b7a14e2f8d490a104a56edcd,1419b2c686f44896a0ae2a43e93b5402,1b827db6f6cf4ecb850928c2f9e41de2,f65b6fb5b40a49d1896de7a115469d40,02a3cd76ce534d188b4d5ac4778bd652,5d5baf5ce88b4b529e28ab9c7c114148,67984873125e4a0f9562179c906d1b0f,bbdf9065122d499d9d8f80ad3e0ef6f3,7d6122daabe442ffb5e57ece1882e714
2a1dd0d4a81843bea554bae66ecf0521,b8995466f0eb4e7ba141e23216e8b974,d87bd2402bef4672be17b62cec113ba8,f91157bb8fca4a8e98db33591a76be9a,f335a944a27a4504a82ecf70c2d4a5e4,8dfe01febd46475ab5aef97033716ce1,8683a3ad55d84a78834fabe20cde5269,1ad0cf33e96243888d5f970195a75586,211ef3181e524685866fb8574d9bf456,119a6d7b4af3458b951fc1c5ab5e1738,e5a3c8867e44498d9182e8be934e0fce
eccd7d9de8ca4ef5b452f90014314ff9,b8995466f0eb4e7ba141e23216e8b974,d87bd2402bef4672be17b62cec113ba8,0092d1d820c64646b8bee9fd14f77acf,20297482a5014732a843c9fdafba548e,3c0f3b44c0844df49b5898406fe9195a,84581d81d46d44bc99ffb8f871646a7a,0a61f52258f643b6a6436a1ec234e197,5537ddec608a4ec586ea068fa27547ca,30f654c6e69e48888f9f42dd95ab3c77,f91157bb8fca4a8e98db33591a76be9a
53690105d8d9451da2c18448738ecbc1,1da8cc33bb474411ae16db0233210125,f65c7f50929f431dbf31b441d87616d0,5537ddec608a4ec586ea068fa27547ca,0e28ed072d6c444aa6f02e64955b44c6,3f28365e18244eb28cc7d23de8895956,20297482a5014732a843c9fdafba548e,8b038cd0dafd45d8b1ce75177ca3a76b,c66c6f1449d44728a2ef72de53dd6d5e,d716ea165223433a8d49b93e96989482,2e7836ee5e5144f5b63e6629b969a362
904b4babc35a4e22bf243f52a41e9034,5a9a716f53364389864a4018d9e9c6c0,5605fa1188974644937bbf92fec50e21,7d3d751215194e649a03457226f599d7,b69c17a10a55494d8caa56c33e8f4a56,e22e1ad3c1fc4493bcb7c9b923566ff7,236c362d8b664c93b41882c119df9706,9948a890ef25479e834f70944cb42eae,1ad0cf33e96243888d5f970195a75586,82d68ea370f8451aa16ea08f4601245c,19593c97fef0474dbe6051e28338f1e9
4ec8d6459f8e4b49af04fd8199016f22,0d0973762130427eaa2ce9a7a34517db,e43d8e7bc32f406b9a692e2604f5b45a,5b588e34588940788a22036b775ecc2f,47eb17da319d440aa52da8008c26327a,c5486d5e31084ee797da0ebdacb17abc,f676e16c6a134bd5a7bbeee4590adcfe,4e7ee74be72a461fa02fa61bee62bdcc,444fa28d9ed54c82a522699041eae592,e22e1ad3c1fc4493bcb7c9b923566ff7,31f80e4c87164e2893375ec7e73b372e
c50dedd60aba419c9533edaeaa3946ce,0d0973762130427eaa2ce9a7a34517db,e43d8e7bc32f406b9a692e2604f5b45a,5b588e34588940788a22036b775ecc2f,c5486d5e31084ee797da0ebdacb17abc,47eb17da319d440aa52da8008c26327a,4e7ee74be72a461fa02fa61bee62bdcc,f676e16c6a134bd5a7bbeee4590adcfe,444fa28d9ed54c82a522699041eae592,e22e1ad3c1fc4493bcb7c9b923566ff7,86f59bd78b424260b0cf356f2f9ae734
e4692df5d1fc4cccbb1af7348c9844e7,5a9a716f53364389864a4018d9e9c6c0,7d3d751215194e649a03457226f599d7,5605fa1188974644937bbf92fec50e21,236c362d8b664c93b41882c119df9706,1ad0cf33e96243888d5f970195a75586,b69c17a10a55494d8caa56c33e8f4a56,e22e1ad3c1fc4493bcb7c9b923566ff7,b90d74e80c37486eaee89b6fbab13671,1a0ac2d40cb04ca993e1db68d787728a,82d68ea370f8451aa16ea08f4601245c
0acc73aefb2c4bd4ac88e33303c8f082,8d595c7da42545c88052e7b213b6c97c,6c874292dbcc49ff8bb8bbe5643593a5,097f2ce3b88c4d008488b9908076497e,97959d02a64f4a3fbbebe7cbece6c012,1232f20e710b448e8c0538b9e84dab1c,eb21a4e2b7bd43efbdf0c365415e7fef,bcfa4a4177d44d8b8cda17b7a23196b0,dee9eddb2eac41bfaf36d3279d43674a,99a52c93a3304ec18dab9206f98f2a8b,b77d8b7bb0114c379139d280a9210e83
c3b65a8844a544c6a4819d750555f39c,8d595c7da42545c88052e7b213b6c97c,f91157bb8fca4a8e98db33591a76be9a,dee9eddb2eac41bfaf36d3279d43674a,6c874292dbcc49ff8bb8bbe5643593a5,aa082284f9894b5aa210c179d59999b1,bcfa4a4177d44d8b8cda17b7a23196b0,99a52c93a3304ec18dab9206f98f2a8b,b77d8b7bb0114c379139d280a9210e83,1232f20e710b448e8c0538b9e84dab1c,97959d02a64f4a3fbbebe7cbece6c012
3ec39a285da042a1bb003186e6c26bdc,19593c97fef0474dbe6051e28338f1e9,5abf57d57d84440e94d0d2e2ffb37575,1f9cd7f2b7a14e2f8d490a104a56edcd,66cba49431224a3788f914d6a80165e1,b90d74e80c37486eaee89b6fbab13671,30578712823948b086e3781343982938,41e657daa20545a588584578bdb4101c,f69855cdf66d4f6887ecfd0ddb9014b5,b277101390e1465685ef79bf3519f8d7,d9096650c434432c871effeca9acd5c6
7abfc7f5744b4188b357bacc5c42c49e,1393dac7d34b4c34b1a8091a5bea3663,e79ae27b52fa4d54aa37735fd275c66e,de6ac628a786435f9925c8cc1d707d6b,ffc5805e29a74be0a55b40318aa321d7,ad054da7e1704a53931a341173f0605f,77cecb221149474896d9b2eb848bf150,19a124c6dad14a4fa7864463b081009c,9bf3b77eb9874f5f9e006a9cff111ea9,4a3d4daed4b24a1898551f0fd1ba44f1,26869cc099c44c4a86f6043476ab4890
9405bc1ec9c249e080970a1f105edabe,ed4449952a9e45339b76fc5f123cb917,24c55bb5cd694770ba895c7401da2ba5,2b3ecf8be2b242f3b8a1e714390749fb,07d869789eda4445a1ecfe59c331db0d,5fc200cab89346658c9c91cce27e85fe,a055f8188384479a8bad418f7dffd9a5,7d6122daabe442ffb5e57ece1882e714,e4e12f4711fd41e39075e26cc274df45,e343a998f4df4ac195c84e0fb571a393,5760084aabef4d8095b2d21902151f64
1fe6a337c9114514b3e8dd154c2bda5b,599feb1e512c43ad8c0a1845922acf78,0b57f893483647c3aed811775a4c4c04,cb75c6ef71cb4991805920f2894e0e96,df0c94234d9d4890b5b4b95c441b3e9a,f69855cdf66d4f6887ecfd0ddb9014b5,8fdee0611965465eb45387b8c39f4136,66690895454847fea5a000202fbfab2e,64e74af099b0485f8b6e71ac73aa2cb8,26869cc099c44c4a86f6043476ab4890,94ed54abfdc74b04b0dcb19c278e66f4
31557bdb4eee40258e47e89e445b788a,ed4449952a9e45339b76fc5f123cb917,2b3ecf8be2b242f3b8a1e714390749fb,24c55bb5cd694770ba895c7401da2ba5,07d869789eda4445a1ecfe59c331db0d,0ecfdd96e0054841883acba75e83b232,a055f8188384479a8bad418f7dffd9a5,f69855cdf66d4f6887ecfd0ddb9014b5,e4e12f4711fd41e39075e26cc274df45,e343a998f4df4ac195c84e0fb571a393,5760084aabef4d8095b2d21902151f64
73dbecd0253544b594d72bdfb45f3f7e,599feb1e512c43ad8c0a1845922acf78,6732de8994744decbb3306c74aaa7882,35d06fce2df446569702778e2250bd82,8fdee0611965465eb45387b8c39f4136,3356a8a8c6ee4f30bc2b028e360d4471,57bcda73abab44ee930b20cdaee9d24b,cb75c6ef71cb4991805920f2894e0e96,f91157bb8fca4a8e98db33591a76be9a,9bf3b77eb9874f5f9e006a9cff111ea9,5a6f4a2f7f6a4b1fa146493472e6d721
e6d9f19b6de24f86aa66f9c5fd05e823,e1c63000ace94c1d9381d82389fe6afd,643fbbdd6b764ba9904a4ee67a86b9fd,57430214baf045cb92fa3b3b70a4ca3f,f32f4607b4714e378831f924c5e6084d,eafb3480db704d7baa8216ce857d1610,590df34aa41f46e9ad13ffc6a98da3b7,df5ca61304074da1bec8f536ab50baf3,e5a3c8867e44498d9182e8be934e0fce,e53dd6188816429ab915de6f9649a026,f65c7f50929f431dbf31b441d87616d0
81cace07bfd24a26846b03e46c6ad161,99ba4cc9355f4d79a68bc69ac12a716f,66690895454847fea5a000202fbfab2e,9bf3b77eb9874f5f9e006a9cff111ea9,ad054da7e1704a53931a341173f0605f,99830b8da7c24f909914f7bb167f3ea6,ffc5805e29a74be0a55b40318aa321d7,4a3d4daed4b24a1898551f0fd1ba44f1,8228c9eb29a542ba98c8b9b854eadaa4,fadf133e0e684a24ac79b5fa9515bac2,de6ac628a786435f9925c8cc1d707d6b
90e717813d404c9f925935c7cfaf747d,99ba4cc9355f4d79a68bc69ac12a716f,66690895454847fea5a000202fbfab2e,eff24b01b2f5428baa4c3fef6cb40d41,fadf133e0e684a24ac79b5fa9515bac2,ad054da7e1704a53931a341173f0605f,9bf3b77eb9874f5f9e006a9cff111ea9,8228c9eb29a542ba98c8b9b854eadaa4,f4474150010f4021a4620372062f3797,98b2022b2cb84af09ee8b789db928b13,c84deec0ecf843c39f52d4cb8e7300f8
e5fa255c55ca4255a1a6ad8c11fe54a0,230b9ef63ea240e9b61a18f41473f942,43ee0103cba54b4e9d165717735ca0f6,c1d504dfeded4b8bb3c07777b7c7abde,48240083d13148bd84ddee8c7f9fcd22,590df34aa41f46e9ad13ffc6a98da3b7,e4fcd30261804b089efa940359057ba2,31cf7db26a3249c5a6205b005662ddcf,9c69642fab6749848e7ea7f5406a6da4,babbeca1f6a244a2a11ea77a3855e70f,d65e3a3657ae455e954b6d7221afc84c
e62461979ead477d9cc7f369964f28d9,097f2ce3b88c4d008488b9908076497e,e1c63000ace94c1d9381d82389fe6afd,6c874292dbcc49ff8bb8bbe5643593a5,7627d5e28ba74cbeaf9225e88a7a44cc,eafb3480db704d7baa8216ce857d1610,e86a0aae846a4e44bf967ab4972c977c,f37d285ad0de42f0b1546d0d1acfb221,df5ca61304074da1bec8f536ab50baf3,ff276acede2f4c14876ef47257758ae8,99a52c93a3304ec18dab9206f98f2a8b
5a783edaf5cc4401bef507ec0bf50b74,724a3f6551e74ad585bdeac9a75fd639,097f2ce3b88c4d008488b9908076497e,3d3e8565d2f84e0cad5ae622f2909765,e96fae6d607246b18b8494aabe521036,98fbdf945d0c4206a48a4f7260e56017,71c1a8479b194efca65b44fb7f327afb,8d595c7da42545c88052e7b213b6c97c,33b5e2ae5ebe4f548bac3a00ab0a59eb,17b5eb6fab65476f827dd355b4a20a55,9460474d89704a68aaa6ccb62310ae3d
07ede7933f83489091e7ac09e75bd135,724a3f6551e74ad585bdeac9a75fd639,097f2ce3b88c4d008488b9908076497e,3d3e8565d2f84e0cad5ae622f2909765,eb21a4e2b7bd43efbdf0c365415e7fef,70aa10580bfe4069bdaa5721ae2d29db,17b5eb6fab65476f827dd355b4a20a55,19098957d8c24cab95daa30c2baefd8f,7627d5e28ba74cbeaf9225e88a7a44cc,33b5e2ae5ebe4f548bac3a00ab0a59eb,b77d8b7bb0114c379139d280a9210e83
e0a1bb27279d4bb8ac27a733753d7c54,9500823cb050427696343b1ea5cf8881,59f62d35b1ad451397b700b3dad25448,f91157bb8fca4a8e98db33591a76be9a,2d43cf91509846e29ab4febd7781919f,00614d60b3544ba790dfd23dd53992e0,b585a2970e9f421da236241f603883f2,1d93c07de74c482ebf0a76ec564c3252,8fdee0611965465eb45387b8c39f4136,8350ea8cd6514c2c8d7b625abe7e895b,0b57f893483647c3aed811775a4c4c04
8d21526a81804f01b67fc9c7431368d4,9500823cb050427696343b1ea5cf8881,59f62d35b1ad451397b700b3dad25448,f91157bb8fca4a8e98db33591a76be9a,00614d60b3544ba790dfd23dd53992e0,1d93c07de74c482ebf0a76ec564c3252,b585a2970e9f421da236241f603883f2,434551fdf9e443ed91679a9557ae6fd5,8350ea8cd6514c2c8d7b625abe7e895b,2d43cf91509846e29ab4febd7781919f,6866efc8987a4ec8b04b7abd28fb5777
e099db4616e745afa30336180e470463,039a871609044cb1b69f70c082fe61d8,521004289ebc4e6da6623381d40a5e73,f69855cdf66d4f6887ecfd0ddb9014b5,295d0d40791245ff838c73a2aa27d065,8fdee0611965465eb45387b8c39f4136,5455e62f52ae4e03b2a5d0e8b9899506,5f65785004054c67a618fe43b6a30f56,cb75c6ef71cb4991805920f2894e0e96,19593c97fef0474dbe6051e28338f1e9,41e657daa20545a588584578bdb4101c
4d9da4498edb406687e88c877d40d0b5,af648fa7ac6c4c50a246de470329cd83,1d93c07de74c482ebf0a76ec564c3252,ca5add3cbf044a95a5bec88a5841ce98,8af25c7ae8e14435a6e27a5671968f50,be8953cc364d46cebbcc2c2da2c348ab,7f0b453cc8c14156802497f5cbae9d62,403835bbf2f1447188bcc78e062b0028,d695b7afdc3841a28a56df578e56afce,b8da01ceddcb45a491a288ddbc658e90,408ae6a767874fc782467ec2f054ad15
1878f6ecc3cd4ae098c87cb8f6d6f75f,af648fa7ac6c4c50a246de470329cd83,1d93c07de74c482ebf0a76ec564c3252,ca5add3cbf044a95a5bec88a5841ce98,8af25c7ae8e14435a6e27a5671968f50,7070715ef90743da8691dd4ad134eb0c,8c5f38853679436ba434b6a696e43168,13aca0959cc948cabeee0d7255f55a65,be8953cc364d46cebbcc2c2da2c348ab,d9096650c434432c871effeca9acd5c6,b8da01ceddcb45a491a288ddbc658e90
122f81ffea0d4ee8a8e0e80dabd6753a,afac6ae28fac41dabae96696990c5555,4285b02dc9164cb9bae36b0566bb42f0,b834c0b0c10b471b87ad3f11468de619,bb6ecabbce1b43d997d00d7acdc95193,fe363cef357840fcb35f320fe7c27e4e,8c7c9eaae41a44a3a4ebe39ce167d300,4230775a9d51448396cacb9061f0e5f9,3ec67e948e15423fac23fdd38a7d4cca,98fbdf945d0c4206a48a4f7260e56017,a8904adcdd21495f890bc614bfdbf86f
341c198c08bf4223af06fe1151b3d336,afac6ae28fac41dabae96696990c5555,4285b02dc9164cb9bae36b0566bb42f0,4230775a9d51448396cacb9061f0e5f9,fe363cef357840fcb35f320fe7c27e4e,8c7c9eaae41a44a3a4ebe39ce167d300,c1def54262224e23acf67a9870725ce5,e59dba65749140f4a1bdaf2695de2fc6,b834c0b0c10b471b87ad3f11468de619,75bf181ea5dc490e95d364a5f5c7af1d,bb6ecabbce1b43d997d00d7acdc95193
6936423214e640f58de191bcbb19cfc0,2ece45504eff42469c104dc2a2d03caf,105ad424733e4cffa7c474b51e3980aa,0a61f52258f643b6a6436a1ec234e197,dee9eddb2eac41bfaf36d3279d43674a,69ac8397e9624bfd8aee237b9f9ea3b5,5e2f1a45f7174f1aa39a194179985876,6c874292dbcc49ff8bb8bbe5643593a5,b3f8b4bec0164d0e81997b4f5a277e8f,17b5eb6fab65476f827dd355b4a20a55,7627d5e28ba74cbeaf9225e88a7a44cc
c0ca5bae25e84345bcf7f81daaa9a287,dee9eddb2eac41bfaf36d3279d43674a,2ece45504eff42469c104dc2a2d03caf,105ad424733e4cffa7c474b51e3980aa,17b5eb6fab65476f827dd355b4a20a55,97959d02a64f4a3fbbebe7cbece6c012,bcfa4a4177d44d8b8cda17b7a23196b0,7627d5e28ba74cbeaf9225e88a7a44cc,69ac8397e9624bfd8aee237b9f9ea3b5,097f2ce3b88c4d008488b9908076497e,db0c3a952e454b90aa4a68feb6a50e87
ca2cd162b500466a989318642fa8e5e8,6f8d80f8673144dfa7a4e09190442ab3,4285b02dc9164cb9bae36b0566bb42f0,5e44915237fc4445b54b037e1c4e29a4,664da77d25e74df693eaad44a5e7617f,9a500a20b1ff4694acc31339a8d1349e,3fce01bbc56d49d39f61cba3d17648f2,dbf0926f9f344f1d88b114660db4d2eb,7226603f024c45c6a6e44b00e52e8aad,e5a3c8867e44498d9182e8be934e0fce,69ac8397e9624bfd8aee237b9f9ea3b5
5eea07beb98f41d89ef2eb45e27d65dc,6f8d80f8673144dfa7a4e09190442ab3,7326afe68eb64b63993b3dae022c645d,e511c40ca6324803b5021e47b4e777f8,f69bf682935e47e1b4c72d237becd13a,fbfaa119f55a477984e42d80498f54d3,e5a3c8867e44498d9182e8be934e0fce,664da77d25e74df693eaad44a5e7617f,0a2c24dead204be9ae36be358e1223f9,5e44915237fc4445b54b037e1c4e29a4,c24e3823376b436c8eb46eaeebbc7718
75f3f9e03bd5407ba9a8ed4058d70b42,9c69642fab6749848e7ea7f5406a6da4,48240083d13148bd84ddee8c7f9fcd22,43ee0103cba54b4e9d165717735ca0f6,99dbf0cd0c6343ffbcf97f04efc4143c,590df34aa41f46e9ad13ffc6a98da3b7,230b9ef63ea240e9b61a18f41473f942,c1d504dfeded4b8bb3c07777b7c7abde,f6061b71031b4ddb9384f86c103690a4,31cf7db26a3249c5a6205b005662ddcf,0971af4212484a958eb0f60f93d1dfe0
134c16196b09479bb303d2505e8029e3,9c69642fab6749848e7ea7f5406a6da4,99dbf0cd0c6343ffbcf97f04efc4143c,f6061b71031b4ddb9384f86c103690a4,48240083d13148bd84ddee8c7f9fcd22,1f3cf50fe1f947d8a56e02ebca441c4c,aedd476072b345e9be46ebd7260e93a6,23199e1859544647893a97ea365c5c83,6ea31a945d494834a3d243f1f90af02a,8dfbb6a204a0441492c35baca6190969,aa082284f9894b5aa210c179d59999b1
62f621f26198469bbe4acc3c211ac044,ffc5805e29a74be0a55b40318aa321d7,52ee59901f3b4de884d7a6720538aed6,23a16d69ffe848d593a4808907d8aa98,34b736136487439389c10cc6bd4e9f4e,77cecb221149474896d9b2eb848bf150,434551fdf9e443ed91679a9557ae6fd5,c84deec0ecf843c39f52d4cb8e7300f8,2c3599a1611644f4908562f8fb8870d3,e7aaa514f6f64a258a640ea341aa1a18,9bf3b77eb9874f5f9e006a9cff111ea9
e9102a403ab3412e96b169e8b54422da,2b3ecf8be2b242f3b8a1e714390749fb,9094e936e13641cc9bfcc7dc1408d86e,19593c97fef0474dbe6051e28338f1e9,5cfb876eeb4f410aa1282cc279f0e546,6400e3f6a14c492ba399bd414faca075,b90d74e80c37486eaee89b6fbab13671,cf293392122347a180cf2126f4589acb,e4e12f4711fd41e39075e26cc274df45,f6207eb593394ff78e2cb35057477422,35c5a560ecdc4d6a9d20f057ed1fa0e6
dc99976a66254d64893ce4ea5c1381f9,b8995466f0eb4e7ba141e23216e8b974,0092d1d820c64646b8bee9fd14f77acf,2ea3b46262e649f79900258cd90cce31,1232f20e710b448e8c0538b9e84dab1c,d476be2399b7424a88d242b771c32041,9bf3b77eb9874f5f9e006a9cff111ea9,3c0f3b44c0844df49b5898406fe9195a,c84deec0ecf843c39f52d4cb8e7300f8,ac5a760b45c146ec840193371cfb2d30,07958f43551e459eb30638b632e3cd64
a837b40016284aef83d53d8096b2f4c1,c750a2994555414790abb3281572bb42,e429a2e164a24919a12edcc8d4ea8f09,1027a336232c4454a9c4ae450a562788,6866efc8987a4ec8b04b7abd28fb5777,d658e3a743af41899183fecff6b2628d,4a3d4daed4b24a1898551f0fd1ba44f1,c713a0ca69864ee7b240069c98dc44dc,27a67d3e76814297aebf64e03d14c336,c84deec0ecf843c39f52d4cb8e7300f8,66690895454847fea5a000202fbfab2e
066e11859105406c8b337a9c79f27900,c750a2994555414790abb3281572bb42,4a3d4daed4b24a1898551f0fd1ba44f1,1027a336232c4454a9c4ae450a562788,66690895454847fea5a000202fbfab2e,444fa28d9ed54c82a522699041eae592,6866efc8987a4ec8b04b7abd28fb5777,ad054da7e1704a53931a341173f0605f,26869cc099c44c4a86f6043476ab4890,27a67d3e76814297aebf64e03d14c336,b585a2970e9f421da236241f603883f2
eacbaee168e04572a043403932038ea4,d361a9e414fb41c1a605200d9cbba496,211ef3181e524685866fb8574d9bf456,97959d02a64f4a3fbbebe7cbece6c012,590df34aa41f46e9ad13ffc6a98da3b7,1232f20e710b448e8c0538b9e84dab1c,bcfa4a4177d44d8b8cda17b7a23196b0,8a464aa9e2ee45d0abc7ae6181cd1bda,90b560de76b149c09c7cd6efb3f12cfd,e86a0aae846a4e44bf967ab4972c977c,43ee0103cba54b4e9d165717735ca0f6
87525176aae14b4594b3cc3538652572,19593c97fef0474dbe6051e28338f1e9,d9096650c434432c871effeca9acd5c6,211ef3181e524685866fb8574d9bf456,02a3cd76ce534d188b4d5ac4778bd652,cc243eebbb2b44a581745865a60c423a,f0084465b2e646c9a53d9dc766067d9b,1b827db6f6cf4ecb850928c2f9e41de2,b277101390e1465685ef79bf3519f8d7,e0d8aee46b1d4d998858cd05027251b6,daed5458403e49e3aea72f4bcc6dd224
6f4c5ace8efc459ea9630b048d4f0f65,da14e9dc2c3d4963b725de8102de5028,5fc200cab89346658c9c91cce27e85fe,e4e12f4711fd41e39075e26cc274df45,0b57f893483647c3aed811775a4c4c04,01ffceddb5b34406a08bb982b424b3cf,ba8d0208e32e42969bd4349cf24f6ed1,a055f8188384479a8bad418f7dffd9a5,0ecfdd96e0054841883acba75e83b232,35c5a560ecdc4d6a9d20f057ed1fa0e6,5455e62f52ae4e03b2a5d0e8b9899506
492fe644141442369b9490599c32871c,5e44915237fc4445b54b037e1c4e29a4,6b7b5d28293d4a5a8075f7f7dd231ddb,69ac8397e9624bfd8aee237b9f9ea3b5,092cb872c8724c7681c50da9c6cfa252,636c21e19a5845e1b8d69a5fca928030,105ad424733e4cffa7c474b51e3980aa,4d0a737f396d4a95808085bd1306746c,7584980704ae4617bb27ca162cc9c5db,643fbbdd6b764ba9904a4ee67a86b9fd,07958f43551e459eb30638b632e3cd64
c5430389b16b4cef9f052e00355bb0bd,da14e9dc2c3d4963b725de8102de5028,5fc200cab89346658c9c91cce27e85fe,e4e12f4711fd41e39075e26cc274df45,ba8d0208e32e42969bd4349cf24f6ed1,a055f8188384479a8bad418f7dffd9a5,0ecfdd96e0054841883acba75e83b232,eeca68825e2a4bbdaa5ae962998fc33b,0b57f893483647c3aed811775a4c4c04,01ffceddb5b34406a08bb982b424b3cf,5455e62f52ae4e03b2a5d0e8b9899506
fe4ef0b1b959405da9233fffe5a1a8ba,7d6cdff8c9ac434196df803628fe9f62,64d9091426f9461c97c98a5428856bcf,8683a3ad55d84a78834fabe20cde5269,baad022010b44fad8d8410869d909fd1,6b7b5d28293d4a5a8075f7f7dd231ddb,8d595c7da42545c88052e7b213b6c97c,f9fe93fae6084350b81964d354e2130f,5e44915237fc4445b54b037e1c4e29a4,7627d5e28ba74cbeaf9225e88a7a44cc,c1def54262224e23acf67a9870725ce5
8b45a559d8f643aabfc6ce1311e615f6,c588868fc3fd4e87a7cddf1ceb00b022,c1d504dfeded4b8bb3c07777b7c7abde,31cf7db26a3249c5a6205b005662ddcf,babbeca1f6a244a2a11ea77a3855e70f,9460474d89704a68aaa6ccb62310ae3d,43ee0103cba54b4e9d165717735ca0f6,e96fae6d607246b18b8494aabe521036,66f4c650b7ca48f1bc27f9daff8d312a,e8c8742459dc48a49080bf0e5b3fdee0,6b4676aba2a746b3ab778315afc8ee82
923cdbcba1f440f0b8e680f9bbe84bc0,2c3599a1611644f4908562f8fb8870d3,ffc5805e29a74be0a55b40318aa321d7,52ee59901f3b4de884d7a6720538aed6,250d411ae270441085be3501b7b55d86,23a16d69ffe848d593a4808907d8aa98,34b736136487439389c10cc6bd4e9f4e,9bf3b77eb9874f5f9e006a9cff111ea9,434551fdf9e443ed91679a9557ae6fd5,0092d1d820c64646b8bee9fd14f77acf,99830b8da7c24f909914f7bb167f3ea6
ce803c95614a408cbf9b99166b3a9db0,2c3599a1611644f4908562f8fb8870d3,ffc5805e29a74be0a55b40318aa321d7,9bf3b77eb9874f5f9e006a9cff111ea9,1393dac7d34b4c34b1a8091a5bea3663,52ee59901f3b4de884d7a6720538aed6,23a16d69ffe848d593a4808907d8aa98,a9d82bb43410405ca21b44a5e82e22b6,99830b8da7c24f909914f7bb167f3ea6,34b736136487439389c10cc6bd4e9f4e,0092d1d820c64646b8bee9fd14f77acf
4a9f5a00cf914c0cb76a4ee585a73675,c588868fc3fd4e87a7cddf1ceb00b022,9460474d89704a68aaa6ccb62310ae3d,babbeca1f6a244a2a11ea77a3855e70f,c1d504dfeded4b8bb3c07777b7c7abde,31cf7db26a3249c5a6205b005662ddcf,b52468fc0af2435f9ba91939f72bbf6a,43ee0103cba54b4e9d165717735ca0f6,e96fae6d607246b18b8494aabe521036,6b4676aba2a746b3ab778315afc8ee82,eb21a4e2b7bd43efbdf0c365415e7fef
61251687d2444fe8b74dce9025233ead,9094e936e13641cc9bfcc7dc1408d86e,79721c9bb6a54ecdb3d0a0f4011762c1,0c9c05f86aa042abbdd66d2b2d05d374,2b3ecf8be2b242f3b8a1e714390749fb,1393dac7d34b4c34b1a8091a5bea3663,f69855cdf66d4f6887ecfd0ddb9014b5,f6207eb593394ff78e2cb35057477422,d9b97376c5e44d8786f861a5788af644,e79ae27b52fa4d54aa37735fd275c66e,e834bfbd30b247e899f0dc029ab9f072
42f90bf7d5ef47d8b2f88399cb0f3a2e,0c9c05f86aa042abbdd66d2b2d05d374,9094e936e13641cc9bfcc7dc1408d86e,2b3ecf8be2b242f3b8a1e714390749fb,f69855cdf66d4f6887ecfd0ddb9014b5,1099cb6f4fac4eb8a1fb6db50e18296b,2839430464164d5ba00713b42d4d96e4,0ecfdd96e0054841883acba75e83b232,19593c97fef0474dbe6051e28338f1e9,1393dac7d34b4c34b1a8091a5bea3663,f6207eb593394ff78e2cb35057477422
b3c99c83d4e34424adca9ea35f3016b4,a64f6232ee1e4357937008a327a63cf4,99ba4cc9355f4d79a68bc69ac12a716f,342aaa81ed004635bbf9cbc2592cd7b6,eff24b01b2f5428baa4c3fef6cb40d41,36ac84a73ad34261ad45cf569edb60af,fadf133e0e684a24ac79b5fa9515bac2,0c9c05f86aa042abbdd66d2b2d05d374,da61d9bc8f024a4aba18d5c3072b7838,c74557a980e2428a9ffcc245278df692,66690895454847fea5a000202fbfab2e
cc2355a9c26249c0b3722824339d73f5,a64f6232ee1e4357937008a327a63cf4,36ac84a73ad34261ad45cf569edb60af,0bd1cce9370a461089e25393086800a8,9bf3b77eb9874f5f9e006a9cff111ea9,eff24b01b2f5428baa4c3fef6cb40d41,da61d9bc8f024a4aba18d5c3072b7838,6bedb2d6ace34e18811b7f1206b2d1b0,fadf133e0e684a24ac79b5fa9515bac2,342aaa81ed004635bbf9cbc2592cd7b6,5cf392f15360460bae6a6b0182bb99b9
7e2f96b3e0ce428cb02c7ab9d85a8cca,898eabaaa1a047e18aecbb1c5a8decbf,b83013f4c5524232814efa0f8651867f,d445ccdb4cda497e9f0343a3298022d2,26869cc099c44c4a86f6043476ab4890,cc243eebbb2b44a581745865a60c423a,7d6122daabe442ffb5e57ece1882e714,06b7dd1b701544ac80dd7ca54ed707cf,6b4676aba2a746b3ab778315afc8ee82,74de04f31db94a99b757685c91779412,fc70a4c2c4834e0eba1a14470f563b03
c1de7b286d874eeab76f13a3c0d2f90f,7f5b658239034d35b7f4cf1c63cb388c,f4b7e6e902e344859cb041126b69ce3c,10b152bdafe94db8a93f7c374226a071,a8904adcdd21495f890bc614bfdbf86f,de1102228a324428989533278cd482f6,beccee3a988f48c1ad207e2380766fa4,0e8487b2e6a2439b9e6623a1e2e5e19d,93bf0b86be094f68a9d308ca5ecfb4e3,40f040fd5c824c8e8e710af1fdf70b5f,aaab880f032a4e00904cf50566164044
e61649949748401a9d06187bc97c8b58,7f5b658239034d35b7f4cf1c63cb388c,a8904adcdd21495f890bc614bfdbf86f,de1102228a324428989533278cd482f6,0e8487b2e6a2439b9e6623a1e2e5e19d,29fb30a75c57451a85f310aa6423a662,f3fddb55448a46778b5d807642cceb71,ee337b5c1ef3431e9c120250bfec4cac,f4b7e6e902e344859cb041126b69ce3c,dd9e8283197b473d8ffd502561bdaaec,b83013f4c5524232814efa0f8651867f
b81b07771bcd450f9d8eaba7182f30c7,898eabaaa1a047e18aecbb1c5a8decbf,b83013f4c5524232814efa0f8651867f,076e2669c305401fb3afcfafdd6c79c7,8dfe01febd46475ab5aef97033716ce1,fc70a4c2c4834e0eba1a14470f563b03,cc243eebbb2b44a581745865a60c423a,e735729c80d84f76a6133c065d5380f8,7d6122daabe442ffb5e57ece1882e714,06b7dd1b701544ac80dd7ca54ed707cf,e12ad1ce8e7940a999b9a4f91a95fab7
10477b255a0f4b31bdc6941e131708f6,1232f20e710b448e8c0538b9e84dab1c,eee7f32249c5452ea36c8ed3a3540010,9909a671f7414c19b2727e7d4d4dcf1b,7d0190486da540718e4dc4ca4bd1f573,b69c17a10a55494d8caa56c33e8f4a56,3e6a4b65a1004c08a6f3f570cf986c2f,0592b57e490d4206a3f12eb004a0afe0,6dc5832f0ac04df2bd99c6415b3ecf09,db0c3a952e454b90aa4a68feb6a50e87,cb2505b30d8a4dc086c353cf94424b6d
98224d85c5a5408b97fc3f91e37c6172,444fa28d9ed54c82a522699041eae592,ffc5805e29a74be0a55b40318aa321d7,c84deec0ecf843c39f52d4cb8e7300f8,434551fdf9e443ed91679a9557ae6fd5,5537ddec608a4ec586ea068fa27547ca,77cecb221149474896d9b2eb848bf150,eb21a4e2b7bd43efbdf0c365415e7fef,c750a2994555414790abb3281572bb42,a9d82bb43410405ca21b44a5e82e22b6,34b736136487439389c10cc6bd4e9f4e
9cde6cf03d36463a9fa125c9a5d8579b,c65af18670ea437c8986884645b3afe9,655a618282cd4fa39a26f0967c033f4b,bcfa4a4177d44d8b8cda17b7a23196b0,ff276acede2f4c14876ef47257758ae8,ec580ac6dd7149fb8a0a5a5d8b0f5b08,0592b57e490d4206a3f12eb004a0afe0,b2992fe473124dd0b895cf81f59f6db6,1232f20e710b448e8c0538b9e84dab1c,db0c3a952e454b90aa4a68feb6a50e87,3aaea7fa41fd43cdb88f8ef59062c5df
97496eac7339419799091685c1a6c966,444fa28d9ed54c82a522699041eae592,34b736136487439389c10cc6bd4e9f4e,ffc5805e29a74be0a55b40318aa321d7,a9573f188204436090fb4a5240e4eccd,434551fdf9e443ed91679a9557ae6fd5,452d645d5bf4485185e996dcec9523e5,e7aaa514f6f64a258a640ea341aa1a18,9bf3b77eb9874f5f9e006a9cff111ea9,26e55eb4d910464497d700bfdf5a36ca,98fbdf945d0c4206a48a4f7260e56017
308e1406bba647a6afa6645b35e09bbd,98b2022b2cb84af09ee8b789db928b13,e5a3c8867e44498d9182e8be934e0fce,b00b2395b49949508fade89bb3eac98b,77c8b175ca9d411b8d28d1ed0dc40304,e511c40ca6324803b5021e47b4e777f8,1aaf8edc37ea412b85e3d1b5c5317051,2ea3b46262e649f79900258cd90cce31,c4b9d7a8d5d342459d2282589b3af293,7326afe68eb64b63993b3dae022c645d,c2a665cec90e46db8d2a74389beb4649
eaae15d0cec34edcba4d16f18e51feeb,e53dd6188816429ab915de6f9649a026,e43d8e7bc32f406b9a692e2604f5b45a,4e7ee74be72a461fa02fa61bee62bdcc,86f59bd78b424260b0cf356f2f9ae734,7d6cdff8c9ac434196df803628fe9f62,5f481b07f9734f518a14853831233b78,0d0973762130427eaa2ce9a7a34517db,5b588e34588940788a22036b775ecc2f,105ad424733e4cffa7c474b51e3980aa,7627d5e28ba74cbeaf9225e88a7a44cc
2fa2158b5d3142e1a336b9938e7ec3e4,b702b2b61ce048c6bf5af3c4dca18b1a,1d70bc69b2f84bef9aa5fb0d9917e38d,43464ed6733f4642a0b90e7d995a5e40,6b4676aba2a746b3ab778315afc8ee82,384b14b18c3c43b1a4dc1aa2f661e076,aa082284f9894b5aa210c179d59999b1,3d3e8565d2f84e0cad5ae622f2909765,7e190e3c05d74e6b9f103e39142c1684,82d68ea370f8451aa16ea08f4601245c,b77d8b7bb0114c379139d280a9210e83
b3e94875f12a46d49a18038edf575672,b702b2b61ce048c6bf5af3c4dca18b1a,1d70bc69b2f84bef9aa5fb0d9917e38d,3d3e8565d2f84e0cad5ae622f2909765,43464ed6733f4642a0b90e7d995a5e40,384b14b18c3c43b1a4dc1aa2f661e076,b77d8b7bb0114c379139d280a9210e83,6b4676aba2a746b3ab778315afc8ee82,aa082284f9894b5aa210c179d59999b1,6c79712e67b54dd0a11d426a91207939,ccb62901750b4d13a922fc161b607f83
bb76a200223d446492dbeb01f3dcd83c,f91157bb8fca4a8e98db33591a76be9a,98fbdf945d0c4206a48a4f7260e56017,c84deec0ecf843c39f52d4cb8e7300f8,211ef3181e524685866fb8574d9bf456,3c0f3b44c0844df49b5898406fe9195a,34b736136487439389c10cc6bd4e9f4e,0092d1d820c64646b8bee9fd14f77acf,77ce0587a12b46bab8814225ba86753e,4d0a737f396d4a95808085bd1306746c,9bf3b77eb9874f5f9e006a9cff111ea9
249ef4fd3a32489e875b8ff944f609e3,97959d02a64f4a3fbbebe7cbece6c012,fc430b7683934be2aba12468b2409bb8,b77d8b7bb0114c379139d280a9210e83,452d645d5bf4485185e996dcec9523e5,f91157bb8fca4a8e98db33591a76be9a,07958f43551e459eb30638b632e3cd64,77ce0587a12b46bab8814225ba86753e,feb980ae999948ce9be0266b4ddc048d,724a3f6551e74ad585bdeac9a75fd639,3c0f3b44c0844df49b5898406fe9195a
08a04363ed37468191357b12b4afa016,d445ccdb4cda497e9f0343a3298022d2,938147b72e9540da8513910871e0830a,1d70bc69b2f84bef9aa5fb0d9917e38d,aa082284f9894b5aa210c179d59999b1,08ecf89bc10942a4bd894482f6fcdfa7,1f3cf50fe1f947d8a56e02ebca441c4c,d9096650c434432c871effeca9acd5c6,daed5458403e49e3aea72f4bcc6dd224,29088685e31a4d86b60b514e98117361,8d595c7da42545c88052e7b213b6c97c
62e089fa066d404daadaf7ab2e75f3c4,d445ccdb4cda497e9f0343a3298022d2,08ecf89bc10942a4bd894482f6fcdfa7,211ef3181e524685866fb8574d9bf456,938147b72e9540da8513910871e0830a,02a3cd76ce534d188b4d5ac4778bd652,0971af4212484a958eb0f60f93d1dfe0,6b4676aba2a746b3ab778315afc8ee82,d9096650c434432c871effeca9acd5c6,1f3cf50fe1f947d8a56e02ebca441c4c,7e190e3c05d74e6b9f103e39142c1684
772aba18a7014577b8975d8f66f55383,215f3d275db14601a0383885cbaad86e,938147b72e9540da8513910871e0830a,feb980ae999948ce9be0266b4ddc048d,d9096650c434432c871effeca9acd5c6,02a3cd76ce534d188b4d5ac4778bd652,b277101390e1465685ef79bf3519f8d7,245212a659504b9b9cdbaf1ab1d040ff,f69dcaceb6074ddebfe1dc7e5978fcff,0971af4212484a958eb0f60f93d1dfe0,d445ccdb4cda497e9f0343a3298022d2
222088ceffe04fd9a94096cfb805d9aa,215f3d275db14601a0383885cbaad86e,02a3cd76ce534d188b4d5ac4778bd652,b277101390e1465685ef79bf3519f8d7,19593c97fef0474dbe6051e28338f1e9,d9096650c434432c871effeca9acd5c6,feb980ae999948ce9be0266b4ddc048d,938147b72e9540da8513910871e0830a,b3a022950e444682a113cec5a0537f6a,0971af4212484a958eb0f60f93d1dfe0,cb75c6ef71cb4991805920f2894e0e96
215fa8886dc743ea866c55c92e55275a,105ad424733e4cffa7c474b51e3980aa,b3f8b4bec0164d0e81997b4f5a277e8f,69ac8397e9624bfd8aee237b9f9ea3b5,ccb62901750b4d13a922fc161b607f83,df5ca61304074da1bec8f536ab50baf3,99a52c93a3304ec18dab9206f98f2a8b,c1def54262224e23acf67a9870725ce5,17b5eb6fab65476f827dd355b4a20a55,b77d8b7bb0114c379139d280a9210e83,097f2ce3b88c4d008488b9908076497e
c15e316f43844831a8809cd85924e3b1,fbfaa119f55a477984e42d80498f54d3,b23a9c50eada4286a4f7ce8668b92db1,cf290994a83e4909aec30077477b9d04,643fbbdd6b764ba9904a4ee67a86b9fd,5537ddec608a4ec586ea068fa27547ca,25109e3a7df549e5b380aae716d71366,119a6d7b4af3458b951fc1c5ab5e1738,a9573f188204436090fb4a5240e4eccd,e511c40ca6324803b5021e47b4e777f8,e1c63000ace94c1d9381d82389fe6afd
fb89d31587634cee9cf443d998d56245,105ad424733e4cffa7c474b51e3980aa,69ac8397e9624bfd8aee237b9f9ea3b5,b3f8b4bec0164d0e81997b4f5a277e8f,ccb62901750b4d13a922fc161b607f83,4a6eba10a02a4ecdbb6b25e8651c3789,bcfa4a4177d44d8b8cda17b7a23196b0,097f2ce3b88c4d008488b9908076497e,97959d02a64f4a3fbbebe7cbece6c012,df5ca61304074da1bec8f536ab50baf3,039f8e63b273472d8f1d99d9a5de5cf5
a9c15421f19d4bfca5a2210dbafbd327,b4dadb3ea3a04cc3932094471debce13,4a7fa5a1bafe4b6995e2920444ac07c4,59f62d35b1ad451397b700b3dad25448,07d869789eda4445a1ecfe59c331db0d,24c55bb5cd694770ba895c7401da2ba5,5fc200cab89346658c9c91cce27e85fe,5cfb876eeb4f410aa1282cc279f0e546,a5d5fb459a1844088e93ae557ab34afe,4c67cc7a1ccc496db132636e3f4853a2,f69855cdf66d4f6887ecfd0ddb9014b5
405c71393da6481db0f9c471e6ff0b9f,b4dadb3ea3a04cc3932094471debce13,4a7fa5a1bafe4b6995e2920444ac07c4,59f62d35b1ad451397b700b3dad25448,07d869789eda4445a1ecfe59c331db0d,5fc200cab89346658c9c91cce27e85fe,5cfb876eeb4f410aa1282cc279f0e546,24c55bb5cd694770ba895c7401da2ba5,4c67cc7a1ccc496db132636e3f4853a2,a5d5fb459a1844088e93ae557ab34afe,2b3ecf8be2b242f3b8a1e714390749fb
10672c8813224cd19e1b65d21bfbf3fc,e88ce4cd350f43398a5c0ab8629cee72,e2e0c8c96aff4c00896ac6986bbb20c2,25afb6f7e9314af09008644bca5955b9,724a3f6551e74ad585bdeac9a75fd639,33b5e2ae5ebe4f548bac3a00ab0a59eb,39e2b00e1cbd471488cf56f31d2cec7f,19098957d8c24cab95daa30c2baefd8f,097f2ce3b88c4d008488b9908076497e,04d24d1cf42b4f7787d8d300cbad6d50,b77d8b7bb0114c379139d280a9210e83
380188fc5ffb4a8db6256661aefa22ee,7bbe3c76bcc04d73969f920d43fcc67d,00614d60b3544ba790dfd23dd53992e0,da88fa5efc674368b593444ca950dff9,0eb119aabc884795a4768c6d3e677ea1,249c2d8d8d2345c6990b3c4d94385b5a,f91157bb8fca4a8e98db33591a76be9a,7dd5e88dfdd24cafab2c765939757354,fc430b7683934be2aba12468b2409bb8,be8953cc364d46cebbcc2c2da2c348ab,e2e0c8c96aff4c00896ac6986bbb20c2
78bedef4e219493c8b9a059437b0c690,7bbe3c76bcc04d73969f920d43fcc67d,249c2d8d8d2345c6990b3c4d94385b5a,da88fa5efc674368b593444ca950dff9,f91157bb8fca4a8e98db33591a76be9a,434551fdf9e443ed91679a9557ae6fd5,7199f2fe77824236a392e1f00a5bdfc3,11e9586d6c7a443c8025278f8ef53b6d,00614d60b3544ba790dfd23dd53992e0,be8953cc364d46cebbcc2c2da2c348ab,df0c94234d9d4890b5b4b95c441b3e9a
a73bf22ed53e478bbdb05661b2bb34bb,b23a9c50eada4286a4f7ce8668b92db1,1232f20e710b448e8c0538b9e84dab1c,f32f4607b4714e378831f924c5e6084d,52ee59901f3b4de884d7a6720538aed6,9bf3b77eb9874f5f9e006a9cff111ea9,3356a8a8c6ee4f30bc2b028e360d4471,70558882c04e46bd99d15e9786468418,643fbbdd6b764ba9904a4ee67a86b9fd,31cf7db26a3249c5a6205b005662ddcf,d476be2399b7424a88d242b771c32041
f8807fdc0c904075885c336e24827732,1393dac7d34b4c34b1a8091a5bea3663,99830b8da7c24f909914f7bb167f3ea6,64e74af099b0485f8b6e71ac73aa2cb8,de6ac628a786435f9925c8cc1d707d6b,6bedb2d6ace34e18811b7f1206b2d1b0,79721c9bb6a54ecdb3d0a0f4011762c1,3f1c2bb09c4e4400b6ba19542fafce18,ad054da7e1704a53931a341173f0605f,2b3ecf8be2b242f3b8a1e714390749fb,9bf3b77eb9874f5f9e006a9cff111ea9
c21fcb50e9a24b558b8fcc3a2d0f2042,64e74af099b0485f8b6e71ac73aa2cb8,1027a336232c4454a9c4ae450a562788,4a3d4daed4b24a1898551f0fd1ba44f1,0b57f893483647c3aed811775a4c4c04,da61e0de396149208c9ebd0fd6d7415d,4926607aafe749538c930e108275547e,66690895454847fea5a000202fbfab2e,ad054da7e1704a53931a341173f0605f,5fc200cab89346658c9c91cce27e85fe,fadf133e0e684a24ac79b5fa9515bac2
0e4f6fd8c126417aad3dfe97ea1dee56,ec5fe0d3a2a2426ea4e49a5c0ad44e04,beccee3a988f48c1ad207e2380766fa4,de1102228a324428989533278cd482f6,10b152bdafe94db8a93f7c374226a071,051d304b7139431fb3bff19b4e75aff7,6bedb2d6ace34e18811b7f1206b2d1b0,5cf392f15360460bae6a6b0182bb99b9,04537eabb0434eb2804d1220770b85a0,0e8487b2e6a2439b9e6623a1e2e5e19d,48c31b1e2ce94de8968fab433813fa91
11fd1036e3764df2a694b62f3f7a04ca,beccee3a988f48c1ad207e2380766fa4,ec5fe0d3a2a2426ea4e49a5c0ad44e04,aaab880f032a4e00904cf50566164044,e5a3c8867e44498d9182e8be934e0fce,de1102228a324428989533278cd482f6,e9428816b054499298745b742f128f65,40f040fd5c824c8e8e710af1fdf70b5f,ca1a2a6308834baba3140b5ce8f81320,b626eb67c2e14afeae2846bb150976f3,9500823cb050427696343b1ea5cf8881
16f482cec0e0411f8a1d2610a2aacb63,beccee3a988f48c1ad207e2380766fa4,ec5fe0d3a2a2426ea4e49a5c0ad44e04,aaab880f032a4e00904cf50566164044,e9428816b054499298745b742f128f65,e5a3c8867e44498d9182e8be934e0fce,de1102228a324428989533278cd482f6,40f040fd5c824c8e8e710af1fdf70b5f,9500823cb050427696343b1ea5cf8881,b626eb67c2e14afeae2846bb150976f3,ca1a2a6308834baba3140b5ce8f81320
cd59d2d18bf04a6a901a0110f5fc4b13,ec5fe0d3a2a2426ea4e49a5c0ad44e04,beccee3a988f48c1ad207e2380766fa4,de1102228a324428989533278cd482f6,5cf392f15360460bae6a6b0182bb99b9,6bedb2d6ace34e18811b7f1206b2d1b0,baf841bad27c456c9de7227555ea3ef8,10b152bdafe94db8a93f7c374226a071,0ecfdd96e0054841883acba75e83b232,051d304b7139431fb3bff19b4e75aff7,48c31b1e2ce94de8968fab433813fa91
a3447d7a1b25452ab7eb7228d9426dbb,887e323cc38f4cf8adc5970617f1c286,fc70a4c2c4834e0eba1a14470f563b03,8c5f38853679436ba434b6a696e43168,afac6ae28fac41dabae96696990c5555,dd36cc0867b94d55a43b82c1c9a0e95c,a297e08effdf4a69a6c4d79a34a0c6ad,b8da01ceddcb45a491a288ddbc658e90,4230775a9d51448396cacb9061f0e5f9,2639b6540bda414f8a9baa3b5cdb612a,fe363cef357840fcb35f320fe7c27e4e
bc979d6c4eac47c3bd21510ffe22054c,91f0da6d71574ababd8e868bddec9310,8889c114b071429cbe2418f5b0f2024b,b01fd4d037a84a7aa777e1fc345c73c5,bfd1d441da734aad88cfacdab3ee4059,59f62d35b1ad451397b700b3dad25448,0842a796c09b4089933a4f27e4e5e3bc,530b37164090408dbab4e6da51111b8a,d658e3a743af41899183fecff6b2628d,6866efc8987a4ec8b04b7abd28fb5777,2d43cf91509846e29ab4febd7781919f
8033dc78a96946859252dbe5da10286d,d695b7afdc3841a28a56df578e56afce,23a16d69ffe848d593a4808907d8aa98,8987ceafff324f9599b842542e37eddd,00614d60b3544ba790dfd23dd53992e0,b585a2970e9f421da236241f603883f2,f1c9c5051bdd4a11a064260bbb9d6d7b,be8953cc364d46cebbcc2c2da2c348ab,434551fdf9e443ed91679a9557ae6fd5,82d68ea370f8451aa16ea08f4601245c,1d70bc69b2f84bef9aa5fb0d9917e38d
01ac48c3001b4c44a7b582ac608de711,e12ad1ce8e7940a999b9a4f91a95fab7,f2cfa68a47ce4a43a0fe1cc7dc860418,7dd5e88dfdd24cafab2c765939757354,f91157bb8fca4a8e98db33591a76be9a,f1c9c5051bdd4a11a064260bbb9d6d7b,4d0a737f396d4a95808085bd1306746c,3356a8a8c6ee4f30bc2b028e360d4471,8987ceafff324f9599b842542e37eddd,5e44915237fc4445b54b037e1c4e29a4,19a124c6dad14a4fa7864463b081009c
7c0d5434c5bc489793133ad27a07f74e,e12ad1ce8e7940a999b9a4f91a95fab7,f91157bb8fca4a8e98db33591a76be9a,f2cfa68a47ce4a43a0fe1cc7dc860418,7dd5e88dfdd24cafab2c765939757354,f1c9c5051bdd4a11a064260bbb9d6d7b,19a124c6dad14a4fa7864463b081009c,3356a8a8c6ee4f30bc2b028e360d4471,8987ceafff324f9599b842542e37eddd,b834c0b0c10b471b87ad3f11468de619,5e44915237fc4445b54b037e1c4e29a4
37c59c24c4b344198d9d5abcdf597519,d695b7afdc3841a28a56df578e56afce,23a16d69ffe848d593a4808907d8aa98,f1c9c5051bdd4a11a064260bbb9d6d7b,444fa28d9ed54c82a522699041eae592,eb21a4e2b7bd43efbdf0c365415e7fef,be8953cc364d46cebbcc2c2da2c348ab,714e47cd21e5416f864a4bc938850a72,f12e9e5805534d719f829332d1ea5d29,403835bbf2f1447188bcc78e062b0028,e12ad1ce8e7940a999b9a4f91a95fab7
70b93f2c45f0428a89fc7fd8ce0b6106,6ea31a945d494834a3d243f1f90af02a,0cdb0f32850f4585a16de4886462bbe0,1f3cf50fe1f947d8a56e02ebca441c4c,daed5458403e49e3aea72f4bcc6dd224,aa082284f9894b5aa210c179d59999b1,41e657daa20545a588584578bdb4101c,1d70bc69b2f84bef9aa5fb0d9917e38d,097f2ce3b88c4d008488b9908076497e,ccb62901750b4d13a922fc161b607f83,ff171f0b29974f78b0e81fee30abdd38
b1b978d0d5a04bd69d56ef30d2af57e3,0971af4212484a958eb0f60f93d1dfe0,b0d2e6c4b2384950b3696c4414870282,cc243eebbb2b44a581745865a60c423a,1f9cd7f2b7a14e2f8d490a104a56edcd,41e657daa20545a588584578bdb4101c,f0084465b2e646c9a53d9dc766067d9b,daed5458403e49e3aea72f4bcc6dd224,d9096650c434432c871effeca9acd5c6,dd36cc0867b94d55a43b82c1c9a0e95c,d75a52d716984f318f976bbfc7bee787
c63f586816974c308053ab40652e867f,0971af4212484a958eb0f60f93d1dfe0,cc243eebbb2b44a581745865a60c423a,41e657daa20545a588584578bdb4101c,5abf57d57d84440e94d0d2e2ffb37575,70558882c04e46bd99d15e9786468418,f0084465b2e646c9a53d9dc766067d9b,daed5458403e49e3aea72f4bcc6dd224,b0d2e6c4b2384950b3696c4414870282,1f9cd7f2b7a14e2f8d490a104a56edcd,02a3cd76ce534d188b4d5ac4778bd652
6ea9898485944849b1119856b900eee9,eb21a4e2b7bd43efbdf0c365415e7fef,b3209c60460a437294e2b30a9e9d3f53,1232f20e710b448e8c0538b9e84dab1c,90b560de76b149c09c7cd6efb3f12cfd,bcfa4a4177d44d8b8cda17b7a23196b0,99a52c93a3304ec18dab9206f98f2a8b,7627d5e28ba74cbeaf9225e88a7a44cc,8d595c7da42545c88052e7b213b6c97c,f12e9e5805534d719f829332d1ea5d29,0592b57e490d4206a3f12eb004a0afe0
e3fbe9aa3f674b32824114cc216c78ae,a5365055a36a4ec1bf5b0ce2ef949a35,3b7d56c26da14b3a9b1cd52b5b35891b,9aca522158f443fd8a9caaec38ae5e2c,c3a741d302d94ee294bb6e4090fd2da9,e8f18e4bdf054390a1768978dca8e430,56272326c7e94e419ea8c69fb634f610,e511c40ca6324803b5021e47b4e777f8,b0d2e6c4b2384950b3696c4414870282,36ee1613abf245cdbe93fef69b5f981f,da61d9bc8f024a4aba18d5c3072b7838
db1e964f321c4227b0b29f870ee1f47e,8dfbb6a204a0441492c35baca6190969,f69dcaceb6074ddebfe1dc7e5978fcff,2ece45504eff42469c104dc2a2d03caf,31cf7db26a3249c5a6205b005662ddcf,5e44915237fc4445b54b037e1c4e29a4,6b7b5d28293d4a5a8075f7f7dd231ddb,590df34aa41f46e9ad13ffc6a98da3b7,df5ca61304074da1bec8f536ab50baf3,43ee0103cba54b4e9d165717735ca0f6,17b5eb6fab65476f827dd355b4a20a55
8b132fbf58574d90aa4cf5ddc704b658,f69dcaceb6074ddebfe1dc7e5978fcff,e96fae6d607246b18b8494aabe521036,c1d504dfeded4b8bb3c07777b7c7abde,9c69642fab6749848e7ea7f5406a6da4,daed5458403e49e3aea72f4bcc6dd224,f0084465b2e646c9a53d9dc766067d9b,29088685e31a4d86b60b514e98117361,1f3cf50fe1f947d8a56e02ebca441c4c,67dd23cfd20f46dc82acc82c108a1dc6,31cf7db26a3249c5a6205b005662ddcf
8cb387b1679843169efe77577286098c,ffc5805e29a74be0a55b40318aa321d7,52ee59901f3b4de884d7a6720538aed6,250d411ae270441085be3501b7b55d86,99830b8da7c24f909914f7bb167f3ea6,34b736136487439389c10cc6bd4e9f4e,23a16d69ffe848d593a4808907d8aa98,9bf3b77eb9874f5f9e006a9cff111ea9,0092d1d820c64646b8bee9fd14f77acf,c84deec0ecf843c39f52d4cb8e7300f8,2c3599a1611644f4908562f8fb8870d3
bd22a678c6cc469fbcd9725604a12326,ffc5805e29a74be0a55b40318aa321d7,c84deec0ecf843c39f52d4cb8e7300f8,77cecb221149474896d9b2eb848bf150,250d411ae270441085be3501b7b55d86,23a16d69ffe848d593a4808907d8aa98,52ee59901f3b4de884d7a6720538aed6,34b736136487439389c10cc6bd4e9f4e,9bf3b77eb9874f5f9e006a9cff111ea9,ad054da7e1704a53931a341173f0605f,93dc50abd35349f7923100dca2f41002
ee15d39bccb6404eb47fcb884d906454,bc607fd6000b43108e49b3d05688fe90,f5d09519cf7647f8a107cd8fadd322e5,3e6a4b65a1004c08a6f3f570cf986c2f,ab57f83304bc4005998bbd6bc063fb4f,d7c9dafddaf547159d366dacf7b68a7e,ce4fdd5499f8498793c11e586f7da70c,7d0190486da540718e4dc4ca4bd1f573,11e1e3cdfe214385a2c24d0f957dde9b,eee7f32249c5452ea36c8ed3a3540010,563043f180e54e238ad4876974e5db4c
ccb86f144be341ac9a6ff07647fc1e2f,31cf7db26a3249c5a6205b005662ddcf,23199e1859544647893a97ea365c5c83,211ef3181e524685866fb8574d9bf456,7627d5e28ba74cbeaf9225e88a7a44cc,b77d8b7bb0114c379139d280a9210e83,dee9eddb2eac41bfaf36d3279d43674a,c1d504dfeded4b8bb3c07777b7c7abde,43ee0103cba54b4e9d165717735ca0f6,590df34aa41f46e9ad13ffc6a98da3b7,17b5eb6fab65476f827dd355b4a20a55
de734ca5438c4b22a9e1d7e170c3c57c,7e8a4a43e2f84dbb88e41cb24b3fe79f,c84deec0ecf843c39f52d4cb8e7300f8,eee7f32249c5452ea36c8ed3a3540010,250d411ae270441085be3501b7b55d86,5605fa1188974644937bbf92fec50e21,eff24b01b2f5428baa4c3fef6cb40d41,75801225047a4c019100660c13f1e0f1,0bd1cce9370a461089e25393086800a8,342aaa81ed004635bbf9cbc2592cd7b6,7d0190486da540718e4dc4ca4bd1f573
1b14bef50f7c4e24afcc755f17cc10df,174581fc299840e18e827432c0cce4dc,22d9d5ad33e947fd857c5c4a8b7dfae1,7d0190486da540718e4dc4ca4bd1f573,df0c94234d9d4890b5b4b95c441b3e9a,0bd1cce9370a461089e25393086800a8,db0c3a952e454b90aa4a68feb6a50e87,30f654c6e69e48888f9f42dd95ab3c77,ad42c467d0fe43dbb328073f9a16bc4d,7d6cdff8c9ac434196df803628fe9f62,0092d1d820c64646b8bee9fd14f77acf
18283806841d46c39db8e7fd20713c52,36472797459c462e910846109fa624fc,a5365055a36a4ec1bf5b0ce2ef949a35,00e9d4081c2f45d1a818bfeab099863a,36ee1613abf245cdbe93fef69b5f981f,597aab8bb15240f89fd1b24a8e38258d,9db7d32d79024ba6a73c55fde6f55968,0d0973762130427eaa2ce9a7a34517db,86f59bd78b424260b0cf356f2f9ae734,5b588e34588940788a22036b775ecc2f,d7618b61a65a4bc1a0d0f2cc1bddc448
5e304e02eba04f73a50005680ad397d9,36472797459c462e910846109fa624fc,a5365055a36a4ec1bf5b0ce2ef949a35,36ee1613abf245cdbe93fef69b5f981f,c24e3823376b436c8eb46eaeebbc7718,00e9d4081c2f45d1a818bfeab099863a,d7618b61a65a4bc1a0d0f2cc1bddc448,5b588e34588940788a22036b775ecc2f,9db7d32d79024ba6a73c55fde6f55968,37ae696e40dd42ebb4738722daa3c523,86f59bd78b424260b0cf356f2f9ae734
17746de5e371420092452c78a59017b4,7879fa4d4db046a2a8d195311b6e5789,88353d1136d24836816b073de62e5f50,59f62d35b1ad451397b700b3dad25448,f69855cdf66d4f6887ecfd0ddb9014b5,5cfb876eeb4f410aa1282cc279f0e546,0842a796c09b4089933a4f27e4e5e3bc,4a7fa5a1bafe4b6995e2920444ac07c4,bbdf9065122d499d9d8f80ad3e0ef6f3,1419b2c686f44896a0ae2a43e93b5402,0daf8d5687b54d158f7f752884c42334
496cf23a51bc496da75e8ef2f4847bd2,bb84a4cf60c84a8d8e23276b1863d293,e22e1ad3c1fc4493bcb7c9b923566ff7,b585a2970e9f421da236241f603883f2,36ee1613abf245cdbe93fef69b5f981f,fb8c2b83e46441c2aaa7c81d3642e2da,8fdee0611965465eb45387b8c39f4136,7bbe3c76bcc04d73969f920d43fcc67d,47eb17da319d440aa52da8008c26327a,5c8a8b7a59c54b9aa7b7136fd91b5869,86f59bd78b424260b0cf356f2f9ae734
62d8c95fb6f24a1db3cd303bb5b85396,f69855cdf66d4f6887ecfd0ddb9014b5,5cfb876eeb4f410aa1282cc279f0e546,88353d1136d24836816b073de62e5f50,2b3ecf8be2b242f3b8a1e714390749fb,0daf8d5687b54d158f7f752884c42334,59f62d35b1ad451397b700b3dad25448,35c5a560ecdc4d6a9d20f057ed1fa0e6,4a7fa5a1bafe4b6995e2920444ac07c4,7879fa4d4db046a2a8d195311b6e5789,ee7c00877ae64dac87123a3d75251530
fa8048c81669437cb087918eab24b02b,be42a43f5186434db4f2815f768a9991,74bd120b8f714d03bc9dd1a703fe4d7f,1c2b01416e3943e3b3c575e53c3f1d16,c4b9d7a8d5d342459d2282589b3af293,d60986f4025d443ea58adba0e3d224a1,93dc50abd35349f7923100dca2f41002,eafb3480db704d7baa8216ce857d1610,19098957d8c24cab95daa30c2baefd8f,e9428816b054499298745b742f128f65,b9228fdb5f0c413d81cffb51829d95c6
b7d522798dc7498da4a40704cbb65a53,bb5c7d03a54647d08b8c62deeb803271,097c30a7f39a4a3abf6da2ca80cad3a5,0f785440b29548e1a1968868262fd42e,097f2ce3b88c4d008488b9908076497e,1d70bc69b2f84bef9aa5fb0d9917e38d,3574ab91c29940b3afc62354ae06b73b,f464960d2dbc43c0970c60600bd7f1cd,19098957d8c24cab95daa30c2baefd8f,eafb3480db704d7baa8216ce857d1610,8fca2e4873e946f7a788af2b846cebd7
23701e1499d04d6f890fffb1a8d95746,bb5c7d03a54647d08b8c62deeb803271,097c30a7f39a4a3abf6da2ca80cad3a5,0f785440b29548e1a1968868262fd42e,097f2ce3b88c4d008488b9908076497e,1d70bc69b2f84bef9aa5fb0d9917e38d,3574ab91c29940b3afc62354ae06b73b,f464960d2dbc43c0970c60600bd7f1cd,8fca2e4873e946f7a788af2b846cebd7,19098957d8c24cab95daa30c2baefd8f,26b18153216b48d793b75598ddb54d77
d8e490c2dc4e457291f1e7bb4ca941f2,be42a43f5186434db4f2815f768a9991,c4b9d7a8d5d342459d2282589b3af293,93dc50abd35349f7923100dca2f41002,74bd120b8f714d03bc9dd1a703fe4d7f,1c2b01416e3943e3b3c575e53c3f1d16,19098957d8c24cab95daa30c2baefd8f,6c874292dbcc49ff8bb8bbe5643593a5,eb21a4e2b7bd43efbdf0c365415e7fef,bf789f42ccfc42c5a330a3f6e30ddb83,0592b57e490d4206a3f12eb004a0afe0
e2c006dd97304dc5b599c8334ea91da4,f69bf682935e47e1b4c72d237becd13a,c14e45f5201b4038bdddddb238d888a3,3356a8a8c6ee4f30bc2b028e360d4471,f59a3ee5387440d981754b6595e8664c,5f481b07f9734f518a14853831233b78,64d9091426f9461c97c98a5428856bcf,7d0190486da540718e4dc4ca4bd1f573,c65af18670ea437c8986884645b3afe9,ad42c467d0fe43dbb328073f9a16bc4d,e12ad1ce8e7940a999b9a4f91a95fab7
180a003741a9400fb647528c1b5bcccf,42b6af4853fc465f83ec054f8f8289a4,9bf3b77eb9874f5f9e006a9cff111ea9,b277101390e1465685ef79bf3519f8d7,b0d2e6c4b2384950b3696c4414870282,19593c97fef0474dbe6051e28338f1e9,15b7b988bba143989cfd98d5c6c4d203,211ef3181e524685866fb8574d9bf456,a9573f188204436090fb4a5240e4eccd,66cba49431224a3788f914d6a80165e1,d75a52d716984f318f976bbfc7bee787
d9c92c59d5aa4726b77e009485c2ea31,42b6af4853fc465f83ec054f8f8289a4,9bf3b77eb9874f5f9e006a9cff111ea9,f5b766ea6abe4b5fb27d49cc3bc06020,033f1514c78b49dd82148b94f6bcbeba,b0d2e6c4b2384950b3696c4414870282,1ad0cf33e96243888d5f970195a75586,f4474150010f4021a4620372062f3797,250d411ae270441085be3501b7b55d86,211ef3181e524685866fb8574d9bf456,d75a52d716984f318f976bbfc7bee787
11ce9ba7b6bc4478a9c51c05eeca19e6,94ed54abfdc74b04b0dcb19c278e66f4,1ade4365590a4ac7865100d8c791e340,57bcda73abab44ee930b20cdaee9d24b,ca5add3cbf044a95a5bec88a5841ce98,e0ff5d4ae0ec4871a49041d550cdcaa9,a94cb58f1ca8456b96e39b5b1ebfb7ea,8987ceafff324f9599b842542e37eddd,35c5a560ecdc4d6a9d20f057ed1fa0e6,f335a944a27a4504a82ecf70c2d4a5e4,74de04f31db94a99b757685c91779412
95a503cfa55a48d6a01d293cc25399c0,2d43cf91509846e29ab4febd7781919f,26869cc099c44c4a86f6043476ab4890,59f62d35b1ad451397b700b3dad25448,8350ea8cd6514c2c8d7b625abe7e895b,0b57f893483647c3aed811775a4c4c04,0daf8d5687b54d158f7f752884c42334,503d2f067a8a4f5798b1c64b07ab0bc5,d695b7afdc3841a28a56df578e56afce,2f0401170d104b47b0a8f087f69dee88,8987ceafff324f9599b842542e37eddd
fdd0fecc1fbd4f8da6683ae92d766e3f,94ed54abfdc74b04b0dcb19c278e66f4,e0ff5d4ae0ec4871a49041d550cdcaa9,57bcda73abab44ee930b20cdaee9d24b,a94cb58f1ca8456b96e39b5b1ebfb7ea,ca5add3cbf044a95a5bec88a5841ce98,74de04f31db94a99b757685c91779412,8987ceafff324f9599b842542e37eddd,39a08a87897f47d3bdbbdc5ed8c9cd7f,41e657daa20545a588584578bdb4101c,d9096650c434432c871effeca9acd5c6
a63b30ed19774ee7bd8c65b80994011f,2d43cf91509846e29ab4febd7781919f,9500823cb050427696343b1ea5cf8881,0daf8d5687b54d158f7f752884c42334,59f62d35b1ad451397b700b3dad25448,b585a2970e9f421da236241f603883f2,6866efc8987a4ec8b04b7abd28fb5777,8350ea8cd6514c2c8d7b625abe7e895b,26869cc099c44c4a86f6043476ab4890,d695b7afdc3841a28a56df578e56afce,2f0401170d104b47b0a8f087f69dee88
b7ee6050d7ff433da190380cbf6c568b,55c0b899937042c98162389b209aca7f,f12e9e5805534d719f829332d1ea5d29,b3209c60460a437294e2b30a9e9d3f53,eb21a4e2b7bd43efbdf0c365415e7fef,0592b57e490d4206a3f12eb004a0afe0,6f57d1175ad243edada61643d01fcd54,25109e3a7df549e5b380aae716d71366,444fa28d9ed54c82a522699041eae592,643fbbdd6b764ba9904a4ee67a86b9fd,fbfaa119f55a477984e42d80498f54d3
9f79b85612a8457c9560f5188ba8de80,9094e936e13641cc9bfcc7dc1408d86e,3f1c2bb09c4e4400b6ba19542fafce18,19593c97fef0474dbe6051e28338f1e9,e343a998f4df4ac195c84e0fb571a393,ed4449952a9e45339b76fc5f123cb917,c84deec0ecf843c39f52d4cb8e7300f8,5760084aabef4d8095b2d21902151f64,cb75c6ef71cb4991805920f2894e0e96,79721c9bb6a54ecdb3d0a0f4011762c1,b277101390e1465685ef79bf3519f8d7
92842816932b4cedaf43f4075a7295f8,ad054da7e1704a53931a341173f0605f,c750a2994555414790abb3281572bb42,b585a2970e9f421da236241f603883f2,9bf3b77eb9874f5f9e006a9cff111ea9,82d68ea370f8451aa16ea08f4601245c,99830b8da7c24f909914f7bb167f3ea6,0971af4212484a958eb0f60f93d1dfe0,77cecb221149474896d9b2eb848bf150,250d411ae270441085be3501b7b55d86,79721c9bb6a54ecdb3d0a0f4011762c1
0ba88aef47574c8397c6bafc945b9a6d,7daa434073604cb98a04fefb55468dda,7dd5e88dfdd24cafab2c765939757354,434551fdf9e443ed91679a9557ae6fd5,eb21a4e2b7bd43efbdf0c365415e7fef,0c889c151e094b948c13b0275e660a9c,6b4676aba2a746b3ab778315afc8ee82,26869cc099c44c4a86f6043476ab4890,d658e3a743af41899183fecff6b2628d,19a124c6dad14a4fa7864463b081009c,dd36cc0867b94d55a43b82c1c9a0e95c
908bfd5077a44b398cdda1f6b068ef55,7daa434073604cb98a04fefb55468dda,dd36cc0867b94d55a43b82c1c9a0e95c,eb21a4e2b7bd43efbdf0c365415e7fef,0c889c151e094b948c13b0275e660a9c,26869cc099c44c4a86f6043476ab4890,434551fdf9e443ed91679a9557ae6fd5,7e190e3c05d74e6b9f103e39142c1684,f1c9c5051bdd4a11a064260bbb9d6d7b,be8953cc364d46cebbcc2c2da2c348ab,feb980ae999948ce9be0266b4ddc048d
a165443e0d954522807ce0ab172fcdc5,361f2b7f3f044907b3a331872fb18755,5e44915237fc4445b54b037e1c4e29a4,b2bcb4d9456c4763a0159ffd1f3660bb,30f654c6e69e48888f9f42dd95ab3c77,ad42c467d0fe43dbb328073f9a16bc4d,dd36cc0867b94d55a43b82c1c9a0e95c,6b7b5d28293d4a5a8075f7f7dd231ddb,df5ca61304074da1bec8f536ab50baf3,0cdb0f32850f4585a16de4886462bbe0,e88ce4cd350f43398a5c0ab8629cee72
f9f0efaa4a6142a7919a132744822ef4,dd77b570036f40de9fdf49011bb9e2d8,7ef653f7e5f64e1b8bba73b9518b87b7,26869cc099c44c4a86f6043476ab4890,02a3cd76ce534d188b4d5ac4778bd652,65e52d14d4d64d4fbad3de6ad319e745,50a2129b83404b94889a01f4688ebafd,19593c97fef0474dbe6051e28338f1e9,24c55bb5cd694770ba895c7401da2ba5,a5d5fb459a1844088e93ae557ab34afe,b277101390e1465685ef79bf3519f8d7
a1022ebe11dc4f2888d2400773e35559,3aa003c1e31b476e999c3a808a1d5dc6,dd77b570036f40de9fdf49011bb9e2d8,1f9cd7f2b7a14e2f8d490a104a56edcd,2b3ecf8be2b242f3b8a1e714390749fb,c3502ff31ce6459a96164c934f297562,26869cc099c44c4a86f6043476ab4890,79721c9bb6a54ecdb3d0a0f4011762c1,f69855cdf66d4f6887ecfd0ddb9014b5,e4e12f4711fd41e39075e26cc274df45,b6c493a3666c4db193e86c79faf099ab
095cc723607c4786bac59694c8e22fac,39a08a87897f47d3bdbbdc5ed8c9cd7f,02a3cd76ce534d188b4d5ac4778bd652,35c5a560ecdc4d6a9d20f057ed1fa0e6,26869cc099c44c4a86f6043476ab4890,dd77b570036f40de9fdf49011bb9e2d8,d9096650c434432c871effeca9acd5c6,2b3ecf8be2b242f3b8a1e714390749fb,a055f8188384479a8bad418f7dffd9a5,5fc200cab89346658c9c91cce27e85fe,1ade4365590a4ac7865100d8c791e340
f975925d733d40bd99cdc31b176a5add,26869cc099c44c4a86f6043476ab4890,6866efc8987a4ec8b04b7abd28fb5777,0daf8d5687b54d158f7f752884c42334,4a3d4daed4b24a1898551f0fd1ba44f1,2d43cf91509846e29ab4febd7781919f,23a16d69ffe848d593a4808907d8aa98,19a124c6dad14a4fa7864463b081009c,b0236c76ae244fd8aacbea7da10e55ca,27a0d24dc1e14b28a1f18456b29c93f1,bbdf9065122d499d9d8f80ad3e0ef6f3
f71566d731d04b0fa7d5306ca6d5d1a3,39a08a87897f47d3bdbbdc5ed8c9cd7f,02a3cd76ce534d188b4d5ac4778bd652,d9096650c434432c871effeca9acd5c6,41e657daa20545a588584578bdb4101c,35c5a560ecdc4d6a9d20f057ed1fa0e6,dd77b570036f40de9fdf49011bb9e2d8,26869cc099c44c4a86f6043476ab4890,82d68ea370f8451aa16ea08f4601245c,67dd23cfd20f46dc82acc82c108a1dc6,57bcda73abab44ee930b20cdaee9d24b
6e42a161c552498789623a17244a874b,fbfaa119f55a477984e42d80498f54d3,643fbbdd6b764ba9904a4ee67a86b9fd,e511c40ca6324803b5021e47b4e777f8,36ac84a73ad34261ad45cf569edb60af,5d5baf5ce88b4b529e28ab9c7c114148,0a2c24dead204be9ae36be358e1223f9,999a2b52a5004ee984e587d5a1327b23,5a6f4a2f7f6a4b1fa146493472e6d721,b0d2e6c4b2384950b3696c4414870282,da61d9bc8f024a4aba18d5c3072b7838
947c873b63474e1c81b5f7d75177694b,52ee59901f3b4de884d7a6720538aed6,590df34aa41f46e9ad13ffc6a98da3b7,cf290994a83e4909aec30077477b9d04,cd764fbfae774d068af7549c648a02c9,da61d9bc8f024a4aba18d5c3072b7838,1232f20e710b448e8c0538b9e84dab1c,5d5baf5ce88b4b529e28ab9c7c114148,b0d2e6c4b2384950b3696c4414870282,e511c40ca6324803b5021e47b4e777f8,6f57d1175ad243edada61643d01fcd54
1869a01128ef42e787aac2c1e61067fd,43464ed6733f4642a0b90e7d995a5e40,1d70bc69b2f84bef9aa5fb0d9917e38d,ccb62901750b4d13a922fc161b607f83,6b4676aba2a746b3ab778315afc8ee82,29088685e31a4d86b60b514e98117361,b77d8b7bb0114c379139d280a9210e83,b702b2b61ce048c6bf5af3c4dca18b1a,e2e0c8c96aff4c00896ac6986bbb20c2,724a3f6551e74ad585bdeac9a75fd639,1f3cf50fe1f947d8a56e02ebca441c4c
4e741c03bcf2485b841a422cf7af28e7,6ea31a945d494834a3d243f1f90af02a,41e657daa20545a588584578bdb4101c,d445ccdb4cda497e9f0343a3298022d2,6b4676aba2a746b3ab778315afc8ee82,0cdb0f32850f4585a16de4886462bbe0,0971af4212484a958eb0f60f93d1dfe0,0f52f676197e4d4e92dec0a7bc4c4f7d,1f3cf50fe1f947d8a56e02ebca441c4c,daed5458403e49e3aea72f4bcc6dd224,d9096650c434432c871effeca9acd5c6
3b718c2254b44a6b98577df37cfcf2e6,724a3f6551e74ad585bdeac9a75fd639,e2e0c8c96aff4c00896ac6986bbb20c2,be8953cc364d46cebbcc2c2da2c348ab,0eb119aabc884795a4768c6d3e677ea1,1419b2c686f44896a0ae2a43e93b5402,097f2ce3b88c4d008488b9908076497e,eb21a4e2b7bd43efbdf0c365415e7fef,6c79712e67b54dd0a11d426a91207939,00614d60b3544ba790dfd23dd53992e0,7bbe3c76bcc04d73969f920d43fcc67d
5c555c29b0864fed9559512fc8b56e7e,e2e0c8c96aff4c00896ac6986bbb20c2,8b038cd0dafd45d8b1ce75177ca3a76b,19098957d8c24cab95daa30c2baefd8f,04d24d1cf42b4f7787d8d300cbad6d50,3d3e8565d2f84e0cad5ae622f2909765,25afb6f7e9314af09008644bca5955b9,f12e9e5805534d719f829332d1ea5d29,eb21a4e2b7bd43efbdf0c365415e7fef,724a3f6551e74ad585bdeac9a75fd639,33b5e2ae5ebe4f548bac3a00ab0a59eb
62c7211abab24fcca853aeb2813a880d,9460474d89704a68aaa6ccb62310ae3d,01bbbf1caa554d94b5decb69cc1add41,2639b6540bda414f8a9baa3b5cdb612a,c1d504dfeded4b8bb3c07777b7c7abde,b77d8b7bb0114c379139d280a9210e83,e96fae6d607246b18b8494aabe521036,3d3e8565d2f84e0cad5ae622f2909765,ff51ca928cd54f4da620c27983e221f8,afaf2edba0ee4d58860a5a04e4aabc5c,70aa10580bfe4069bdaa5721ae2d29db
0883118ad1b2497ab0b9df2a1e2b16b9,9460474d89704a68aaa6ccb62310ae3d,2639b6540bda414f8a9baa3b5cdb612a,c1d504dfeded4b8bb3c07777b7c7abde,19098957d8c24cab95daa30c2baefd8f,14ca42308d3141fba50b774042144343,01bbbf1caa554d94b5decb69cc1add41,3d3e8565d2f84e0cad5ae622f2909765,e96fae6d607246b18b8494aabe521036,097f2ce3b88c4d008488b9908076497e,48240083d13148bd84ddee8c7f9fcd22
f79a2bf431ab4c86b494e19d1845d00c,c66c6f1449d44728a2ef72de53dd6d5e,eb21a4e2b7bd43efbdf0c365415e7fef,90b560de76b149c09c7cd6efb3f12cfd,b98519f97e424c1389f5553f0869b15a,ff276acede2f4c14876ef47257758ae8,19098957d8c24cab95daa30c2baefd8f,41047823f2cb4194ba1e0709443c719a,c1d504dfeded4b8bb3c07777b7c7abde,7862a63720b34104abf5bfa44bc8178d,34b736136487439389c10cc6bd4e9f4e
a57e9b989c854296a345aa9dea1c5cb4,3f1c2bb09c4e4400b6ba19542fafce18,5760084aabef4d8095b2d21902151f64,6bedb2d6ace34e18811b7f1206b2d1b0,9094e936e13641cc9bfcc7dc1408d86e,a9d82bb43410405ca21b44a5e82e22b6,1393dac7d34b4c34b1a8091a5bea3663,f5b766ea6abe4b5fb27d49cc3bc06020,c84deec0ecf843c39f52d4cb8e7300f8,0bd1cce9370a461089e25393086800a8,15b7b988bba143989cfd98d5c6c4d203
8c894f4ececa48fe8b64acf34a77674e,c66c6f1449d44728a2ef72de53dd6d5e,eb21a4e2b7bd43efbdf0c365415e7fef,90b560de76b149c09c7cd6efb3f12cfd,b98519f97e424c1389f5553f0869b15a,ff276acede2f4c14876ef47257758ae8,41047823f2cb4194ba1e0709443c719a,34b736136487439389c10cc6bd4e9f4e,7862a63720b34104abf5bfa44bc8178d,70aa10580bfe4069bdaa5721ae2d29db,bcfa4a4177d44d8b8cda17b7a23196b0
8257521498a64a9fb7b41143b713373b,1027a336232c4454a9c4ae450a562788,64e74af099b0485f8b6e71ac73aa2cb8,4a3d4daed4b24a1898551f0fd1ba44f1,13e659415ac84c7a81fc769111d43417,4926607aafe749538c930e108275547e,66690895454847fea5a000202fbfab2e,26869cc099c44c4a86f6043476ab4890,ad054da7e1704a53931a341173f0605f,f69855cdf66d4f6887ecfd0ddb9014b5,cae139b6e4914ce7b0ef1e68b8b857eb
78188b8c0642428fb591262e5d86ce6d,5a6f4a2f7f6a4b1fa146493472e6d721,19a124c6dad14a4fa7864463b081009c,d87e5facd03b45f9829e8a1cd0fe0190,4a3d4daed4b24a1898551f0fd1ba44f1,e7ee85dd47ca43eeb2fdcd70b802f0ec,6866efc8987a4ec8b04b7abd28fb5777,7dd5e88dfdd24cafab2c765939757354,f5bcc6f48ed2447581b401d453039866,9bf3b77eb9874f5f9e006a9cff111ea9,764b8280445d4023aecaa53cf7758932
03d5ce4601154cbdad2bd459235427ad,1027a336232c4454a9c4ae450a562788,64e74af099b0485f8b6e71ac73aa2cb8,4a3d4daed4b24a1898551f0fd1ba44f1,66690895454847fea5a000202fbfab2e,4926607aafe749538c930e108275547e,c713a0ca69864ee7b240069c98dc44dc,cae139b6e4914ce7b0ef1e68b8b857eb,eff24b01b2f5428baa4c3fef6cb40d41,7e17bbd109dc486c8f0a76f913782180,d87e5facd03b45f9829e8a1cd0fe0190
e46f5e15b5ba480db90f0be1f5c6b070,c65af18670ea437c8986884645b3afe9,19a124c6dad14a4fa7864463b081009c,f12e9e5805534d719f829332d1ea5d29,e12ad1ce8e7940a999b9a4f91a95fab7,19098957d8c24cab95daa30c2baefd8f,6c874292dbcc49ff8bb8bbe5643593a5,bcfa4a4177d44d8b8cda17b7a23196b0,eb21a4e2b7bd43efbdf0c365415e7fef,d756970269e9443fb9bbf645a96aa84e,ad42c467d0fe43dbb328073f9a16bc4d
0e8d635cc3e241ddbe108bab5a0f863f,c65af18670ea437c8986884645b3afe9,b3f8b4bec0164d0e81997b4f5a277e8f,039f8e63b273472d8f1d99d9a5de5cf5,19a124c6dad14a4fa7864463b081009c,e12ad1ce8e7940a999b9a4f91a95fab7,f91157bb8fca4a8e98db33591a76be9a,d756970269e9443fb9bbf645a96aa84e,69ac8397e9624bfd8aee237b9f9ea3b5,df0c94234d9d4890b5b4b95c441b3e9a,7dd5e88dfdd24cafab2c765939757354
b6a711f4ec9b4b1bb1bcd06f684f9c22,82d68ea370f8451aa16ea08f4601245c,a9573f188204436090fb4a5240e4eccd,02a3cd76ce534d188b4d5ac4778bd652,1d70bc69b2f84bef9aa5fb0d9917e38d,ca5add3cbf044a95a5bec88a5841ce98,f335a944a27a4504a82ecf70c2d4a5e4,feb980ae999948ce9be0266b4ddc048d,b277101390e1465685ef79bf3519f8d7,70558882c04e46bd99d15e9786468418,a2612682d9854a30a7684c91c8619ec9
10346a6c05be419ba2fd6398a619c44e,24c55bb5cd694770ba895c7401da2ba5,3aa003c1e31b476e999c3a808a1d5dc6,0accd1d0138b49049d437c0d9b1c23c3,5fc200cab89346658c9c91cce27e85fe,f6207eb593394ff78e2cb35057477422,2b3ecf8be2b242f3b8a1e714390749fb,7ef653f7e5f64e1b8bba73b9518b87b7,da14e9dc2c3d4963b725de8102de5028,2d43cf91509846e29ab4febd7781919f,a5d5fb459a1844088e93ae557ab34afe
c2b5ae1e1c2c49d39e7b25d5660dfc10,02a3cd76ce534d188b4d5ac4778bd652,5fc200cab89346658c9c91cce27e85fe,e0d8aee46b1d4d998858cd05027251b6,3e59b61eb70146308db2308b988b54cf,24c55bb5cd694770ba895c7401da2ba5,35c5a560ecdc4d6a9d20f057ed1fa0e6,39a08a87897f47d3bdbbdc5ed8c9cd7f,2b3ecf8be2b242f3b8a1e714390749fb,57bcda73abab44ee930b20cdaee9d24b,bbdf9065122d499d9d8f80ad3e0ef6f3
4a7c88e745974776bdca788eeafcb775,35c5a560ecdc4d6a9d20f057ed1fa0e6,3e59b61eb70146308db2308b988b54cf,02a3cd76ce534d188b4d5ac4778bd652,39a08a87897f47d3bdbbdc5ed8c9cd7f,e0d8aee46b1d4d998858cd05027251b6,57bcda73abab44ee930b20cdaee9d24b,2b3ecf8be2b242f3b8a1e714390749fb,24c55bb5cd694770ba895c7401da2ba5,cb550e5ff4694fe9a19eaa6588cef250,2f0401170d104b47b0a8f087f69dee88
350aae48399c41099ec9c648db89df25,0ecfdd96e0054841883acba75e83b232,eeca68825e2a4bbdaa5ae962998fc33b,f69855cdf66d4f6887ecfd0ddb9014b5,01ffceddb5b34406a08bb982b424b3cf,e4e12f4711fd41e39075e26cc274df45,2b3ecf8be2b242f3b8a1e714390749fb,7aceed0dbea645b091207f4a53d879f2,da14e9dc2c3d4963b725de8102de5028,2839430464164d5ba00713b42d4d96e4,1099cb6f4fac4eb8a1fb6db50e18296b
09b37860da4b43c98172983e0ca57104,da61d9bc8f024a4aba18d5c3072b7838,9bf3b77eb9874f5f9e006a9cff111ea9,c84deec0ecf843c39f52d4cb8e7300f8,77cecb221149474896d9b2eb848bf150,444fa28d9ed54c82a522699041eae592,c2a665cec90e46db8d2a74389beb4649,c4b9d7a8d5d342459d2282589b3af293,b8995466f0eb4e7ba141e23216e8b974,434551fdf9e443ed91679a9557ae6fd5,ffc5805e29a74be0a55b40318aa321d7
1a78505b4d0640aa9f35eb528818e54d,764b8280445d4023aecaa53cf7758932,b834c0b0c10b471b87ad3f11468de619,6dc5832f0ac04df2bd99c6415b3ecf09,7dd5e88dfdd24cafab2c765939757354,7f0b453cc8c14156802497f5cbae9d62,444fa28d9ed54c82a522699041eae592,3356a8a8c6ee4f30bc2b028e360d4471,8350ea8cd6514c2c8d7b625abe7e895b,039f8e63b273472d8f1d99d9a5de5cf5,91f9f8576e5142a49926bd623b0bc19c
b2decece9a254aa29e885325d7e10a91,764b8280445d4023aecaa53cf7758932,b834c0b0c10b471b87ad3f11468de619,6c6de17135be4f8c9423be633eaefcd4,7dd5e88dfdd24cafab2c765939757354,6732de8994744decbb3306c74aaa7882,91f9f8576e5142a49926bd623b0bc19c,3356a8a8c6ee4f30bc2b028e360d4471,8350ea8cd6514c2c8d7b625abe7e895b,599feb1e512c43ad8c0a1845922acf78,98fbdf945d0c4206a48a4f7260e56017
1ba78638d99a453298a17f233049c981,c1d504dfeded4b8bb3c07777b7c7abde,43ee0103cba54b4e9d165717735ca0f6,97959d02a64f4a3fbbebe7cbece6c012,31cf7db26a3249c5a6205b005662ddcf,590df34aa41f46e9ad13ffc6a98da3b7,e96fae6d607246b18b8494aabe521036,f69dcaceb6074ddebfe1dc7e5978fcff,babbeca1f6a244a2a11ea77a3855e70f,ff51ca928cd54f4da620c27983e221f8,d65e3a3657ae455e954b6d7221afc84c
e796ebb3bb6040dfb158ab774e2073f5,ab57f83304bc4005998bbd6bc063fb4f,9909a671f7414c19b2727e7d4d4dcf1b,eee7f32249c5452ea36c8ed3a3540010,db0c3a952e454b90aa4a68feb6a50e87,8b4e9e3d234e4eec99a7651e246bbfa3,22d9d5ad33e947fd857c5c4a8b7dfae1,c1def54262224e23acf67a9870725ce5,5e2f1a45f7174f1aa39a194179985876,3c0f3b44c0844df49b5898406fe9195a,11e1e3cdfe214385a2c24d0f957dde9b
1ee672ab946e4272a171ede24ff00adb,c1d504dfeded4b8bb3c07777b7c7abde,67dd23cfd20f46dc82acc82c108a1dc6,31cf7db26a3249c5a6205b005662ddcf,97959d02a64f4a3fbbebe7cbece6c012,daed5458403e49e3aea72f4bcc6dd224,43ee0103cba54b4e9d165717735ca0f6,e96fae6d607246b18b8494aabe521036,babbeca1f6a244a2a11ea77a3855e70f,e8c8742459dc48a49080bf0e5b3fdee0,d65e3a3657ae455e954b6d7221afc84c
b38d1801df8a4cad9d5ac01b703946cd,b3209c60460a437294e2b30a9e9d3f53,1232f20e710b448e8c0538b9e84dab1c,643fbbdd6b764ba9904a4ee67a86b9fd,6c874292dbcc49ff8bb8bbe5643593a5,f37d285ad0de42f0b1546d0d1acfb221,ccb62901750b4d13a922fc161b607f83,f12e9e5805534d719f829332d1ea5d29,d756970269e9443fb9bbf645a96aa84e,eb21a4e2b7bd43efbdf0c365415e7fef,25109e3a7df549e5b380aae716d71366
c93b2527aefe464c88f83b2c5c05a5f3,ab57f83304bc4005998bbd6bc063fb4f,9909a671f7414c19b2727e7d4d4dcf1b,eee7f32249c5452ea36c8ed3a3540010,db0c3a952e454b90aa4a68feb6a50e87,c1def54262224e23acf67a9870725ce5,22d9d5ad33e947fd857c5c4a8b7dfae1,8b4e9e3d234e4eec99a7651e246bbfa3,5e2f1a45f7174f1aa39a194179985876,b8995466f0eb4e7ba141e23216e8b974,3c0f3b44c0844df49b5898406fe9195a
6ba0f16f8a794139aa559865c689f392,de6ac628a786435f9925c8cc1d707d6b,77cecb221149474896d9b2eb848bf150,e79ae27b52fa4d54aa37735fd275c66e,ad054da7e1704a53931a341173f0605f,ffc5805e29a74be0a55b40318aa321d7,9bf3b77eb9874f5f9e006a9cff111ea9,342aaa81ed004635bbf9cbc2592cd7b6,1393dac7d34b4c34b1a8091a5bea3663,34b736136487439389c10cc6bd4e9f4e,f4474150010f4021a4620372062f3797
011e2395f6a74299aafef3ad4c6e1bd5,4422777ed51142a99aacf05f446cfea1,a9573f188204436090fb4a5240e4eccd,8f0e477fc779414e9b47995c0b25a87d,02a3cd76ce534d188b4d5ac4778bd652,94ed54abfdc74b04b0dcb19c278e66f4,938147b72e9540da8513910871e0830a,41e657daa20545a588584578bdb4101c,5f65785004054c67a618fe43b6a30f56,d9096650c434432c871effeca9acd5c6,e4fcd30261804b089efa940359057ba2
fbcfef1ef1bc43e3bf9e78155f27de0e,de6ac628a786435f9925c8cc1d707d6b,30578712823948b086e3781343982938,1e376f9d0945477983c8d851e4b2cf5e,0a2c24dead204be9ae36be358e1223f9,5537ddec608a4ec586ea068fa27547ca,23a16d69ffe848d593a4808907d8aa98,5a6f4a2f7f6a4b1fa146493472e6d721,8d595c7da42545c88052e7b213b6c97c,245212a659504b9b9cdbaf1ab1d040ff,77cecb221149474896d9b2eb848bf150
e213427aa5fa426b826fb892aee20bcd,984058b7165d4c6385bec3c94afa9fb2,3cb231e1167e45f9bf5771a4e0074092,9bf3b77eb9874f5f9e006a9cff111ea9,57bcda73abab44ee930b20cdaee9d24b,da61e0de396149208c9ebd0fd6d7415d,211ef3181e524685866fb8574d9bf456,8fdee0611965465eb45387b8c39f4136,8350ea8cd6514c2c8d7b625abe7e895b,0b57f893483647c3aed811775a4c4c04,35d06fce2df446569702778e2250bd82
4d0df524bcae4a17b817d5eb1edde03d,984058b7165d4c6385bec3c94afa9fb2,211ef3181e524685866fb8574d9bf456,3cb231e1167e45f9bf5771a4e0074092,c84deec0ecf843c39f52d4cb8e7300f8,3b37a4c34b6e4ca89a04da864e141422,ef8c056ecb524439a48c881089537951,8fdee0611965465eb45387b8c39f4136,02a3cd76ce534d188b4d5ac4778bd652,57bcda73abab44ee930b20cdaee9d24b,9bf3b77eb9874f5f9e006a9cff111ea9
2382285186b14233b2a574461eead3a9,b277101390e1465685ef79bf3519f8d7,7e190e3c05d74e6b9f103e39142c1684,63eab812f3254cccb9631b09725aec3d,daed5458403e49e3aea72f4bcc6dd224,6ea31a945d494834a3d243f1f90af02a,be8953cc364d46cebbcc2c2da2c348ab,1d70bc69b2f84bef9aa5fb0d9917e38d,384b14b18c3c43b1a4dc1aa2f661e076,0cdb0f32850f4585a16de4886462bbe0,b77d8b7bb0114c379139d280a9210e83
91918319e16747aa9a1d9dd6b13b960e,b277101390e1465685ef79bf3519f8d7,52ee59901f3b4de884d7a6720538aed6,19593c97fef0474dbe6051e28338f1e9,7e190e3c05d74e6b9f103e39142c1684,521004289ebc4e6da6623381d40a5e73,41e657daa20545a588584578bdb4101c,9bf3b77eb9874f5f9e006a9cff111ea9,d9096650c434432c871effeca9acd5c6,82d68ea370f8451aa16ea08f4601245c,70558882c04e46bd99d15e9786468418
de360956bf524b1783abb303a77d92b5,eee7f32249c5452ea36c8ed3a3540010,3574ab91c29940b3afc62354ae06b73b,a0b4d283f12a407286dbeaa3a4d128a5,0592b57e490d4206a3f12eb004a0afe0,d9ac372330a4446886fa19bac0d19877,66f4c650b7ca48f1bc27f9daff8d312a,eb21a4e2b7bd43efbdf0c365415e7fef,77cecb221149474896d9b2eb848bf150,db0c3a952e454b90aa4a68feb6a50e87,bf789f42ccfc42c5a330a3f6e30ddb83
18eca8b91ef14435a8d3dc3cf888e60d,0592b57e490d4206a3f12eb004a0afe0,93dc50abd35349f7923100dca2f41002,f1eecad10a61421eb16b1be7435d9c19,643fbbdd6b764ba9904a4ee67a86b9fd,d756970269e9443fb9bbf645a96aa84e,bcfa4a4177d44d8b8cda17b7a23196b0,b9228fdb5f0c413d81cffb51829d95c6,4a6eba10a02a4ecdbb6b25e8651c3789,bf789f42ccfc42c5a330a3f6e30ddb83,6f57d1175ad243edada61643d01fcd54
71a406ea72c94b068788a3f7435fb47e,0592b57e490d4206a3f12eb004a0afe0,b9228fdb5f0c413d81cffb51829d95c6,63ba014f9cc747ac87013da6be0ceab9,bcfa4a4177d44d8b8cda17b7a23196b0,655a618282cd4fa39a26f0967c033f4b,f1eecad10a61421eb16b1be7435d9c19,93dc50abd35349f7923100dca2f41002,ff276acede2f4c14876ef47257758ae8,f37d285ad0de42f0b1546d0d1acfb221,d756970269e9443fb9bbf645a96aa84e
d67d3ded66fd47dcbd06a4e0d110046a,0cdb0f32850f4585a16de4886462bbe0,aa082284f9894b5aa210c179d59999b1,6ea31a945d494834a3d243f1f90af02a,1d70bc69b2f84bef9aa5fb0d9917e38d,6b4676aba2a746b3ab778315afc8ee82,ccb62901750b4d13a922fc161b607f83,1f3cf50fe1f947d8a56e02ebca441c4c,b702b2b61ce048c6bf5af3c4dca18b1a,097f2ce3b88c4d008488b9908076497e,ff171f0b29974f78b0e81fee30abdd38
a1ee60380a8341b4a22b01efc9c91484,0cdb0f32850f4585a16de4886462bbe0,1d70bc69b2f84bef9aa5fb0d9917e38d,6ea31a945d494834a3d243f1f90af02a,aa082284f9894b5aa210c179d59999b1,6b4676aba2a746b3ab778315afc8ee82,f335a944a27a4504a82ecf70c2d4a5e4,26e55eb4d910464497d700bfdf5a36ca,71c1a8479b194efca65b44fb7f327afb,74de04f31db94a99b757685c91779412,63eab812f3254cccb9631b09725aec3d
0ba701552aa94bf68368b5382edfd973,c3502ff31ce6459a96164c934f297562,13e659415ac84c7a81fc769111d43417,c3a741d302d94ee294bb6e4090fd2da9,fadf133e0e684a24ac79b5fa9515bac2,cf290994a83e4909aec30077477b9d04,c713a0ca69864ee7b240069c98dc44dc,4a3d4daed4b24a1898551f0fd1ba44f1,d5ecdd142b544edca1b16ee83a9cf908,26869cc099c44c4a86f6043476ab4890,5c09482fc8dc45bdbf7919f00dd540e0
d80469792ba1435797dbbd8c826c4dcc,0c889c151e094b948c13b0275e660a9c,8889c114b071429cbe2418f5b0f2024b,bbdf9065122d499d9d8f80ad3e0ef6f3,f1c9c5051bdd4a11a064260bbb9d6d7b,7dd5e88dfdd24cafab2c765939757354,5537ddec608a4ec586ea068fa27547ca,cd6ce920d00e4d17a6cf04f9f7e550b7,e7ee85dd47ca43eeb2fdcd70b802f0ec,13e659415ac84c7a81fc769111d43417,5c09482fc8dc45bdbf7919f00dd540e0
a2c9e517dc6d4e6bbbfc226aa45adb37,403835bbf2f1447188bcc78e062b0028,be8953cc364d46cebbcc2c2da2c348ab,714e47cd21e5416f864a4bc938850a72,d695b7afdc3841a28a56df578e56afce,26e55eb4d910464497d700bfdf5a36ca,415641aa43724ed9bc4710302b77edc3,7584980704ae4617bb27ca162cc9c5db,f335a944a27a4504a82ecf70c2d4a5e4,a297e08effdf4a69a6c4d79a34a0c6ad,e06d08ff594a4acbac12edf579743fcf
94e80e2185c943e49ef7d81012376cbc,3356a8a8c6ee4f30bc2b028e360d4471,f91157bb8fca4a8e98db33591a76be9a,5f481b07f9734f518a14853831233b78,1232f20e710b448e8c0538b9e84dab1c,5a6f4a2f7f6a4b1fa146493472e6d721,e12ad1ce8e7940a999b9a4f91a95fab7,039f8e63b273472d8f1d99d9a5de5cf5,d476be2399b7424a88d242b771c32041,9bf3b77eb9874f5f9e006a9cff111ea9,5e44915237fc4445b54b037e1c4e29a4
dc79be5806cf4fa1b7fdf18adcb8af3d,4a3d4daed4b24a1898551f0fd1ba44f1,1027a336232c4454a9c4ae450a562788,66690895454847fea5a000202fbfab2e,fadf133e0e684a24ac79b5fa9515bac2,e79ae27b52fa4d54aa37735fd275c66e,64e74af099b0485f8b6e71ac73aa2cb8,19a124c6dad14a4fa7864463b081009c,cae139b6e4914ce7b0ef1e68b8b857eb,7dd5e88dfdd24cafab2c765939757354,ad054da7e1704a53931a341173f0605f
7301669f98674b658396f1d96eaf98d3,df5ca61304074da1bec8f536ab50baf3,1232f20e710b448e8c0538b9e84dab1c,bcfa4a4177d44d8b8cda17b7a23196b0,c65af18670ea437c8986884645b3afe9,643fbbdd6b764ba9904a4ee67a86b9fd,d476be2399b7424a88d242b771c32041,3356a8a8c6ee4f30bc2b028e360d4471,b23a9c50eada4286a4f7ce8668b92db1,b8995466f0eb4e7ba141e23216e8b974,5a6f4a2f7f6a4b1fa146493472e6d721
8d37ca8985e84bd297602e977ec9487a,4a3d4daed4b24a1898551f0fd1ba44f1,1027a336232c4454a9c4ae450a562788,64e74af099b0485f8b6e71ac73aa2cb8,ad054da7e1704a53931a341173f0605f,fadf133e0e684a24ac79b5fa9515bac2,cae139b6e4914ce7b0ef1e68b8b857eb,19a124c6dad14a4fa7864463b081009c,66690895454847fea5a000202fbfab2e,4926607aafe749538c930e108275547e,26869cc099c44c4a86f6043476ab4890
d7577481d2284677970ac7a876a6d295,3356a8a8c6ee4f30bc2b028e360d4471,f91157bb8fca4a8e98db33591a76be9a,5f481b07f9734f518a14853831233b78,7dd5e88dfdd24cafab2c765939757354,1232f20e710b448e8c0538b9e84dab1c,8fdee0611965465eb45387b8c39f4136,9bf3b77eb9874f5f9e006a9cff111ea9,5a6f4a2f7f6a4b1fa146493472e6d721,6732de8994744decbb3306c74aaa7882,7199f2fe77824236a392e1f00a5bdfc3
499f89e2519849bfbdcfb7f09d470c08,44156e6482884acaaee1938e04d8b6ff,599feb1e512c43ad8c0a1845922acf78,5f481b07f9734f518a14853831233b78,039f8e63b273472d8f1d99d9a5de5cf5,5e44915237fc4445b54b037e1c4e29a4,f91157bb8fca4a8e98db33591a76be9a,35d06fce2df446569702778e2250bd82,3356a8a8c6ee4f30bc2b028e360d4471,98b2022b2cb84af09ee8b789db928b13,f69bf682935e47e1b4c72d237becd13a
1e4b598167924e35b74d3da0df1f2de1,796eade2ee4f466781d9f6669db43e48,9948a890ef25479e834f70944cb42eae,24c55bb5cd694770ba895c7401da2ba5,e343a998f4df4ac195c84e0fb571a393,5605fa1188974644937bbf92fec50e21,d8b3ad3b5c4e474db41a671ab286424f,3f1c2bb09c4e4400b6ba19542fafce18,e0d8aee46b1d4d998858cd05027251b6,ee7c00877ae64dac87123a3d75251530,75801225047a4c019100660c13f1e0f1
c7bd4b551343446fb8edc262aec1a374,796eade2ee4f466781d9f6669db43e48,24c55bb5cd694770ba895c7401da2ba5,2b3ecf8be2b242f3b8a1e714390749fb,d8b3ad3b5c4e474db41a671ab286424f,9094e936e13641cc9bfcc7dc1408d86e,e343a998f4df4ac195c84e0fb571a393,ed4449952a9e45339b76fc5f123cb917,9948a890ef25479e834f70944cb42eae,f6207eb593394ff78e2cb35057477422,65e52d14d4d64d4fbad3de6ad319e745
219b73b7828646f9bb608aec046837ee,44156e6482884acaaee1938e04d8b6ff,e53dd6188816429ab915de6f9649a026,039f8e63b273472d8f1d99d9a5de5cf5,5e44915237fc4445b54b037e1c4e29a4,5f481b07f9734f518a14853831233b78,98b2022b2cb84af09ee8b789db928b13,3766b26b53874893ae48693880e1942c,4c36aafaf38f4e9e9e09991737196fe1,21019944fc2c4838a682a6dcdc62c4ef,be9e713988ba4bbba869885cad419259
9d11ca9aa5d24f68aab627b9e93e698b,3138244ae91040948d5bd6772e4075ea,fadf133e0e684a24ac79b5fa9515bac2,cae139b6e4914ce7b0ef1e68b8b857eb,da61d9bc8f024a4aba18d5c3072b7838,4a3d4daed4b24a1898551f0fd1ba44f1,79721c9bb6a54ecdb3d0a0f4011762c1,9bf3b77eb9874f5f9e006a9cff111ea9,e511c40ca6324803b5021e47b4e777f8,c84deec0ecf843c39f52d4cb8e7300f8,5a6f4a2f7f6a4b1fa146493472e6d721
cc89d7fa93924af1a154d57f1f1cfbc3,70558882c04e46bd99d15e9786468418,0971af4212484a958eb0f60f93d1dfe0,9bf3b77eb9874f5f9e006a9cff111ea9,1f3cf50fe1f947d8a56e02ebca441c4c,41e657daa20545a588584578bdb4101c,67dd23cfd20f46dc82acc82c108a1dc6,97959d02a64f4a3fbbebe7cbece6c012,b77d8b7bb0114c379139d280a9210e83,82d68ea370f8451aa16ea08f4601245c,b277101390e1465685ef79bf3519f8d7
a3a0aa5e67f44552af621d1abeb18c13,3138244ae91040948d5bd6772e4075ea,fadf133e0e684a24ac79b5fa9515bac2,4a3d4daed4b24a1898551f0fd1ba44f1,eff24b01b2f5428baa4c3fef6cb40d41,66690895454847fea5a000202fbfab2e,b3a022950e444682a113cec5a0537f6a,c84deec0ecf843c39f52d4cb8e7300f8,79721c9bb6a54ecdb3d0a0f4011762c1,b0d2e6c4b2384950b3696c4414870282,da61d9bc8f024a4aba18d5c3072b7838
2832c5b8870946c69ac69731c0ec1d68,0971af4212484a958eb0f60f93d1dfe0,8f0e477fc779414e9b47995c0b25a87d,70558882c04e46bd99d15e9786468418,f69dcaceb6074ddebfe1dc7e5978fcff,938147b72e9540da8513910871e0830a,daed5458403e49e3aea72f4bcc6dd224,41e657daa20545a588584578bdb4101c,1f3cf50fe1f947d8a56e02ebca441c4c,f0084465b2e646c9a53d9dc766067d9b,fbfaa119f55a477984e42d80498f54d3
1403f18946f64e94915e337242ec189f,556743bab70d4b75bafcf192fef95b16,1d70bc69b2f84bef9aa5fb0d9917e38d,e06d08ff594a4acbac12edf579743fcf,724a3f6551e74ad585bdeac9a75fd639,33b5e2ae5ebe4f548bac3a00ab0a59eb,e2e0c8c96aff4c00896ac6986bbb20c2,0f785440b29548e1a1968868262fd42e,be8953cc364d46cebbcc2c2da2c348ab,82d68ea370f8451aa16ea08f4601245c,2639b6540bda414f8a9baa3b5cdb612a
104c41a52ade420c9d3dac7c3c0aaf80,be9e713988ba4bbba869885cad419259,4c36aafaf38f4e9e9e09991737196fe1,4e4495962a9b4864882397042f1a2b3e,8c7c9eaae41a44a3a4ebe39ce167d300,b834c0b0c10b471b87ad3f11468de619,636c21e19a5845e1b8d69a5fca928030,f91157bb8fca4a8e98db33591a76be9a,434551fdf9e443ed91679a9557ae6fd5,db69f22fe72246ea85d33991961a649a,8fdee0611965465eb45387b8c39f4136
e8a3dc97d68d46b6b42514168c735abb,be9e713988ba4bbba869885cad419259,5e44915237fc4445b54b037e1c4e29a4,cb2505b30d8a4dc086c353cf94424b6d,6b7b5d28293d4a5a8075f7f7dd231ddb,3356a8a8c6ee4f30bc2b028e360d4471,df5ca61304074da1bec8f536ab50baf3,b834c0b0c10b471b87ad3f11468de619,e53dd6188816429ab915de6f9649a026,b675be39e8ff421aa59811f146da945b,3fce01bbc56d49d39f61cba3d17648f2
d93d116f2e364d0c956fe7f93f434129,cd6ce920d00e4d17a6cf04f9f7e550b7,3aa003c1e31b476e999c3a808a1d5dc6,5fc200cab89346658c9c91cce27e85fe,26869cc099c44c4a86f6043476ab4890,a2612682d9854a30a7684c91c8619ec9,24c55bb5cd694770ba895c7401da2ba5,a5d5fb459a1844088e93ae557ab34afe,78809cb3c6b841a9b8b132133dd6bb96,8dfe01febd46475ab5aef97033716ce1,f4b7e6e902e344859cb041126b69ce3c
8b13db18ea734cf391e49a434b75757e,6b7b5d28293d4a5a8075f7f7dd231ddb,7584980704ae4617bb27ca162cc9c5db,8d595c7da42545c88052e7b213b6c97c,17b5eb6fab65476f827dd355b4a20a55,4e4495962a9b4864882397042f1a2b3e,5e44915237fc4445b54b037e1c4e29a4,ccb62901750b4d13a922fc161b607f83,be8953cc364d46cebbcc2c2da2c348ab,30c71719aed84c07ae21d0eff0deed72,f335a944a27a4504a82ecf70c2d4a5e4
89345620586f45b098d21a0c401cf8d7,cd6ce920d00e4d17a6cf04f9f7e550b7,8dfe01febd46475ab5aef97033716ce1,a2612682d9854a30a7684c91c8619ec9,5fc200cab89346658c9c91cce27e85fe,be8953cc364d46cebbcc2c2da2c348ab,d0e41bf891254ba0872f1641139f84f6,f1c9c5051bdd4a11a064260bbb9d6d7b,076e2669c305401fb3afcfafdd6c79c7,0b57f893483647c3aed811775a4c4c04,8fca2e4873e946f7a788af2b846cebd7
8169f7fd48544fa082dae25d882a787a,6b7b5d28293d4a5a8075f7f7dd231ddb,5e44915237fc4445b54b037e1c4e29a4,e12ad1ce8e7940a999b9a4f91a95fab7,7226603f024c45c6a6e44b00e52e8aad,2070754bb5dd4a248be9c2a6a1a9d381,3fce01bbc56d49d39f61cba3d17648f2,df5ca61304074da1bec8f536ab50baf3,d476be2399b7424a88d242b771c32041,291130c42a884be2800e026bab5ddf53,6f8d80f8673144dfa7a4e09190442ab3
7de9406e3c12409081f8c0ebc2127441,a35d7304347a4f81b1ccfb086956921c,02a3cd76ce534d188b4d5ac4778bd652,94ed54abfdc74b04b0dcb19c278e66f4,57bcda73abab44ee930b20cdaee9d24b,d9096650c434432c871effeca9acd5c6,41e657daa20545a588584578bdb4101c,74de04f31db94a99b757685c91779412,85d4175b563d48e5bc6a991b23662f24,0433768f874042a5b2d2e37ad9deae13,98fbdf945d0c4206a48a4f7260e56017
d5f199eff49445b491565e80e55f8e53,b675be39e8ff421aa59811f146da945b,3766b26b53874893ae48693880e1942c,8fdee0611965465eb45387b8c39f4136,31cf7db26a3249c5a6205b005662ddcf,57bcda73abab44ee930b20cdaee9d24b,b834c0b0c10b471b87ad3f11468de619,f92d16d3a970487094292439c3e00923,636c21e19a5845e1b8d69a5fca928030,1232f20e710b448e8c0538b9e84dab1c,8a464aa9e2ee45d0abc7ae6181cd1bda
70e5632cb4e64b128fb44a897571245c,a35d7304347a4f81b1ccfb086956921c,57bcda73abab44ee930b20cdaee9d24b,02a3cd76ce534d188b4d5ac4778bd652,94ed54abfdc74b04b0dcb19c278e66f4,e0d8aee46b1d4d998858cd05027251b6,d9096650c434432c871effeca9acd5c6,41e657daa20545a588584578bdb4101c,31cf7db26a3249c5a6205b005662ddcf,daed5458403e49e3aea72f4bcc6dd224,99dbf0cd0c6343ffbcf97f04efc4143c
aa61f461ceef43859129c5b33e8bd9a5,2f0401170d104b47b0a8f087f69dee88,0accd1d0138b49049d437c0d9b1c23c3,4a7fa5a1bafe4b6995e2920444ac07c4,a0408a6462b24cf18e50a8616359d5ad,7ef653f7e5f64e1b8bba73b9518b87b7,3e59b61eb70146308db2308b988b54cf,ee7c00877ae64dac87123a3d75251530,7359a1cc20d54f96aeea121d7247b88d,cdd73e0289aa4e2b87cd14e6ff5bd75e,98fbdf945d0c4206a48a4f7260e56017
4095895ca5d6432d8c9ca23b6431250c,1ad0cf33e96243888d5f970195a75586,1419b2c686f44896a0ae2a43e93b5402,7d6122daabe442ffb5e57ece1882e714,f5b766ea6abe4b5fb27d49cc3bc06020,119a6d7b4af3458b951fc1c5ab5e1738,b425f33c33ad4be89a12da266d131a86,5d5baf5ce88b4b529e28ab9c7c114148,039f8e63b273472d8f1d99d9a5de5cf5,c84deec0ecf843c39f52d4cb8e7300f8,b0d2e6c4b2384950b3696c4414870282
04d06c5defde4dbf85a0c11fdd459eb8,1ad0cf33e96243888d5f970195a75586,82d68ea370f8451aa16ea08f4601245c,51c6049a18b84ee381d0512e40b67c0e,f5b766ea6abe4b5fb27d49cc3bc06020,0ecfdd96e0054841883acba75e83b232,1f9cd7f2b7a14e2f8d490a104a56edcd,1419b2c686f44896a0ae2a43e93b5402,3b7d56c26da14b3a9b1cd52b5b35891b,5d5baf5ce88b4b529e28ab9c7c114148,119a6d7b4af3458b951fc1c5ab5e1738
eef8e982ee854ffa9e9c5af62e17c155,ca1a2a6308834baba3140b5ce8f81320,bce599075dfd4fac8dd78626106e3071,59f62d35b1ad451397b700b3dad25448,2b3ecf8be2b242f3b8a1e714390749fb,9094e936e13641cc9bfcc7dc1408d86e,79721c9bb6a54ecdb3d0a0f4011762c1,1393dac7d34b4c34b1a8091a5bea3663,de6ac628a786435f9925c8cc1d707d6b,64e74af099b0485f8b6e71ac73aa2cb8,c84deec0ecf843c39f52d4cb8e7300f8
5a7d3f99251048e2ac81d5ea8c49c767,eeb3b60f34af40de850e065b475d8180,ccb62901750b4d13a922fc161b607f83,e2e0c8c96aff4c00896ac6986bbb20c2,e59dba65749140f4a1bdaf2695de2fc6,85d4175b563d48e5bc6a991b23662f24,6c874292dbcc49ff8bb8bbe5643593a5,4e4495962a9b4864882397042f1a2b3e,097f2ce3b88c4d008488b9908076497e,b834c0b0c10b471b87ad3f11468de619,724a3f6551e74ad585bdeac9a75fd639
eca00c36492249e08f99875a5e115d84,eeb3b60f34af40de850e065b475d8180,ccb62901750b4d13a922fc161b607f83,e2e0c8c96aff4c00896ac6986bbb20c2,e59dba65749140f4a1bdaf2695de2fc6,b834c0b0c10b471b87ad3f11468de619,f92d16d3a970487094292439c3e00923,4e4495962a9b4864882397042f1a2b3e,85d4175b563d48e5bc6a991b23662f24,6c874292dbcc49ff8bb8bbe5643593a5,097f2ce3b88c4d008488b9908076497e
92e3b7a540a547d8ba02bddf82f83380,1d70bc69b2f84bef9aa5fb0d9917e38d,82d68ea370f8451aa16ea08f4601245c,43464ed6733f4642a0b90e7d995a5e40,b702b2b61ce048c6bf5af3c4dca18b1a,6b4676aba2a746b3ab778315afc8ee82,aa082284f9894b5aa210c179d59999b1,0cdb0f32850f4585a16de4886462bbe0,3d3e8565d2f84e0cad5ae622f2909765,6ea31a945d494834a3d243f1f90af02a,ca5add3cbf044a95a5bec88a5841ce98
d5bfa4fffcc249fe89deb2d4410919b6,1d70bc69b2f84bef9aa5fb0d9917e38d,43464ed6733f4642a0b90e7d995a5e40,82d68ea370f8451aa16ea08f4601245c,aa082284f9894b5aa210c179d59999b1,b702b2b61ce048c6bf5af3c4dca18b1a,6b4676aba2a746b3ab778315afc8ee82,0cdb0f32850f4585a16de4886462bbe0,7e190e3c05d74e6b9f103e39142c1684,ca5add3cbf044a95a5bec88a5841ce98,3d3e8565d2f84e0cad5ae622f2909765
578d9258cbf8456ba7d9f83130e02184,88353d1136d24836816b073de62e5f50,4a7fa5a1bafe4b6995e2920444ac07c4,b6c493a3666c4db193e86c79faf099ab,7e17bbd109dc486c8f0a76f913782180,f65b6fb5b40a49d1896de7a115469d40,5cfb876eeb4f410aa1282cc279f0e546,26869cc099c44c4a86f6043476ab4890,3aa003c1e31b476e999c3a808a1d5dc6,0daf8d5687b54d158f7f752884c42334,e4e12f4711fd41e39075e26cc274df45
281e458eef7b4d77b67d424744237fbc,88353d1136d24836816b073de62e5f50,4a7fa5a1bafe4b6995e2920444ac07c4,5cfb876eeb4f410aa1282cc279f0e546,0daf8d5687b54d158f7f752884c42334,b6c493a3666c4db193e86c79faf099ab,7e17bbd109dc486c8f0a76f913782180,bbdf9065122d499d9d8f80ad3e0ef6f3,35c5a560ecdc4d6a9d20f057ed1fa0e6,f65b6fb5b40a49d1896de7a115469d40,0842a796c09b4089933a4f27e4e5e3bc
7f6fdd98bfc5410fb6c4afa8786e0b48,2b3ecf8be2b242f3b8a1e714390749fb,0b57f893483647c3aed811775a4c4c04,1393dac7d34b4c34b1a8091a5bea3663,01ffceddb5b34406a08bb982b424b3cf,06a5f0cec6ce4170a02dad0ad4c55b1c,de6ac628a786435f9925c8cc1d707d6b,04537eabb0434eb2804d1220770b85a0,35c5a560ecdc4d6a9d20f057ed1fa0e6,4926607aafe749538c930e108275547e,503d2f067a8a4f5798b1c64b07ab0bc5
cb84a0b8bd52401daa4762d7975d4fc7,655a618282cd4fa39a26f0967c033f4b,66f4c650b7ca48f1bc27f9daff8d312a,ff276acede2f4c14876ef47257758ae8,e86a0aae846a4e44bf967ab4972c977c,43464ed6733f4642a0b90e7d995a5e40,e96fae6d607246b18b8494aabe521036,41047823f2cb4194ba1e0709443c719a,b77d8b7bb0114c379139d280a9210e83,51c6049a18b84ee381d0512e40b67c0e,3aaea7fa41fd43cdb88f8ef59062c5df
05021100f4bb4885a338db368a83cc95,06a5f0cec6ce4170a02dad0ad4c55b1c,0b57f893483647c3aed811775a4c4c04,2b3ecf8be2b242f3b8a1e714390749fb,1578afd6ce694d46ab6e24f965f51fd6,35c5a560ecdc4d6a9d20f057ed1fa0e6,de6ac628a786435f9925c8cc1d707d6b,033f1514c78b49dd82148b94f6bcbeba,01ffceddb5b34406a08bb982b424b3cf,ee7c00877ae64dac87123a3d75251530,04537eabb0434eb2804d1220770b85a0
f7ad8b57414846b993e2ca44f3962ff1,06a5f0cec6ce4170a02dad0ad4c55b1c,2b3ecf8be2b242f3b8a1e714390749fb,5cfb876eeb4f410aa1282cc279f0e546,d8b3ad3b5c4e474db41a671ab286424f,24c55bb5cd694770ba895c7401da2ba5,35c5a560ecdc4d6a9d20f057ed1fa0e6,0ecfdd96e0054841883acba75e83b232,f69855cdf66d4f6887ecfd0ddb9014b5,50a2129b83404b94889a01f4688ebafd,0accd1d0138b49049d437c0d9b1c23c3
750cd38aa39e4281ad616eddc8f5a983,48c31b1e2ce94de8968fab433813fa91,ad054da7e1704a53931a341173f0605f,a9d82bb43410405ca21b44a5e82e22b6,66690895454847fea5a000202fbfab2e,9bf3b77eb9874f5f9e006a9cff111ea9,189a3b686ad14c24b5e1a495f76dd239,b6c493a3666c4db193e86c79faf099ab,a9573f188204436090fb4a5240e4eccd,1393dac7d34b4c34b1a8091a5bea3663,26869cc099c44c4a86f6043476ab4890
c81df43d512e4bcb85b00b5f6763f6cc,c235728f290a44d6a5fc2e14111ae02e,f1eecad10a61421eb16b1be7435d9c19,3f28365e18244eb28cc7d23de8895956,a9573f188204436090fb4a5240e4eccd,8b038cd0dafd45d8b1ce75177ca3a76b,afaf2edba0ee4d58860a5a04e4aabc5c,999a2b52a5004ee984e587d5a1327b23,c4b9d7a8d5d342459d2282589b3af293,babbeca1f6a244a2a11ea77a3855e70f,530b37164090408dbab4e6da51111b8a
a282371ee5c74dd98f0cada75271b7a7,48c31b1e2ce94de8968fab433813fa91,ad054da7e1704a53931a341173f0605f,66690895454847fea5a000202fbfab2e,a9d82bb43410405ca21b44a5e82e22b6,de6ac628a786435f9925c8cc1d707d6b,ffc5805e29a74be0a55b40318aa321d7,0e8487b2e6a2439b9e6623a1e2e5e19d,3c1b91a23b694da1973dbc5f75f2f3ed,9bf3b77eb9874f5f9e006a9cff111ea9,4926607aafe749538c930e108275547e
0dedf21ad5ea4607b710bc0cccbcc7b9,c235728f290a44d6a5fc2e14111ae02e,f1eecad10a61421eb16b1be7435d9c19,3f28365e18244eb28cc7d23de8895956,48c31b1e2ce94de8968fab433813fa91,74bd120b8f714d03bc9dd1a703fe4d7f,a9573f188204436090fb4a5240e4eccd,ca0fe2dd97434e2ca7aecc38d4f1fcd9,9fd4c00672d84215b3e21812aef3d6ac,b90d74e80c37486eaee89b6fbab13671,82d68ea370f8451aa16ea08f4601245c
aebc45203e45452db8eee17826ef2c46,e22e1ad3c1fc4493bcb7c9b923566ff7,f5b766ea6abe4b5fb27d49cc3bc06020,563043f180e54e238ad4876974e5db4c,033f1514c78b49dd82148b94f6bcbeba,3766b26b53874893ae48693880e1942c,8228c9eb29a542ba98c8b9b854eadaa4,6c6de17135be4f8c9423be633eaefcd4,b69c17a10a55494d8caa56c33e8f4a56,5605fa1188974644937bbf92fec50e21,91f9f8576e5142a49926bd623b0bc19c
3e10372aff9641bb88682abca29e907e,8228c9eb29a542ba98c8b9b854eadaa4,b626eb67c2e14afeae2846bb150976f3,9bf3b77eb9874f5f9e006a9cff111ea9,7d0190486da540718e4dc4ca4bd1f573,c4e79c8992e54866b0c6f26c55b1a774,ffe2740eee8c49b39b2ce41f9983bcb4,98b2022b2cb84af09ee8b789db928b13,99830b8da7c24f909914f7bb167f3ea6,99ba4cc9355f4d79a68bc69ac12a716f,2b039224b54142d185a406b31fe01de2
9dce4a0759174753b62b3cb51b8fb679,d2a03ea4b2d3439ca3dc6fe056ab0f04,66cba49431224a3788f914d6a80165e1,00614d60b3544ba790dfd23dd53992e0,5455e62f52ae4e03b2a5d0e8b9899506,b0236c76ae244fd8aacbea7da10e55ca,ca544e6629b14e8fab5f7cb40d1ac88e,da88fa5efc674368b593444ca950dff9,b7f5c165ea2242709a2fb71f3a3f1bcb,cc243eebbb2b44a581745865a60c423a,e735729c80d84f76a6133c065d5380f8
5596e047713c4a59b1e70561fa034e37,b0236c76ae244fd8aacbea7da10e55ca,f4b7e6e902e344859cb041126b69ce3c,6866efc8987a4ec8b04b7abd28fb5777,26869cc099c44c4a86f6043476ab4890,ef511457ee7c490c8e10eccf6e18fef6,076e2669c305401fb3afcfafdd6c79c7,d2a03ea4b2d3439ca3dc6fe056ab0f04,7c1126d46a934db6b951d1e98feae327,f91157bb8fca4a8e98db33591a76be9a,d9096650c434432c871effeca9acd5c6
6c348ea51c8b4750b956383a3b9a84c5,d2a03ea4b2d3439ca3dc6fe056ab0f04,e735729c80d84f76a6133c065d5380f8,b7f5c165ea2242709a2fb71f3a3f1bcb,da88fa5efc674368b593444ca950dff9,b0236c76ae244fd8aacbea7da10e55ca,66cba49431224a3788f914d6a80165e1,6866efc8987a4ec8b04b7abd28fb5777,5455e62f52ae4e03b2a5d0e8b9899506,00614d60b3544ba790dfd23dd53992e0,ca544e6629b14e8fab5f7cb40d1ac88e
c56449c78d8549cd9d227e4693e51c7e,b0236c76ae244fd8aacbea7da10e55ca,26869cc099c44c4a86f6043476ab4890,f4b7e6e902e344859cb041126b69ce3c,6866efc8987a4ec8b04b7abd28fb5777,f91157bb8fca4a8e98db33591a76be9a,d9096650c434432c871effeca9acd5c6,7bbe3c76bcc04d73969f920d43fcc67d,00614d60b3544ba790dfd23dd53992e0,9500823cb050427696343b1ea5cf8881,ef511457ee7c490c8e10eccf6e18fef6
8a4a2cf4736e43f8b21f72daeffc76ee,29fb30a75c57451a85f310aa6423a662,e511c40ca6324803b5021e47b4e777f8,0bd1cce9370a461089e25393086800a8,36ac84a73ad34261ad45cf569edb60af,5cf392f15360460bae6a6b0182bb99b9,9bf3b77eb9874f5f9e006a9cff111ea9,79721c9bb6a54ecdb3d0a0f4011762c1,baf841bad27c456c9de7227555ea3ef8,b83013f4c5524232814efa0f8651867f,8dfe01febd46475ab5aef97033716ce1
f6bdc5e4c3894a41897ace2fe9061a90,73f684f538ea452cbb4fbecc2e8126a4,cc243eebbb2b44a581745865a60c423a,d75a52d716984f318f976bbfc7bee787,33e2a95109e647cbb4ba2687631b169a,8dfe01febd46475ab5aef97033716ce1,7d6122daabe442ffb5e57ece1882e714,b52468fc0af2435f9ba91939f72bbf6a,1ad0cf33e96243888d5f970195a75586,1f9cd7f2b7a14e2f8d490a104a56edcd,9452a2f21f7d4feeb2605d9b6647fc13
bf133adcf34f4470ae9ab34f8bcac84b,29fb30a75c57451a85f310aa6423a662,0bd1cce9370a461089e25393086800a8,e511c40ca6324803b5021e47b4e777f8,36ac84a73ad34261ad45cf569edb60af,5cf392f15360460bae6a6b0182bb99b9,9bf3b77eb9874f5f9e006a9cff111ea9,66690895454847fea5a000202fbfab2e,6bedb2d6ace34e18811b7f1206b2d1b0,79721c9bb6a54ecdb3d0a0f4011762c1,b83013f4c5524232814efa0f8651867f
198ce01eda8e4bc0b31c457e65ddc39b,73f684f538ea452cbb4fbecc2e8126a4,cc243eebbb2b44a581745865a60c423a,33e2a95109e647cbb4ba2687631b169a,d75a52d716984f318f976bbfc7bee787,1f9cd7f2b7a14e2f8d490a104a56edcd,9452a2f21f7d4feeb2605d9b6647fc13,8dfe01febd46475ab5aef97033716ce1,66cba49431224a3788f914d6a80165e1,7d6122daabe442ffb5e57ece1882e714,b0d2e6c4b2384950b3696c4414870282
442c28225ce642b182163c39ab4c776b,31f80e4c87164e2893375ec7e73b372e,f91157bb8fca4a8e98db33591a76be9a,673aee19895b4d339ada93213d8874ac,7f0b453cc8c14156802497f5cbae9d62,039f8e63b273472d8f1d99d9a5de5cf5,4c36aafaf38f4e9e9e09991737196fe1,8c7c9eaae41a44a3a4ebe39ce167d300,4d0a737f396d4a95808085bd1306746c,444fa28d9ed54c82a522699041eae592,23a16d69ffe848d593a4808907d8aa98
bc44523c44214d88ac687d8e05a28a8a,31f80e4c87164e2893375ec7e73b372e,f91157bb8fca4a8e98db33591a76be9a,039f8e63b273472d8f1d99d9a5de5cf5,c2a665cec90e46db8d2a74389beb4649,444fa28d9ed54c82a522699041eae592,c78547bdc2e64ac8935559f7de2efd41,8d595c7da42545c88052e7b213b6c97c,664da77d25e74df693eaad44a5e7617f,4a6eba10a02a4ecdbb6b25e8651c3789,07958f43551e459eb30638b632e3cd64
e41cc56f88244ce7a26e583bd54f506f,b85d652ba8d244f8ab9e941966094f28,f335a944a27a4504a82ecf70c2d4a5e4,e735729c80d84f76a6133c065d5380f8,cd6ce920d00e4d17a6cf04f9f7e550b7,f2cfa68a47ce4a43a0fe1cc7dc860418,8dfe01febd46475ab5aef97033716ce1,33e2a95109e647cbb4ba2687631b169a,cc243eebbb2b44a581745865a60c423a,0842a796c09b4089933a4f27e4e5e3bc,d0e41bf891254ba0872f1641139f84f6
b6cd550fbc9a48008039483d12ad44eb,b85d652ba8d244f8ab9e941966094f28,7f0b453cc8c14156802497f5cbae9d62,68aefc97056440af874039a28497cf98,98fbdf945d0c4206a48a4f7260e56017,887e323cc38f4cf8adc5970617f1c286,7d6cdff8c9ac434196df803628fe9f62,85d4175b563d48e5bc6a991b23662f24,71c1a8479b194efca65b44fb7f327afb,673aee19895b4d339ada93213d8874ac,e59dba65749140f4a1bdaf2695de2fc6
d425f86b0d264c76a6ff6edbbb718fd8,f7f600880b064920ab59b907d26aedc6,664da77d25e74df693eaad44a5e7617f,dd9e8283197b473d8ffd502561bdaaec,5e44915237fc4445b54b037e1c4e29a4,403835bbf2f1447188bcc78e062b0028,e5a3c8867e44498d9182e8be934e0fce,e511c40ca6324803b5021e47b4e777f8,59e4dcf2794943b18fb902a6eb475ff8,2070754bb5dd4a248be9c2a6a1a9d381,8dfe01febd46475ab5aef97033716ce1
a0ef1a7a1e304bfe91a8c12abf972c6c,d9096650c434432c871effeca9acd5c6,41e657daa20545a588584578bdb4101c,02a3cd76ce534d188b4d5ac4778bd652,cb75c6ef71cb4991805920f2894e0e96,a055f8188384479a8bad418f7dffd9a5,39a08a87897f47d3bdbbdc5ed8c9cd7f,076e2669c305401fb3afcfafdd6c79c7,b277101390e1465685ef79bf3519f8d7,0971af4212484a958eb0f60f93d1dfe0,5fc200cab89346658c9c91cce27e85fe
d8ec79e0dcba49fcaa2e32c4a56d98fe,f0084465b2e646c9a53d9dc766067d9b,91f9f8576e5142a49926bd623b0bc19c,ee7c00877ae64dac87123a3d75251530,7f23e27e5652406784fdc2dea3918125,200f7fc78e4c403982f61b2894e50bad,6400e3f6a14c492ba399bd414faca075,b0d2e6c4b2384950b3696c4414870282,6c6de17135be4f8c9423be633eaefcd4,8a9dc60359ba49cd8ac170cfb4ac3913,5605fa1188974644937bbf92fec50e21
88e851f978154b16a0a01f8df5255703,b69c17a10a55494d8caa56c33e8f4a56,250d411ae270441085be3501b7b55d86,5605fa1188974644937bbf92fec50e21,db0c3a952e454b90aa4a68feb6a50e87,3c0f3b44c0844df49b5898406fe9195a,6dc5832f0ac04df2bd99c6415b3ecf09,5cf392f15360460bae6a6b0182bb99b9,eee7f32249c5452ea36c8ed3a3540010,7862a63720b34104abf5bfa44bc8178d,c84deec0ecf843c39f52d4cb8e7300f8
3ad82a6c3cc7421199dabde4d1c630d1,0d0973762130427eaa2ce9a7a34517db,2939ef012c5c4a1b94b49df9469dfb3c,77c8b175ca9d411b8d28d1ed0dc40304,9bf3b77eb9874f5f9e006a9cff111ea9,e22e1ad3c1fc4493bcb7c9b923566ff7,beccee3a988f48c1ad207e2380766fa4,61d2391e8bc548b6bfa08f1ef2a0c47a,8fdee0611965465eb45387b8c39f4136,8350ea8cd6514c2c8d7b625abe7e895b,bb84a4cf60c84a8d8e23276b1863d293
957fd0aaa98b49cd8b0aeeeff8fe554a,ee7c00877ae64dac87123a3d75251530,cb75c6ef71cb4991805920f2894e0e96,b3a022950e444682a113cec5a0537f6a,6400e3f6a14c492ba399bd414faca075,91f9f8576e5142a49926bd623b0bc19c,f0084465b2e646c9a53d9dc766067d9b,200f7fc78e4c403982f61b2894e50bad,5605fa1188974644937bbf92fec50e21,39a08a87897f47d3bdbbdc5ed8c9cd7f,6c6de17135be4f8c9423be633eaefcd4
3ae64cd8d99e463d84ad390f0770863a,8dfbb6a204a0441492c35baca6190969,eafb3480db704d7baa8216ce857d1610,31cf7db26a3249c5a6205b005662ddcf,df5ca61304074da1bec8f536ab50baf3,30f654c6e69e48888f9f42dd95ab3c77,0971af4212484a958eb0f60f93d1dfe0,1f3cf50fe1f947d8a56e02ebca441c4c,2ece45504eff42469c104dc2a2d03caf,105ad424733e4cffa7c474b51e3980aa,0cdb0f32850f4585a16de4886462bbe0
83caabc655aa413fa28ce75908fc82c3,8dfbb6a204a0441492c35baca6190969,eafb3480db704d7baa8216ce857d1610,1f3cf50fe1f947d8a56e02ebca441c4c,31cf7db26a3249c5a6205b005662ddcf,6ea31a945d494834a3d243f1f90af02a,4a6eba10a02a4ecdbb6b25e8651c3789,df5ca61304074da1bec8f536ab50baf3,105ad424733e4cffa7c474b51e3980aa,8d595c7da42545c88052e7b213b6c97c,44f41e6e6faa4facb0bb9a72205229f8
b2a8b82d886042029e4d7b75f606d3f7,57430214baf045cb92fa3b3b70a4ca3f,52ee59901f3b4de884d7a6720538aed6,e1c63000ace94c1d9381d82389fe6afd,2b039224b54142d185a406b31fe01de2,ffc5805e29a74be0a55b40318aa321d7,0592b57e490d4206a3f12eb004a0afe0,eafb3480db704d7baa8216ce857d1610,e79ae27b52fa4d54aa37735fd275c66e,5a6f4a2f7f6a4b1fa146493472e6d721,4a6eba10a02a4ecdbb6b25e8651c3789
5ed3368f73bb44e6b4ad520a68661e92,57430214baf045cb92fa3b3b70a4ca3f,e1c63000ace94c1d9381d82389fe6afd,52ee59901f3b4de884d7a6720538aed6,ffc5805e29a74be0a55b40318aa321d7,7ab9086baf99475d8c93862a7dd36344,e511c40ca6324803b5021e47b4e777f8,8228c9eb29a542ba98c8b9b854eadaa4,7d0190486da540718e4dc4ca4bd1f573,72a7e2ce22d045efbdbbab9c68f5d026,2b039224b54142d185a406b31fe01de2
55b8c9724a3a454c9e37de654b24d293,4926607aafe749538c930e108275547e,1027a336232c4454a9c4ae450a562788,64e74af099b0485f8b6e71ac73aa2cb8,ad054da7e1704a53931a341173f0605f,0b57f893483647c3aed811775a4c4c04,01ffceddb5b34406a08bb982b424b3cf,4a3d4daed4b24a1898551f0fd1ba44f1,26869cc099c44c4a86f6043476ab4890,c713a0ca69864ee7b240069c98dc44dc,434551fdf9e443ed91679a9557ae6fd5
515bbdb925064e5080053f5a3bfa72c2,f5b766ea6abe4b5fb27d49cc3bc06020,1ad0cf33e96243888d5f970195a75586,3f1c2bb09c4e4400b6ba19542fafce18,c84deec0ecf843c39f52d4cb8e7300f8,200f7fc78e4c403982f61b2894e50bad,119a6d7b4af3458b951fc1c5ab5e1738,15b7b988bba143989cfd98d5c6c4d203,8a9dc60359ba49cd8ac170cfb4ac3913,5760084aabef4d8095b2d21902151f64,b277101390e1465685ef79bf3519f8d7
bd68648028064b068d1c788b7b8b35cf,4926607aafe749538c930e108275547e,1027a336232c4454a9c4ae450a562788,ad054da7e1704a53931a341173f0605f,c713a0ca69864ee7b240069c98dc44dc,4a3d4daed4b24a1898551f0fd1ba44f1,26869cc099c44c4a86f6043476ab4890,cae139b6e4914ce7b0ef1e68b8b857eb,c84deec0ecf843c39f52d4cb8e7300f8,64e74af099b0485f8b6e71ac73aa2cb8,77cecb221149474896d9b2eb848bf150
191675e5da5649c9ad0e649fba7469fd,f5b766ea6abe4b5fb27d49cc3bc06020,1ad0cf33e96243888d5f970195a75586,c84deec0ecf843c39f52d4cb8e7300f8,3f1c2bb09c4e4400b6ba19542fafce18,7d0190486da540718e4dc4ca4bd1f573,7862a63720b34104abf5bfa44bc8178d,e343a998f4df4ac195c84e0fb571a393,8a9dc60359ba49cd8ac170cfb4ac3913,15b7b988bba143989cfd98d5c6c4d203,b0d2e6c4b2384950b3696c4414870282
917a01f6ae4049189b017ae05f4e8282,ef60b54aa4b5490890da32d0bb8c9cbf,b585a2970e9f421da236241f603883f2,4a3d4daed4b24a1898551f0fd1ba44f1,ffc5805e29a74be0a55b40318aa321d7,fadf133e0e684a24ac79b5fa9515bac2,93dc50abd35349f7923100dca2f41002,c3a741d302d94ee294bb6e4090fd2da9,b3a022950e444682a113cec5a0537f6a,4d5cbe57c3094d01843e4f950a280b50,e79ae27b52fa4d54aa37735fd275c66e
8099552462944c5483e6c7e77019cd09,ef60b54aa4b5490890da32d0bb8c9cbf,4a3d4daed4b24a1898551f0fd1ba44f1,fadf133e0e684a24ac79b5fa9515bac2,4d5cbe57c3094d01843e4f950a280b50,e9428816b054499298745b742f128f65,b585a2970e9f421da236241f603883f2,d0b6e9c1cc5341faba9e03c17767bc2e,13e659415ac84c7a81fc769111d43417,1419b2c686f44896a0ae2a43e93b5402,da88fa5efc674368b593444ca950dff9
a9a932d9787f4b1c9d13926b41d68e8e,26869cc099c44c4a86f6043476ab4890,bbdf9065122d499d9d8f80ad3e0ef6f3,0daf8d5687b54d158f7f752884c42334,c3a741d302d94ee294bb6e4090fd2da9,64e74af099b0485f8b6e71ac73aa2cb8,78809cb3c6b841a9b8b132133dd6bb96,0b57f893483647c3aed811775a4c4c04,59f62d35b1ad451397b700b3dad25448,b6c493a3666c4db193e86c79faf099ab,9500823cb050427696343b1ea5cf8881
69a7253a5317474a980b4e9538e2df59,cae139b6e4914ce7b0ef1e68b8b857eb,f1c9c5051bdd4a11a064260bbb9d6d7b,26869cc099c44c4a86f6043476ab4890,1027a336232c4454a9c4ae450a562788,bbdf9065122d499d9d8f80ad3e0ef6f3,19a124c6dad14a4fa7864463b081009c,4a3d4daed4b24a1898551f0fd1ba44f1,cc243eebbb2b44a581745865a60c423a,0a2c24dead204be9ae36be358e1223f9,77cecb221149474896d9b2eb848bf150
54e1f0b191a74c1fbe587bd189dbefde,1232f20e710b448e8c0538b9e84dab1c,bcfa4a4177d44d8b8cda17b7a23196b0,99a52c93a3304ec18dab9206f98f2a8b,8d595c7da42545c88052e7b213b6c97c,4a6eba10a02a4ecdbb6b25e8651c3789,eb21a4e2b7bd43efbdf0c365415e7fef,b23a9c50eada4286a4f7ce8668b92db1,6c874292dbcc49ff8bb8bbe5643593a5,643fbbdd6b764ba9904a4ee67a86b9fd,3356a8a8c6ee4f30bc2b028e360d4471
eab46b3eacfd4c65a5d3acea93bcd635,cae139b6e4914ce7b0ef1e68b8b857eb,f1c9c5051bdd4a11a064260bbb9d6d7b,26869cc099c44c4a86f6043476ab4890,77cecb221149474896d9b2eb848bf150,4926607aafe749538c930e108275547e,3138244ae91040948d5bd6772e4075ea,1027a336232c4454a9c4ae450a562788,d658e3a743af41899183fecff6b2628d,19a124c6dad14a4fa7864463b081009c,bbdf9065122d499d9d8f80ad3e0ef6f3
77ba7373423f4871aa84b0e9e90558da,1232f20e710b448e8c0538b9e84dab1c,bcfa4a4177d44d8b8cda17b7a23196b0,b23a9c50eada4286a4f7ce8668b92db1,4a6eba10a02a4ecdbb6b25e8651c3789,8d595c7da42545c88052e7b213b6c97c,3356a8a8c6ee4f30bc2b028e360d4471,5f481b07f9734f518a14853831233b78,77cecb221149474896d9b2eb848bf150,eb21a4e2b7bd43efbdf0c365415e7fef,643fbbdd6b764ba9904a4ee67a86b9fd
ada711f5328244f298daf7e98150c7b2,ffe2740eee8c49b39b2ce41f9983bcb4,eff24b01b2f5428baa4c3fef6cb40d41,0bd1cce9370a461089e25393086800a8,c756409435634fc48c643a64e73c93ce,fadf133e0e684a24ac79b5fa9515bac2,66690895454847fea5a000202fbfab2e,9677dd2a3aae457a8079087ce4177e14,225818abe99e45a0bf5b0b3ec30db76b,79721c9bb6a54ecdb3d0a0f4011762c1,3c1b91a23b694da1973dbc5f75f2f3ed
b59f7290ee4240fba85223d721d2aefe,ffe2740eee8c49b39b2ce41f9983bcb4,c756409435634fc48c643a64e73c93ce,0bd1cce9370a461089e25393086800a8,eff24b01b2f5428baa4c3fef6cb40d41,9677dd2a3aae457a8079087ce4177e14,225818abe99e45a0bf5b0b3ec30db76b,66690895454847fea5a000202fbfab2e,8228c9eb29a542ba98c8b9b854eadaa4,fadf133e0e684a24ac79b5fa9515bac2,79721c9bb6a54ecdb3d0a0f4011762c1
d8235671d5bc44ea9bb7b027f4c3bb3e,77ce0587a12b46bab8814225ba86753e,71c1a8479b194efca65b44fb7f327afb,6c874292dbcc49ff8bb8bbe5643593a5,f12e9e5805534d719f829332d1ea5d29,ccb62901750b4d13a922fc161b607f83,bcfa4a4177d44d8b8cda17b7a23196b0,c1def54262224e23acf67a9870725ce5,6b4676aba2a746b3ab778315afc8ee82,724a3f6551e74ad585bdeac9a75fd639,b77d8b7bb0114c379139d280a9210e83
518f59c8010c4dd48362de2cb03f5167,77ce0587a12b46bab8814225ba86753e,bcfa4a4177d44d8b8cda17b7a23196b0,b77d8b7bb0114c379139d280a9210e83,71c1a8479b194efca65b44fb7f327afb,c1def54262224e23acf67a9870725ce5,70aa10580bfe4069bdaa5721ae2d29db,f92d16d3a970487094292439c3e00923,3d3e8565d2f84e0cad5ae622f2909765,97959d02a64f4a3fbbebe7cbece6c012,1232f20e710b448e8c0538b9e84dab1c
c313a0d413ec48a6a2cbd1df9d98d820,71c1a8479b194efca65b44fb7f327afb,77ce0587a12b46bab8814225ba86753e,8a464aa9e2ee45d0abc7ae6181cd1bda,98fbdf945d0c4206a48a4f7260e56017,97959d02a64f4a3fbbebe7cbece6c012,8683a3ad55d84a78834fabe20cde5269,8c7c9eaae41a44a3a4ebe39ce167d300,1232f20e710b448e8c0538b9e84dab1c,724a3f6551e74ad585bdeac9a75fd639,097f2ce3b88c4d008488b9908076497e
83661848dd63461885371664f7c4bc51,71c1a8479b194efca65b44fb7f327afb,77ce0587a12b46bab8814225ba86753e,98fbdf945d0c4206a48a4f7260e56017,724a3f6551e74ad585bdeac9a75fd639,c1def54262224e23acf67a9870725ce5,059a284910e849efbbc7073b8681409f,8a464aa9e2ee45d0abc7ae6181cd1bda,8683a3ad55d84a78834fabe20cde5269,9909a671f7414c19b2727e7d4d4dcf1b,e06d08ff594a4acbac12edf579743fcf
0b47b27e631a492c8956eba727078681,3e59b61eb70146308db2308b988b54cf,e0d8aee46b1d4d998858cd05027251b6,02a3cd76ce534d188b4d5ac4778bd652,82d68ea370f8451aa16ea08f4601245c,08ecf89bc10942a4bd894482f6fcdfa7,2f0401170d104b47b0a8f087f69dee88,ee7c00877ae64dac87123a3d75251530,ca5add3cbf044a95a5bec88a5841ce98,4a7fa5a1bafe4b6995e2920444ac07c4,7ef653f7e5f64e1b8bba73b9518b87b7
d0e0af0e83ea4c3b855152177e8295c4,a4af9472683c4df0a86f9400c99c2b61,097f2ce3b88c4d008488b9908076497e,70aa10580bfe4069bdaa5721ae2d29db,98fbdf945d0c4206a48a4f7260e56017,724a3f6551e74ad585bdeac9a75fd639,19098957d8c24cab95daa30c2baefd8f,105ad424733e4cffa7c474b51e3980aa,ccb62901750b4d13a922fc161b607f83,c1def54262224e23acf67a9870725ce5,77ce0587a12b46bab8814225ba86753e
3c7adf3c0f6a48ddae27f1be8bf94c98,98fbdf945d0c4206a48a4f7260e56017,724a3f6551e74ad585bdeac9a75fd639,70aa10580bfe4069bdaa5721ae2d29db,a94cb58f1ca8456b96e39b5b1ebfb7ea,f335a944a27a4504a82ecf70c2d4a5e4,8c7c9eaae41a44a3a4ebe39ce167d300,b77d8b7bb0114c379139d280a9210e83,6c79712e67b54dd0a11d426a91207939,82d68ea370f8451aa16ea08f4601245c,71c1a8479b194efca65b44fb7f327afb
9ece5d7b95974244a7560e0a5516708d,3e59b61eb70146308db2308b988b54cf,e6afe89ff7bc491193141c057083d8a8,4c36aafaf38f4e9e9e09991737196fe1,211ef3181e524685866fb8574d9bf456,e22e1ad3c1fc4493bcb7c9b923566ff7,ee7c00877ae64dac87123a3d75251530,98fbdf945d0c4206a48a4f7260e56017,e0d8aee46b1d4d998858cd05027251b6,7d3d751215194e649a03457226f599d7,8746ae2ca7514699b629b4d9b5fe95a7
6b69e25d73f148c98af914e308e2396e,3e59b61eb70146308db2308b988b54cf,e0d8aee46b1d4d998858cd05027251b6,4c36aafaf38f4e9e9e09991737196fe1,98fbdf945d0c4206a48a4f7260e56017,02a3cd76ce534d188b4d5ac4778bd652,211ef3181e524685866fb8574d9bf456,26e55eb4d910464497d700bfdf5a36ca,82d68ea370f8451aa16ea08f4601245c,2f0401170d104b47b0a8f087f69dee88,7e190e3c05d74e6b9f103e39142c1684
f443d2b48e9f48748ed811a3ffbfeeb0,5e44915237fc4445b54b037e1c4e29a4,7584980704ae4617bb27ca162cc9c5db,4d0a737f396d4a95808085bd1306746c,636c21e19a5845e1b8d69a5fca928030,f91157bb8fca4a8e98db33591a76be9a,e12ad1ce8e7940a999b9a4f91a95fab7,be9e713988ba4bbba869885cad419259,6b7b5d28293d4a5a8075f7f7dd231ddb,69ac8397e9624bfd8aee237b9f9ea3b5,039f8e63b273472d8f1d99d9a5de5cf5
ca49f30627f348ebb9db4ee0577e1d96,0cdb0f32850f4585a16de4886462bbe0,6ea31a945d494834a3d243f1f90af02a,33b5e2ae5ebe4f548bac3a00ab0a59eb,aa082284f9894b5aa210c179d59999b1,d695b7afdc3841a28a56df578e56afce,4e22dc65beb7450b9260cf27e50919e4,097f2ce3b88c4d008488b9908076497e,ccb62901750b4d13a922fc161b607f83,1d70bc69b2f84bef9aa5fb0d9917e38d,eabdd2813a954f9aa01f0eb8212ee387
3edc2638f7bf459c90061b70e170d78e,0cdb0f32850f4585a16de4886462bbe0,4e22dc65beb7450b9260cf27e50919e4,e06d08ff594a4acbac12edf579743fcf,f335a944a27a4504a82ecf70c2d4a5e4,be8953cc364d46cebbcc2c2da2c348ab,33b5e2ae5ebe4f548bac3a00ab0a59eb,39e2b00e1cbd471488cf56f31d2cec7f,eabdd2813a954f9aa01f0eb8212ee387,6ea31a945d494834a3d243f1f90af02a,feb980ae999948ce9be0266b4ddc048d
4241e3037cc4416b9760a32dc49b4d49,5e44915237fc4445b54b037e1c4e29a4,7584980704ae4617bb27ca162cc9c5db,4d0a737f396d4a95808085bd1306746c,be8953cc364d46cebbcc2c2da2c348ab,f91157bb8fca4a8e98db33591a76be9a,e12ad1ce8e7940a999b9a4f91a95fab7,69ac8397e9624bfd8aee237b9f9ea3b5,249c2d8d8d2345c6990b3c4d94385b5a,039f8e63b273472d8f1d99d9a5de5cf5,f2cfa68a47ce4a43a0fe1cc7dc860418
2c1eb27749b548ee9cc13137105c60f9,21019944fc2c4838a682a6dcdc62c4ef,e53dd6188816429ab915de6f9649a026,3356a8a8c6ee4f30bc2b028e360d4471,bcfa4a4177d44d8b8cda17b7a23196b0,7d6cdff8c9ac434196df803628fe9f62,039f8e63b273472d8f1d99d9a5de5cf5,f91157bb8fca4a8e98db33591a76be9a,1232f20e710b448e8c0538b9e84dab1c,97959d02a64f4a3fbbebe7cbece6c012,9bf3b77eb9874f5f9e006a9cff111ea9
879584d5b62041dfb4cfbb779df86357,e4ee90d625d44a6d9adc138390eef0f8,e22e1ad3c1fc4493bcb7c9b923566ff7,563043f180e54e238ad4876974e5db4c,211ef3181e524685866fb8574d9bf456,570f08ce2a1a47978eab16bf7ad16a68,a865b8d581b44104afe7c8508e3486f5,7d3d751215194e649a03457226f599d7,5a9a716f53364389864a4018d9e9c6c0,9bf3b77eb9874f5f9e006a9cff111ea9,b626eb67c2e14afeae2846bb150976f3
f21b02728ff6484fb3fd4a60399ab492,e4ee90d625d44a6d9adc138390eef0f8,e22e1ad3c1fc4493bcb7c9b923566ff7,211ef3181e524685866fb8574d9bf456,563043f180e54e238ad4876974e5db4c,9bf3b77eb9874f5f9e006a9cff111ea9,a865b8d581b44104afe7c8508e3486f5,570f08ce2a1a47978eab16bf7ad16a68,d7c9dafddaf547159d366dacf7b68a7e,7d3d751215194e649a03457226f599d7,f5b766ea6abe4b5fb27d49cc3bc06020
d8456095cf7c4204a086a014ff2b3c14,21019944fc2c4838a682a6dcdc62c4ef,039f8e63b273472d8f1d99d9a5de5cf5,1232f20e710b448e8c0538b9e84dab1c,9bf3b77eb9874f5f9e006a9cff111ea9,6dc5832f0ac04df2bd99c6415b3ecf09,77cecb221149474896d9b2eb848bf150,b626eb67c2e14afeae2846bb150976f3,67dd23cfd20f46dc82acc82c108a1dc6,bcfa4a4177d44d8b8cda17b7a23196b0,0592b57e490d4206a3f12eb004a0afe0
3afae5ea042d4934b4e05a905c277730,1c6bbf19b3d2498696a5baf0f53a0f18,8ad1f345ca194b29bde0a924f27b2de5,b2b22c673e554db39c8acdbe42687a6d,a297e08effdf4a69a6c4d79a34a0c6ad,4230775a9d51448396cacb9061f0e5f9,116f6c1f0cb54312986a0a729508a33e,fe363cef357840fcb35f320fe7c27e4e,f12e9e5805534d719f829332d1ea5d29,403835bbf2f1447188bcc78e062b0028,f37d285ad0de42f0b1546d0d1acfb221
c6c6941b06454b858b384b129f635fbc,b2b22c673e554db39c8acdbe42687a6d,1c6bbf19b3d2498696a5baf0f53a0f18,a297e08effdf4a69a6c4d79a34a0c6ad,403835bbf2f1447188bcc78e062b0028,8c5f38853679436ba434b6a696e43168,5e199f7727cc4910ad88dbd81ed1ec82,a8904adcdd21495f890bc614bfdbf86f,4230775a9d51448396cacb9061f0e5f9,f12e9e5805534d719f829332d1ea5d29,93bf0b86be094f68a9d308ca5ecfb4e3
164fd25714484642abf3c2f90a97a8fd,8a9dc60359ba49cd8ac170cfb4ac3913,e8c8742459dc48a49080bf0e5b3fdee0,f0084465b2e646c9a53d9dc766067d9b,15b7b988bba143989cfd98d5c6c4d203,033f1514c78b49dd82148b94f6bcbeba,b0d2e6c4b2384950b3696c4414870282,b277101390e1465685ef79bf3519f8d7,570f08ce2a1a47978eab16bf7ad16a68,a055f8188384479a8bad418f7dffd9a5,03df72bcf3504272a27f4bbaea89118a
3a05b06fa1e34ff0b02748d47a9e6360,8a9dc60359ba49cd8ac170cfb4ac3913,e8c8742459dc48a49080bf0e5b3fdee0,033f1514c78b49dd82148b94f6bcbeba,15b7b988bba143989cfd98d5c6c4d203,f0084465b2e646c9a53d9dc766067d9b,570f08ce2a1a47978eab16bf7ad16a68,03df72bcf3504272a27f4bbaea89118a,a055f8188384479a8bad418f7dffd9a5,d9096650c434432c871effeca9acd5c6,b277101390e1465685ef79bf3519f8d7
fec5eb7ba2734bf5b777bcb611801028,7d5c0a2bfccf4255a43d9bd0f84a6d3a,9fd4c00672d84215b3e21812aef3d6ac,632cc2bc04034dd4848855fe6497262d,9dd98c9126c44642a20711729f2e731e,1578afd6ce694d46ab6e24f965f51fd6,de1102228a324428989533278cd482f6,6bedb2d6ace34e18811b7f1206b2d1b0,a9573f188204436090fb4a5240e4eccd,48c31b1e2ce94de8968fab433813fa91,3f1c2bb09c4e4400b6ba19542fafce18
99fd1c486f1c4dd591b9a6ecf8054b7d,7d5c0a2bfccf4255a43d9bd0f84a6d3a,9dd98c9126c44642a20711729f2e731e,1578afd6ce694d46ab6e24f965f51fd6,9fd4c00672d84215b3e21812aef3d6ac,632cc2bc04034dd4848855fe6497262d,de1102228a324428989533278cd482f6,48c31b1e2ce94de8968fab433813fa91,3f1c2bb09c4e4400b6ba19542fafce18,6bedb2d6ace34e18811b7f1206b2d1b0,a9573f188204436090fb4a5240e4eccd
7613bd74728b4f0baa8eabd0aefbbc29,4a6eba10a02a4ecdbb6b25e8651c3789,1232f20e710b448e8c0538b9e84dab1c,039f8e63b273472d8f1d99d9a5de5cf5,434551fdf9e443ed91679a9557ae6fd5,fbfaa119f55a477984e42d80498f54d3,7daa434073604cb98a04fefb55468dda,8d595c7da42545c88052e7b213b6c97c,eb21a4e2b7bd43efbdf0c365415e7fef,25109e3a7df549e5b380aae716d71366,97959d02a64f4a3fbbebe7cbece6c012
4c482b037ef04720a8eafa90efddd03b,eafb3480db704d7baa8216ce857d1610,4a6eba10a02a4ecdbb6b25e8651c3789,6c874292dbcc49ff8bb8bbe5643593a5,eb21a4e2b7bd43efbdf0c365415e7fef,dee9eddb2eac41bfaf36d3279d43674a,1232f20e710b448e8c0538b9e84dab1c,8d595c7da42545c88052e7b213b6c97c,b77d8b7bb0114c379139d280a9210e83,097f2ce3b88c4d008488b9908076497e,31cf7db26a3249c5a6205b005662ddcf
596b8b0b72be41a4842150fbbd18aead,4a6eba10a02a4ecdbb6b25e8651c3789,eafb3480db704d7baa8216ce857d1610,69ac8397e9624bfd8aee237b9f9ea3b5,1232f20e710b448e8c0538b9e84dab1c,039f8e63b273472d8f1d99d9a5de5cf5,b3f8b4bec0164d0e81997b4f5a277e8f,60e87368fe334a92b57088b03cccbfc1,8dfbb6a204a0441492c35baca6190969,44f41e6e6faa4facb0bb9a72205229f8,fbfaa119f55a477984e42d80498f54d3
99794362eca94e2ea0536c628c097ee0,eafb3480db704d7baa8216ce857d1610,4a6eba10a02a4ecdbb6b25e8651c3789,6c874292dbcc49ff8bb8bbe5643593a5,8dfbb6a204a0441492c35baca6190969,eb21a4e2b7bd43efbdf0c365415e7fef,8d595c7da42545c88052e7b213b6c97c,e1c63000ace94c1d9381d82389fe6afd,eeb3b60f34af40de850e065b475d8180,57430214baf045cb92fa3b3b70a4ca3f,097f2ce3b88c4d008488b9908076497e
517088ff1e71421dbc66c81c7b6d809f,69ac8397e9624bfd8aee237b9f9ea3b5,b3f8b4bec0164d0e81997b4f5a277e8f,097f2ce3b88c4d008488b9908076497e,f12e9e5805534d719f829332d1ea5d29,6c874292dbcc49ff8bb8bbe5643593a5,c65af18670ea437c8986884645b3afe9,f91157bb8fca4a8e98db33591a76be9a,5e44915237fc4445b54b037e1c4e29a4,17b5eb6fab65476f827dd355b4a20a55,75bf181ea5dc490e95d364a5f5c7af1d
67f17a1293154579a1047cd28690d783,a055f8188384479a8bad418f7dffd9a5,5be48a6bc26044f2a2e4e9b6a223c319,1ad0cf33e96243888d5f970195a75586,5760084aabef4d8095b2d21902151f64,b3a022950e444682a113cec5a0537f6a,e8c8742459dc48a49080bf0e5b3fdee0,b83013f4c5524232814efa0f8651867f,3f1c2bb09c4e4400b6ba19542fafce18,0ecfdd96e0054841883acba75e83b232,da14e9dc2c3d4963b725de8102de5028
376dc48ffd5842e2b10ce1bfe8617a4f,a055f8188384479a8bad418f7dffd9a5,5760084aabef4d8095b2d21902151f64,5be48a6bc26044f2a2e4e9b6a223c319,3f1c2bb09c4e4400b6ba19542fafce18,1ad0cf33e96243888d5f970195a75586,b83013f4c5524232814efa0f8651867f,da14e9dc2c3d4963b725de8102de5028,e8c8742459dc48a49080bf0e5b3fdee0,15b7b988bba143989cfd98d5c6c4d203,e4e12f4711fd41e39075e26cc274df45
e35f15c7fc564b948c6220d15268f95e,69ac8397e9624bfd8aee237b9f9ea3b5,b3f8b4bec0164d0e81997b4f5a277e8f,097f2ce3b88c4d008488b9908076497e,7584980704ae4617bb27ca162cc9c5db,f91157bb8fca4a8e98db33591a76be9a,5e44915237fc4445b54b037e1c4e29a4,105ad424733e4cffa7c474b51e3980aa,6c874292dbcc49ff8bb8bbe5643593a5,c65af18670ea437c8986884645b3afe9,f12e9e5805534d719f829332d1ea5d29
7abc7ac040a84ae88177c3b2d510f7cb,e86a0aae846a4e44bf967ab4972c977c,1232f20e710b448e8c0538b9e84dab1c,babbeca1f6a244a2a11ea77a3855e70f,31cf7db26a3249c5a6205b005662ddcf,ff276acede2f4c14876ef47257758ae8,e96fae6d607246b18b8494aabe521036,f32f4607b4714e378831f924c5e6084d,99a52c93a3304ec18dab9206f98f2a8b,b425f33c33ad4be89a12da266d131a86,d476be2399b7424a88d242b771c32041
dc2a5233c1944b37aa2c99dd76665f2b,1e376f9d0945477983c8d851e4b2cf5e,0a2c24dead204be9ae36be358e1223f9,599feb1e512c43ad8c0a1845922acf78,4a3d4daed4b24a1898551f0fd1ba44f1,23a16d69ffe848d593a4808907d8aa98,f1c9c5051bdd4a11a064260bbb9d6d7b,19a124c6dad14a4fa7864463b081009c,f5bcc6f48ed2447581b401d453039866,6732de8994744decbb3306c74aaa7882,6866efc8987a4ec8b04b7abd28fb5777
27b25d301ad34851bd0df3863116a2e2,e86a0aae846a4e44bf967ab4972c977c,babbeca1f6a244a2a11ea77a3855e70f,14ca42308d3141fba50b774042144343,ff276acede2f4c14876ef47257758ae8,90b560de76b149c09c7cd6efb3f12cfd,655a618282cd4fa39a26f0967c033f4b,41047823f2cb4194ba1e0709443c719a,71c1a8479b194efca65b44fb7f327afb,1232f20e710b448e8c0538b9e84dab1c,f37d285ad0de42f0b1546d0d1acfb221
2b2bf37314104deaa800c3918ab54a33,1e376f9d0945477983c8d851e4b2cf5e,4a3d4daed4b24a1898551f0fd1ba44f1,0a2c24dead204be9ae36be358e1223f9,599feb1e512c43ad8c0a1845922acf78,5a6f4a2f7f6a4b1fa146493472e6d721,b5f237fefb38465bb6a068c9cf75ba31,23a16d69ffe848d593a4808907d8aa98,e511c40ca6324803b5021e47b4e777f8,2c3599a1611644f4908562f8fb8870d3,e5a3c8867e44498d9182e8be934e0fce
3c56e94879364377bc8bfb7a92d403d1,a9d82bb43410405ca21b44a5e82e22b6,66690895454847fea5a000202fbfab2e,189a3b686ad14c24b5e1a495f76dd239,b6c493a3666c4db193e86c79faf099ab,48c31b1e2ce94de8968fab433813fa91,8c674a7b65e24114a45dd3c861a7ccfc,9bf3b77eb9874f5f9e006a9cff111ea9,f4474150010f4021a4620372062f3797,04537eabb0434eb2804d1220770b85a0,a9573f188204436090fb4a5240e4eccd
c28224ae63704fec95ee0278f177f277,521004289ebc4e6da6623381d40a5e73,295d0d40791245ff838c73a2aa27d065,5455e62f52ae4e03b2a5d0e8b9899506,74de04f31db94a99b757685c91779412,3675c688960a4f3b9f82c4ccf4049e93,b277101390e1465685ef79bf3519f8d7,039a871609044cb1b69f70c082fe61d8,d9096650c434432c871effeca9acd5c6,41e657daa20545a588584578bdb4101c,feb980ae999948ce9be0266b4ddc048d
2c9175bf65da4030a4bca9f358cadeda,521004289ebc4e6da6623381d40a5e73,295d0d40791245ff838c73a2aa27d065,d9096650c434432c871effeca9acd5c6,5455e62f52ae4e03b2a5d0e8b9899506,41e657daa20545a588584578bdb4101c,5fc200cab89346658c9c91cce27e85fe,b277101390e1465685ef79bf3519f8d7,feb980ae999948ce9be0266b4ddc048d,f69855cdf66d4f6887ecfd0ddb9014b5,74de04f31db94a99b757685c91779412
7567134f761c40a79567b3f82e31afdc,f91157bb8fca4a8e98db33591a76be9a,7dd5e88dfdd24cafab2c765939757354,7199f2fe77824236a392e1f00a5bdfc3,3356a8a8c6ee4f30bc2b028e360d4471,e12ad1ce8e7940a999b9a4f91a95fab7,8fdee0611965465eb45387b8c39f4136,19a124c6dad14a4fa7864463b081009c,00614d60b3544ba790dfd23dd53992e0,039f8e63b273472d8f1d99d9a5de5cf5,30f654c6e69e48888f9f42dd95ab3c77
e95e0daa9ae049ef8be95f459b99d584,e511c40ca6324803b5021e47b4e777f8,9bf3b77eb9874f5f9e006a9cff111ea9,0bd1cce9370a461089e25393086800a8,fadf133e0e684a24ac79b5fa9515bac2,6bedb2d6ace34e18811b7f1206b2d1b0,99830b8da7c24f909914f7bb167f3ea6,e7ee85dd47ca43eeb2fdcd70b802f0ec,29fb30a75c57451a85f310aa6423a662,36ac84a73ad34261ad45cf569edb60af,ffc5805e29a74be0a55b40318aa321d7
ee401564da1d407da8d97b804a5e3801,643fbbdd6b764ba9904a4ee67a86b9fd,6b7b5d28293d4a5a8075f7f7dd231ddb,69ac8397e9624bfd8aee237b9f9ea3b5,e1c63000ace94c1d9381d82389fe6afd,f12e9e5805534d719f829332d1ea5d29,8d595c7da42545c88052e7b213b6c97c,7226603f024c45c6a6e44b00e52e8aad,99a52c93a3304ec18dab9206f98f2a8b,5537ddec608a4ec586ea068fa27547ca,b3209c60460a437294e2b30a9e9d3f53
77ae6ded0d014f36b371a4153e05c4ed,89e983dca0a34b768e17b3871b9cea1e,c2a665cec90e46db8d2a74389beb4649,c4b9d7a8d5d342459d2282589b3af293,01930613ce7d4a5f90ccf78d1e92a55d,5cf392f15360460bae6a6b0182bb99b9,ffc5805e29a74be0a55b40318aa321d7,da61d9bc8f024a4aba18d5c3072b7838,baf841bad27c456c9de7227555ea3ef8,0092d1d820c64646b8bee9fd14f77acf,99830b8da7c24f909914f7bb167f3ea6
8a0213e5d51f4d7ca596a5163d04d39b,b40d3c588ad647ff85e397a6bc5f9d8b,ff276acede2f4c14876ef47257758ae8,bf789f42ccfc42c5a330a3f6e30ddb83,bcfa4a4177d44d8b8cda17b7a23196b0,eee7f32249c5452ea36c8ed3a3540010,db0c3a952e454b90aa4a68feb6a50e87,e86a0aae846a4e44bf967ab4972c977c,90b560de76b149c09c7cd6efb3f12cfd,c1def54262224e23acf67a9870725ce5,191b01e1728e4583a8ead5a86db27370
49a13f972cb940089aa409b42b7e809b,b425f33c33ad4be89a12da266d131a86,66f4c650b7ca48f1bc27f9daff8d312a,babbeca1f6a244a2a11ea77a3855e70f,43464ed6733f4642a0b90e7d995a5e40,a70909d3ce0d4235913b5ce6a138dcce,08ecf89bc10942a4bd894482f6fcdfa7,1232f20e710b448e8c0538b9e84dab1c,e2769c67dadd4c988f7ccf249a998a56,ff276acede2f4c14876ef47257758ae8,211ef3181e524685866fb8574d9bf456
42b7373e7edb4471bd9cd69dd50bf4f1,66f4c650b7ca48f1bc27f9daff8d312a,43464ed6733f4642a0b90e7d995a5e40,c1d504dfeded4b8bb3c07777b7c7abde,b425f33c33ad4be89a12da266d131a86,e96fae6d607246b18b8494aabe521036,cb32ec9a538a4c0f8462771946ced93b,e2769c67dadd4c988f7ccf249a998a56,1232f20e710b448e8c0538b9e84dab1c,82d68ea370f8451aa16ea08f4601245c,b702b2b61ce048c6bf5af3c4dca18b1a
f387e105e9d440d199759eb2c79cd950,34b736136487439389c10cc6bd4e9f4e,434551fdf9e443ed91679a9557ae6fd5,9bf3b77eb9874f5f9e006a9cff111ea9,0092d1d820c64646b8bee9fd14f77acf,2c3599a1611644f4908562f8fb8870d3,1232f20e710b448e8c0538b9e84dab1c,444fa28d9ed54c82a522699041eae592,77cecb221149474896d9b2eb848bf150,6c874292dbcc49ff8bb8bbe5643593a5,bcfa4a4177d44d8b8cda17b7a23196b0
a75e0b290bc941358cd4614e21662749,9bf3b77eb9874f5f9e006a9cff111ea9,033f1514c78b49dd82148b94f6bcbeba,8c674a7b65e24114a45dd3c861a7ccfc,ee7c00877ae64dac87123a3d75251530,77cecb221149474896d9b2eb848bf150,de6ac628a786435f9925c8cc1d707d6b,2c3599a1611644f4908562f8fb8870d3,82d68ea370f8451aa16ea08f4601245c,119a6d7b4af3458b951fc1c5ab5e1738,b90d74e80c37486eaee89b6fbab13671
1c30f9917de0495eae26b471a7cd3e1d,b425f33c33ad4be89a12da266d131a86,43464ed6733f4642a0b90e7d995a5e40,66f4c650b7ca48f1bc27f9daff8d312a,e2769c67dadd4c988f7ccf249a998a56,babbeca1f6a244a2a11ea77a3855e70f,82d68ea370f8451aa16ea08f4601245c,a70909d3ce0d4235913b5ce6a138dcce,29088685e31a4d86b60b514e98117361,6b4676aba2a746b3ab778315afc8ee82,3aaea7fa41fd43cdb88f8ef59062c5df
57378df73d2a41698b22cc6d6171529d,2acbd3ec289a47f7b4108896ec632585,8dfe01febd46475ab5aef97033716ce1,4230775a9d51448396cacb9061f0e5f9,f12e9e5805534d719f829332d1ea5d29,a9573f188204436090fb4a5240e4eccd,664da77d25e74df693eaad44a5e7617f,a8904adcdd21495f890bc614bfdbf86f,2d43cf91509846e29ab4febd7781919f,a297e08effdf4a69a6c4d79a34a0c6ad,71d4b4036e594d7399506e6fd9b88063
ffa661c1e7484ac0bd1e6fd235a3cc5a,2acbd3ec289a47f7b4108896ec632585,2d43cf91509846e29ab4febd7781919f,50aa0f56e00d4c23ac78b3e63bc0f0e1,f12e9e5805534d719f829332d1ea5d29,a8904adcdd21495f890bc614bfdbf86f,26869cc099c44c4a86f6043476ab4890,503d2f067a8a4f5798b1c64b07ab0bc5,4230775a9d51448396cacb9061f0e5f9,59f62d35b1ad451397b700b3dad25448,71d4b4036e594d7399506e6fd9b88063
b2ab0d60cd84497b8493bee493f63c20,33e2a95109e647cbb4ba2687631b169a,41e657daa20545a588584578bdb4101c,26869cc099c44c4a86f6043476ab4890,2acbd3ec289a47f7b4108896ec632585,2d43cf91509846e29ab4febd7781919f,71d4b4036e594d7399506e6fd9b88063,35c5a560ecdc4d6a9d20f057ed1fa0e6,24c55bb5cd694770ba895c7401da2ba5,ef8c056ecb524439a48c881089537951,a9573f188204436090fb4a5240e4eccd
5cbead44a3a74909ab9ed4a89f1396cf,33e2a95109e647cbb4ba2687631b169a,41e657daa20545a588584578bdb4101c,26869cc099c44c4a86f6043476ab4890,02a3cd76ce534d188b4d5ac4778bd652,24c55bb5cd694770ba895c7401da2ba5,cc243eebbb2b44a581745865a60c423a,39a08a87897f47d3bdbbdc5ed8c9cd7f,71d4b4036e594d7399506e6fd9b88063,74de04f31db94a99b757685c91779412,e0d8aee46b1d4d998858cd05027251b6
6e174164c10a49d8a9483ad16d690598,d658e3a743af41899183fecff6b2628d,f1c9c5051bdd4a11a064260bbb9d6d7b,d695b7afdc3841a28a56df578e56afce,26869cc099c44c4a86f6043476ab4890,19a124c6dad14a4fa7864463b081009c,434551fdf9e443ed91679a9557ae6fd5,7dd5e88dfdd24cafab2c765939757354,bbdf9065122d499d9d8f80ad3e0ef6f3,23a16d69ffe848d593a4808907d8aa98,0b57f893483647c3aed811775a4c4c04
1472ac5adbe24310ac0366a2fb7c4d66,0592b57e490d4206a3f12eb004a0afe0,1232f20e710b448e8c0538b9e84dab1c,eb21a4e2b7bd43efbdf0c365415e7fef,724a3f6551e74ad585bdeac9a75fd639,33b5e2ae5ebe4f548bac3a00ab0a59eb,71c1a8479b194efca65b44fb7f327afb,3574ab91c29940b3afc62354ae06b73b,d43b0f94627d45918e18a80be127aa2c,07958f43551e459eb30638b632e3cd64,b2992fe473124dd0b895cf81f59f6db6
7df15c3f44244335b645553730704ae6,724a3f6551e74ad585bdeac9a75fd639,17b5eb6fab65476f827dd355b4a20a55,eb21a4e2b7bd43efbdf0c365415e7fef,1232f20e710b448e8c0538b9e84dab1c,3d3e8565d2f84e0cad5ae622f2909765,33b5e2ae5ebe4f548bac3a00ab0a59eb,98fbdf945d0c4206a48a4f7260e56017,0592b57e490d4206a3f12eb004a0afe0,71c1a8479b194efca65b44fb7f327afb,19098957d8c24cab95daa30c2baefd8f
d59e2a4a21bf40f9b53614eb370d1190,d658e3a743af41899183fecff6b2628d,26869cc099c44c4a86f6043476ab4890,bbdf9065122d499d9d8f80ad3e0ef6f3,67984873125e4a0f9562179c906d1b0f,f1c9c5051bdd4a11a064260bbb9d6d7b,1419b2c686f44896a0ae2a43e93b5402,0842a796c09b4089933a4f27e4e5e3bc,c713a0ca69864ee7b240069c98dc44dc,119a6d7b4af3458b951fc1c5ab5e1738,4a7fa5a1bafe4b6995e2920444ac07c4
fa321eafe1a9412bb6e66f46ae22286c,6400e3f6a14c492ba399bd414faca075,cb75c6ef71cb4991805920f2894e0e96,1099cb6f4fac4eb8a1fb6db50e18296b,2b3ecf8be2b242f3b8a1e714390749fb,521004289ebc4e6da6623381d40a5e73,2839430464164d5ba00713b42d4d96e4,19593c97fef0474dbe6051e28338f1e9,0ecfdd96e0054841883acba75e83b232,7aceed0dbea645b091207f4a53d879f2,a055f8188384479a8bad418f7dffd9a5
503f076c7e794fbca12dae4217643acd,6400e3f6a14c492ba399bd414faca075,cb75c6ef71cb4991805920f2894e0e96,1099cb6f4fac4eb8a1fb6db50e18296b,2b3ecf8be2b242f3b8a1e714390749fb,7aceed0dbea645b091207f4a53d879f2,b3a022950e444682a113cec5a0537f6a,39a08a87897f47d3bdbbdc5ed8c9cd7f,2471f23cb9b64d35a72deed09c9c8975,0ecfdd96e0054841883acba75e83b232,2839430464164d5ba00713b42d4d96e4
14780abe56584d7c820310e42bef8f59,72a7e2ce22d045efbdbbab9c68f5d026,99830b8da7c24f909914f7bb167f3ea6,7dd5e88dfdd24cafab2c765939757354,e79ae27b52fa4d54aa37735fd275c66e,8228c9eb29a542ba98c8b9b854eadaa4,250d411ae270441085be3501b7b55d86,fb8c2b83e46441c2aaa7c81d3642e2da,3c1b91a23b694da1973dbc5f75f2f3ed,e7aaa514f6f64a258a640ea341aa1a18,ffc5805e29a74be0a55b40318aa321d7
695fbae9ce4c4e3ab42253368b1e2cd2,72a7e2ce22d045efbdbbab9c68f5d026,3c1b91a23b694da1973dbc5f75f2f3ed,8c674a7b65e24114a45dd3c861a7ccfc,0b57f893483647c3aed811775a4c4c04,8350ea8cd6514c2c8d7b625abe7e895b,7dd5e88dfdd24cafab2c765939757354,434551fdf9e443ed91679a9557ae6fd5,da61e0de396149208c9ebd0fd6d7415d,e79ae27b52fa4d54aa37735fd275c66e,a9d82bb43410405ca21b44a5e82e22b6
c4b6717a4b55444ca077700ab06da875,afaf2edba0ee4d58860a5a04e4aabc5c,eb21a4e2b7bd43efbdf0c365415e7fef,f1eecad10a61421eb16b1be7435d9c19,3d3e8565d2f84e0cad5ae622f2909765,2639b6540bda414f8a9baa3b5cdb612a,14ca42308d3141fba50b774042144343,724a3f6551e74ad585bdeac9a75fd639,82d68ea370f8451aa16ea08f4601245c,452d645d5bf4485185e996dcec9523e5,97959d02a64f4a3fbbebe7cbece6c012
7ddb092a89824767b09eb8b07c8f67de,afaf2edba0ee4d58860a5a04e4aabc5c,f1eecad10a61421eb16b1be7435d9c19,eb21a4e2b7bd43efbdf0c365415e7fef,90b560de76b149c09c7cd6efb3f12cfd,2639b6540bda414f8a9baa3b5cdb612a,3d3e8565d2f84e0cad5ae622f2909765,34b736136487439389c10cc6bd4e9f4e,1232f20e710b448e8c0538b9e84dab1c,97959d02a64f4a3fbbebe7cbece6c012,452d645d5bf4485185e996dcec9523e5
21ff6809479e4f828a199d580c8ae4c1,66690895454847fea5a000202fbfab2e,99ba4cc9355f4d79a68bc69ac12a716f,4a3d4daed4b24a1898551f0fd1ba44f1,e3854d75221c4e38879a6106bb5c1941,ad054da7e1704a53931a341173f0605f,fadf133e0e684a24ac79b5fa9515bac2,48c31b1e2ce94de8968fab433813fa91,64e74af099b0485f8b6e71ac73aa2cb8,1027a336232c4454a9c4ae450a562788,c3a741d302d94ee294bb6e4090fd2da9
763242c8ded1422bb4439fdb575fad5b,66690895454847fea5a000202fbfab2e,99ba4cc9355f4d79a68bc69ac12a716f,48c31b1e2ce94de8968fab433813fa91,ad054da7e1704a53931a341173f0605f,1027a336232c4454a9c4ae450a562788,4a3d4daed4b24a1898551f0fd1ba44f1,64e74af099b0485f8b6e71ac73aa2cb8,e3854d75221c4e38879a6106bb5c1941,fadf133e0e684a24ac79b5fa9515bac2,9bf3b77eb9874f5f9e006a9cff111ea9
5ebf97c863dd4c5ba61093f8ab07b15d,45f4192f485a49d9a75219ae4d0c41ee,0cc5015848a044b59fa4b290813f859c,e511c40ca6324803b5021e47b4e777f8,5a6f4a2f7f6a4b1fa146493472e6d721,1aaf8edc37ea412b85e3d1b5c5317051,d476be2399b7424a88d242b771c32041,3356a8a8c6ee4f30bc2b028e360d4471,6732de8994744decbb3306c74aaa7882,0971af4212484a958eb0f60f93d1dfe0,57430214baf045cb92fa3b3b70a4ca3f
a9852ab7f40a4b35a004ce7c87aac7b6,3675c688960a4f3b9f82c4ccf4049e93,97959d02a64f4a3fbbebe7cbece6c012,feb980ae999948ce9be0266b4ddc048d,cc243eebbb2b44a581745865a60c423a,30f654c6e69e48888f9f42dd95ab3c77,3574ab91c29940b3afc62354ae06b73b,022e16490d1949b9ab2fc1de5a837031,7e190e3c05d74e6b9f103e39142c1684,4285b02dc9164cb9bae36b0566bb42f0,63eab812f3254cccb9631b09725aec3d
c8186591409f4404a006b302ed5475d5,45f4192f485a49d9a75219ae4d0c41ee,8683a3ad55d84a78834fabe20cde5269,6b7b5d28293d4a5a8075f7f7dd231ddb,54e9bbd0093947a3bda5fef48ef7493d,e511c40ca6324803b5021e47b4e777f8,6732de8994744decbb3306c74aaa7882,d476be2399b7424a88d242b771c32041,f32f4607b4714e378831f924c5e6084d,fbfaa119f55a477984e42d80498f54d3,df5ca61304074da1bec8f536ab50baf3
afc4b3ff44d1405c9ff0cce76fa55d76,c5486d5e31084ee797da0ebdacb17abc,0d0973762130427eaa2ce9a7a34517db,e43d8e7bc32f406b9a692e2604f5b45a,c78547bdc2e64ac8935559f7de2efd41,91f9f8576e5142a49926bd623b0bc19c,45e440d874a54bb591862ff441114cd3,fa190e42ce5a47c99bcaa76138dbc615,5b588e34588940788a22036b775ecc2f,fb8c2b83e46441c2aaa7c81d3642e2da,f676e16c6a134bd5a7bbeee4590adcfe
9df4eaf2213048e4a4ca33f6d817a0b9,f2077addeb6142c8b3540916522126e8,9ffa09a2b9bd4da0ba98fc537ca68802,3c1b91a23b694da1973dbc5f75f2f3ed,eff24b01b2f5428baa4c3fef6cb40d41,0bd1cce9370a461089e25393086800a8,a64f6232ee1e4357937008a327a63cf4,01930613ce7d4a5f90ccf78d1e92a55d,cf293392122347a180cf2126f4589acb,ad054da7e1704a53931a341173f0605f,99ba4cc9355f4d79a68bc69ac12a716f
452c8a69dd45447f976e014338d22ae6,1004b33e3126472faa78e1929ed974e6,3b7d56c26da14b3a9b1cd52b5b35891b,9ffa09a2b9bd4da0ba98fc537ca68802,022e16490d1949b9ab2fc1de5a837031,3675c688960a4f3b9f82c4ccf4049e93,7ab9086baf99475d8c93862a7dd36344,52f20bd7eb50430c95f0916727880a1b,9aca522158f443fd8a9caaec38ae5e2c,eff24b01b2f5428baa4c3fef6cb40d41,2b039224b54142d185a406b31fe01de2
9294a2cddd6848f5a6bc5c647fe94884,c5486d5e31084ee797da0ebdacb17abc,0d0973762130427eaa2ce9a7a34517db,e43d8e7bc32f406b9a692e2604f5b45a,c14e45f5201b4038bdddddb238d888a3,5b588e34588940788a22036b775ecc2f,f676e16c6a134bd5a7bbeee4590adcfe,c78547bdc2e64ac8935559f7de2efd41,7c061d36393540b49e20d98086bdb5bd,701ac1447f5a414e81156a56c3593a31,47eb17da319d440aa52da8008c26327a
eb3962be88734097b437832a832493f0,42805d29975b400ea7c570fc45ec4938,643fbbdd6b764ba9904a4ee67a86b9fd,f32f4607b4714e378831f924c5e6084d,d476be2399b7424a88d242b771c32041,5e44915237fc4445b54b037e1c4e29a4,6b7b5d28293d4a5a8075f7f7dd231ddb,7584980704ae4617bb27ca162cc9c5db,fbfaa119f55a477984e42d80498f54d3,30f654c6e69e48888f9f42dd95ab3c77,ad42c467d0fe43dbb328073f9a16bc4d
4bb99b51272145f8be128cac5ef3bd65,63eab812f3254cccb9631b09725aec3d,ff51ca928cd54f4da620c27983e221f8,6ea31a945d494834a3d243f1f90af02a,1d70bc69b2f84bef9aa5fb0d9917e38d,b277101390e1465685ef79bf3519f8d7,feb980ae999948ce9be0266b4ddc048d,6b4676aba2a746b3ab778315afc8ee82,b77d8b7bb0114c379139d280a9210e83,41e657daa20545a588584578bdb4101c,7e190e3c05d74e6b9f103e39142c1684
122365aed2d049328715f0fe1b2a43c7,63eab812f3254cccb9631b09725aec3d,6ea31a945d494834a3d243f1f90af02a,b277101390e1465685ef79bf3519f8d7,ff51ca928cd54f4da620c27983e221f8,7e190e3c05d74e6b9f103e39142c1684,d9ac372330a4446886fa19bac0d19877,41e657daa20545a588584578bdb4101c,1d70bc69b2f84bef9aa5fb0d9917e38d,b77d8b7bb0114c379139d280a9210e83,6b4676aba2a746b3ab778315afc8ee82
742fec743e3e477785a08d04b8407e64,42805d29975b400ea7c570fc45ec4938,643fbbdd6b764ba9904a4ee67a86b9fd,f32f4607b4714e378831f924c5e6084d,30f654c6e69e48888f9f42dd95ab3c77,d476be2399b7424a88d242b771c32041,e511c40ca6324803b5021e47b4e777f8,1232f20e710b448e8c0538b9e84dab1c,25109e3a7df549e5b380aae716d71366,ad42c467d0fe43dbb328073f9a16bc4d,6b7b5d28293d4a5a8075f7f7dd231ddb
c3484b8c5f024854997f34baca483cc0,2d812431f07c44f1a56a71c72766e0b0,74644c8cc17449cf89379868e7b21398,07d869789eda4445a1ecfe59c331db0d,01ffceddb5b34406a08bb982b424b3cf,878e5c41be5c477e9f660ca361fdd727,e4e12f4711fd41e39075e26cc274df45,2b3ecf8be2b242f3b8a1e714390749fb,24c55bb5cd694770ba895c7401da2ba5,7359a1cc20d54f96aeea121d7247b88d,5fc200cab89346658c9c91cce27e85fe
94e0d776b3794ee083e5c1681cef5d04,7ee65b33f8f44852ada468b1fed83433,26b18153216b48d793b75598ddb54d77,a9573f188204436090fb4a5240e4eccd,20297482a5014732a843c9fdafba548e,6d3b4c95066e4dd8a6ad1c66b1c1ea4f,2639b6540bda414f8a9baa3b5cdb612a,9460474d89704a68aaa6ccb62310ae3d,4285b02dc9164cb9bae36b0566bb42f0,a9d82bb43410405ca21b44a5e82e22b6,75bf181ea5dc490e95d364a5f5c7af1d
2b23b46313714edcb7da655ef18a0f03,7ee65b33f8f44852ada468b1fed83433,26b18153216b48d793b75598ddb54d77,434551fdf9e443ed91679a9557ae6fd5,d9ac372330a4446886fa19bac0d19877,6c79712e67b54dd0a11d426a91207939,75bf181ea5dc490e95d364a5f5c7af1d,6d3b4c95066e4dd8a6ad1c66b1c1ea4f,be8953cc364d46cebbcc2c2da2c348ab,d756970269e9443fb9bbf645a96aa84e,384b14b18c3c43b1a4dc1aa2f661e076
fad34cbf60564c3f99677bb2e06263aa,af532d6e5090478ba520505d5f9107f2,df0c94234d9d4890b5b4b95c441b3e9a,d87e5facd03b45f9829e8a1cd0fe0190,7199f2fe77824236a392e1f00a5bdfc3,5e0a2bc284cf4002914ae4e6aaef41e8,8fdee0611965465eb45387b8c39f4136,f91157bb8fca4a8e98db33591a76be9a,b626eb67c2e14afeae2846bb150976f3,434551fdf9e443ed91679a9557ae6fd5,039f8e63b273472d8f1d99d9a5de5cf5
a47ae5564b854b989994a2a30367bfa4,2d812431f07c44f1a56a71c72766e0b0,74644c8cc17449cf89379868e7b21398,35c5a560ecdc4d6a9d20f057ed1fa0e6,01ffceddb5b34406a08bb982b424b3cf,2b3ecf8be2b242f3b8a1e714390749fb,24c55bb5cd694770ba895c7401da2ba5,0b57f893483647c3aed811775a4c4c04,878e5c41be5c477e9f660ca361fdd727,e4e12f4711fd41e39075e26cc274df45,07d869789eda4445a1ecfe59c331db0d
9113b0a4a5e24e61aed364a478da29ee,bcfa4a4177d44d8b8cda17b7a23196b0,97959d02a64f4a3fbbebe7cbece6c012,1232f20e710b448e8c0538b9e84dab1c,eb21a4e2b7bd43efbdf0c365415e7fef,99a52c93a3304ec18dab9206f98f2a8b,7fe9e665bf41491c9788941aa2894a10,c1def54262224e23acf67a9870725ce5,ff276acede2f4c14876ef47257758ae8,ad42c467d0fe43dbb328073f9a16bc4d,07958f43551e459eb30638b632e3cd64
b3926611d2914adc8eadda384ed96905,c1def54262224e23acf67a9870725ce5,db0c3a952e454b90aa4a68feb6a50e87,bcfa4a4177d44d8b8cda17b7a23196b0,8683a3ad55d84a78834fabe20cde5269,3c0f3b44c0844df49b5898406fe9195a,9909a671f7414c19b2727e7d4d4dcf1b,ad42c467d0fe43dbb328073f9a16bc4d,22d9d5ad33e947fd857c5c4a8b7dfae1,97959d02a64f4a3fbbebe7cbece6c012,f92d16d3a970487094292439c3e00923
36bc21f1eb9547d6acfa87c18625fa92,c1def54262224e23acf67a9870725ce5,8683a3ad55d84a78834fabe20cde5269,db0c3a952e454b90aa4a68feb6a50e87,ad42c467d0fe43dbb328073f9a16bc4d,bcfa4a4177d44d8b8cda17b7a23196b0,105ad424733e4cffa7c474b51e3980aa,7d6cdff8c9ac434196df803628fe9f62,b8da01ceddcb45a491a288ddbc658e90,3c0f3b44c0844df49b5898406fe9195a,9909a671f7414c19b2727e7d4d4dcf1b
d7becb5524844f73b41af1cad1c1266b,999a2b52a5004ee984e587d5a1327b23,f1eecad10a61421eb16b1be7435d9c19,89e983dca0a34b768e17b3871b9cea1e,250d411ae270441085be3501b7b55d86,bf789f42ccfc42c5a330a3f6e30ddb83,99830b8da7c24f909914f7bb167f3ea6,0092d1d820c64646b8bee9fd14f77acf,c2a665cec90e46db8d2a74389beb4649,444fa28d9ed54c82a522699041eae592,434551fdf9e443ed91679a9557ae6fd5
f63ec53d7383437a8d1e627efc4dd528,bcfa4a4177d44d8b8cda17b7a23196b0,97959d02a64f4a3fbbebe7cbece6c012,643fbbdd6b764ba9904a4ee67a86b9fd,1232f20e710b448e8c0538b9e84dab1c,eb21a4e2b7bd43efbdf0c365415e7fef,9bf3b77eb9874f5f9e006a9cff111ea9,f32f4607b4714e378831f924c5e6084d,ccb62901750b4d13a922fc161b607f83,e511c40ca6324803b5021e47b4e777f8,71c1a8479b194efca65b44fb7f327afb
d76ebc807f524eb9b8f95b523304233d,b3a022950e444682a113cec5a0537f6a,9094e936e13641cc9bfcc7dc1408d86e,0ecfdd96e0054841883acba75e83b232,e343a998f4df4ac195c84e0fb571a393,01930613ce7d4a5f90ccf78d1e92a55d,1099cb6f4fac4eb8a1fb6db50e18296b,baf841bad27c456c9de7227555ea3ef8,13cda6e8f2d948eeb5508288a172e76f,e4e12f4711fd41e39075e26cc274df45,c84deec0ecf843c39f52d4cb8e7300f8
4b8fd90e4d5b4a25a57652c495f66ea5,b3a022950e444682a113cec5a0537f6a,0ecfdd96e0054841883acba75e83b232,64e74af099b0485f8b6e71ac73aa2cb8,c84deec0ecf843c39f52d4cb8e7300f8,9094e936e13641cc9bfcc7dc1408d86e,7d6122daabe442ffb5e57ece1882e714,06b7dd1b701544ac80dd7ca54ed707cf,f69855cdf66d4f6887ecfd0ddb9014b5,baf841bad27c456c9de7227555ea3ef8,cb75c6ef71cb4991805920f2894e0e96
9ac82778d5784882b02b03d8ce1a4ccd,35d06fce2df446569702778e2250bd82,98b2022b2cb84af09ee8b789db928b13,7dd5e88dfdd24cafab2c765939757354,984058b7165d4c6385bec3c94afa9fb2,8fdee0611965465eb45387b8c39f4136,211ef3181e524685866fb8574d9bf456,b834c0b0c10b471b87ad3f11468de619,6ae72ad649c54129b992d321f8f29122,da61e0de396149208c9ebd0fd6d7415d,8350ea8cd6514c2c8d7b625abe7e895b
dee104ae444246ed89dd5a5796eafc0a,2c65a898314b42e6b2e93dca66fd15c2,514537782f6549c488a1b932939b4128,0f52f676197e4d4e92dec0a7bc4c4f7d,0a2c24dead204be9ae36be358e1223f9,7326afe68eb64b63993b3dae022c645d,4a6eba10a02a4ecdbb6b25e8651c3789,1419b2c686f44896a0ae2a43e93b5402,bf789f42ccfc42c5a330a3f6e30ddb83,097c30a7f39a4a3abf6da2ca80cad3a5,eafb3480db704d7baa8216ce857d1610
9a46e2903ca8474d9cb7fe93138049f0,2c65a898314b42e6b2e93dca66fd15c2,514537782f6549c488a1b932939b4128,059a284910e849efbbc7073b8681409f,0f52f676197e4d4e92dec0a7bc4c4f7d,4a6eba10a02a4ecdbb6b25e8651c3789,3f28365e18244eb28cc7d23de8895956,9909a671f7414c19b2727e7d4d4dcf1b,71c1a8479b194efca65b44fb7f327afb,eafb3480db704d7baa8216ce857d1610,0a2c24dead204be9ae36be358e1223f9
bfa6dfb11d9e42a98ba3ab87d5f2ffde,da9cfbdf124143b78bec89393dd5287a,90b560de76b149c09c7cd6efb3f12cfd,41047823f2cb4194ba1e0709443c719a,b98519f97e424c1389f5553f0869b15a,e86a0aae846a4e44bf967ab4972c977c,eee7f32249c5452ea36c8ed3a3540010,39e2b00e1cbd471488cf56f31d2cec7f,97959d02a64f4a3fbbebe7cbece6c012,71c1a8479b194efca65b44fb7f327afb,563043f180e54e238ad4876974e5db4c
f677dfcf19e14a9faf24ac74066422c2,f59a3ee5387440d981754b6595e8664c,3356a8a8c6ee4f30bc2b028e360d4471,f91157bb8fca4a8e98db33591a76be9a,5f481b07f9734f518a14853831233b78,8fdee0611965465eb45387b8c39f4136,b626eb67c2e14afeae2846bb150976f3,6732de8994744decbb3306c74aaa7882,039f8e63b273472d8f1d99d9a5de5cf5,599feb1e512c43ad8c0a1845922acf78,c14e45f5201b4038bdddddb238d888a3
98fd88d0387e44c3950f7955f062c9b3,761a3a01495143f0a86beac4234cae3a,07d869789eda4445a1ecfe59c331db0d,b7f5c165ea2242709a2fb71f3a3f1bcb,8c5f38853679436ba434b6a696e43168,13aca0959cc948cabeee0d7255f55a65,00614d60b3544ba790dfd23dd53992e0,1d93c07de74c482ebf0a76ec564c3252,b01fd4d037a84a7aa777e1fc345c73c5,b4dadb3ea3a04cc3932094471debce13,e735729c80d84f76a6133c065d5380f8
90efefd1c3314a96b5fd32625e55a054,5e199f7727cc4910ad88dbd81ed1ec82,93bf0b86be094f68a9d308ca5ecfb4e3,1c6bbf19b3d2498696a5baf0f53a0f18,673aee19895b4d339ada93213d8874ac,b2b22c673e554db39c8acdbe42687a6d,4230775a9d51448396cacb9061f0e5f9,f12e9e5805534d719f829332d1ea5d29,a8904adcdd21495f890bc614bfdbf86f,40f040fd5c824c8e8e710af1fdf70b5f,1e376f9d0945477983c8d851e4b2cf5e
b77b731d5a9c49139163f1fac2ed9337,5e199f7727cc4910ad88dbd81ed1ec82,93bf0b86be094f68a9d308ca5ecfb4e3,1c6bbf19b3d2498696a5baf0f53a0f18,673aee19895b4d339ada93213d8874ac,b2b22c673e554db39c8acdbe42687a6d,a297e08effdf4a69a6c4d79a34a0c6ad,4230775a9d51448396cacb9061f0e5f9,1d93c07de74c482ebf0a76ec564c3252,f12e9e5805534d719f829332d1ea5d29,a8904adcdd21495f890bc614bfdbf86f
dd2de907048e4d1ba625a54ad1bdeb2a,d37bf09399d848df9a4d880fb097239c,07d869789eda4445a1ecfe59c331db0d,761a3a01495143f0a86beac4234cae3a,a8904adcdd21495f890bc614bfdbf86f,b01fd4d037a84a7aa777e1fc345c73c5,716a15d66b63424a8068da89e75733b4,8af25c7ae8e14435a6e27a5671968f50,2d43cf91509846e29ab4febd7781919f,d0e41bf891254ba0872f1641139f84f6,0b57f893483647c3aed811775a4c4c04
b1494352b57f4f809fbe88f8f61ab247,11e9586d6c7a443c8025278f8ef53b6d,57bcda73abab44ee930b20cdaee9d24b,b626eb67c2e14afeae2846bb150976f3,7f0b453cc8c14156802497f5cbae9d62,3766b26b53874893ae48693880e1942c,636c21e19a5845e1b8d69a5fca928030,b8da01ceddcb45a491a288ddbc658e90,e59dba65749140f4a1bdaf2695de2fc6,8683a3ad55d84a78834fabe20cde5269,f91157bb8fca4a8e98db33591a76be9a
841cacf592b14de2bc2fcdaf4995bf39,75bf181ea5dc490e95d364a5f5c7af1d,4e4495962a9b4864882397042f1a2b3e,17b5eb6fab65476f827dd355b4a20a55,724a3f6551e74ad585bdeac9a75fd639,097f2ce3b88c4d008488b9908076497e,4285b02dc9164cb9bae36b0566bb42f0,f91157bb8fca4a8e98db33591a76be9a,4d0a737f396d4a95808085bd1306746c,ccb62901750b4d13a922fc161b607f83,8c7c9eaae41a44a3a4ebe39ce167d300
a8c2576da05048d4a652ebaf10c7447d,2ece45504eff42469c104dc2a2d03caf,b8da01ceddcb45a491a288ddbc658e90,3766b26b53874893ae48693880e1942c,9909a671f7414c19b2727e7d4d4dcf1b,4285b02dc9164cb9bae36b0566bb42f0,511fe9c8b20b4fda94969745238c9474,3675c688960a4f3b9f82c4ccf4049e93,0a61f52258f643b6a6436a1ec234e197,5e44915237fc4445b54b037e1c4e29a4,7627d5e28ba74cbeaf9225e88a7a44cc
4237232296b841bd8be058dc85f807b1,4285b02dc9164cb9bae36b0566bb42f0,69ac8397e9624bfd8aee237b9f9ea3b5,f91157bb8fca4a8e98db33591a76be9a,5e44915237fc4445b54b037e1c4e29a4,039f8e63b273472d8f1d99d9a5de5cf5,2ece45504eff42469c104dc2a2d03caf,b8da01ceddcb45a491a288ddbc658e90,3675c688960a4f3b9f82c4ccf4049e93,f65c7f50929f431dbf31b441d87616d0,0a61f52258f643b6a6436a1ec234e197
9c8f594f127f4823807c7d9a40bc9547,7d5c0a2bfccf4255a43d9bd0f84a6d3a,632cc2bc04034dd4848855fe6497262d,1578afd6ce694d46ab6e24f965f51fd6,de6ac628a786435f9925c8cc1d707d6b,ca0fe2dd97434e2ca7aecc38d4f1fcd9,f5b766ea6abe4b5fb27d49cc3bc06020,1393dac7d34b4c34b1a8091a5bea3663,04537eabb0434eb2804d1220770b85a0,3f1c2bb09c4e4400b6ba19542fafce18,9dd98c9126c44642a20711729f2e731e
e0f3fe21dd04463787d620860a0ec6a2,7d5c0a2bfccf4255a43d9bd0f84a6d3a,632cc2bc04034dd4848855fe6497262d,f5b766ea6abe4b5fb27d49cc3bc06020,1578afd6ce694d46ab6e24f965f51fd6,de6ac628a786435f9925c8cc1d707d6b,3f1c2bb09c4e4400b6ba19542fafce18,a055f8188384479a8bad418f7dffd9a5,1393dac7d34b4c34b1a8091a5bea3663,9bf3b77eb9874f5f9e006a9cff111ea9,b277101390e1465685ef79bf3519f8d7
26a7ded48a0842c28c407984aa614b3c,c713a0ca69864ee7b240069c98dc44dc,26869cc099c44c4a86f6043476ab4890,bbdf9065122d499d9d8f80ad3e0ef6f3,d658e3a743af41899183fecff6b2628d,1027a336232c4454a9c4ae450a562788,6866efc8987a4ec8b04b7abd28fb5777,0b57f893483647c3aed811775a4c4c04,f1c9c5051bdd4a11a064260bbb9d6d7b,2d43cf91509846e29ab4febd7781919f,c750a2994555414790abb3281572bb42
95e4e242519d4cd9bae0a574d881fa7b,c713a0ca69864ee7b240069c98dc44dc,26869cc099c44c4a86f6043476ab4890,6866efc8987a4ec8b04b7abd28fb5777,d658e3a743af41899183fecff6b2628d,bbdf9065122d499d9d8f80ad3e0ef6f3,1419b2c686f44896a0ae2a43e93b5402,88353d1136d24836816b073de62e5f50,01ffceddb5b34406a08bb982b424b3cf,f4474150010f4021a4620372062f3797,feb980ae999948ce9be0266b4ddc048d
e8f5726fe08646aab29fd6e5202c7f88,feb980ae999948ce9be0266b4ddc048d,97959d02a64f4a3fbbebe7cbece6c012,938147b72e9540da8513910871e0830a,0cdb0f32850f4585a16de4886462bbe0,71c1a8479b194efca65b44fb7f327afb,82d68ea370f8451aa16ea08f4601245c,1f3cf50fe1f947d8a56e02ebca441c4c,98fbdf945d0c4206a48a4f7260e56017,70558882c04e46bd99d15e9786468418,d9096650c434432c871effeca9acd5c6
3bdf75b6d56a422d94e6c850d515d3ed,feb980ae999948ce9be0266b4ddc048d,82d68ea370f8451aa16ea08f4601245c,7e190e3c05d74e6b9f103e39142c1684,63eab812f3254cccb9631b09725aec3d,6b4676aba2a746b3ab778315afc8ee82,74de04f31db94a99b757685c91779412,0eb119aabc884795a4768c6d3e677ea1,8fca2e4873e946f7a788af2b846cebd7,1d70bc69b2f84bef9aa5fb0d9917e38d,d9096650c434432c871effeca9acd5c6
978f36c5e8ff41efa416cf6c32ca240e,7d3d751215194e649a03457226f599d7,5a9a716f53364389864a4018d9e9c6c0,e22e1ad3c1fc4493bcb7c9b923566ff7,8746ae2ca7514699b629b4d9b5fe95a7,6c6de17135be4f8c9423be633eaefcd4,2f0401170d104b47b0a8f087f69dee88,1a0ac2d40cb04ca993e1db68d787728a,a0408a6462b24cf18e50a8616359d5ad,91f9f8576e5142a49926bd623b0bc19c,3766b26b53874893ae48693880e1942c
57add4e71a1c4202a2502065ae10d002,3e6a4b65a1004c08a6f3f570cf986c2f,8b4e9e3d234e4eec99a7651e246bbfa3,9909a671f7414c19b2727e7d4d4dcf1b,0592b57e490d4206a3f12eb004a0afe0,bf789f42ccfc42c5a330a3f6e30ddb83,7d0190486da540718e4dc4ca4bd1f573,2b039224b54142d185a406b31fe01de2,174581fc299840e18e827432c0cce4dc,eee7f32249c5452ea36c8ed3a3540010,f5d09519cf7647f8a107cd8fadd322e5
9509c30cb1bb48f38a20b700b4c3456e,7ab9086baf99475d8c93862a7dd36344,2b039224b54142d185a406b31fe01de2,8228c9eb29a542ba98c8b9b854eadaa4,342aaa81ed004635bbf9cbc2592cd7b6,ffc5805e29a74be0a55b40318aa321d7,da61d9bc8f024a4aba18d5c3072b7838,89e983dca0a34b768e17b3871b9cea1e,99ba4cc9355f4d79a68bc69ac12a716f,57430214baf045cb92fa3b3b70a4ca3f,99830b8da7c24f909914f7bb167f3ea6
e25640a5cf1a493db2690655a45676b5,7ab9086baf99475d8c93862a7dd36344,342aaa81ed004635bbf9cbc2592cd7b6,2b039224b54142d185a406b31fe01de2,89e983dca0a34b768e17b3871b9cea1e,ffc5805e29a74be0a55b40318aa321d7,8228c9eb29a542ba98c8b9b854eadaa4,da61d9bc8f024a4aba18d5c3072b7838,de6ac628a786435f9925c8cc1d707d6b,99830b8da7c24f909914f7bb167f3ea6,52f20bd7eb50430c95f0916727880a1b
ce1ecc1569cc4b1ca2945be90a005698,3e6a4b65a1004c08a6f3f570cf986c2f,b69c17a10a55494d8caa56c33e8f4a56,f5d09519cf7647f8a107cd8fadd322e5,bc607fd6000b43108e49b3d05688fe90,7d0190486da540718e4dc4ca4bd1f573,9909a671f7414c19b2727e7d4d4dcf1b,563043f180e54e238ad4876974e5db4c,0bd1cce9370a461089e25393086800a8,22d9d5ad33e947fd857c5c4a8b7dfae1,e53dd6188816429ab915de6f9649a026
0c0b0a3a57ae44f5bc9a682ecdf7017e,ad3d372fbf054ea1ad06cfcb7490df4b,1f3cf50fe1f947d8a56e02ebca441c4c,41e657daa20545a588584578bdb4101c,70558882c04e46bd99d15e9786468418,67dd23cfd20f46dc82acc82c108a1dc6,6ea31a945d494834a3d243f1f90af02a,5f65785004054c67a618fe43b6a30f56,7199f2fe77824236a392e1f00a5bdfc3,ff171f0b29974f78b0e81fee30abdd38,039a871609044cb1b69f70c082fe61d8
60de40f69385488097a1e4a1e36a7e71,ad3d372fbf054ea1ad06cfcb7490df4b,41e657daa20545a588584578bdb4101c,ff171f0b29974f78b0e81fee30abdd38,67dd23cfd20f46dc82acc82c108a1dc6,1f3cf50fe1f947d8a56e02ebca441c4c,cb32ec9a538a4c0f8462771946ced93b,039a871609044cb1b69f70c082fe61d8,1f9cd7f2b7a14e2f8d490a104a56edcd,cc243eebbb2b44a581745865a60c423a,70558882c04e46bd99d15e9786468418
e24bf2d26b3447a0a1cabfedc1474778,44f41e6e6faa4facb0bb9a72205229f8,eb21a4e2b7bd43efbdf0c365415e7fef,f12e9e5805534d719f829332d1ea5d29,4a6eba10a02a4ecdbb6b25e8651c3789,ccb62901750b4d13a922fc161b607f83,6b4676aba2a746b3ab778315afc8ee82,7dd5e88dfdd24cafab2c765939757354,7199f2fe77824236a392e1f00a5bdfc3,19a124c6dad14a4fa7864463b081009c,cc243eebbb2b44a581745865a60c423a
26e498e22958483fb8c239d967efe176,5f65785004054c67a618fe43b6a30f56,7aceed0dbea645b091207f4a53d879f2,35c5a560ecdc4d6a9d20f057ed1fa0e6,67dd23cfd20f46dc82acc82c108a1dc6,e0d8aee46b1d4d998858cd05027251b6,b90d74e80c37486eaee89b6fbab13671,02a3cd76ce534d188b4d5ac4778bd652,f69855cdf66d4f6887ecfd0ddb9014b5,5fc200cab89346658c9c91cce27e85fe,1f9cd7f2b7a14e2f8d490a104a56edcd
0e5860811dd84425862213b698237538,44f41e6e6faa4facb0bb9a72205229f8,77cecb221149474896d9b2eb848bf150,e0ff5d4ae0ec4871a49041d550cdcaa9,7199f2fe77824236a392e1f00a5bdfc3,19a124c6dad14a4fa7864463b081009c,3aaea7fa41fd43cdb88f8ef59062c5df,434551fdf9e443ed91679a9557ae6fd5,35c5a560ecdc4d6a9d20f057ed1fa0e6,26869cc099c44c4a86f6043476ab4890,cb75c6ef71cb4991805920f2894e0e96
